id,hoardName,coinCount,alternativeName,address,city,county,region,ancientPlace,latitude,longitude,altitude,summary,findSpotComment,discoveryDay1,discoveryMonth1,discoveryYear1,discoveryDay2,discoveryMonth2,discoveryYear2,openingYear1,openingYear2,terminalYear1,terminalYear2,reference_string,references,permalinkOnlineDatabases,coinLevelData,discoveryDepth,disposition,finder,discoveryComment,archaeologyStartYear,archaeologyEndYear,archaeologyNaturalFeatures,archaeologySiteComment,archaeologyContextDate1,archaeologyContextDate2,archaeologyAssociatedFeatures,numismaticRatingComment,validatedByUser,hoardType,country,province,findSpotLocationDetail,closingReign1,closingReign2,discoveryMethod,discoveryLandUse,archaeologyRecoveryMethod,archaeologySiteClass,archaeologyContext,archaeologyPeriod,archaeologyDepositionalContext,archaeologyEndPeriod,findSpotRating,contextualRating,numismaticRating,containers,objects,credit,_query_country
15778,PENUGANCHIPROLU,61,,,Penuganchiprolu,Krishna,Andhra Pradesh,,16.903329,80.235625,64.5,"The hoard of 59 Roman aurei and their imitations. Subrahmanyam et al (2008) state that the hoard consisted of 61 coins: 59 Roman gold coins, a lead coin of the Ikshvaku ruler and a copper coin of the Qutb Shahi dynasty. It seems, however, much more likely that those two coins were never part of the hoard.",,,10,2002,,,,,,,,,"Subrahmanyam, B., Rama Krishna Rao, G. V. and Brahma Chary, P. - 2008 - Roman gold coins : a treasure trove from Penuganchiprolu; Smagur, E., Romanowski, A. - 2020 - Review: B. SUBRAHMANYAM, G.V. RAMA KRISHNA RAO and P. BRAHMA CHARY; (ed.) P. CHENNA REDDY, Roman Gold Coins. A Treasure Trove from Penuganchiprolu, Museum Series No. 31, Hyderabad (Department of Archaeology and Museums, Governement of Andhra Pradesh)",,Entered,,Telengana State Archaeological Museum,,The hoard was discovered in October 2002 while earth was being dug in survey no. 447/2 on the eastern side of Sri Tirupatamma Ammavari Devasthanam Choultry in the village,2002,2002,,"Subrahmanyam et al (2008) mention that trial digs were undertaken in the village and, on the basis of the results, the habitation site can be dated to the period between the 1st and 16th centuries AD, but they do not give the date of this research or any reference to its publication.",,,,,1,Hoard,India,,Centred on village/city,,,Building work,In use as a building,Excavation,Rural,Uncertain,,,,1,2,3,,,Added by Emilia Smagur (August 2019). Updated by C. Gazdac (June 2022).,India
18026,GUMADA,23,,,Gumada,Vizianagaram District,Andhra Pradesh,,18.9,83.466667,120,"This hoard of twenty three coins was found in 1928, and it consists mostly of cast imitations of the second-century aurei. Many of them are mould-linked.",,,,1928,,,,200,201,202,210,,"Turner, P. - 1989 - Roman Coins from India: 54, 115, 128-131 pls. I-II; Smagur, E. - 2020 - Regulated Roman Coins and Their Imitations from India: Did Roman Coins Circulate as Money in the Subcontinent?: 182; 196, no. 16; Suresh, S. - 2004 - Symbols of trade : roman and pseudo-roman objects found in India: 167, no. 68",,Entered,,"Madras Museum, Chennai",,,,,,,,,,,1,Hoard,India,,Centred on village/city,Septimius Severus,Septimius Severus,,,,Uncertain,Uncertain,,,,1,1,2,,,E. Smagur (2021). Updated by C. Gazdac (June 2022).,India
18027,ALLURU,1,,,Alluru,Krishna,Andhra Pradesh,,16.4623,81.1942,8.5,"Alluru, a Buddhist site yielded a Roman gold coin, Claudius I, aureus, minted in Rome (AD 46-47).",,,,1974,,,,46,47,46,47,,"I. K. Sarma - 1992 - Roman Coins from Andhra Pradesh: their Contexts, Chronology and Cultural Significance: 37, Pl. III no. 1",,Entered,,"Hyderabad Circle ASI, acc. no. 5175, Catalogue Card no 449",,,,,,Buddhist site,,,,,1,Single gold coin,India,,Centred on field,Claudius I,Claudius I,Unknown,Archaeological site,Excavation,Uncertain,Temple or shrine,,,,2,2,4,,,E. Smagur (2001). Updated by C. Gazdac (June 2022).,India
18028,ATHIRALA,1,,,Chitvel,YSR Kadapa,Andhra Pradesh,,14.1667,79.3333,135.7,A fine aureus of Trajan was found in unknown circumstances.,,,,1838,,,,103,111,103,111,,"Turner, P. - 1989 - Roman Coins from India: 48; Gupta, P.L. - 1965 - Roman Coins from Andhra Pradesh: p. 43, 55; no. 32",,Entered,,Formerly in W. Elliot’s collection,,,,,,,,,,,1,Single gold coin,India,,Generated from computer mapping,Trajan,Trajan,Unknown,Unknown,,,,,,,2,1,4,,,E. Smagur (2021). Updated by C. Gazdac (June 1970).,India
18046,KUMBALAM,9,Kumbaram,,Kumbalam,Ernakulam,Kerala,,9.9,76.31,10,"Hoard of nine aurei found in a ceramic vessel: Hadrian, Antoninus Pius 3, Antoninus Pius (Diva Faustina I) 1, Marcus Aurelius 4 (AD 177-178).",,,,1974,,,,130,133,177,178,,"Berghaus, P. - 1993 - Roman Aurei from Kumbalam, Ernakulam District, Kerala; Sathyamurthy, T. - 2011 - Catalogue of Roman gold coins in the collections of Department of Archaeology, Kerala: p. 14, 40, 43, 44, 61, 63, 66; Suresh, S. - 2004 - Symbols of trade : roman and pseudo-roman objects found in India: 171, no. 102",,Entered,,"Numismatic Study Centre, Nedumangadu",Nanbiyarattu Azeez,,,,,,,,,,1,Hoard,India,,Centred on village/city,Marcus Aurelius,Marcus Aurelius,Building work,In use as a building,,Uncertain,Uncertain,,,,2,1,4,pot,,E. Smagur (2021). Updated by C. Gazdac (June 2022).,India
18050,KOTTAYAM 1992,1,,,Kottayam,Kottayam,Kerala,,9.594709,76.485573,9.4,Aureus of Claudius I (Drusus the Elder) minted in Rome (AD 41-45).,,,,,,,1992,41,45,41,45,,"Sathyamurthy, T. - 2011 - Catalogue of Roman gold coins in the collections of Department of Archaeology, Kerala: 23",,Entered,,"Numismatic Study Centre, Nedumangadu",,,,,,,,,,,1,Single gold coin,India,,,Claudius I,Claudius I,Other chance find,Unknown,,Uncertain,Uncertain,,,,2,1,4,,,E. Smagur (2021). Updated by C. Gazdac (June 2022).,India
18057,GOOTIPARTI,3,"Gaiparti, Guttipalle",,Gottiparthy,Suryapet,Telangana,,17.49039,79.587836,229.9,"Hoard of two aurei - Claudius I, Trajan - and one imitation - Nero/Antoninus Pius.",,,,1933,,,,51,52,140,140,,"Turner, P. - 1989 - Roman Coins from India: 53-54; Gupta, P.L. - 1965 - Roman Coins from Andhra Pradesh: 61-62, pl. 26 nos. 1045-1047",Peter Berghaus - 1993 - Drei Aurei von Gootiparti (Andhra Pradesh; Indien): 75-82,Entered,,Telengana State Archaeological Museum,,&quot;In 1933 three gold coins were found in Gootiparti when the earth was taken from the house of Devakarna wife of Premanandan&quot; (Gupta 1965: 61-62).,,,,,,,,,1,Hoard,India,,Centred on village/city,Antoninus Pius,Procopius,Building work,In use as a building,,,,,,,2,2,4,,,E. Smagur (2021). Updated by C. Gazdac (June 2022).,India
18311,VEERAVASARAMU,15,Veeravasaram,,Veeravasaram,West Godavari,Andhra Pradesh,,16.53727,81.62511,15.5,Hoard of one Roman aureus - Tiberius -  and 14 imitations depicting portraits ranking from Trajan to Septimius Severus-Caracalla.,,,,1951,,,,14,37,193,217,,"Turner, P. - 1989 - Roman Coins from India: 80-81, 129-129; Suresh, S. - 2004 - Symbols of trade : roman and pseudo-roman objects found in India: 170, no. 92",,Entered,,"Madras Museum, Chennai",,,,,,,,,,,1,Hoard,India,,Centred on village/city,Septimius Severus,Caracalla,Unknown,Unknown,,Uncertain,Uncertain,,,,1,1,3,,,E. Smagur (2021). Updated by C. Gazdac (June 2022).,India
18314,PONDA,13,,,Ponda,North Goa,Goa,,15.4,74.02,36,Hoard of 13 aurei. Only one of Septimius Severus is known.,,,,,,,1932,,,202,210,,"Turner, P. - 1989 - Roman Coins from India: 54; Centeno, Rui M.S. - 1984 - Um Tesouro De Aurei Romanos Da Antiga India Portuguesa: 43-46",,Entered,,One of the coins is in the Abade de Bacal Museum in Braganca.,,,,,,,,,,,1,Hoard,India,,Centred on village/city,Septimius Severus,Septimius Severus,Unknown,Unknown,,Uncertain,Uncertain,,,,1,1,1,,,E. Smagur (2021). Updated by C. Gazdac (June 2022).,India
18339,CALICUT DISTRICT,25,Kozhikode District,,,Calicut,Kerala,,11.25,75.77,0,"A small hoard of 25 Roman aurei and their imitations. This hoard was never published, however, according to Berghaus it contained two genuine issues and 23 cast imitations of Roman aurei, which prototypes can be dated from Lucius Verus to Septimius Severus. More than a half of them show evidence that they were made of the same moulds.",Precise findspot not known.,,,1992,,,,,,202,210,,"Berghaus, P. - 1992 - Zu den römischen Fundmünzen aus Indien* Tafeln 27-28 Paula J. Turner, Roman Coins from India. Institute of Archaeology, Occasional Publication No. 12. Royal Numismatic Society, Special Publication No. 22. London 1989. 152 Seiten, davon 8 Tafeln und 3 Kart: 237",,Entered,,Private collection,,,,,,,,,,,1,Hoard,India,,,Septimius Severus,Septimius Severus,Unknown,Unknown,,Uncertain,Uncertain,,,,1,1,2,,,E. Smagur (2021). Updated by C. Gazdac (June 2022).,India
18343,CHAKHERBEDHA,2,Chakharbhatha,,Chakharbhatha,Bilaspur,Chhattisgarh,,22.006218181787,82.115231532707,282.2,Two double pierced coins (aureus - Commodus and an Indian imitation of Marcus Aurelius/Commodus) were found along with modern earring.,,,,1942,,,,,,190,190,,"Turner, P. - 1989 - Roman Coins from India: 51",,Entered,,,,,,,,,,,,,1,Group of single finds,India,,Centred on village/city,Commodus,Commodus,Agricultural or drainage work,Cultivated Land,,Uncertain,Uncertain,,,,1,1,4,,,E. Smagur (2021). Updated by C. Gazdac (June 2022).,India
18352,DHARMAVARIPALEM,26,Dharamvaripalem; Darmavaripalem; Daramvaripalem,,Dharmavaripalem,Prakasam,Andhra Pradesh,,15.7667,79.6833,107,Twenty six coins (aurei and their imitations) were accessioned from 11 persons under treasure trove legislation. They constituted a part of the hoard which contained also jewellery and was found in the land owned by private individuals. Some of the imitations are mould-linked.,,,9,1983,,,,14,37,196,211,,"Krishna Sastry, V. V. - 1992 - Roman Gold Coins: Recent Discoveries in Andhra Pradesh: 17-23; Darley, R. - 2019 - Worth and Value: Roman and Byzantine Coins in the Culture and Economy of Ancient Telangana; Suresh, S. - 2004 - Symbols of trade : roman and pseudo-roman objects found in India: 166, no. 63",,Entered,,Telengana State Archaeological Museum,,"These coins were found from the land of Manchala Pulla Reddy of the same village in S.No.771.Recently Darley (2019) re-examined ‘a particular selection of coins deposited in the Hyderabad Museum collection in 1984 and found in Daramvaripalem’ (Darley 2019: 74). According to her around half of them are slashed, and she does not mention any imitation.",,,,"Most probably this is an archaeological site since the Tahsildar of the Darsi in Prakasam district reported about the scattered brick walls, bones, and pottery shreds that can be observed near the place. Also, the survey conducted by the Registering Officer of the Department of Archaeology and Museums, Government of Andhara Pradesh confirmed the presence of bricks, animal bones, and Early Historic pottery.",,,,,1,Hoard,India,,Centred on village/city,Septimius Severus,Septimius Severus,Other chance find,Unknown,,Urban,Uncertain,,,,1,1,4,,Jewellery,E. Smagur (2021). Updated by C. Gazdac (June 2022).,India
18353,ADAM,11,,,Adam,Nagpur,Maharashtra,,20.998960318274,79.450292649272,265.8,"A hoard of 11 aurei was found during ploughing: Augustus, Tiberius 10, all issues of Lugdunum.",,,7,1970,,,,-15,-13,14,37,,"Kawadkar, K.O. - 1972 - Adam hoard of Roman coins (Nagpur District); Turner, P. - 1989 - Roman Coins from India: 46; Suresh, S. - 2004 - Symbols of trade : roman and pseudo-roman objects found in India: 173, no. 124",,Entered,,,,"The hoard was found on the northwestern side of Adam village, close to the Early Historic site of Adam.",,,,Adam is an ancient settlement enclosed by a rampart. The site was excavated by a team headed by Amarendra Nath. The excavations have brought to light a continuous sequence of cultures beginning from the makeshift type of Mesolithic occupation to the well-organized settelments of the Satavahana period.,,,,,1,Hoard,India,,Centred on village/city,Tiberius,Tiberius,Agricultural or drainage work,Cultivated Land,Non-archaeological intervention,Urban,Uncertain,,,,2,1,4,,,E. Smagur (2021). Updated by C. Gazdac (June 2022).,India
18354,BILASPUR 1909,1,,,Bilaspur,Bilaspur,Chhattisgarh,,22.09,82.15,265,Aureus of Septimius Severus. Its Indian provenance is not certain.,,,,,,,1909,194,195,194,195,,"Turner, P. - 1989 - Roman Coins from India: 49",,Entered,,Nagpur Central Museum,,,,,,,,,,,1,Single gold coin,India,,Centred on village/city,Septimius Severus,Septimius Severus,Unknown,Unknown,,Uncertain,Uncertain,,,,1,1,3,,,E. Smagur (2021). Updated b y C. Gazdac (June 2022).,India
18355,BILASPUR 1911,3,,,Bilaspur,Bilaspur,Chhattisgarh,,22.09,82.15,265,"Three aurei were found in unknown circumstances: Hadrian, Commodus, Septimius Severus.",,,,1911,,,,117,138,193,211,,"Turner, P. - 1989 - Roman Coins from India: 50",,Not available,,Nagpur Central Museum,,,,,,,,,,,1,Group of single finds,India,,Centred on village/city,Septimius Severus,Septimius Severus,Unknown,Unknown,,Uncertain,Uncertain,,,,1,1,2,,,E. Smagur (2021). Updated by C. Gazdac (June 2022).,India
18356,MANKADA,1,,,Mankada,Malappuram,Kerala,,11.018658,76.17553,57.1,Aureus of Nero (AD 55-56) was listed in the Treasure Trove list as in the possession of Raja Shri M.C. Kasi Vishvanatha Varma.,,,,1963,,,1964,56,56,55,56,,"Turner, P. - 1989 - Roman Coins from India: 67",,Entered,,Raja Shri M.C. Kasi Vishvanatha Varma,,,,,,,,,,,1,Single gold coin,India,,Centred on village/city,Nero,Nero,Unknown,Unknown,,Uncertain,Uncertain,,,,1,1,4,,,E. Smagur (2021). Updated by C. Gazdac (June 2022).,India
18357,TADALI,2,,,Tadali,Chandrapur,Maharashtra,,20.010996497372,79.199330702327,211.7,"Two aurei were described in Treasure Trove reports and offered to the Nagpur Museum, but they do not seem to have been acquired.",,,,1929,,,1930,,,,,,"Turner, P. - 1989 - Roman Coins from India: 78",,Entered,,,,,,,,,,,,,1,Group of single finds,India,,Centred on village/city,Uncertain,Uncertain,Unknown,Unknown,,Uncertain,Uncertain,,,,1,1,1,,,E. Smagur (2021). Updated by C. Gazdac (June 2022).,India
18358,DARPHAL,18,Solapur; दर्फल,,Darphal [दर्फल],Solapur,Maharashtra,,17.917648239065,75.836818798839,,Eighteen aurei were found in a local earthenware pot. Some of them were pierced.,,,6,1840,,,,161,180,202,210,,"Turner, P. - 1989 - Roman Coins from India: 53; Gupta, P.L. - 1965 - Roman Coins from Andhra Pradesh: 45 no. 49",,Entered,,,,,,,,,,,,,1,Hoard,India,,Centred on village/city,Septimius Severus,Septimius Severus,Unknown,Unknown,,Uncertain,Uncertain,,,,1,1,3,Lota or local earthenware pot.,,E. Smagur (2021). Updated  by C. Gazdac (June 2022).,India
18359,BAMANGHATI,0,,,Bamanghati,Mayurbhanj,Odisha,,22.16860041449,86.496007165569,296.4,"An enigmatic, great find of coins...including Gordian III, Constantine, etc.",,,,1860,,,1879,,,,,,"Turner, P. - 1989 - Roman Coins from India: 49; Suresh, S. - 2004 - Symbols of trade : roman and pseudo-roman objects found in India: 175, no. 144",,Not available,,"Some of them were incorporated into a bracelet for Mrs Hayes, but the rest were lost near the time of finding.",,,,,,,,,,,1,Hoard?,India,,Centred on village/city,Uncertain,Uncertain,Unknown,Unknown,,Uncertain,Uncertain,,,,1,1,1,,,E. Smagur (2021). Updated by C. Gazdac (June 2022).,India
18360,BISHOPSDOWN HOUSE,1,Cotacumund,,"Ootacumund [Ooty, Udhagamandalam]",Nilgiris,Tamil Nadu,,11.41,76.7,2250,An aureus was found when the foundations of a house were being dug.,,,,1827,,,,,,,,,"Turner, P. - 1989 - Roman Coins from India: 50; Gupta, P.L. - 1965 - Roman Coins from Andhra Pradesh: 42, no. 20",,Not available,,,,"While digging the foundation for a new house. This might be a coin seen by Sir Edward Arnold in the Madras Museum (Claudius I, aureus, RIC, 30)",,,,,,,,,1,Single gold coin,India,,Centred on village/city,Uncertain,Uncertain,Building work,Built over,Non-archaeological intervention,Uncertain,Uncertain,,,,1,1,1,,,E. Smagur (2021). Updated by C. Gazdac (June 2022).,India
18361,MALLAYAPALEM,4,,,Mallayapalem,Guntur,Andhra Pradesh,,16.156,80.361,15.2,"A hoard of four aurei: Nero, Trajan 2, Antoninus Pius for Faustina I (Diva).",,,,1914,,,,64,65,141,141,,"Gupta, P.L. - 1965 - Roman Coins from Andhra Pradesh: 44, no. 33; Turner, P. - 1989 - Roman Coins from India: 65",,Entered,,"Madras Museum, Chennai except for Trajan coins",,"Madras Museum Stock Register II nos. 142, 151, 153, 159.",,,,,,,,,1,Hoard,India,,Centred on village/city,Antoninus Pius,Antoninus Pius,Other chance find,Unknown,,Uncertain,Uncertain,,,,1,1,4,,,E. Smagur (2021). Updated by C. Gazdac (June 2022).,India
18362,ONGOLE,2,,,Ongole,Prakasam,Andhra Pradesh,,15.506,80.049,17.9,Two aurei were found on the banks of the Paleru river.,,,,1904,,,,64,65,125,127,,"Gupta, P.L. - 1965 - Roman Coins from Andhra Pradesh: 58-59; Turner, P. - 1989 - Roman Coins from India: 72",,Entered,,"Madras Museum, Chennai",,"The coins were found on the banks of the Paleru river; others had apparently been found in the vicinity before, and sold.",,,,,,,,,1,Group of single finds,India,,Centred on village/city,Hadrian,Hadrian,Other chance find,Open fresh water,,Uncertain,Natural feature,,,,1,1,4,,,E. Smagur (2021). Updated by C. Gazdac (June 2022).,India
18363,TONDAMANATHAN,6,Tondamanatham,,Thondamanatham,Cuddalore,Tamil Nadu,,11.23300453049,79.581881190011,11.7,A hoard of six aurei and 27 silver punch-marked coins.,,,,1918,,,,-32,-29,50,54,,"Turner, P. - 1989 - Roman Coins from India: 78-79; Gupta, P.L. - 1965 - Roman Coins from Andhra Pradesh: 42, no. 22; Suresh, S. - 2004 - Symbols of trade : roman and pseudo-roman objects found in India: 164, no. 47",,Entered,,"Madras Museum, Chennai",,,,,,,,,,,1,Hoard,India,,Centred on village/city,Claudius I,Claudius I,Unknown,Unknown,,Uncertain,Uncertain,,,,1,1,2,,Punch-marked coin,E. Smagur (2021). Updated by C. Gazdac (June 2022).,India
18364,NAGAVARAPUPADU,58,Nagavarapadu; Nagavarappadu,,Nagavarapadu,Krishna,Andhra Pradesh,,16.509134,80.863871,14,"A hoard of Roman gold coins, imitations and beads was found by brick makers: Augustus - Nero (AD 61-62).",,25,1,1983,,,,-2,4,61,62,,"Krishna Sastry, V. V. - 1992 - Roman Gold Coins: Recent Discoveries in Andhra Pradesh; Suresh, S. - 2004 - Symbols of trade : roman and pseudo-roman objects found in India: 168, no. 78",,Entered,,Telangana State Archaeological Museum,"Kothapalli Jammalaiah, Pinnaboina Krishna, Pinnaboina Laxmaiah, Kamsani Venkateswarulu, Katepalli Negeswar Rao, Kistam Krishna, Salika Brahman, Pitta Bichalu, Pitta Swamy",Discovered in the land bearing survey No. 35 belonging to Sri Peyyala Venkatanarasaiah,,,,,,,,,1,Hoard,India,,Centred on village/city,Nero,Nero,Other chance find,Unknown,,Uncertain,Uncertain,,,,1,1,3,,,E. Smagur (2021). Updated by C. Gazdac (June 2022).,India
18393,PEDAKODAMAGUNDLA,4,,,Pedakodamagundla,Guntur,Andhra Pradesh,,16.493049643217,79.708353296587,116.4,Find of four aurei.,,,,1976,,,,,,46,47,,"Radhakrishnan, P.V. - 2019 - Note on the solitary Roman gold coin in Sri Venkateswara Museum, Tirupati Collection: 47-48; Krishna Sastry, V. V. - 1992 - Roman Gold Coins: Recent Discoveries in Andhra Pradesh: 3; Suresh, S. - 2004 - Symbols of trade : roman and pseudo-roman objects found in India: 169, no. 84",,Entered,,Telengana State Archaeological Museum,,,,,,,,,,,1,Hoard?,India,,Centred on village/city,Claudius I,Claudius I,Unknown,Unknown,,Uncertain,Uncertain,,,,,,,,,E. Smagur (2021). Updated by C. Gazdac (June 2022).,India
18400,IYYAL,83,Eyyal,,,Thrissur,Kerala,,10.65,76.116667,6,A hoard of Roman aurei and denarii as well as punch-marked coins. This is the only hoard from India which definitely contained coins of two metals. Some of the denarii are broken.,,29,10,1945,,,,-88,-88,98,99,,"Sathyamurthy, T. - 2011 - Catalogue of Roman gold coins in the collections of Department of Archaeology, Kerala: 13-14, 21-22, 26; Gupta, P.L. - 1965 - The Early Coins from Kerala; Turner, P. - 1989 - Roman Coins from India: 55-56; Suresh, S. - 2004 - Symbols of trade : roman and pseudo-roman objects found in India: 170, no. 98",,Entered,,"Numismatic Study Centre, Nedumangadu","Shri Tharayil Karuppan Krishnan, a banana planter",The hoard was found when tilling the land on the slope of the hill.,,,,,,,,,1,Hoard,India,,,Trajan,Trajan,Agricultural or drainage work,Cultivated Land,,Uncertain,Uncertain,,,,1,1,3,jar,Punch-marked coin,E. Smagur (2021). Updated by C. Gazdac (June 2022).,India
18417,KUDAVELLI 1978-1979 A,1,,,Kudavelli,Mahbubnagar,Telangana,,15.962301623939,78.215994993431,279.9,Solidus of Constantius II minted in Constantinople (AD 351-355) found during excavations.,"The archaeological site of Kudavelli is situated at the confluence point of the rivers Tungabhadra and Krishna, north of the present village.",,,1978,,,1979,351,355,351,355,,"Ghosh, N.C. and Ismail, K. - 1980 - Two foreign gold coins from excavation at Kudavelli, District Mahabubnagar",,Entered,,"A.S.I. Excavation Branch, Nagpur",N.C. Ghosh,,1978,1979,,"Excavations revealed two periods of occupations, period I and period II. Period I yielded two solidi. This coin was found in the lower levels of the period I.",350,600,&quot;other datable antiquities&quot;,,1,Single gold coin,India,,Centred on village/city,Constantius II,Constantius II,Controlled archaeological investigation,Archaeological site,Excavation,Rural,Settlement,,,,2,3,4,,,E. Smagur (2021). Updated by C. Gazdac (June 2022).,India
18418,KUDAVELLI 1978-1979 B,1,,,Kudavelli,Mahbubnagar,Telangana,,15.962301623939,78.215994993431,279.9,Halved solidus of Anastasius found during excavations.,,,,1978,,,1979,491,518,491,518,,"Ghosh, N.C. and Ismail, K. - 1980 - Two foreign gold coins from excavation at Kudavelli, District Mahabubnagar",,Entered,,"A.S.I. Excavation Branch, Nagpur",N.C. Ghosh,"The archaeological site of Kudavelli is situated at the confluence point of the rivers Tungabhadra and Krishna, north of the present village.",1978,1979,,"Excavations revealed two periods of occupations, period I and period II. Period I yielded two solidi. This coin was found in the upper levels of the period I.",350,600,&quot;other datable antiquities&quot;,,1,Single gold coin,India,,Centred on village/city,Anastasius,Anastasius,Controlled archaeological investigation,Archaeological site,Excavation,Rural,Settlement,,,,4,2,4,,,E. Smagur (2021). Updated by C. Gazdac (June 2022).,India
18421,KADMAT ISLAND,15,,,,Amindivi subgroup,Lakshadweep archipelago,,12.309827874573,72.847331259132,,"15 Roman gold coins described in the Madras Museum Accessions Register as ’purchases through individuals through the Collector of Canara’. It is unclear whether rhey represent a genuine hoard.Possible part of the cache of Roman coins dating from the first and second centuries A.D. was reportedly discovered some 600 kms. further to the north, on Kadmat Island in the neighbouring Laccadives group (Indian Union Territory of Lakshadweep) during 1948",,,,1948,,,,72,72,180,180,,"Mohamed, N. - 2005 - Maldivian Seafaring in the Pre-Portuguese Period: 12; Suresh, S. - 2004 - Symbols of trade : roman and pseudo-roman objects found in India: 165, no. 53",,Entered,,Madras Museum Accessions Register,,,,,,,,,,,1,Hoard,India,,,Commodus,Commodus,Unknown,Unknown,,Uncertain,Uncertain,,,,1,1,3,,,E. Smagur (2021). Updated by C. Gazdac (May 2022).,India
18482,PEDDABANKUR,9,"Peddabankor, Peddabonkur",,Peddabankur,Karimnagar District,Telangana,Peddabunkur,18.566175,79.369247,221.2,"During excavations ’5 Roman coins and four imitations made of lead, plated with gold’: Augustus - Tiberius.",,,,,,,,-2,4,14,37,,"Krishna Sastry, V. V. - 1983 - The Proto and Early Historical Cultures of Andhra Pradesh: 205, pls. 103 a and b",,Entered,,,,"Krishna Sastry published photos of seven finds from the site but without descriptions. Three of those specimens seem to be imitations (Krishna Sastry 1983, pl. 103b) of Tiberius issue with seated Livia/Pax, and one of them is not pierced.",,,,Buddhist urban site of the Satavahana period. The coins were found in layer 2.,,,"Coins of Satakarni, Gautamiputra",,1,Hoard?,India,,Centred on village/city,Tiberius,Tiberius,Controlled archaeological investigation,Archaeological site,Excavation,Uncertain,Uncertain,,,,1,2,2,,,E. Smagur (2021). Updated by C. Gazdac (June 2022).,India
18489,CHEBROLU,1,Chebrole,,Chebrole,Guntur,Andhra Pradesh,,16.196667,80.525,14,Solidus of Constantine I (AD 306-337? Described as a ’Gold coin of Roman Emperor &quot;Constantine&quot;.,,,,,,,1961,306,337,306,337,,"Hanumantha Rao, B.S.L. - 1961 - Recent Antiquites from Chebrolu: 135",,Not available,,,,Described in publication as ’Gold coin of Roman Emperor &quot;Constantine&quot;’.,,,,,,,,,1,Single gold coin,India,,Centred on village/city,Constantine I (RIC VII),Constantine I (RIC VII),Unknown,Unknown,,Uncertain,Uncertain,,,,1,1,1,,,E. Smagur (2021). Updated by C. Gazdac (June 2022).,India
18490,NAGARJUNAKONDA 1936,1,,,Nagarjunakonda,Guntur,Andhra Pradesh,,16.521894,79.24285,198,An aureus of Hadrian was found during the construction of the museum with Satavahana coins and pieces of masonry.,,,,1936,,,,125,127,125,127,,"Turner, P. - 1989 - Roman Coins from India: 68",,Entered,,"Archaeological Museum, Nagarjunakonda",,Nagarjunakonda was the capital of Ikshvaku dynasty.,,,,,,,,,1,Single gold coin,India,,Centred on field,Hadrian,Hadrian,Building work,Archaeological site,,Urban,Uncertain,,,,1,2,4,,,E. Smagur (2021). Updated by C. Gazdac (June 2022).,India
18492,NAGARJUNAKONDA 1956-1957,2,Nagarjunakoda,,Nagarjunakonda,Guntur District,Andhra Pradesh,,16.521894,79.24285,198,"Hoard containing, among others, an aureus of Antoninus Pius for Faustina I (Diva) and an imitation of Tiberius aureus.",,,,1956,,,1957,141,141,141,141,,"Turner, P. - 1989 - Roman Coins from India: 68; Sarkar, H., Misra, B.N. - 2006 - Nagarjunakonda: 21",,Entered,,"Archaeological Museum, Nagarjunakonda",,,1956,,,Nagarjunakonda was a capital of Ikshvaku dynasty. The hoard was found in Nagarjunakonda III (site 58). Residential house in site 58.,,,,,1,Hoard,India,,Centred on village/city,Antoninus Pius,Antoninus Pius,Controlled archaeological investigation,Archaeological site,Excavation,Urban,Domestic building,,,,,3,4,pot,Bead; Earring,E. Smagur (2021). Updated by C. Gazdac (June 2022).,India
18500,NELLORE,40,,,Nellore,Nellore,Andhra Pradesh,,14.45,79.99,19,"About 40 aurei were found by a peasant while he was digging, he also found a Hindu temple. This is the earliest recorded find of Roman coins on Indian soil. The hoard seems to have consisted exclusively of second-century coins.",,,,1786,,,,103,111,141,141,,"Turner, P. - 1989 - Roman Coins from India: 71; Suresh, S. - 2004 - Symbols of trade : roman and pseudo-roman objects found in India: 169, no. 82a",,Entered,,,peasant,,,,,The coins were found in the vicinity of the Hindu temple.,,,,,1,Hoard,India,,Centred on village/city,Antoninus Pius,Antoninus Pius,Agricultural or drainage work,Cultivated Land,,Urban,Temple or shrine,,,,1,1,2,,,E. Smagur (2021). UPdated by C. Gazdac (June 2022).,India
18501,PUNE,5,Poona,,Pune,Pune,Maharashtra,,18.520278,73.856667,560.3,One imitation of an aureus found near Pune was purchased by the British Museum together with four genuine aurei found near the same city. It is not clear whether they all came from the same findspot.,,,,,,,1844,196,197,211,211,,,,Entered,,The British Museum,,The coins were purchased from W. G. Newnham on the 27th of September 1844.,,,,,,,,,1,Hoard?,India,,Centred on village/city,Septimius Severus,Septimius Severus,Unknown,Unknown,,,,,,,,1,4,,,E. Smagur (2021). Updated by C. Gazdac (June 2022).,India
18502,SAMPEVADA,2,,,Sampevada,Bhandara,Maharashtra,,21.16666667,79.66666667,251,A an aureus of Commodus and an imitation were acquired by Nagpur Museum.,,,,1911,,,,,,180,192,,"Turner, P. - 1989 - Roman Coins from India: 78",,Entered,,Nagpur Museum,,,,,,,,,,,1,Group of single finds,India,,Centred on village/city,Commodus,Commodus,Unknown,,,Uncertain,Uncertain,,,,1,1,2,,,E. Smagur (2021). Updated by C. Gazdac (Jan. 2022).,India
18510,SORIYAPATTU,193,Sorayapattu; Surapattu,,Soriyapattu,Villupuram,Tamil Nadu,,12.006629425751,79.432087399888,118.9,"The hoard containing over 193 specimens dated from Tiberius to Caracalla was found in 1992. It included slashed coins, coins transformed into ornaments, and an unknown number of imitations. Unfortunately, the find was never published. It also cannot be excluded that this is the same hoard as the one published under the name Tirukoilur (ID 21714).",,,,1992,,,,14,37,211,217,,"Suresh, S. - 2004 - Symbols of trade : roman and pseudo-roman objects found in India: 42, 59, 77, 163; Suresh, S. - 2004 - Symbols of trade : roman and pseudo-roman objects found in India: 163-164, no. 39",,Not available,,,,,,,,,,,,,1,Hoard,India,,Centred on village/city,Caracalla,Caracalla,Unknown,Unknown,,Uncertain,Uncertain,,,,1,1,1,,,E. Smagur (2021). Updated by C. Gazdac (June 2022).,India
18547,BELLARY,1,Ballari,,,Bellari,Karnataka,,15.1,76.916667,457,Aureus of Claudius I minted in Rome (AD 50-54).,The coin was found in the &quot;Bellary region&quot;.,,,2018,,,,50,54,50,54,,"Suresh, S. and Jain, C.R. - 2018 - A Rare Roman Gold Coin from Bellary (Ballari) Region, Karnataka",,Entered,,,,,,,,,,,,,1,Single gold coin,India,,,Claudius I,Claudius I,Unknown,Unknown,,Uncertain,Uncertain,,,,1,1,4,,,E. Smagur (2021). Updated by C. Gazdac (June 2022).,India
18555,VALUVALLY,263,VALLUVALLI,,Valuvally,Ernakulam,Kerala,,10.118056,76.256389,13.7,A hoard of Roman aurei and their imitations was discovered in an earthen pot: Nero - Antoninus Pius (AD 145-161).,,,9,1983,,,,64,65,145,161,,"Sathyamurthy, T. - 2011 - Catalogue of Roman gold coins in the collections of Department of Archaeology, Kerala: 14, 22-65; Berghaus, P. - 1994 - Two imitations out of the Valuvally Hoard of Roman Aurei (Kerala) 1983; Suresh, S. - 2004 - Symbols of trade : roman and pseudo-roman objects found in India: 171, no. 109",,Available to enter,,"Numismatic Study Centre, Nedumangadu",&quot;some labourers&quot;,"The hoard was discovered by some labourers while they were removing sand from the compound of one Smt. Madhavi Wife of Vasu, Pazhuparambil house Valuvally. Acording to the locals the hoard may exceed one thousand in number.",,,,"At the same site broken pieces of pottery, bricks and remnants of burial urns were found.",,,,,1,Hoard,India,,Centred on village/city,Antoninus Pius,Antoninus Pius,Building work,Built over,,Rural,Uncertain,,,,1,3,4,Ceramic vessel,,E. Smagur (2021). Updated by C. Gazdac (June 2022).,India
18556,UPARVAHI,2,Uparwahi,,Uparvahi,Nagpur,Maharashtra,,21.216431575119,78.856960247922,357.5,"Two double-pierced gold coins, an aureus of Septimius Severus (AD 203), and its imitation were reported from a village.",,,,1982,,,,203,203,203,203,,"Berghaus, P. - 1991 - Roman Coins from India and Their Imitations: pl. III/18; Berghaus, P. - 1989 - Funde severischer Goldmünzen in Indien: 95, 99, Abb. 4-5",,Entered,,,,The coins were found by a labourer while digging earth for domestic purpose.,,,,,,,,,1,Group of single finds,India,,Centred on village/city,Septimius Severus,Septimius Severus,Building work,Built over,,Uncertain,Uncertain,,,,,2,4,,,E. Smagur (2021). Updated by C. Gazdac (June 2022),India
18557,WAGHODA,1,Waghode,,Waghoda,Jalgaon,Maharashtra,,21.37309224112,78.93473137561,,Aureus of Septimius Severus (AD 202-210).,,,,1890,,,,202,210,202,210,,"Turner, P. - 1989 - Roman Coins from India: 85-86",,Entered,,Probably in the Chhatrapati Shivaji Maharaj Vastu Sangrahalaya,,The coin was found during ploughing.,,,,,,,,,1,Single gold coin,India,,Centred on village/city,Septimius Severus,Septimius Severus,Agricultural or drainage work,Cultivated Land,,Uncertain,Uncertain,,,,1,2,3,,,E. Smagur (2021). Updated by C. Gazdac (June 2022).,India
18558,ARIKAMEDU,1,,,Arikamedu,Ariyankuppam,Puducherry,,11.900833,79.820278,12,An aureus of Tiberius seen in trade by P. Berghaus.,,,,1991,,,,14,37,14,37,," -  - Indian Numismatic, Historical and Cultural Research Foundation (Nashik) archives",,Entered,,,,,,,,"Arikamedu is an archaeological site, an ancient Indian Ocean port.",,,,,1,Single gold coin,India,,Centred on village/city,Tiberius,Tiberius,Unknown,,,Rural,Uncertain,,,,1,2,3,,,E. Smagur (2021). Updated by C. Gazdac (June 2022).,India
18559,KALIYAMPATTUR,63,Kalliyamputtur,,,Dindigul,Tamil Nadu,,10.45337918086,77.48248779689,309.1,"The hoard of 63 aurei, found with an earthen vessel: Tiberius - Nerva (AD 96-98).",,,,1856,,,,14,37,96,98,,"Turner, P. - 1989 - Roman Coins from India: 58; Suresh, S. - 2004 - Symbols of trade : roman and pseudo-roman objects found in India: 161, no. 15",,Not available,,28 coins from the hoard are in the Madras Museum.,,"&quot;In a piece of waste land...a pot of very beautiful gold coins bearing the heads of Augustus and the other early Roman Emperors, has been discovered...in an earthen pot about the size of a mango&quot;",,,,,,,,,1,Hoard,India,,Centred on village/city,Nerva,Nerva,Unknown,Unknown,,Uncertain,Uncertain,,,,1,1,3,Earthen vessel,,E. Smagur (2021). Updated by C. Gazdac (June 2022).,India
18560,KARUR 1806,5,,,Karur,Karur,Tamil Nadu,,10.95,78.08,123,"Five aurei: Augustus 1 Tiberius 1, Claudius I 3 (AD 46-47).",,,,1806,,,,-15,-13,46,47,,"Turner, P. - 1989 - Roman Coins from India: 59",,Entered,,,,A find of five aurei is recorded by Walter Elliot as having been sketched by Colonel Mackenzie.,,,,,,,,,1,Hoard?,India,,Centred on village/city,Claudius I,Claudius I,Unknown,Unknown,,Uncertain,Uncertain,,,,1,1,4,,,E. Smagur (2021). Updated by C. Gazdac (June 2022).,India
18561,KARUR 1992,2,,,Karur,Karur,Tamil Nadu,,10.95,78.08,123,Two aurei of Antoninus Pius.,,,,,,,1992,143,144,150,151,,"Suresh, S. - 2004 - Symbols of trade : roman and pseudo-roman objects found in India: 192, no. 19g; Raman, K. V. - 1994 - A Note on Two Roman Aurei from Karur",,Entered,,Private collection (of Krishnamurthy?),,,,,,,,,,,1,Hoard?,India,,Centred on village/city,Antoninus Pius,Antoninus Pius,Unknown,Unknown,,Uncertain,Uncertain,,,,1,1,4,,,E. Smagur (2021). Updated by C. Gazdac (June 2022),India
18562,KARUR 1904,1,,,Karur,Karur,Tamil Nadu,,10.95,78.08,123,Aureus of Marcus Aurelius (AD 161-180).,,,,,,,1904,161,180,161,180,,"Suresh, S. - 2004 - Symbols of trade : roman and pseudo-roman objects found in India: 161, no. 19d; Sewell, R. - 1904 - Roman Coins found in India: 617",,Not available,,"In 1904 it was in the possession of Mr. J. R. Henderson, Acting Superintendent of the Madras Museum.",,,,,,,,,,,1,Single gold coin,India,,Centred on village/city,Marcus Aurelius,Marcus Aurelius,Unknown,,,Uncertain,Uncertain,,,,1,1,2,,,E. Smagur (2021). Updated by C. Gazdac (June 2022).,India
18563,KARUR 1990,1,,,Karur,Karur,Tamil Nadu,,10.95,78.08,123,Aureus of Claudius I (AD 41-54).,,,,1990,,,,41,54,41,54,,"Suresh, S. - 2004 - Symbols of trade : roman and pseudo-roman objects found in India: 162, no. 19f",,Not available,,,,,,,,,,,,,1,Single gold coin,India,,Centred on village/city,Claudius I,Claudius I,Unknown,Unknown,,Uncertain,Uncertain,,,,1,1,2,,,E. Smagur (2021). Updated by C. Gazdac (June 2022).,India
18577,NANDYAL,161,,,Nandyal,Kurnool,Andhra Pradesh,,15.48,78.48,210,"A hoard of up to 161 aurei was found in a pot. Some of them were lost on finding, but 52 were returned to the Madras Museum. Coins of this hoard are very worn and often bent.",,30,6,1933,,,,-9,-9,98,117,,"Turner, P. - 1989 - Roman Coins from India: 69-70; Aravamuthan, T.G. - 2002 - Catalogue of the Roman and Byzantine Coins in the Madras Government Museum: 13, no. 90; Suresh, S. - 2004 - Symbols of trade : roman and pseudo-roman objects found in India: 168, no. 80",,Entered,,"Madras Museum, Chennai",,"While &quot;widening a saw pit close to a house in course of erection on S. No. 589, the crow-bar of one of the coolies struck against an earthen pot at a depth of three feet from the ground level and broke it, and a batch of gold coins was found to have been preserved in the vessel. The two coolies divided the coins among a number ’of others as well who came to know of the find, but information reaching the Revenue Inspector of Nandyal on 7th July 1933, an attempt was made to trace the coins, but only 52 were recovered.&quot;",,,,,,,,,1,Hoard,India,,Centred on village/city,Trajan,Trajan,Other chance find,Unknown,,Uncertain,Uncertain,,,,1,1,3,Ceramic vessel,,E. Smagur (2021). Updated by C. Gazdac (June 2022).,India
18578,VINUKONDA,15,,,Vinukonda,Guntur,Andhra Pradesh,,16.05,79.75,98,"Fifteen aurei were found during diggings at Vinukonda, in the old fort.",,,,1889,,,,14,37,210,213,,"Turner, P. - 1989 - Roman Coins from India: 84-85; Thurston, E. - 1894 - Coins. Catalogue no. 2. Roma Indo-Portuguese, and Ceylon: 22-24; Suresh, S. - 2004 - Symbols of trade : roman and pseudo-roman objects found in India: 170, no. 94",,Entered,,,,"The coins were sent to the Madras Museum, and catalogued by Thurston in his revised work on the coins in the Madras Museum. Most of them were removed by the thief of 1906.",,,,The site is a Medieval fortress.,,,,,1,Hoard,India,,Centred on village/city,Caracalla,Caracalla,Other chance find,Archaeological site,,Military,Uncertain,,,,1,2,3,,,E. Smagur (2021). Updated by C. Gazdac (June 2022).,India
18579,WARANGAL DISTRICT,1,,,,Warangal,Telangana,,17.954879814714,79.590625186745,279.6,Aureus of Antoninus Pius for Faustina I (Diva) (AD post 141).,The exact findspot within the district is not known.,,,1975,,,1976,141,141,14,141,,"I. K. Sarma - 1992 - Roman Coins from Andhra Pradesh: their Contexts, Chronology and Cultural Significance: 36, n. 6",,Not available,,,,,,,,,,,,,1,Single gold coin,India,,Centred on village/city,Antoninus Pius,Antoninus Pius,Unknown,Unknown,,Uncertain,Uncertain,,,,1,1,3,,,E. Smagur (2021). Updated by C. Gazdac (June 2022).,India
18581,PHANIGIRI,1,,,Phanigiri,Suryapet,Telangana,,17.42,79.4714,,Aureus of Nero (AD 54-68) was retrieved during excavations.,,,,,,,2011,54,68,54,68,, - 2011 - Gold coin of Roman era retrieved,,Entered,,,,"Phanigiri is an ancient Buddhist site, consisting of a Buddhist complex which is adorned with a massive stupa.",,2011,,An Early Historic Buddhist site.,,,,,1,Single gold coin,India,,Centred on village/city,Nero,Nero,Controlled archaeological investigation,Archaeological site,Excavation,,,,,,1,2,2,,,E. Smagur (2021). Updated by C. Gazdac (June 2022).,India
18582,YELESWARAM,1,Eleswaram,,Yeleswaram,East Godavari,Andhra Pradesh,,17.290032594345,82.100128322813,61.2,Aureus of Septimius Severus (AD 195-196) was found in excavations.,,,,1961,,,1962,195,196,195,196,," - 1965 - Indian Archaeology 1962-63: A Review: 2; Turner, P. - 1989 - Roman Coins from India: 86",,Entered,,"Yeleswaram Pavilion, Directorate of Archaeology and Museums, Hyderabad","Department of Archaeology, Government of Andhra Pradesh under Shri Mohammad Abdul Waheed Khan",Period III at the site yielded Roman coin and is represented by a chaitya and two stupas.,1961,1962,,,,,,,1,Single gold coin,India,,,Septimius Severus,Septimius Severus,,,Excavation,,Settlement,,,,1,3,3,,,E. Smagur (2021). Updated by C. Gazdac (June 2022),India
18583,JUNAGADH,1,,,Junagadh,Junagadh,Gujarat,,21.52,70.463,112.4,Aureus of Marcus Aurelius (AD 162-163).,,,,1989,,,,162,163,162,163,," -  - Indian Numismatic, Historical and Cultural Research Foundation (Nashik) archives; Suresh, S. - 2004 - Symbols of trade : roman and pseudo-roman objects found in India: 174, no. 129",,Entered,,Private collection,,,,,,,,,,,1,Single gold coin,India,,Centred on village/city,Marcus Aurelius,Marcus Aurelius,Unknown,Unknown,,Uncertain,Uncertain,,,,1,1,4,,,E. Smagur (2021). Updated by C. Gazdac (June 2022).,India
18584,NAGDHARA,1,,,Nagdhara,Navsai,Gujarat,,20.912810241792,73.093317772153,34.2,Aureus of Marcus Aurelius (Lucius Verus) (AD 166-167).,,,,,,,1890,166,167,166,167,,"Codrington, O. - 1890 - Notes on the Cabinet of Coins of the Bombay Branch of the Royal Asiatic Society; Turner, P. - 1989 - Roman Coins from India: 69; Suresh, S. - 2004 - Symbols of trade : roman and pseudo-roman objects found in India: 174, no. 134",,Entered,,Bombay Branch of the Royal Asiatic Society,,,,,,,,,,,1,Single gold coin,India,,Centred on village/city,Marcus Aurelius,Marcus Aurelius,Unknown,Unknown,,Uncertain,Uncertain,,,,1,1,3,,,E. Smagur (2021). Updated by C. Gazdac (June 2022).,India
18589,KATRYAL,48,Katral,,Katral,Bijapur,Karnataka,,16.604792545677,75.500979473167,546,A hoard of 48 gold coins (aurei and solidi).,,,,1922,,,,423,450,,,,"Turner, P. - 1989 - Roman Coins from India: 60;  -  - Indian Numismatic, Historical and Cultural Research Foundation (Nashik) archives; Suresh, S. - 2004 - Symbols of trade : roman and pseudo-roman objects found in India: 172, no. 117",,Entered,,,,,,,,,,,,,1,Hoard,India,,Centred on village/city,Uncertain,Uncertain,Unknown,Unknown,,Uncertain,Uncertain,,,,1,1,1,,,E. Smagur (2021). Updated by C. Gazdac (June 2022).,India
18594,MATTADAKERE,21,"Hattigatta, Mattadakatte",,Mattadakere,Chikkamagaluru,Karnataka,,13.889523534383,76.385818093019,,A hoard of 21 aurei: .,,,,,,,2002,138,138,213,213,,"Girijapathy, M., Khandoba Rao, H.K. - 2010 - A Roman Coin Hoard from Mattadakere",,Entered,,,,The findspot of the coins is also called Malenadu (Land of Mountains). The hoard was found when some labourers were loading black soil from the dried-up tank to a cart.,,,,,,,,,1,Hoard,India,,Centred on village/city,Caracalla,Caracalla,Agricultural or drainage work,,,Uncertain,Uncertain,,,,1,2,4,small pot,,E. Smagur (2021). Updated by C. Gazdac (June 2022).,India
18596,MANGALURU,1,Mangalore,,Mangaluru,Dakshina Kannada,Karnataka,,12.8682,74.8398,,Aureus of Hadrian (AD 117-138).,,,,,,,1991,117,138,117,138,," -  - Indian Numismatic, Historical and Cultural Research Foundation (Nashik) archives",,Not available,,,,,,,,,,,,,1,Single gold coin,India,,Centred on village/city,Hadrian,Hadrian,Unknown,Unknown,,,,,,,1,1,2,,,E. Smagur (2021). Updated by C. Gazdac (June 2022).,India
18597,MYSURU,1,,,Mysuru,Mysuru,Karnataka,,12.308611,76.653056,747.3,Aureus of Commodus (AD 191-192).,,,,,,,1882,191,192,191,192,,"Turner, P. - 1989 - Roman Coins from India: 67-68",,Entered,,Formerly in Governmet Museum Madras but stolen in 1906,,,,,,,,,,,1,Single gold coin,India,,,Commodus,Commodus,Unknown,,,Uncertain,Uncertain,,,,1,1,4,,,E. Smagur (2021). Updated by C. Gazdac (June 2022).,India
18599,POONJAR,6,,,Poonjar,Kottayam,Kerala,,9.674369,76.808669,37.1,Six aurei Possible part of a larger hoard.,,,,1945,,,,-27,14,138,161,,"Turner, P. - 1989 - Roman Coins from India: 74",,Not available,,,,,,,,,,,,,1,Hoard?,India,,Centred on village/city,Antoninus Pius,Antoninus Pius,Unknown,Unknown,,Uncertain,Uncertain,,,,1,1,2,,,E. Smagur (2021). Updated by C. Gazdac (June 2022).,India
18601,MEMADA KHEDI,1,Memda Khedi; मेम्दा खेड़ी,,Memda Khedi,Sehore,Madhya Pradesh,,22.9473,76.6762,,Aureus of Septimius Severus (AD 195-196).,,,,,,7,1973,195,196,195,196,,"Nagarch, B.L. - 1975 - A Roman Gold Coin from Sehore (Madhya Pradesh)",,Entered,,,,,,,,,,,,,1,Single gold coin,India,,Centred on village/city,Septimius Severus,Septimius Severus,Unknown,Unknown,,Uncertain,Uncertain,,,,1,1,3,,,E. Smagur (2021). Updated by C. Gazdac (June 2022).,India
18602,AJANTA,1,अजिंठा,,Ajanta,Aurangabad,Maharashtra,,20.532525423117,75.749136030351,,"Solidus of Theodosius II minted in Constantinople (AD 430-440) from the monastery. It &quot;was collected from the deposit belonging to disuse phase, which gives a relative date to the site. This coin has two perforations perhaps under used as a pendant.&quot;",,,,2000,,,2001,430,440,430,440,," - 2006 - Indian Archaeology 2000-01: A Review: 96-97, pl. 74",,Entered,,,S.V. Venkateshaiah of the Aurangabad Circle of the ASI with a team.,,2000,2001,,The trenches were open in the area on the right bank of the River Waghora overlooking Caves 4 and 17. The coin was discovered in a monastery and was collected &quot;from the deposit belonging to disuse phase&quot;.,300,499,monastery,,1,Single gold coin,India,,Centred on village/city,Theodosius II,Theodosius II,Controlled archaeological investigation,Churchyard,Excavation,Rural,Temple or shrine,,,,4,4,3,,,E. Smagur (2021). Updated by C. Gazdac (June 2022).,India
18603,MURTIZAPUR,1,Murtajapur,,Murtizapur,Akola,Maharashtra,,20.73,77.51,308,Aureus of Trajan (AD 114).,,,,,,,2008,114,114,114,114,,"Meshram, P. - 2008 - Roman Coins, Bullae and Amulets from Vidarbha: 82",,Entered,,Private collection of Shri Kishore Paltewar of Yavatmal.,,The coin was found in the bazaars of Murtizapur and was supposedly found from the bed of the nearby river.,,,,,,,,,1,Single gold coin,India,,Centred on village/city,Trajan,Trajan,Unknown,Open fresh water,,Uncertain,Natural feature,,,,2,1,4,,,E. Smagur(2021). Updated by C. Gazdac (June 2022).,India
18611,KULATHUPALAYAM,1,,,Kulathupalayam,Coimbatore,Tamil Nadu,,10.949275834886,76.942284641419,417.6,Solidus of Theodosius II (AD 423-450).,,,,,,,1934,423,423,450,450,," -  - Indian Numismatic, Historical and Cultural Research Foundation (Nashik) archives",,Not available,,"Madras Museum, Chennai",,,,,,,,,,,1,Single gold coin,India,,Centred on village/city,Theodosius II,Theodosius II,Unknown,Unknown,,Uncertain,Uncertain,,,,2,1,2,,,E. Smagur (2021). Updated by C. Gazdac (June 2022).,India
18612,MADURAI 1888,1,,,Madurai,Madurai,Tamil Nadu,,9.93,78.11,141,An aureus of Domitian (AD 84) is described by Thurston as coming from Madurai district.,,,,,,,1888,84,84,84,84,,"Turner, P. - 1989 - Roman Coins from India: 64; Thurston, E. - 1894 - Coins. Catalogue no. 2. Roma Indo-Portuguese, and Ceylon: 29",,Entered,,It used to be deposited in the cabinet of J.E. Tracy.,,,,,,,,,,,1,Single gold coin,India,,Centred on village/city,Domitian,Domitian,Unknown,Unknown,,Uncertain,Uncertain,,,,1,1,3,,,E. Smagur (2021). Updated by C. Gazdac (June 2022).,India
18625,MADURAI HILLS,11,,,Madurai,Madurai,Tamil Nadu,,9.93,78.11,141,Eleven aurei were acquired by the Madras Museum under the Treasure Trove laws: Claudius I - Domitian (AD 81-96).,,,,,,,1917,41,42,81,96,,"Turner, P. - 1989 - Roman Coins from India: 64-65, Appendix III; Suresh, S. - 2004 - Symbols of trade : roman and pseudo-roman objects found in India: 162, no. 27e",,Entered,,"Madras Museum, Chennai",,,,,,,,,,,1,Hoard,India,,Centred on village/city,Domitian,Domitian,Unknown,"Grassland, Heathland",,Uncertain,Natural feature,,,,1,1,3,,,E. Smagur (2021). Updated by C. Gazdac (June 2022).,India
18639,MADURAI 1933,3,,,Madurai,Madurai,Tamil Nadu,,9.93,78.11,141,"&quot;Three solidi acquired in Madurai&quot;: Theodosius II, Zeno, Anastasius.",,,,,,,1933,423,450,491,518,,"Desikachari, T. - 1933 - South Indian Coins: 18",,Not available,,In 1933 it was in the collection of T. Desikachari,,,,,,,,,,,1,Hoard?,India,,Centred on village/city,Anastasius,Anastasius,Unknown,Unknown,,Uncertain,Uncertain,,,,1,1,3,,,E. Smagur (2021). Updated by C. Gazdac (June 2022).,India
18640,MALAYADIPUDUR,4,Malayadiputhur,,Malayadipudur,Tirunelveli,Tamil Nadu,,8.4496692338759,77.555851757289,123.9,"Find of solidi and their imitations: Theodosius II, Anastasius.",,,,,,,2004,423,455,491,518,,"Suresh, S. - 2004 - Symbols of trade : roman and pseudo-roman objects found in India: 163, no. 29;  -  - Indian Numismatic, Historical and Cultural Research Foundation (Nashik) archives",,Not available,,"Madras Museum, Chennai",,"According to Suresh, the find consisted of two solidi and two imitations, while in the INCHRF archive there is information about the find of four solidi in the Madras Museum (nos. 192, 193, 204, 207)",,,,,,,,,1,Hoard?,India,,Centred on village/city,Anastasius,Anastasius,Unknown,Unknown,,Uncertain,Uncertain,,,,1,1,2,,,E. Smagur (2021). Updated by C. Gazdac (June 2022).,India
18641,TIRUMALA - SRIVARI HUNDI,1,,,Tirumala,Chittoor,Andhra Pradesh,,13.680916,79.3506,873.9,Aureus of Nero (AD 54).,,,,,,,,54,54,54,54,,"Radhakrishnan, P.V. - 2019 - Note on the solitary Roman gold coin in Sri Venkateswara Museum, Tirupati Collection",,Entered,,Sri Venkateswara Museum,,"The coin was deposited by the devotee in the Srivari hundi of the temple. The exact findspot is not known, however, it may be assumed that it was found in the vicinity of Tirumala.",,,,,,,,,1,Single gold coin,India,,Centred on village/city,Nero,Nero,Unknown,Unknown,,Uncertain,Uncertain,,,,1,1,4,,,E. Smagur (2021). Updated by C. Gazdac (June 2022).,India
18651,PUDUKOTTAI,501,Puddukottai; Pudukkottai,,Pudukottai,Pudukottai,Tamil Nadu,,10.38,78.82,99,"A large hoard of aurei, some 501, was found by an Indian farmer: Augustus - Vespasian. About 90% of coins were slashed.",,,,,,,1898,-19,-19,71,71,,"Turner, P. - 1989 - Roman Coins from India: 74-77; Suresh, S. - 2004 - Symbols of trade : roman and pseudo-roman objects found in India: 163, no. 67",,Entered,,The British Museum (20 coins),Farmer,,,,,,,,,,1,Hoard,India,,Centred on village/city,Vespasian,Vespasian,Agricultural or drainage work,Cultivated Land,,Uncertain,Uncertain,,,,1,1,3,,,E. Smagur (2021). Updated by C. Gazdac (June 2022).,India
18742,KARIVALAMVANDANALLUR,7,,,Karivalamvandanallur,Tirunelveli,Tamil Nadu,,9.2709536742317,77.531509580296,137.3,Six aurei were found together with a medallion imitating Hellenistic coins and jewellery and sent to the Madras Museum.,,,,,,,1932,64,65,117,117,,"Turner, P. - 1989 - Roman Coins from India: 58; Balakrishna Nayar, T. - 1978 - A Ptolemaic Gold Stater of Arsinoe II Philadelphos, from Tinneveli District; Suresh, S. - 2004 - Symbols of trade : roman and pseudo-roman objects found in India: 161, no. 18",,Entered,,"Madras Museum, Chennai",,,,,,,,,,,1,Hoard,India,,Centred on village/city,Hadrian,Hadrian,Unknown,Unknown,,Uncertain,Uncertain,,,,1,1,4,,Ring; Chain; Bead,E. Smagur (2021). Updated by C. Gazdac (June 2022).,India
18743,NATHAMPATTI,9,Natham Patti,,Natham Patti,Virudhunagar,Tamil Nadu,,9.6,77.728889,132.3,An accidental finding of nine solidi: Theodosius II - Zeno (AD 462-466).,,,,,,,1999,425,425,462,466,,"Vedachalam, V. and Santhalingam, C. - 1999 - Discovery of Roman Gold Coins from Natthampatti in Tamil Nadu; Suresh, S. - 2004 - Symbols of trade : roman and pseudo-roman objects found in India: 163, no. 31",,Entered,,,,,,,,,,,,,1,Hoard,India,,Centred on village/city,Zeno,Zeno,Other chance find,Unknown,,Uncertain,Uncertain,,,,1,1,3,,,E. Smagur (2021). Updated by C. Gazdac (June 2022).,India
18744,SULUR,2,,,Sulur,Coimbatore,Tamil Nadu,,11.025278,77.124722,373.4,Find of two aurei of Antoninus Pius (AD 138-161) and a gold finger ring.,,,,,,,1992,138,161,138,161,," -  - Indian Numismatic, Historical and Cultural Research Foundation (Nashik) archives",,Entered,,"Private collection , Chennai",,,,,,,,,,,1,Hoard?,India,,Centred on village/city,Antoninus Pius,Antoninus Pius,Unknown,Unknown,,Uncertain,Uncertain,,,,1,1,2,,Ring,E. Smagur (2021). Updated by C. Gazdac (June 2022).,India
19292,MAKSI NEAR,1,,,Maksi [मक्सी],Shajapur [शाजापुर],Madhya Pradesh [मध्य प्रदेश],,23.257813641397,76.147441608677,,Aureus of Hadrian (AD 130-133).,,,,2022,,,,130,133,130,133,,,,Entered,,,,,,,,,,,,,1,Single gold coin,India,,Centred on village/city,Hadrian,Hadrian,Unknown,Unknown,,Uncertain,Uncertain,,,,1,1,3,,,Shailendra Bhandare dataset. Uploaded by C. Gazdac (July 2022).,India
19293,UJJAIN ? 2020 A,1,उज्जैन,,Ujjain [उज्जैन],Ujjain [उज्जैन],Madhya Pradesh [मध्य प्रदेश],,23.178779052137,75.78262869029,,Aureus of Hadrian for Antoninus Pius (Caesar) (AD 138).,,,,2020,,,,138,138,138,138,,,,Entered,,,,"Offered in Indore market, found in Western Malwa, probably Ujjain. Possible a hoard, see Ujjain ? 2020 A(https://chre.ashmus.ox.ac.uk/hoard/19294).",,,,,,,,,1,Single gold coin,India,,Centred on village/city,Hadrian,Hadrian,Unknown,Unknown,,Uncertain,Uncertain,,,,1,1,3,,,Shailendra Bhandare dataset. Uploaded by C. Gazdac (July 2022).,India
19294,UJJAIN ? 2020 B,1,,,Ujjain [उज्जैन],Ujjain [उज्जैन],Madhya Pradesh [मध्य प्रदेश],,23.178779052137,75.78262869029,,Aureus of Commodus (AD 184-189).,,,,2020,,,,184,189,184,189,,,,Entered,,,,"Possible a hoard, see Ujjain ? 2020 A (https://chre.ashmus.ox.ac.uk/hoard/19293)",,,,,,,,,1,Single gold coin,India,,Centred on village/city,Commodus,Commodus,Unknown,Unknown,,Uncertain,Uncertain,,,,1,1,2,,,Shailendra Bhandare dataset. Uploaded by C. Gazdac (July 2022).,India
19295,VIDISHA,1,विदिशा,,Vidisha [विदिशा],Vidisha [विदिशा],Madhya Pradesh [मध्य प्रदेश],,23.52483827925,77.809008585133,,Aureus of Geta (Augustus) (AD 210-212),,,,1960,,,1970,210,212,210,212,,,,Entered,,,,Seen at a goldsmith. Discovered nearly 40 years ago.,,,,,,,,,1,Single gold coin,India,,Centred on village/city,Septimius Severus,Caracalla,Unknown,Unknown,,Uncertain,Uncertain,,,,1,1,3,,,Shailendra Bhandare dataset. Uploaded by C. Gazdac (July 2022).,India
19296,GUJARAT STATE,1,ગુજરાત,,,,Gujarat [ગુજરાત],,23.120628418947,71.701412599406,,Aureus of Septimius Severus (AD 201).,,,,2021,,,,201,201,201,201,,,,Entered,,,,,,,,,,,,,1,Single gold coin,India,,,Septimius Severus,Septimius Severus,Unknown,Unknown,,Uncertain,Uncertain,,,,1,1,3,,,Shailendra Bhandare dataset. Uploaded by C. Gazdac (July 2022).,India
19939,RATLAM,17,रतलाम,,Ratlam [रतलाम],,Madhya Pradesh [मध्य प्रदेश],,23.330942153044,75.036606873163,,"Hoard of 17 aurei. Only two are known: Pertinax, Septimius Severus.","Gujarat/Madhya Pradesh border, somewhere between Ratlam and Dahod",,,2020,,,,193,193,194,194,,,,Entered,,,,,,,,,,,,,1,Hoard,India,,Centred on village/city,Septimius Severus,Septimius Severus,Unknown,Unknown,,Uncertain,Uncertain,,,,1,1,3,,,Shailendra Bhandare dataset. Uploaded by C. Gazdac (July 2022).,India
19940,AMARAVATI,1,అమరావతి,,Amaravati [అమరావతి],Guntur [గుంటూరు],Andhra Pradesh [ఆంధ్ర ప్రదేశ్],,16.517293323083,80.515506387347,,Aureus of Hadrian (AD 117).,Near the city.,,,2021,,,,117,117,117,117,,,,Entered,,,,,,,,,,,,,1,Single gold coin,India,,Centred on village/city,Hadrian,Hadrian,Unknown,Unknown,Non-archaeological intervention,Uncertain,Uncertain,,,,1,1,4,,,Shailendra Bhandare dataset. Uploaded by C. Gazdac (July 2022).,India
19945,BARELI?,11,बरेली,,Bareli [बरेली],,Uttar Pradesh [उत्तर प्रदेश],,26.683877608282,82.681885007174,,Unknown originally number of coins. 11 aurei: Nero - Marcus Aurelius (AD 162-163).,,,,2020,,,,64,65,162,163,,,,Entered,,Antiquities market,,Uncertain whether the findspot is the town of Barelli.,,,,,,,,,1,Hoard,India,,Centred on village/city,Marcus Aurelius,Marcus Aurelius,Unknown,Unknown,Non-archaeological intervention,Uncertain,Uncertain,,,,1,1,3,,,Shailendra Bhandare dataset. Uploaded by C. Gazdac (July 2022).,India
19951,MADHYA PRADESH STATE,1,मध्य प्रदेश,,,,Madhya Pradesh [मध्य प्रदेश],,23.293387973443,77.816220562853,,Aureus of Septimius Severus,,,,2022,,,,202,210,202,210,,,,Entered,,,,,,,,,,,,,1,Single gold coin,India,,Centred on village/city,Septimius Severus,Septimius Severus,Unknown,Unknown,Non-archaeological intervention,Uncertain,Uncertain,,,,1,1,3,,,Shailendra Bhandare dataset. Uploaded by C. Gazdac (July 2022).,India
21118,AKENPALLE,1531,Akkinepalli; Akkenapally; Akkene Palle,,Akkene Palle,Nalgonda,Telangana,,17.294562163477,79.242996892926,,"An earthen jar was found containing about 1531 denarii, with broken pieces of ’ornaments and stripes’ of silver. The hoard is now in the Andhra Pradesh Government Museum at Hyderabad, and the ornaments and stripes are now apparently lost. Further details about these items could not be elicited. Most of the coins have been slashed, and about two-thirds of them have been stamped with a small punch, usually about two millimetres across. Some have more than one punch, and there are numerous different marks; also 55 of the coins are not regular issues of Roman coins but imitations of the two common types, i.e. the RIC (2) Augustus 206ff. and Tiberius 25ff. A full description of the hoard was published by Gupta.",,8,5,1959,,,,-2,4,55,55,,"Turner, P. - 1989 - Roman Coins from India: 47; Suresh, S. - 2004 - Symbols of trade : roman and pseudo-roman objects found in India: 165, no. 57",,Entered,,"Andhra Pradesh Govemment Museum, Hyderabad, India",,,,,,,,,,,1,Hoard,India,,Centred on village/city,Nero,Nero,Unknown,Unknown,,Uncertain,Uncertain,,,,1,1,3,Jar,,Uploaded by C. Gazdac (Oct. 2024).,India
21119,AKHILANDAPURAM,30,,,Akilandapuram,Coimbatore,Tamil Nadu,,10.649674693695,76.991065844447,,"About 30 coins were found in a pot, ail denarii. Five of them reached the Madras Museum, two of Augustus and three of Tiberius. Both the Augustan denarii have small marks on them; one has an incuse S mark in front of the chin of Augustus, and the other has a mark resembling the numeral 2 in front of the neck.",,,,1936,,,,-2,4,14,37,,"Turner, P. - 1989 - Roman Coins from India: 47-48; Suresh, S. - 2004 - Symbols of trade : roman and pseudo-roman objects found in India: 160, no. 2",,Entered,,,,,,,,,,,,,1,Hoard,India,,Centred on village/city,Tiberius,Tiberius,Unknown,Unknown,,Uncertain,Uncertain,,,,1,1,3,,,Uploaded by C. Gazdac (Oct. 2024).,India
21120,ANNAMALAI,1,Anamalai; Anaimalai,,Anamalai,Pollachi,Tamil Nadu,,10.636747663671,76.949798846619,,"A find of denarii of the usual type of Tiberius was mentioned by P.L. Gupta along with two otherpossible new finds of Roman denarii also from the Coimbatore District, for which details are notyet published.",,,,1984,,,,14,37,14,37,,"Turner, P. - 1989 - Roman Coins from India: 48",,Entered,,,,,,,,,,,,,1,Hoard,India,,Centred on village/city,Tiberius,Tiberius,Unknown,Unknown,,Uncertain,Uncertain,,,,1,1,1,,,Uploaded by C. Gazdac (Oct. 2024).,India
21121,BUDINATHAM,1407,Boothinatham,,Boothinatham,Tiruppur,Tamil Nadu,,10.5623,77.2352,,"1407 denarii: 367 Augustus, 1,040 Tiberius (AD 14-37), including broken, plated, clipped and imitation pieces. The hoard was found near the Madurai Virar temple while digging for mud to be used for building a mud wall in a house in the neighborhoods. The coins were found in a mud pot that was accidentally broken at the site.",,11,2,1946,,,,-2,4,14,37,,"Turner, P. - 1989 - Roman Coins from India: 50; Sridhar, T.S., Suresh, S. and Sundararajan, N. - 2011 - Roman coins in the government museum Chennai. With a detailed catalogue of the denarii hoard from Budinatham (Tamil Nadu). Chennai.: 23-118; Suresh, S. - 2004 - Symbols of trade : roman and pseudo-roman objects found in India: 160, no. 7",,Entered,,"Museum, Madras, India",,,,,,,,,Near a temple. on the ancient trade route or highway that linked the port of Muziris on the Malabar coast with the port of Kaveripattinam on the Coromandel coast.,,1,Hoard,India,,Centred on village/city,Tiberius,Tiberius,,,,Rural,Temple or shrine,,,,,,4,Ceramic vessel,,Uploaded by C. Gazdac (Oct. 2024).,India
21122,HIDNDUSTAN AIR LINES (H.A.L.) AIRPORT,256,,,Bengaluru/Bangalore,Bengaluru/Bangalore,Karnataka,,12.951329533129,77.668316455907,,"A board of 256 (250) denarii: 124 Augustus, 126 Tiberius (AD 14-37). It was found in a long-necked ceramic jar, other pottery dating to the first century AD was also found. The hoard went to the State Archaeology Department at Mysore. The coins were not slashed or otherwise marked.",,,,1965,,,,-2,4,14,37,,"Turner, P. - 1989 - Roman Coins from India: 54; Suresh, S. - 2004 - Symbols of trade : roman and pseudo-roman objects found in India: 172, no. 116",,Entered,,"State Archaeology Department, Mysore",,,,,,,,,,,1,Hoard,India,,Centred on field,Tiberius,Tiberius,Unknown,Unknown,,Uncertain,Uncertain,,,,1,1,3,Jar,,Uploaded by C. Gazdac (Oct. 2024).,India
21123,KARUR 1856,1000,,,Karur,Karur,Tamil Nadu,,10.9607,78.0786,,"Hundreds, maybe thousands, of denarii were found in a pot, which were mainly Augustan. The find is only known from a brief mention by Henry Little, who ’could not hear that a single denarius remained unmelted’.",,,,1856,,,,-27,14,-27,14,,"Turner, P. - 1989 - Roman Coins from India: 59",,Not available,,,,,,,,,,,,,1,Hoard,India,,Centred on village/city,Augustus,Augustus,Unknown,Unknown,,Uncertain,Uncertain,,,,1,1,1,Ceramic vessel,,Uploaded by C. Gazdac (Oct. 2024).,India
21124,KARUR 1878,500,,,Karur,Karur,Tamil Nadu,,10.9607,78.0786,,"About 500 coins, silver, were found in a pot. About two-thirds of them were immediately melted down to make bangles, and the rest ’fell’ to the Rev. Henry Little. He identified 27 coins of Augustus and 90 of Tiberius, and it may be assumed that these were of the usual types. The find is mentioned in the Madras Museum Annual Report for 1882-83, where they are described as having been excavated, but this does not imply any archaeological context. It does not appears as though any of these coins were acquired by the Madras Museum, but note that the sale of J.R. Henderson ’s coins ( conducted by Schulman of Amsterdam) included one denarius of Tiberius allegedly from Karur.",,,,1878,,,,-27,14,14,37,,"Turner, P. - 1989 - Roman Coins from India: 59",,Not available,,,,,,,,,,,,,1,Hoard,India,,Centred on village/city,Tiberius,Tiberius,Unknown,Unknown,,Uncertain,Uncertain,,,,1,1,2,Ceramic vessel,,Uploaded by C. Gazdac (Oct. 2024).,India
21125,KATHANGANNI,233,,,Kathanganni,,Tamil Nadu,,11.11243503,77.43333333,,"A hoard of 233 denarii was found and acquired by the Madras Museum as Treasure Trove; wholly consistent of the usual types of Augustus (RIC 206) and Tiberius (RIC 25), the hoard was not considered especially valuable by the museum, and many of the coins were distributed to other museums as duplicates. How many remain in the museum is not clear as records of this dispersal were not kept, but many of the unprovenanced coins in the current Stock Registers may be ascribed to this hoard. The coins seem to have been worn.",,,,1913,,,,-2,4,14,37,,"Turner, P. - 1989 - Roman Coins from India: 60; Suresh, S. - 2004 - Symbols of trade : roman and pseudo-roman objects found in India: 162, no. 20",,Entered,,"Fitzwilliam Museum, Cambridge (2); British Museum (1); Bombay Branch of the Royal Asiatic Society (2); Rajputana Museum, Ajmer (2); Provincial Cabinet of Coins, Assam (2)",,,,,,,,,,,1,Hoard,India,,Centred on village/city,Tiberius,Tiberius,Unknown,Unknown,,Uncertain,Uncertain,,,,1,1,2,,,Uploaded by C. Gazdac (Oct. 2024).,India
21126,KONERIPATTY,35,Koneripatti,,Koneripatty,Salem,Tamil Nadu,,11.60870741822,77.982356492715,,"Thirty-five Roman denarii have been found here, along with two gold ornaments of ’Sangam’ age. They are all coins of Tiberius, and presumably of the usual PONTIF MAXIM type. A poor illustration in a newspaper report suggests that the coins are all worn, and there is no evidence of slashing.",,,,1987,,,,14,37,14,37,,"Turner, P. - 1989 - Roman Coins from India: 61; Suresh, S. - 2004 - Symbols of trade : roman and pseudo-roman objects found in India: 162, no. 23",,Not available,,,,,,,,,,,,,1,Hoard,India,,Centred on village/city,Tiberius,Tiberius,Unknown,Unknown,,Uncertain,Uncertain,,,,1,1,1,,Ornament,Uploaded by C. Gazdac (Oct. 2024).,India
21127,KOTAPADU,4,,,Kotapadu,Visakhapatnam,Andhra Padesh,,17.076201390911,82.025197808731,,"Four denarii, three of Augustus and one of Tiberius, were found in undescribed circumstances.",,,,1915,,,,-27,14,14,37,,"Turner, P. - 1989 - Roman Coins from India: 61",,Not available,,,,,,,,,,,,,1,Hoard,India,,Centred on village/city,Tiberius,Tiberius,Unknown,Unknown,,Uncertain,Uncertain,,,,1,1,2,,,Uploaded by C. Gazdac (Oct. 2024).,India
21128,LINGARAJUPALEM,2,,,Lingarajupalem,Visakhapatnam,Andhra Padesh,,17.441925166685,82.811135569982,,"This site is a beach, where, among various Indian antiquities, two silver Roman coins were washed up. Raju described one coin with the familiar Gaius and Lucius Caesares reverse of Augustus and one of the PONTIF MAXIM type of Tiberius, but he thought that the Tiberian coin was genuine though he garbled the legends, and the Augustan one was an imitation.",On the beach,,,1953,,,,-2,4,14,37,,"Turner, P. - 1989 - Roman Coins from India: 63-64",,Entered,,,,On the beach,,,,,,,,,1,Hoard?,India,,Centred on village/city,Tiberius,Tiberius,Unknown,Marine,,Marine,Uncertain,,,,1,1,2,,,Uploaded by C. Gazdac (Oct. 2024).,India
21129,MAMBALAM,771,,,Chennai,Chennai,Tamil Nadu,,13.03872738288,80.227617859665,,"A pot was found in a pit, which contained 770 silver punch-marked coins and one Augustan denarius.",,,,1929,,,,,,-27,14,,"Turner, P. - 1989 - Roman Coins from India: 65; Suresh, S. - 2004 - Symbols of trade : roman and pseudo-roman objects found in India: 163, no. 30",,Not available,,,,,,,,,,,,,1,Hoard,India,,Centred on field,Augustus,Augustus,Unknown,Unknown,,Uncertain,Uncertain,,,,1,1,1,,,Uploaded by C. Gazdac (Oct. 2024).,India
21131,MANIKYALA 1886,5,Mankiala,,Mankiala,Rawalpindi,Punjab,,33.47918603344,73.240019949545,,"Five aurei set in a piece of modem jewelry were found during ploughing. The coins were somewhat worn. The piece was sent to the Indian Museum, Calcutta, but is no longer known there.",,,,1886,,,,149,150,158,159,,"Turner, P. - 1989 - Roman Coins from India: 66; Suresh, S. - 2004 - Symbols of trade : roman and pseudo-roman objects found in India: 176, no. 157b",,Entered,,"Museum, Calcutta (lost)",,,,,,,,,,,1,Hoard,India,,Centred on village/city,Antoninus Pius,Antoninus Pius,Agricultural or drainage work,Cultivated Land,,Uncertain,Uncertain,,,,1,1,3,,,Uploaded by C. Gazdac (Oct. 2024).,India
21132,NASTHULLAPUR,39,Nustulapur,,Nustulapur,Karimnagar,Telangana,,18.315756549769,79.175620002712,,A hoard of 47 coins were found in a stream: there were 39 denarii and eight silver punch-marked coins. Some of the denarii were slashed and some had punch-marks.,,30,6,1952,,,,-2,4,14,37,,"Turner, P. - 1989 - Roman Coins from India: 70-71; Gupta, P.L. - 1958 - Nasthullapur hoard of silver Roman and punch-marked coins: 1-4; Suresh, S. - 2004 - Symbols of trade : roman and pseudo-roman objects found in India: 169, no. 81",,Entered,,,Boy,While playing in a stream,,,,,,,,,1,Hoard,India,,Centred on village/city,Tiberius,Tiberius,Other chance find,Open fresh water,,Uncertain,Natural feature,,,,1,2,3,,,Uploaded by C. Gazdac (Oct. 2024).,India
21134,POLLACHI,0,Kongayam,,Pollachi,Coimbatore,Tamil Nadu,,10.660006226024,77.006518533469,,"A pot was found containing denarii of Augustus, Gaius and Lucius type and the PONTIF MAXIM type of Tiberius. This find is probably to be identified with the 1801 Kongayam find referred to by Elliot, which was also recorded under the same name by Colonel Mackenzie, though the drawings have not been traced. It is probably also to be considered as the 1810 Pollachy find referred to by Thurston, in his catalogues of Roman coins in the Madras Museum.",,,,1800,,,,-2,4,14,37,,"Turner, P. - 1989 - Roman Coins from India: 73-74; Suresh, S. - 2004 - Symbols of trade : roman and pseudo-roman objects found in India: 163, no. 35",,Entered,,,,,,,,,,,,,1,Hoard,India,,Centred on village/city,Tiberius,Tiberius,Unknown,Unknown,,Uncertain,Uncertain,,,,1,1,1,Textile bag,,Uploaded by C. Gazdac (Oct. 2024).,India
21135,SALIHUNDAM,11,,,Salihundam,Srikakulam,Andhra Padesh,,18.334928193374,84.036976756565,,"Eleven denarii of Tiberius were found in Salihundam hill, a Buddhist stupa site. The coins were reported in the Annual Report of the Madras Museum, but apparently not acquired.",Salihundam Hill,,,1899,,,,14,37,14,37,,"Turner, P. - 1989 - Roman Coins from India: 77; Suresh, S. - 2004 - Symbols of trade : roman and pseudo-roman objects found in India: 169, no. 86",,Not available,,,,,,,,,,,,,1,Hoard,India,,Centred on village/city,Tiberius,Tiberius,Unknown,Land dedicated to the display of a monument,,Uncertain,Temple or shrine,,,,,,,,,Uploaded by C. Gazdac (Oct. 2024).,India
21136,VELLALUR 1841,522,Vellalore,,Vellalur/Vellalore,Coimbatore,Tamil Nadu,,10.97787081357,77.029779763135,,"522 denarii: Augustus - Nero (AD 54). The hoard was contained in an earthen pot or Iota, a variety of local vessel which has been made in the same general form since the Megalithic period. There were 522 denarii in all, and of these 210 were sent to the British Museum for inspection; there is apparently no documentation concerning this in the British Museum now. There is some confusion about the composition of the hoard, but the account below is from Elliot’s report, as he did actually see the coins. Mr. Walhouse took some casts of the coins, and remarks that some of the coins were sent to Madras, presumably meaning the Museum there, by order of the Government, but neither his casts nor the relevant Government order can now be traced.",,,,1841,,,,-15,-13,54,54,,"Turner, P. - 1989 - Roman Coins from India: 81-82; Suresh, S. - 2004 - Symbols of trade : roman and pseudo-roman objects found in India: 164, no. 51a",,Entered,,,,,,,,,,,,,1,Hoard,India,,Centred on village/city,Nero,Nero,Unknown,Unknown,,Uncertain,Uncertain,,,,1,1,3,Earthen vessel,,Uploaded by C. Gazdac (Oct. 2024).,India
21137,VELLALUR 1891,547,Vellalore,,Vellalur/Vellalore,Coimbatore,Tamil Nadu,,10.97787081357,77.029779763135,,"547 denarii, discovered on sarampoke land (waste-land): Augustus - Nero (AD 55). There was no mention of a pot. All of the coins which were not of the usual types were sent to the Madras Museum, though a representative sample was received. There is no record of the fate of the others. The find was described in Thurston’ s revised catalogue of 1894, and some of the coins can be identified in this catalogue, even though no provenances were given. Most of these coins were removed from the museum in the theft of 1906.",,,,1891,,,,-9,-9,55,55,,"Turner, P. - 1989 - Roman Coins from India: 82-83; Suresh, S. - 2004 - Symbols of trade : roman and pseudo-roman objects found in India: 164, no. 51b",,Entered,,"Museum, Madras, India (lost in the theft of 1906)",,,,,,,,,,,1,Hoard,India,,Centred on village/city,Nero,Nero,Unknown,Waste ground,,Uncertain,Uncertain,,,,1,1,3,,,Uploaded by C. Gazdac (Oct. 2024).,India
21138,VELLALUR 1931,144,Vellalore,,Vellalur/Vellalore,Coimbatore,Tamil Nadu,,10.97787081357,77.029779763135,,"A hoard consisting of 121 denarii and 23 ’unstruck blanks’ was unearthed in waste-land. Of these, 118 coins and all the blanks were acquired by the Madras Musuem (Accession number 295). They were described only as ’of Augustus Caesar’, and they were probably of the familiar Gaius and Lucius Caesares type. The blanks are a complete mystery, and neither they nor the coins could be identified from the Stock Registers in the Madras Museum; the 67 wom coins of Augustus in the Stock Register m could be from this hoard.",,,,1931,,,,-2,4,-2,4,,"Turner, P. - 1989 - Roman Coins from India: 83; Suresh, S. - 2004 - Symbols of trade : roman and pseudo-roman objects found in India: 165, no. 51c",,Entered,,"Museum, Madras, India (acceession no. 295)",,,,,,,,,,,1,Hoard,India,,Centred on village/city,Augustus,Augustus,Unknown,Waste ground,,Uncertain,Uncertain,,,,1,1,2,,,Uploaded by C. Gazdac (Oct. 2024).,India
21139,VELLALUR 1939,0,Vellalore,,Vellalur/Vellalore,Coimbatore,Tamil Nadu,,10.97787081357,77.029779763135,,"Find of gold jewellery, of possible western origin, which had been buried with ’a number’ of Tiberian aurei. They cannot be identified in the Stock Registers; there are three Tiberian aurei of unknown provenance in Stock Register Il, numbers 54-56, but the entry probably pre-dates the date of this find.",,,,1939,,,,14,37,14,37,,"Turner, P. - 1989 - Roman Coins from India: 84; Suresh, S. - 2004 - Symbols of trade : roman and pseudo-roman objects found in India: 165, no. 51d",,Not available,,"Museum, Madras, India",,,,,,,,,,,1,Hoard,India,,Centred on village/city,Tiberius,Tiberius,Unknown,Unknown,,,,,,,,,,,Jewellery,Uploaded by C. Gazdac (Oct. 2024),India
21140,YESWANTPUR,163,Yeswanthpur; Yeshwantpur; Yeswantapur; Yeshavantapura,,Bangalore,Bangalore,Karnataka,,13.0224,77.5509,,"A hoard of denarii, 163 altogether, was found in a pot. They were all apparently in good condition. The hoard disappeared almost at once, though Lewis Rice apparently did publish adescription of it: Augustus - Claudius I (AD 46-47).",,17,4,1891,,,,-15,-13,46,47,,"Turner, P. - 1989 - Roman Coins from India: 86-87; Suresh, S. - 2004 - Symbols of trade : roman and pseudo-roman objects found in India: 173, no. 123",,Entered,,,,,,,,,,,,,1,Hoard,India,,Centred on village/city,Claudius I,Claudius I,Unknown,Unknown,,Uncertain,Uncertain,,,,1,1,2,,,Uploaded by C. Gazdac (Oct. 2024).,India
21142,COIMBATORE DISTRICT,73,,,,Coimbatore,Tamil Nadu,,10.933302939742,76.991432809848,,"Raschke states that in 1974, a hoard of 73 denarii made its way onto the antiques markets, apparently from the Coimbatore district, consisting of 72 coins of Augustus and Tiberius,and one of Gaius.",,,,1979,,,,-27,14,37,41,,"Turner, P. - 1989 - Roman Coins from India: 89; Suresh, S. - 2004 - Symbols of trade : roman and pseudo-roman objects found in India: 161, no. 11",,Not available,,,,,,,,,,,,,1,Hoard,India,,,Gaius,Gaius,Unknown,Unknown,,Uncertain,Uncertain,,,,1,1,2,,,Uploaded by C. Gazdac (Oct. 2024).,India
21143,BELGAUM,30,,,Belgavi,Belgaum,Karnataka,,15.8596,74.5242,,"A hoard of denarii, apparently of Tiberius, of the usual type and allegedlyslashed, seems to have appeared in the Belgaum area of south Maharashtra. There may have been some 30 in all; examples are said to have reached American markets.",,,,,,,,14,37,14,37,,"Turner, P. - 1989 - Roman Coins from India: 90; Suresh, S. - 2004 - Symbols of trade : roman and pseudo-roman objects found in India: 172, no. 112",,Entered,,,,,,,,,,,,,1,Hoard,India,,Centred on village/city,Tiberius,Tiberius,Unknown,Unknown,,Uncertain,Uncertain,,,,1,1,3,,,Uploaded by C. Gazdac (Oct. 2024).,India
21144,SOUTH INDIA,0,,,,,,,11.908217803054,77.58423200165,,"A hoard of Augustan and Tiberian denarii of the usual types in excellent condition has been reported by one dealer, but no further details can be found.",,,,,,,,-27,14,14,37,,"Turner, P. - 1989 - Roman Coins from India: 89",,Not available,,,,,,,,,,,,,1,Hoard,India,,,Tiberius,Tiberius,Unknown,Unknown,,,,,,,1,1,1,,,Uploaded by C. Gazdac (Oct. 2024).,India
21145,LACCADIVE ISLANDS?,712,Laksadvip; Thrissur Taluka; Thrissur,,,Laccadive Islands,Lakshadweep,,10.938514393638,72.287107004224,,"712 denarii, republican and imperial seems to have been found on the Laccadive islands. In 1978 or 1979, 375 denarii were offered for sale, and the provenance suggested was the Laccadive Islands. In July 1984 a further 337 denarii appeared from the same source, of which the majority seem almost certain to have come from the same hoard. There are in all 266 Republican denarii, mostly of the later first century BC. 116 types attested, none of the legionary denarii of Mark Antony. There are 269 Augustan denarii, including 159 Gaius and Lucius coins, and 18 Tiberian denarii, all of the PONTIF MAXIM type except one, which has a quadriga on the revers, and one coin of Gaius with Agrippina. There was also a coin of Hadrian with the second batch of coins, but this could well be an intruder in the hoard.",,,,1978,,7,1984,-50,-50,37,38,,"Turner, P. - 1989 - Roman Coins from India: 90; Suresh, S. - 2004 - Symbols of trade : roman and pseudo-roman objects found in India: 165, no. 54",,Entered,,,,,,,,,,,,,1,Hoard,India,,,Gaius,Gaius,Unknown,Unknown,,Uncertain,Uncertain,,,,1,1,2,,,Uploaded by C. Gazdac (Oct. 2024).,India
21146,RAMNAD-SATTUR,1,,,Sattur,Virudhunagar,Tamil Nadu,,9.3600973295966,77.915238052568,,Imitation solidus depicting Anastasius (AD 491-518). Two holes.,,,,,,,,491,520,491,518,,"Darley, R. - 2013 - Indo-Byzantine exchange 4th-7th centuries: a global history: 18-19; no. 35",,Entered,,"Government Museum, Madras (inv.no. 807)",,,,,,,,,,,1,Single gold coin,India,,Centred on village/city,Anastasius,Anastasius,Unknown,Unknown,,Uncertain,Uncertain,,,,1,1,4,,,Uploaded by C. Gazdac (Oct. 2024).,India
21147,KOLATHURPALAYAM,1,,,Kolathurpalayam,Tirupur,Tamil Nadu,,10.762989331493,77.58152266271,,Solidus of Theodosius II (AD 408-420). Double pierced and cut in fragments.,,,,,,,,408,420,408,420,,"Darley, R. - 2013 - Indo-Byzantine exchange 4th-7th centuries: a global history: 9; no. 14",,Entered,,"Government Museum, Madras (inv.no. 423/c/n423)",,,,,,,,,,,1,Single gold coin,India,,Centred on village/city,Theodosius II,Theodosius II,Unknown,Unknown,,Uncertain,Uncertain,,,,1,1,4,,,Uploaded by C. Gazdac (Oct. 2024).,India
21148,KALLAKINAR,2,,,Kallakinar,Tirupur,Tamil Nadu,,10.955465065352,77.318773581899,,"A find consisting of two republican denarii and probably other coins (gold, silver).The Collector of Coimbatore sent two worn coins to the Madras Museum; they had been found withother silver and gold coins in an earthen jar but the other material was never recovered.",,,,1909,,,,,-55,-42,,,"Suresh, S. - 2004 - Symbols of trade : roman and pseudo-roman objects found in India: 161, no. 16; Turner, P. - 1989 - Roman Coins from India: 57, no.",,Entered,,,,,,,,,,,,,1,Hoard,India,,Centred on village/city,Republic,Uncertain,Unknown,Unknown,,Uncertain,Uncertain,,,,1,1,1,,,Uploaded by C. Gazdac (Oct. 2024).,India
21149,KANGAYAM,10,Kongeyam; Kangeyam,,Kangeyam,Tipur,Tamil Nadu,,11.004200056021,77.559966939108,,"Possible, hoard of over 10 denarii of Augustus and Tiberius. No further information.",,,,1801,,,,-27,4,14,37,,"Suresh, S. - 2004 - Symbols of trade : roman and pseudo-roman objects found in India: 161, no. 17",,Not available,,,,,,,,,,,,,1,Hoard?,India,,Centred on village/city,Tiberius,Tiberius,Unknown,Unknown,,Uncertain,Uncertain,,,,1,1,1,,,Uploaded by C. Gazdac (Oct. 2024).,India
21150,UTHAMAPURAM,10,,,Cumbum,Theni,Tamil Nadu,,9.7434109311534,77.285992070584,,Hoard of 10 denarii. Some of Augustus. No further information.,,,,1995,,,1996,-27,14,-27,14,,"Suresh, S. - 2004 - Symbols of trade : roman and pseudo-roman objects found in India: 164, no. 49",,Not available,,,,,,,,,,,,,1,Hoard,India,,Generated from computer mapping,Augustus,Augustus,Unknown,Unknown,,Uncertain,Uncertain,,,,1,1,1,,,Uploaded by C. Gazdac (Oct. 2024).,India
21151,ALLEPEY,0,Alappuzha,,Allepey/Alappuzha,Alappuzha,Kerala,,9.5044049467406,76.336612368369,,"Hoard of denarii, unknown number. Issuers up to Nero",,,,,,,,,,54,68,,"Suresh, S. - 2004 - Symbols of trade : roman and pseudo-roman objects found in India: 170, no. 97",,Not available,,,,,,,,,,,,,1,Hoard,India,,Centred on village/city,Nero,Nero,Unknown,Unknown,,Uncertain,Uncertain,,,,1,1,1,,,Uploaded by C. Gazdac (Oct. 2024).,India
21152,NEDUMKANDAM,50,,,Nedumkandam,Idukki,Kerala,,9.8374753438591,77.156045607103,,"Information from eyewitness of the hoard, is that more than fifty silver coins were kept in the pot. Satyamurthy recovered seventeen coins from a collector and his study reveals its uniformity in the contents as eight Roman Republican and eleven belonged to Augustus (Satyamurthy, 1996).",,,,1992,,,,,,-27,14,,"Suresh, S. - 2004 - Symbols of trade : roman and pseudo-roman objects found in India: 171, no. 104; Muhammed Fasalu, k. - 2021 - Some Ancient Foreign Coins from Kerala: - A  Description: 223",,Not available,,,,,,,,,,,,17 cioins seen by Satyamurthy,1,Hoard,India,,Centred on village/city,Augustus,Augustus,Unknown,Unknown,,Uncertain,Uncertain,,,,1,1,1,,,Uploaded by C. Gazdac (Oct. 2024).,India
21153,PARUR,1000,,,Parur/North Paravur,Ernakulam,Kerala,,10.144423537726,76.234229087415,,Over 1000 gold coins. Uncertain issuers.,,,,1998,,,,,,1,500,,"Suresh, S. - 2004 - Symbols of trade : roman and pseudo-roman objects found in India: 171, no. 106",,Not available,,,,,,,,,,,,,1,Hoard,India,,Centred on village/city,Uncertain,Uncertain,Unknown,Unknown,,Uncertain,Uncertain,,,,1,1,1,,,Uploaded by C. Gazdac (Oct. 2024).,India
21154,PUTHANKAVU,50,,,Puthankavu,Alappuzha,Kerala,,9.3221787138505,76.631748434421,,"Over 50 gold coins, all postdate Theodosius I. Theodosius II?",,,,,,,,408,450,408,450,,"Suresh, S. - 2004 - Symbols of trade : roman and pseudo-roman objects found in India: 171, no. 108",,Not available,,,,,,,,,,,,,1,Hoard,India,,Centred on village/city,Theodosius II,Theodosius II,Unknown,Unknown,,Uncertain,Uncertain,,,,1,1,1,,,Uploaded by C. Gazdac (Oct. 2024).,India
21155,MANGALURU AREA,0,Mangalore,,Mangaluru/Mangalore,Dakshina Kannada,Karnataka,,12.8682,74.8398,,"Hoard of unknown number of aurei. Among issuers: Septimius Severus, Antoninus Pius.",,,,1980,,,1990,138,161,193,211,,"Suresh, S. - 2004 - Symbols of trade : roman and pseudo-roman objects found in India: 173, no. 119",,Not available,,,,,,,,,,,,,1,Hoard,India,,Centred on village/city,Septimius Severus,Septimius Severus,Unknown,Unknown,,Uncertain,Uncertain,,,,1,1,1,,,Uploaded by C. Gazdac (Oct. 2024).,India
21156,DHARPUL,18,Darfal,,Dharpul/Darfal,Solapur,Maha,,17.79951669089,75.790210731611,,"Eighteen aurei were found in a lota or local earthenware pot; some of them were pierced. They were recorded as of Marcus Aurelius, Lucius Verus, Caracalla, Antoninus Pius and mainly Septimius Severus.",,,6,1840,,,,162,163,208,210,,"Suresh, S. - 2004 - Symbols of trade : roman and pseudo-roman objects found in India: 173, no. 128; Turner, P. - 1989 - Roman Coins from India: 53",,Entered,,,,,,,,,,,,,1,Hoard,India,,Centred on village/city,Septimius Severus,Septimius Severus,Unknown,Unknown,,Uncertain,Uncertain,,,,1,1,2,Earthen vessel,,Uploaded by C. Gazdac (Oct. 2024).,India
21157,GOA,13,,,,,Goa,,15.367170093957,74.009403277279,,Hoard or 13 gold coins. Among them one aureus of Septimius Severus,,,,1984,,,,202,210,202,210,,"Suresh, S. - 2004 - Symbols of trade : roman and pseudo-roman objects found in India: 173, no. 130; Turner, P. - 1989 - Roman Coins from India: 53",,Entered,,,,,,,,,,,,,1,Hoard,India,,Centred on village/city,Septimius Severus,Septimius Severus,Unknown,Unknown,,Uncertain,Uncertain,,,,1,1,1,,,Uploaded by C. Gazdac (Oct. 2024).,India
21158,KALAWAD SHITALA,64,Kalavad,,Kalavad,Jamnagar,Gujarat,,22.210372128179,70.387078718966,,"Hoard of 64 coins (probably, antoniniani and nummi): Gallienus, Tetricus I, Constantine I.",Kalavad Shitla Mata Gujar Sutar temple,,,,,,,260,268,306,337,,"Suresh, S. - 2004 - Symbols of trade : roman and pseudo-roman objects found in India: 174, no. 131",,Not available,,,,,,,,,,,,,1,Hoard,India,,Centred on field,Constantine I (RIC VII),Constantine I (RIC VII),Unknown,Unknown,,Uncertain,Uncertain,,,,1,1,1,,,Uploaded by C. Gazdac (Oct. 2024).,India
21159,KAPRIVANI,2,,,Khapri,Nagpur,Maharashtra,,21.051135512152,79.043042935972,,Two aurei of Septimius Severus.,,,,1982,,,,193,211,193,211,,"Suresh, S. - 2004 - Symbols of trade : roman and pseudo-roman objects found in India: 174, no. 132",,Not available,,,,,,,,,,,,,1,Hoard?,India,,Centred on village/city,Septimius Severus,Septimius Severus,Unknown,Unknown,,Uncertain,Uncertain,,,,1,1,2,,,Uploaded by C. Gazdac (Oct. 2024).,India
21160,MANDHAL,6,,,Mandhal,Nagpur,Maharashtra,,20.955114992211,79.461723768308,,Six aurei of Augustus and Tiberius.,,,,,,,,-27,14,14,37,,"Suresh, S. - 2004 - Symbols of trade : roman and pseudo-roman objects found in India: 174, no. 133",,Not available,,,,,,,,,,,,,1,Hoard,India,,Centred on village/city,Tiberius,Tiberius,Unknown,Unknown,,Uncertain,Uncertain,,,,1,1,2,,,Uploaded by C. Gazdac (Oct. 2024).,India
21130,MANIKYALA 1830,19,Mankiala,,Mankiala,Rawalpindi,Punjab,,33.47918603344,73.240019949545,,"Three cylindrical caskets of silver. copper and gold were excavated from the tope at Manikyala and found to contain coins of the appropriate metal. There were four gold coins of Kanishka, seven republican denarii, and eight lndo-Scythian coppers.",,,,1830,,,,-103,-103,127,150,,"Turner, P. - 1989 - Roman Coins from India: 66; Suresh, S. - 2004 - Symbols of trade : roman and pseudo-roman objects found in India: 176, no. 157a",,Entered,,,,,,,,,,,,,1,Hoard,Pakistan,,Centred on village/city,Kanishka the Great,Kanishka the Great,Unknown,Unknown,,Uncertain,Uncertain,,,,1,1,1,,,Uploaded by C. Gazdac (Oct. 2024).,Pakistan
21133,PAKLI,24,Pakhli,,Hazara,Hazara,Khyber Pakhtunkhwa,,32.795016941017,74.282802073068,,"A hoard of denarii was found, of which over 23 were recovered and sent to the Lahore Musem. The precise numbers on the hoard were never recorded. Possible, Hadrian’s coin is an intruder.",,,,1898,,,,-116,-115,14,37,,"Turner, P. - 1989 - Roman Coins from India: 72-73; Suresh, S. - 2004 - Symbols of trade : roman and pseudo-roman objects found in India: 176, no. 161",,Entered,,,,,,,,,,,,,1,Hoard,Pakistan,,Centred on village/city,Tiberius,Tiberius,Unknown,Unknown,,Uncertain,Uncertain,,,,1,1,3,,,Uploaded by C. Gazdac (Oct. 2024).,Pakistan
21161,KOHAT,69,,,Kohat,Kohat,Khyber Pakhtunkhwa,,33.588582415521,71.445920512509,,"The coin collection of a Mrs Howell was purchased by the Prince of Wales Museum, Bombay in 1917. It seems to have included about 69 Roman coins, ’most of which were silver and belonged to the various officers of the Roman Republic&quot;. They seem to have come from Kohat, near Peshawar. It is not clear whether the report refers to a single hoard but it does the seem to be analogous to the Pakli hoard.",,,,,,,1917,-211,-27,-211,-27,,"Turner, P. - 1989 - Roman Coins from India: 88-89; Suresh, S. - 2004 - Symbols of trade : roman and pseudo-roman objects found in India: 176, no. 155",,Not available,,"Prince of Wales Museum, Bombay",,,,,,,,,,,1,Hoard?,Pakistan,,Centred on village/city,Republic,Republic,Unknown,Unknown,,,,,,,1,1,1,,,Uploaded by C. Gazdac (Oct. 2024).,Pakistan
18425,ANURADHAPURA - BUDDHIST RAILING,6,Anourogrammon; අනුරාධපුර දිස්ත්‍රික්කය; அனுராதபுரம் மாவட்டம்,,Anuradhapura [අනුරාධපුර දිස්ත්‍රික්කය; அனுராதபுரம் மாவட்டம்],Anuradhapura [අනුරාධපුර දිස්ත්‍රික්කය; அனுராதபுரம் மாவட்டம்],North Central Province [උතුරු මැද පළාත; வட மத்திய மாகாணம்],,8.3507799392727,80.406137810812,84.1,"Small hoard or single finds? Six Roman imperial bronze coins: House of Theodosius I 1, unidentified issuer 5",,,,,,,1935,350,350,408,470,,"Walburg, R. - 2008 - Coins and tokens from ancient Ceylon: 119; no. 3",,Not available,,"Colombo Museum, Sri Lanka (inv.no. 35-102-14)",,,,,,,,,,,1,Hoard?,Sri Lanka,,Centred on field,House of Theodosius,Uncertain,Unknown,Unknown,,Urban,Uncertain,,,,1,1,1,,,Uploaded by C. Gazdac (August 2021).,Sri Lanka
18426,GODAVAYA -VICINITY,0,Godawaya; ගොඩවායි; கடவுளே,,Godawaya [ගොඩවායි; கடவுளே],Hambantota [හම්බන්තොට; அம்பாந்தோட்டை],Southern Province [දකුණු පළාත தென்; மாகாணம்],,6.1124683428041,81.0524834993,15,Very doubtful information on &quot;ancient gold Roman coins&quot; was found together with also very suspicious Kušãn gold coins.,,,,,,,1995,,,1,500,,"Walburg, R. - 2008 - Coins and tokens from ancient Ceylon: 182; no. 177",,Not available,,,,,,,,,,,,,1,Group of single finds,Sri Lanka,,Centred on village/city,Uncertain,Uncertain,Unknown,Unknown,,Uncertain,Uncertain,,,,1,1,1,,,Uploaded by C. Gazdac (August 2021).,Sri Lanka
18427,MANTAI,,,,Tirukkētīsvaram [திருக்கேதீசுவரம்],Mannar [මන්නාරම; மன்னார்],Northern Province [வட மாகாணம்; උතුරු පළාත],,8.9899,79.9998,3.9,"One Roman gold coin found with 2 or 3 bronze coins. „This is the first record concerning Roman coins found in Sri Lanka. The reported details however are meagre and confusing. On the gold coin – which according to do Couto was, “of inferior gold” – a male bust was apparently epresented. The legend is said to have started with a C, and some further letters included R, M, and N. Nothing is known of the coin’s reverse design because it had been “worn away” (do Couto).”",,,,1584,,,1585,,,1,500,,"Walburg, R. - 2008 - Coins and tokens from ancient Ceylon: 135; no. 63",,Not available,,,,,,,,An ancient port and Buddhist site,,,,,1,Single gold coin,,,Generated from computer mapping,Uncertain,Uncertain,Unknown,Unknown,,Urban,Port,,,,2,1,1,,,Uploaded by C. Gazdac (August 2021).,Sri Lanka
18428,MATARA - OR VICINITY,14,මාතර; மாத்தறை,,Matara [මාතර; மாத்தறை],Matara [මාතර; மாத்தறை],Southern Province [දකුණු පළාත தென்; மாகாணம்],,5.9487370049114,80.548690448242,8.4,"Fourteen coins, including two LateRoman gold coins: 1 solidus of Theodosius II minted in Constantinopolis 408–420 and a tremissis (cross within wreath). &quot;Thesecoins are known only from a marginal, hand-written note on p. 44 of Biddell’s CCC, referringto the solidus of Theodosius II and including the following description: “ex 14 coins sent by AGA[Assistant Government Agent] Matara 4.IX.35one has R(e)v(erse) wreath. Cross within. Below wreath letters. If COMOB †___† Avitus 455–456 †___† too Honoria ex RSM but leg(end) SALV...IE cf Aelia Galla Placidia C.11ex RA(venna) but leg(end) Salus reipublicae”.",,,,1935,,,,,,408,420,,"Walburg, R. - 2008 - Coins and tokens from ancient Ceylon: 166; no. 146",,Not available,,,,,,,,,,,,,1,Hoard?,Sri Lanka,,Centred on village/city,Theodosius II,Theodosius II,Unknown,Unknown,,Urban,Uncertain,,,,1,1,2,,,Uploaded by C. Gazdac (August 2021).,Sri Lanka
18429,BALAPITIYA - PERUMAMARAKKALADUWA,5800,,,Balapitiya,Galle [ගාල්ල; காலி],Southern Province [දකුණු පළාත தென்; மாகாணம்],,6.279359685148,80.054724596697,7.3,"About 13 lbs. (c. 5.8 kg) of Roman bronze coins. „Found in 1896 on the little islet of Perumamarakkaladuwa in the Madu Gaoga. Allegedly, the hoard contained gold and silver coins as well but none was ever seen. Based on the average weights of the Roman coins he had examined himself, Still calculated a total of approximately 5,800 coins. Bell, the then Archaeological Commissioner, was able to secure some 250 pieces from this hoard. The list of identifiable coins is based on Still’s examination and description of these pieces.” The coin types are: House of Constantine I: gloria exercitus (one standard); Constantine I (Divus) (quadriga); vot xx mult xxx; fel temp reparation (falling horseman). House of Theodosius: vot x mult xx; vot x mult xx; vot v; salus reipublicae (victory/captive); virtus exerciti (emperor/victory); concordia augg; urbs roma felix; gloria romanorum (three emperors).",Islet of Perumamarakkaladuwa in the Madu Gangã.,,,1896,,,,335,337,406,408,,"Walburg, R. - 2008 - Coins and tokens from ancient Ceylon: 160-161; no. 133",,Not available,,,,,,,,,,,,,1,Hoard,Sri Lanka,,Centred on field,House of Theodosius,House of Theodosius,Unknown,Land boundary,Non-archaeological intervention,Uncertain,Uncertain,,,,1,1,1,,,Uploaded by C. Gazdac(August 2021).,Sri Lanka
18430,BALAPITIYA - GONADUWA,20,,,Balapitiya,Galle [ගාල්ල; காலி],Southern Province [දකුණු පළාත தென்; மாகாணம்],,6.2810619127072,80.062237217286,3.2,"“Large quantity” of Roman bronze coins. Of the 22 pieces secured by the ArchaeologicalCommissioner only one was identifiable: Arcadius, gloria Romanorum (threeemperors), Cyzicus, AD 406–408.",On the little islet of Gonaduwa inthe Madu Ganga.,,,1896,,,,,,406,408,,"Walburg, R. - 2008 - Coins and tokens from ancient Ceylon: 161; no.  134",,Not available,,Dispersed,,,,,,,,,,,1,Hoard,Sri Lanka,,Centred on field,Arcadius (RIC X),Arcadius (RIC X),Unknown,Unknown,Non-archaeological intervention,Uncertain,Uncertain,,,,1,1,1,,,Uploaded by C. Gazdac (August 2021),Sri Lanka
18431,BOUREGODA,40,,,Weragoda,Galle [ගාල්ල; காலி],Southern Province [දකුණු පළාත தென்; மாகாணம்],,6.1885557793942,80.084052120518,15.9,"Over 40 Roman bronze coins, nummi of the Constantius II and the Houses of Valentinian I and of Theodosius I. Unearthed in 1888 by villagers digging a grave. No further details were reported. Bell, the then Archaeological Commissioner, was able to secure 40 pieces. The coin types were: Constantius II: fel temp reparation (falling horseman). House of Valentinian I: concordia auggg (Roma or Constantinopolis).  House of Theodosius: salus reipublicae (victory/captive); virtus exerciti (emperor/victory); gloria Romanorum (two emperors).",,,,1888,,,,351,361,408,423,,"Walburg, R. - 2008 - Coins and tokens from ancient Ceylon: 161; no. 136",,Not available,,,,,,,,,,,,,1,Hoard,Sri Lanka,,Centred on village/city,House of Theodosius,House of Theodosius,Unknown,Unknown,Non-archaeological intervention,Uncertain,Cemetery,,Grave,,1,1,1,,,Uploaded by C. Gazdac (August 2021),Sri Lanka
18432,GALKADAWALA,1040,,,Galkadawala,Anuradhapura [අනුරාධපුර; அனுராதபுரம்],North Central Province [උතුරු මැද පළාත; வட மத்திய மாகாணம்],,8.259565702871,80.144277128512,63.7,"„It is only stated that the coins were examined by the Archaeological Department, Colombo. The whereabouts of this hoard is unknown; it was neither recorded in the Department’s inventory nor available for study in 1978.”","„It is only stated that the coins were examined by the Archaeological Department, Colombo. The whereabouts of this hoard is unknown; it was neither recorded in the Department’s inventory nor vailable for study in 1978.”",,,1952,,,,,,1,500,,"Walburg, R. - 2008 - Coins and tokens from ancient Ceylon: 138; no. 75",,Not available,,,,,,,,,,,,,1,Hoard,Sri Lanka,,Centred on village/city,Uncertain,Uncertain,Unknown,Unknown,,Uncertain,Uncertain,,,,1,1,1,,,Uploaded by C. Gazdac (August 2021).,Sri Lanka
18433,HITTTETIYA,300,Hiktetiya; Hittatiya,,Matara [මාතර; மாத்தறை],Matara [මාතර; மாத்தறை],Southern Province [දකුණු පළාත தென்; மாகாணம்],,5.9577569626534,80.526272612919,14.2,“300” coins of unknown type (Roman?). No details were reported.,,,,1908,,,1909,,,1,500,,"Walburg, R. - 2008 - Coins and tokens from ancient Ceylon: 166-167; no. 148",,Not available,,,,,,,,,,,,,1,Hoard?,Sri Lanka,,Generated from computer mapping,Uncertain,Uncertain,Unknown,Unknown,,Uncertain,Uncertain,,,,1,1,1,,,Uploaded by C. Gazdac (August 2021).,Sri Lanka
18435,HENDALA,1,,,Wattala [වත්තල; வத்தளை],Gampaha [ගම්පහ; கம்பஹா],Western Province [බස්නාහිර පළාත; மேல் மாகாணம்],,6.9826283868705,79.870041847073,8.9,"Late Roman gold coin. Found at the mouth of the Kelani Ganga before 1907. No further details reported. A Late Roman or Early Byzantine solidus, heavily clipped. Still ascribes this coin to Arcadius or Theodosius II, while Codrington suggests Basiliscus (preferred), 475–476 or Anastasius I, 491–518.",,,,1907,,,,395,450,475,518,,"Walburg, R. - 2008 - Coins and tokens from ancient Ceylon: 156; no. 122",,Not available,,,,,,,,,,,,,1,Single gold coin,Sri Lanka,,Generated from computer mapping,Basiliscus,Anastasius,Unknown,Unknown,,Uncertain,Uncertain,,,,1,1,1,,,Uploaded by C. Gazdac (August 2021).,Sri Lanka
18436,COLOMBO -  GALLE FACE,200,,,Colombo [කොළඹ; கொழும்பு],Colombo [කොළඹ; கொழும்பு],Western Province [බස්නාහිර පළාත; மேல் மாகாணம்],,6.9262851477142,79.845680495089,10,"“Several hundred Roman coins”. Unearthed while building the Galle Face battery in 1887. “Eight coins, some of the reign of Honorius, found on the Galle Face”, were purchased by the Colombo Museum (CAR Museum 1887). The identifiable coin types (based on Still 1907) Roman Empire: House of Constantine I: Gloria exercitus (one standard); House of Theodosius I: salus reipublicae victory/captive); concordia augg; virtus exerciti (emperor/victory); gloria Romanorum (two emperors); gloria Romanorum (two emperors).",,,,1887,,,,333,335,408,423,,"Walburg, R. - 2008 - Coins and tokens from ancient Ceylon: 157; no. 123",,Not available,,Colombo Museum (in 1887),,,,,,,,,,,1,Hoard,Sri Lanka,,Generated from computer mapping,House of Theodosius,House of Theodosius,Building work,Built over,Non-archaeological intervention,Uncertain,Uncertain,,,,1,1,1,,,Uploaded by C. Gazdac (August 2021).,Sri Lanka
18437,COLOMBO - MILITARY CEMETERY,300,,,Colombo [කොළඹ; கொழும்பு],Colombo [කොළඹ; கொழும்பு]wes,Western Province [බස්නාහිර පළාත; மேல் மாகாணம்],,6.9079295127602,79.877472388478,12,"Nearly 300 Roman coins of the houses of Constantine I and Theodosius I (AD 408-423). The identifiable coin types (based on Still 1907): Crispus (Caesar); gloria exercitus (one standard); vot xx mult xxx; vict aug; victoriae dd auggq nn (two victories); vot xx mult xxx; Constantius II: fel temp reparatio (falling horseman); spes reipublice; House of Theodosius I: gloria Romanorum (emperor, captive); salus reipublicae (victory, captive); vot x mult xx; vot x mult xx; vot v; gloria Romanorum (emperor on horseback); virtus exerciti (emperor, victory); virtus exerciti (emperor, victory); concordia augg (Constantinopolis); urbs roma felix; gloria Romanorum (three emperors); gloria Romanorum (two emperors).",,,,1889,,,,324,337,408,423,,"Walburg, R. - 2008 - Coins and tokens from ancient Ceylon: 157; no. 124",,Not available,,,,,,,,,,,,,1,Hoard,Sri Lanka,,Generated from computer mapping,House of Theodosius,House of Theodosius,Building work,Built over,Non-archaeological intervention,Uncertain,Uncertain,,,,1,1,1,,,Uploaded by C. Gazdac (August 2021).,Sri Lanka
18438,COLOMBO,14,කොළඹ; கொழும்பு,,Colombo [කොළඹ; கொழும்பு],Colombo [කොළඹ; கொழும்பு],Western Province [බස්නාහිර පළාත; மேல் மாகாணம்],,6.9271203014875,79.865250085752,12.2,"14 “Indo-Roman copper coins”. “All of the coins are listed “from Colombo”, which in analogy to all the other entries in the Boston inventory denotes the place of discovery and not that of purchase. The coins possibly belong to one of the two aforementioned complexes or come from another, unknown find in Colombo. From the descriptions, it seems quite clear that at least the first 11 pieces are genuine Roman coins. The state of preservation is given in almost all cases as “worn” or “very worn”, which also suggests the Roman origin of these specimens.”",,,,,,,1921,333,335,408,423,,"Walburg, R. - 2008 - Coins and tokens from ancient Ceylon: 157-158; no. 125",,Not available,,"Museum of Fine Arts, Boston, USA (inv.no. 21.1050–1063)",,,,,,,,,,,1,Hoard?,Sri Lanka,,Centred on village/city,Honorius (RIC X),Honorius (RIC X),Unknown,Unknown,,Uncertain,Uncertain,,,,1,1,1,,,Uploaded by C. Gazdac (August 2021).,Sri Lanka
18439,MORATUWA?,122,මොරටුව; மொறட்டுவை,,Moratuwa [මොරටුව; மொறட்டுவை],Colombo [කොළඹ; கொழும்பு],Western Province [බස්නාහිර පළාත; மேல் மாகாணம்],,6.7879587434955,79.890922417369,20.6,"“One or two hoards? 72 Late Roman bronze coins, 41 Naimana imitations, and 9 unidentifiable small bronze coins. Viewed in the possession of an antique dealer in Colombo in 1978. Allegedly found as a group when digging up the soil for the foundations of a church in Moratuwa in c. 1976.”",,,,1976,,,,,,408,423,,"Walburg, R. - 2008 - Coins and tokens from ancient Ceylon: 158; no. 126",,Not available,,,,,,,,,,,,,1,Hoard,Sri Lanka,,Centred on village/city,House of Theodosius,House of Theodosius,Building work,Churchyard,Non-archaeological intervention,Uncertain,Uncertain,,,,1,1,1,,,Uploaded by C. Gazdac (August 2021).,Sri Lanka
18440,PANADURA,28,පානදුර; பாணந்துறை,,Panadura [පානදුර; பாணந்துறை],Colombo [කොළඹ; கொழும்பு],Western Province [බස්නාහිර පළාත; மேல் மாகாணம்],,6.7118910381524,79.906971746351,11.7,"“Several pieces of silver” (1 early Roman denarius and possibly silver punch-marked coins). Date of discovery and number of coins unknown. When Barrow first mentioned these coins in 1857, his information was based on conversations with the Chief Justice of Ceylon, Sir Ambrose Hardinge Giffard (1787–1865). An unknown number of coins were found in the soil within one foot of the surface, from which 28 specimens were secured and polished to have the quality of the silver determined legible coin was a specimen of the well-known denarius type struck by Tiberius (RIC2 25–30, reverse seated ‘Livia’), of which an amusing line drawing is given by Barrow on p. 85. The descriptions of some of the other pieces are puzzling: “On some of the coins appeared something which might be designed as a figure of the sun in a full circle, surrounded by a concentric periphery of rays; some were totally blank; on four or five of them were traces of something like a branch of a tree, others had the appearance of the arrow-head letters of ancient Persia, and some the alphabetical characters now in use in India”. This passage sounds like a genuine attempt to depict some of the often difficult to recognise and hard to describe marks found on Indian silver punch-marked coins, and heavily worn out pieces can look totally blank.”",,,,,,,1857,14,37,,,,"Walburg, R. - 2008 - Coins and tokens from ancient Ceylon: 158-159; no. 127",,Not available,0.30-0.40,,,,,,,,,,,,1,Hoard?,Sri Lanka,,Centred on village/city,Uncertain,Uncertain,Unknown,Unknown,Non-archaeological intervention,Uncertain,Uncertain,,,,1,1,1,,,Uploaded by C. Gazdac (August 2021).,Sri Lanka
18441,KALUTARA,1500,කළුතර; களுத்துறை,,Kalutara [කළුතර; களுத்துறை],Kalutara [කළුතර; களுத்துறை],Western Province [බස්නාහිර පළාත; மேல் மாகாணம்],,6.5771312053777,79.963944434514,14.6,“Several hoards” were found between 1987 and 1994. No details were reported. Weerakkody’s knowledge of these alleged hoards is solely based on personal information from Bopearachchi’s work. It is open to question whether the above-mentioned c. 800 imitations were also from these ‘several hoards’ or not.” Confirmation required.,,,,1987,,,1994,,,1,500,,"Walburg, R. - 2008 - Coins and tokens from ancient Ceylon: 160; no. 130",,Not available,,,,,,,,,,,,,1,Hoard,Sri Lanka,,Centred on village/city,Uncertain,Uncertain,Unknown,Unknown,,Uncertain,Uncertain,,,,1,1,1,,,Uploaded by C. Gazdac (August 2021).,Sri Lanka
18442,KOSGODA - GAL VIHARA,141,,,Kosgoda,Galle [ගාල්ල; காலி],Southern Province [දකුණු පළාත தென்; மாகாணம்],,6.3384644333569,80.02890908474,13.8,Hoard of 140 Naimana imitations and 1Roman coin - nummus (AE4) (AD 380-470) was found at a Buddhist site (Gal Vihara).,,,,1952,,,,,,380,470,,"Walburg, R. - 2008 - Coins and tokens from ancient Ceylon: 160; no. 132",,Not available,,"Colombo National Museum, Sri Lanka (inv.no. 52-15-261)",L. B. de Silva,,,,,,,,,,1,Hoard,Sri Lanka,,Centred on village/city,Uncertain,Uncertain,Unknown,Archaeological site,,Rural,Temple or shrine,,,,2,1,1,,,Uploaded by C. Gazdac (August 2021).,Sri Lanka
18443,GALANGÕDA,2100,,,Ambalangoda [අම්බලන්ගොඩ; அம்பலாங்கொட],Galle [ගාල්ල; காலி],Southern Province [දකුණු පළාත தென்; மாகாணம்],,6.2411322350753,80.053644204819,15.3,"Circa 6.3 kg (c. 2,100) of Roman coins &quot;third brass&quot;. Handed over to the ColomboMuseum on 17th December 1938. No details reported. Today, lost.",,,,,17,12,1938,,,1,500,,"Walburg, R. - 2008 - Coins and tokens from ancient Ceylon: 161; no. 135",,Not available,,"Colombo National Museum, Sri Lanka (not identifiable)",,,,,,,,,,,1,Hoard,Sri Lanka,,Centred on village/city,Uncertain,Uncertain,Unknown,Unknown,,Uncertain,Uncertain,,,,1,1,1,,,Uploaded by C. Gazdac (August 2021).,Sri Lanka
18444,ANURADHAPURA - THUPARAMA,4,,,Anuradhapura [අනුරාධපුර; அனுராதபுரம்],Anuradhapura [අනුරාධපුර; அனுராதபுரம்],North Central Province [උතුරු මැද පළාත; வட மத்திய மாகாணம்],,8.3553467606156,80.396481815497,90.6,"Four bronze coins, possible, part of a hoard: 1 Roman, 3 unidentifiable.",,,,,,,1935,,,408,423,,"Walburg, R. - 2008 - Coins and tokens from ancient Ceylon: 124; no. 18",,Not available,,"Colombo National Museum, Sri Lanka (inv.no. 35-107-14)",,,,,,Buddhist site,,,,,1,Hoard?,Sri Lanka,,Centred on field,Honorius (RIC X),Honorius (RIC X),Unknown,Archaeological site,,Urban,Temple or shrine,,,,2,1,1,,,Uploaded by C. Gazdac (August 2021).,Sri Lanka
18445,MIHINTALE,57,,,Mihintale,Anuradhapura [අනුරාධපුර; அனுராதபுரம்],North Central Province [උතුරු මැද පළාත; வட மத்திய மாகாணம்],,8.3553694961077,80.513026573484,122.6,57 small bronze coins: 1 nummus and 56 Naimana imitations from c. AD 450.,,,,,,,1907,350,420,450,450,,"Walburg, R. - 2008 - Coins and tokens from ancient Ceylon: 127-128; nos. 34-35",,Not available,,"Colombo National Museum, Sri Lanka (inv.no. 35-105-14)",,,,,,,,,,,1,Hoard?,Sri Lanka,,Centred on village/city,Uncertain,Uncertain,Unknown,Unknown,,Uncertain,Uncertain,,,,1,1,1,,,Uploaded by C. Gazdac (August 2021).,Sri Lanka
18446,TURUWILA?,20,,,Turuwila,Anuradhapura [අනුරාධපුර; அனுராதபுரம்],North Central Province [උතුරු මැද පළාත; வட மத்திய மாகாணம்],,8.2286420797618,80.435768384569,111.2,About 20 Roman nummi were kept at the Turuwila temple in September 1923. Six coins were all depicting reverses from the reign of Constantine I: Crispus (Caesar); securitas reipublice; Constantinopolis (victory on prow); Urbs Roma (she-wolf and twins); gloria exercitus (one standard).,,,,,,9,1923,324,326,333,335,,"Walburg, R. - 2008 - Coins and tokens from ancient Ceylon: 128; no. 36",,Not available,,,,,,,,,,,,,1,Hoard?,Sri Lanka,,Centred on village/city,Constantine I (RIC VII),Constantine I (RIC VII),,,,Uncertain,Uncertain,,,,1,1,1,,,Uploaded by C. Gazdac (August 2021).,Sri Lanka
18447,JAFFNA/ JAFFNA DISTRICT,2,යාපනය; யாழ்ப்பாணம்,,Jaffna [යාපනය; யாழ்ப்பாணம்],Jaffna [යාපනය; யாழ்ப்பாணம்],Northern Province [வட மாகாணம்; උතුරු පළාත],,9.6693694492299,80.024369430382,10.1,"An unknown number of Roman coins. Among the coins, possible a nummus of Licinius I and a Naimana imitation.",,,,1927,,,,,,,,,"Walburg, R. - 2008 - Coins and tokens from ancient Ceylon: 129; no. 37",,Not available,,,,,,,,,,,,,1,Hoard,Sri Lanka,,Centred on village/city,Uncertain,Uncertain,Unknown,Unknown,,Uncertain,Uncertain,,,,1,1,1,,,Uploaded by C. Gazdac (August 2021).,Sri Lanka
18448,JAFFNA PENINSULA,0,,,,Jaffna [යාපනය; யாழ்ப்பாணம்],Northern Province [வட மாகாணம்; උතුරු පළාත],,9.7152899457743,80.160225845412,3,&quot;A pot full of (Byzantine?) gold coins. Nothing about this hoard is known with certainty; neither its place of discovery or the number and type of coins found. Even its existence is unconfirmed.&quot;,,,,1800,,,1820,,,,,,"Walburg, R. - 2008 - Coins and tokens from ancient Ceylon: 1229; no. 38",,Not available,,,,,,,,,,,,,1,Hoard?,Sri Lanka,,Generated from computer mapping,Uncertain,Uncertain,Unknown,Unknown,,Uncertain,Uncertain,,,,1,1,1,,,Uploaded by C. Gazdac (August 2021).,Sri Lanka
18449,VARANI IYATTALAI,700,,,Varani-Iyattalai,Jaffna [යාපනය; யாழ்ப்பாணம்],Northern Province [வட மாகாணம்; උතුරු පළාත],,9.7077,80.2076,8.4,A clay pot containing seven hundred Roman coins made of &quot;silver and copper&quot;.,,,3,1994,,,,,,1,500,,"Walburg, R. - 2008 - Coins and tokens from ancient Ceylon: 132; no. 50",,Not available,,,,,,,,,,,,,1,Hoard,Sri Lanka,,Centred on village/city,Uncertain,Uncertain,Unknown,Unknown,,,,,,,1,1,1,Ceramic vessel,,Uploaded by C. Gazdac (August 2021).,Sri Lanka
18450,POONAKARY AREA,6,பூநகரி; පූනෙරිය,,Poonakary [பூநகரி; පූනෙරිය],Kilinochchi [கிளிநொச்சி; ගිරානික],Northern Province [வட மாகாணம்; උතුරු පළාත],,9.5041361674882,80.212190174411,6.3,“some half a dozen Roman third brass coins”.,,,11,1978,,,,,,1,500,,"Walburg, R. - 2008 - Coins and tokens from ancient Ceylon: 132; no. 54",,Not available,,,,"Discovered, “by a farmer cutting shallow pits to plant coconut seedlings in November 1978”.",,,,,,,,,1,Hoard?,Sri Lanka,,Centred on village/city,Uncertain,Uncertain,Agricultural or drainage work,Cultivated Land,,,,,,,,,,,,Uploaded by C. Gazdac (August 2021),Sri Lanka
18451,TALAIMANNAR MOUNDS,12,,,Talaimannar [தலைமன்னார்; තලෙයිමන්නාරම],Mannar [මන්නාරම; மன்னார்],Northern Province [வட மாகாணம்; උතුරු පළාත],,9.0864604662227,79.709644221553,7.8,"“Probably about a dozen” Roman coins. Among them is a specimen of Honorius (emperor/victory), 395–401, and probably a Naimana vota coin imitation. Only known from the Biddell documents.",,,,,,,,,,395,401,,"Walburg, R. - 2008 - Coins and tokens from ancient Ceylon: 134; no. 61",,Not available,,,,,,,,,,,,,1,Hoard?,Sri Lanka,,Centred on village/city,House of Theodosius,House of Theodosius,Unknown,Unknown,,,,,,,,,,,,Uploaded by C. Gazdac (August 2021).,Sri Lanka
18452,ATTIKKULI,3,,,Attikkuli,Mannar [මන්නාරම; மன்னார்],Northern Province [வட மாகாணம்; උතුරු පළාත],,8.8483,80.004,11.2,"An unknown number of (exclusively Roman bronze?) coins. Codrington merely mentions, “(?) Constantius,Theodosius, Arcadius”. The corresponding coins ofthese three emperors were part of the Biddell collection. Three coins, one of each emperor, were bought by Biddell on 13th January 1917.",,,,1917,,,,355,361,408,423,,"Walburg, R. - 2008 - Coins and tokens from ancient Ceylon: 137; no. 70",,Not available,,,,,,,,,,,,,1,Hoard?,Sri Lanka,,Generated from computer mapping,Theodosius II,Theodosius II,Unknown,Unknown,,Uncertain,Uncertain,,,,1,1,1,,,Uploaded by C. Gazdac (August 2021).,Sri Lanka
18453,SIGIRIYA 1935 1,27,Sinhagiri; සීගිරිය; சிகிரியா,,Sigiriya [සීගිරිය; சிகிரியா],Matale [මාතලේ; மாத்தளை],Central Province [මධ්‍යම පළාත; மத்திய மாகாணம்],,7.9569014978273,80.759679084657,260.2,26 Roman nummi and one Naimana imitation: House of Constantine I - House of Theodosius (AD 408-423). Supposedly given to the Colombo Museum in 1935,,,,1935,,,,333,335,408,423,,"Walburg, R. - 2008 - Coins and tokens from ancient Ceylon: 141; no. 79",,Not available,,"Colombo National Museum, Sri Lanka (inv.no. 35-103-14)",,,,,,Ancient rock fortress,,,,,1,Hoard?,Sri Lanka,,Centred on field,Theodosius II,Theodosius II,Unknown,Archaeological site,,Military,Uncertain,,,,2,1,1,,,Uploaded by C. Gazdac (August 2021).,Sri Lanka
18454,SIGIRIYA 1935 2,132,Sinhagiri; සීගිරිය; சிகிரியா,,Sigiriya [සීගිරිය; சிகிரியா],Matale [මාතලේ; மாத்தளை],Central Province [මධ්‍යම පළාත; மத்திய மாகாணம்],,7.9569014978273,80.759679084657,260.2,131 Roman nummi and one Naimana imitation: House of Theodosius - Theodosius II (AD 425-435). Supposedly given to the Colombo Museum in 1935.,,,,1935,,,,388,391,425,435,,"Walburg, R. - 2008 - Coins and tokens from ancient Ceylon: 141; no. 80",,Not available,,"Colombo National Museum, Sri Lanka (inv.no. 35-104-14)",,,,,,Ancient rock fortress,,,,,1,Hoard?,Sri Lanka,,Centred on field,Theodosius II,Theodosius II,Unknown,Archaeological site,,Military,Uncertain,,,,2,1,1,,,Uploaded by C. Gazdac (August 2021).,Sri Lanka
18455,SIGIRIYA 1935 3,25,Sinhagiri; සීගිරිය; சிகிரியா,,Sigiriya [සීගිරිය; சிகிரியா],Matale [මාතලේ; மாத்தளை],Central Province [මධ්‍යම පළාත; மத்திய மாகாணம்],,7.9569014978273,80.759679084657,260.2,25 Roman nummi. These coins weretransferred from Colombo tothe Jaffna Museum for exhibitionon 29th November 1945. No further information.,,,,1935,,,,,,1,500,,"Walburg, R. - 2008 - Coins and tokens from ancient Ceylon: 141; no. 81",,Not available,,"Jaffna Museum, Sri Lanka (in 1945)",,,,,,Ancient rock fortress,,,,,1,Hoard?,Sri Lanka,,Centred on field,Uncertain,Uncertain,Unknown,Archaeological site,,Military,Uncertain,,,,2,1,1,,,Uploaded by C. Gazdac (August 2021).,Sri Lanka
18456,SIGIRIYA 1935 4,301,Sinhagiri; සීගිරිය; சிகிரியா,,Sigiriya [සීගිරිය; சிகிரியா],Matale [මාතලේ; மாத்தளை],Central Province [මධ්‍යම පළාත; மத்திய மாகாணம்],,7.9569014978273,80.759679084657,260.2,301 Roman nummi: House of Constantine I - Marcian (AD 450-4557). Supposedly given to the Colombo Museum in 1935,,,,1935,,,,333,335,450,457,,"Walburg, R. - 2008 - Coins and tokens from ancient Ceylon: 141-142; no. 82",,Not available,,"Colombo National Museum, Sri Lanka (inv.no. 35-109-14)",,,,,,Ancient rock fortress,,,,,1,Hoard?,Sri Lanka,,Centred on field,Marcian,Marcian,Unknown,Archaeological site,,Military,Uncertain,,,,2,1,1,,,Uploaded by C. Gazdac (August 2021).,Sri Lanka
18457,SIGIRIYA 1935 5,145,Sinhagiri; සීගිරිය; சிகிரியா,,Sigiriya [සීගිරිය; சிகிரியா],Matale [මාතලේ; மாத்தளை],Central Province [මධ්‍යම පළාත; மத்திய மாகாணம்],,7.9569014978273,80.759679084657,260.2,145 Roman nummi: Constantius II - House of Marcian (AD 450-457). Supposedly given to the Colombo Museum in 1935.,“from Sigiriya island – illegible”.,,,1935,,,,341,346,450,457,,"Walburg, R. - 2008 - Coins and tokens from ancient Ceylon: 1422; no. 83",,Not available,,"Colombo National Museum, Sri Lanka (inv.no. 35-110-14)",,,,,,Ancient rock fortress,,,,,1,Hoard?,Sri Lanka,,Centred on field,Marcian,Marcian,Unknown,Archaeological site,,Military,Uncertain,,,,2,1,1,,,Uploaded by C. Gazdac (August 2021).,Sri Lanka
18458,SIGIRIYA 1945,200,Sinhagiri; සීගිරිය; சிகிரியா,,Sigiriya [සීගිරිය; சிகிரியா],Matale [මාතලේ; மாத்தளை],Central Province [මධ්‍යම පළාත; மத்திய மாகாணம்],,7.9578248811576,80.751922644868,198.7,Unknown originally number of coins found with a ceramic vessel. Circa 200 nummi went to a private collector: Constans - Honorius (AD 395-423).,"Allegedly found by a villager in a partly broken pot in theSigiriya jungle, near the ruined palace in December 1945.",,12,1945,,,,337,350,408,423,,"Walburg, R. - 2008 - Coins and tokens from ancient Ceylon: 142-143; no.  84",,Not available,,,Local,,,,,,,,,,1,Hoard?,Sri Lanka,,Centred on village/city,Honorius (RIC X),Honorius (RIC X),Other chance find,Unknown,,Uncertain,Uncertain,,,,1,1,1,,,Uploaded by C. Gazdac (August 2021).,Sri Lanka
18459,SIGIRIYA 1979,200,Sinhagiri; සීගිරිය; சிகிரியா,,Sigiriya [සීගිරිය; சிகிரியா],Matale [මාතලේ; மாத்தளை],Central Province [මධ්‍යම පළාත; மத்திய மாகாணம்],,7.9500880985793,80.763064031908,212.2,"Several hundred Roman coins. &quot;Except for nine pieces that went to the museum in Sigiriya, thewhereabouts of the rest of the hoard are unknown.&quot;",C. 800 m from the archaeological site.,,,1979,,,,,,1,500,,"Walburg, R. - 2008 - Coins and tokens from ancient Ceylon: 143; no. 85",,Not available,,"Sigiriya museum, Sri Lanka (9 coins)",,During the construction works of the Village Sigiriya hotel in 1979.,,,,,,,,,1,Hoard,Sri Lanka,,Centred on field,Uncertain,Uncertain,Building work,Built over,Non-archaeological intervention,Uncertain,Uncertain,,,,1,1,1,,,Uploaded by C. Gazdac (August 2021).,Sri Lanka
18460,SIGIRIYA 1985,2000,Sinhagiri; සීගිරිය; சிகிரியா,,Sigiriya [සීගිරිය; சிகிரியா],Matale [මාතලේ; மாத்தளை],Central Province [මධ්‍යම පළාත; மத்திய மாகாணம்],,7.9496410257289,80.751300238378,203.5,"A total of 2,000 Roman coins (possible, single finds included). Doubtful. Confirmation required.",,,,1985,,,,,,1,500,,"Walburg, R. - 2008 - Coins and tokens from ancient Ceylon: 146; no. 89",,Not available,,,,,,,,,,,,,1,Hoard?,Sri Lanka,,Centred on village/city,Uncertain,Uncertain,Unknown,Unknown,,Uncertain,Uncertain,,,,1,1,1,,,Uploaded by C. Gazdac (August 2021).,Sri Lanka
18461,PIDURANGALA,25000,පිදුරංගල,,Pidurangala [පිදුරංගල],Matale [මාතලේ; மாத்தளை],Central Province [මධ්‍යම පළාත; மத்திய மாகாணம்],,7.9709409573228,80.769162548853,199,"25,000 Roman coins. Doubtful. Confirmation required. This hoard is only known from personal information given by Bopearachchi to Weerakkody. No further mention of this find has been made since, not even in Bopearachchi’s publications duringthe ten years up to 1996. In 1999, nothing was known about this hoard at the Archaeological Department, Colombo. In 1989, there had been some rumors that a pot full of coins had been found at Pidurangala about 10 years before, around 1979, but that nobody had ever seen these coins. It was argued that they had been dispersed immediately after discovery.",,,,1986,,,,,,1,500,,"Walburg, R. - 2008 - Coins and tokens from ancient Ceylon: 146-147; no. 91",,Not available,,,,,,,,,,,,,1,Hoard?,Sri Lanka,,Centred on village/city,Uncertain,Uncertain,Unknown,Unknown,,Uncertain,Uncertain,,,,1,1,1,,,Uploaded by C. Gazdac (August 2021).,Sri Lanka
18462,KALPITIYA,28,කල්පිටිය; கற்பிட்டி,,Kalpitiya [කල්පිටිය; கற்பிட்டி],Puttalam [පුත්තලම; புத்தளம்],North Western Province [වයඹ පළාත வட மேல்; மாகாணம்],,8.2290065273642,79.763995071738,8,30 nummi recorded Only known from the Biddell documents: Constantius II - Honorius-Theodosius II (AD 408-423).,,,,1936,,,,337,341,408,423,,"Walburg, R. - 2008 - Coins and tokens from ancient Ceylon: 148; no. 95",,Not available,,,,,,,,,,,,Types but no mints. Only 28 coins desscribed.,1,Hoard?,Sri Lanka,,Centred on village/city,Honorius (RIC X),Theodosius II,Unknown,Unknown,,Uncertain,Uncertain structure,,,,1,1,2,,,Uploaded by C. Gazdac (August 2021).,Sri Lanka
18463,KARAITIVU,18,காரைதீவு; කාරතීවු; Karative,,Karaitivu [காரைதீவு; කාරතීවු],Puttalam [පුත්තලම; புத்தளம்],North Western Province [වයඹ පළාත வட மேல்; மாகாணம்],,8.2229,79.8118,8.7,18 nummi recorded Only known from the Biddell documents: Tetrarchy (genio Antiocheni) - to AD 4255-457.,,,,1935,,,1936,312,312,425,457,,"Walburg, R. - 2008 - Coins and tokens from ancient Ceylon: 148-149; no. 98",,Not available,,,,&quot;A ‘dilapidated temple’ is reported at this site by Rasanayagam 1926: 83.&quot;,,,,,,,,,1,Hoard?,Sri Lanka,,Centred on village/city,Marcian,Marcian,Unknown,Unknown,,Uncertain,Uncertain,,,,1,1,2,,,Uploaded by C. Gazdac (August 2021).,Sri Lanka
18464,UDAPPUWA,0,උඩප්පුව; உடப்புவா,,Udapppuwa [උඩප්පුව; உடப்புவா],Puttalam [පුත්තලම; புத்தளம்],North Western Province [වයඹ පළාත வட மேல்; மாகாணம்],,7.7401719713516,79.79439935626,3.8,"An unknown number of coins. &quot;According toCodrington, the coins dated from the reigns of, “Theodosius, Arcadius or Honorius”. A ‘dilapidated temple’ is reported at this site by Rasanayagam1926: 83.&quot;",,,,1924,,,,,,395,423,,"Walburg, R. - 2008 - Coins and tokens from ancient Ceylon: 150: no. 102",,Not available,,,,,,,,,,,,,1,Hoard?,Sri Lanka,,Centred on village/city,Honorius (RIC X),Honorius (RIC X),Unknown,Unknown,,Uncertain,Uncertain,,,,1,1,1,,,Uploaded by C. Gazdac (August 2021).,Sri Lanka
18465,PANDUVASNUVARA,500,Panduwasnuwara; පාණ්ඩස්නුවර; பாண்டுவஸ்னுவரா,,Panduwasnuwara [පාණ්ඩස්නුවර; பாண்டுவஸ்னுவரா],Kurunegala [කුරුණෑගල; குருநாகல்],North Western Province [වයඹ පළාත வட மேல்; மாகாணம்],,7.6007303860017,80.103068380097,61.5,500 Roman coins. One or two hoards? Doubtful. Confirmation required.,,,,,,,1834,,,1,500,,"Walburg, R. - 2008 - Coins and tokens from ancient Ceylon: 150; no. 103",,Not available,,,,,,,,,,,,,1,Hoard?,Sri Lanka,,Centred on village/city,Uncertain,Uncertain,Unknown,Archaeological site,,Urban,Uncertain,,,,1,1,1,,,Uploaded by C. Gazdac (August 2021).,Sri Lanka
18466,SHAKERLEY ESTATE,1,,,Kongoda [කොන්ගොඩ; கொங்கோடா],Kurunegala [කුරුණෑගල; குருநாகல்],North Western Province [වයඹ පළාත வட மேல்; மாகாணம்],,7.4833893571527,80.45399999763,136.8,"An unknown number of nummi. One of the ‘Shakerley’ coinswas a follis of Constantinus II Caesar, gloria exercitus (two standards), 335–337.",,,,,,,1924,335,337,337,500,,"Walburg, R. - 2008 - Coins and tokens from ancient Ceylon: 150; no. 104",,Not available,,,,Oil palm plantation,,,,,,,,,1,Hoard,Sri Lanka,,Centred on field,Uncertain,Uncertain,Other chance find,Cultivated Land,,Uncertain,Uncertain,,,,1,1,1,,,Uploaded by C. Gazdac (August 2021).,Sri Lanka
18467,WATAPULUWA,1500,වටපුළුව; வாதாபுலுவா,,Watapuluwa [වටපුළුව; வாதாபுலுவா],Kandy [මහනුවර; கண்டி],Central Province [මධ්‍යම පළාත; மத்திய மாகாணம்],,7.3163456769265,80.640649726488,467.1,"1,500 bronze coins (“oboli”) - nummi. “The Roman coins range from Diocletianus to Theodosius II, and there were also 18 Naimana imitations. This list is confused however by Codrington’s final sentence: “Some of these came from Mr. Trefusis’ fi nd on Shakerley estate”. Pearson, relying on the observation that the busts (in how many cases?) on the coins were facing the wrong direction (i. e. the left), declared all these coins to be imitations.”",,,,1907,,,1912,294,305,423,450,,"Walburg, R. - 2008 - Coins and tokens from ancient Ceylon: 151-152; no. 109",,Not available,,,,,,,,,,,,,1,Hoard,Sri Lanka,,Centred on village/city,Theodosius II,Theodosius II,Unknown,Unknown,,Uncertain,Uncertain,,,,1,1,1,,,Uploaded by C. Gazdac (August 2021).,Sri Lanka
18469,KOLUGALA,220,කොලුගල; கொலுகலா,,Kolugala [කොලුගල; கொலுகலா],Kandy [මහනුවර; கண்டி],Central Province [මධ්‍යම පළාත; மத்திய மாகாணம்],,7.3050649430415,80.514334270281,408.8,"““A large number, over 220” Commentary: Found prior to 1924. No details reported, except that the coins date “from the usual period”, i. e. from Constantine I to Theodosius II.”",,,,,,,1924,306,337,423,450,,"Walburg, R. - 2008 - Coins and tokens from ancient Ceylon: 153; no. 114",,Not available,,,,,,,,,,,,,1,Hoard?,Sri Lanka,,Centred on village/city,Theodosius II,Theodosius II,Unknown,Unknown,,Uncertain,Uncertain,,,,1,1,1,,,Uploaded by C. Gazdac (August 2021).,Sri Lanka
18470,KULIYAPITIYA 1975,1504,කුලියාපිටිය; குளியாப்பிட்டிய,,Kuliyapitiya [කුලියාපිටිය; குளியாப்பிட்டிய],Kurunegala [කුරුණෑගල; குருநாகல்],North Western Province [වයඹ පළාත வட மேல்; மாகாணம்],,7.4702001926579,80.044380419883,34.7,"1,504 almost exclusively nummi. 1,476 nummi, 4 Naimana imitations, 1 Sapur II, and 85 fragments:  Constantine I - Marcian (AD 450-457).",,,,1975,,,,324,337,450,457,,"Walburg, R. - 2008 - Coins and tokens from ancient Ceylon: 153-154; no. 115",,Not available,,"Archaeological Department, Colombo, on 14th October 1975 (Inv: Arch. Dept. 75/12)",Dingiri Banda,Discovered in a paddy field.,,,,,,,,,1,Hoard,Sri Lanka,,Centred on village/city,Marcian,Marcian,Agricultural or drainage work,Cultivated Land,Non-archaeological intervention,Uncertain,Uncertain,,,,1,1,2,,,Uploaded by C. Gazdac (August 2021).,Sri Lanka
18471,KULIYAPITIYA 1986,320,,,Kuliyapitiya [කුලියාපිටිය; குளியாப்பிட்டிய],Kurunegala [කුරුණෑගල; குருநாகல்],North Western Province [වයඹ පළාත வட மேல்; மாகாணம்],,7.4702001926579,80.044380419883,34.7,320 Roman coins. No further information.,,,,1986,,,,,,1,500,,"Walburg, R. - 2008 - Coins and tokens from ancient Ceylon: 154; no.  116",,Not available,,,,,,,,,,,,,1,Hoard,Sri Lanka,,Centred on village/city,Uncertain,Uncertain,Unknown,Unknown,,Uncertain,Uncertain,,,,1,1,1,,,Uploaded by C. Gazdac (August 2021).,Sri Lanka
18472,NEGOMBO?,200,මීගමුව; நீர்கொழும்பு,,Negombo [මීගමුව; நீர்கொழும்பு],Colombo [කොළඹ; கொழும்பு],Western Province [බස්නාහිර පළාත; மேல் மாகாணம்],,7.2001029437947,79.864959036785,12.2,"“Possibly 200 (Roman bronze?) coins. Confirmation required. This information is only recorded by Weerakkody, based on personal information from Bopearachchi. The latter repeatedly mentions without detail, “several hundreds of unpublished Roman and Indo-Roman coins from Bentota, Kalutara and Negombo”.",,,,1989,,,,,,1,500,,"Walburg, R. - 2008 - Coins and tokens from ancient Ceylon: 156; no. 121",,Not available,,,,,,,,,,,,,1,Hoard?,Sri Lanka,,Centred on village/city,Uncertain,Uncertain,Unknown,Unknown,,Uncertain,Uncertain,,,,1,1,1,,,Uploaded by C. Gazdac (August 221).,Sri Lanka
18475,GINTOTA - VICINITY OF,6,ජින්ටොට්; கிண்டாட்,,Gintota [ජින්ටොට්; கிண்டாட்],Galle [ගාල්ල; காலி],Southern Province [දකුණු පළාත தென்; மாகாணம்],,6.0614730052036,80.179144390399,11,"Hoard, part of a hoard or single finds? 6 Roman bronze coins: Constantius II - Honorius (AD 408-423).",,,,,,,1907,351,361,408,423,,"Walburg, R. - 2008 - Coins and tokens from ancient Ceylon: 162; no. 138",,Not available,,,,,,,,,,,,,1,Hoard?,Sri Lanka,,Centred on village/city,Honorius (RIC X),Honorius (RIC X),,,,Uncertain,Uncertain,,,,1,1,1,,,Uploaded by C. Gazdac (August 2021).,Sri Lanka
18476,AHANGAMA,8000,,,Ahangama [අහංගම; அஹங்கமா],Galle [ගාල්ල; காலி],Southern Province [දකුණු පළාත தென்; மாகாணம்],,5.9741036336964,80.36235253708,10.5,"Around 8,000 nummi.&quot; This ‘hoard’ is only mentioned once by Bopearachchi and thennever again; neither by him nor by any other author.&quot; No further information.",,,,1988,,,1993,294,491,294,491,,"Walburg, R. - 2008 - Coins and tokens from ancient Ceylon: 163; no. 141",,Not available,,,,,,,,,,,,,1,Hoard,Sri Lanka,,Centred on village/city,Uncertain,Uncertain,Unknown,Unknown,,Uncertain,Uncertain,,,,,,,,,Uploaded by C. Gazdac (August 2021).,Sri Lanka
18477,AKURESSA,5,,,Akuressa [අකුරැස්ස;  அக்குரஸ்ஸா],Matara [මාතර; மாத்தறை],Southern Province [දකුණු පළාත தென்; மாகாணம்],,6.1002093523584,80.47700059735,13,"A potful of Roman silver coins.  Only five coins have been poorly documented: L. Scribonius Libo, Marcus Aurelius, Faustina I, Faustina II, Commodus.","&quot;Found at Andanakatahela, near Akuressa, c. 11 miles upstream along the Nilwala Ganga.&quot;",,,1904,,,1905,-62,-62,180,192,,"Walburg, R. - 2008 - Coins and tokens from ancient Ceylon: 163-164; no. 143",,Not available,,,,,,,,,,,,,1,Hoard,Sri Lanka,,Centred on village/city,Commodus,Commodus,,,,Uncertain,Uncertain,,,,1,1,1,Ceramic vessel,,Uploaded by C. Gazdac (August 2021).,Sri Lanka
18478,KITALAGAMA 1924,80,කිටලාගම; கிடலாகம்; Khitalagama,,Pahala Vitiyala [පහල විතියල්; பஹால விட்டல்],Matara [මාතර; மாத்தறை],Southern Province [දකුණු පළාත தென்; மாகாணம்],,6.0158770150048,80.546786099475,18.5,80 nummi. Hoard or part of a hoard? One coin of Theodosius I and one of Arcadius were identified.,"It is not possible to discern whether the find was discovered in Kitalagama West, about 2.5 miles north of Badulla up the Nilwala Ganga, or in Kitalagama East, about 1.5 miles east ofBadulla.",,,,,,1924,,,408,379,,"Walburg, R. - 2008 - Coins and tokens from ancient Ceylon: 170; no. 155",,Not available,,,,,,,,,,,,,1,Hoard?,Sri Lanka,,Centred on village/city,Arcadius (RIC X),Theodosius I,Unknown,Unknown,,Uncertain,Uncertain,,,,1,1,1,,,Uploaded by C. Gazdac  (August 2021).,Sri Lanka
18481,KITALAGAMA 1935,374,කිටලාගම; கிடலாகம்; Khitalagama,,Pahala Vitiyala [පහල විතියල්; பஹால விட்டல்],Matara [මාතර; மாத்தறை],Southern Province [දකුණු පළාත தென்; மாகாணம்],,6.0158770150048,80.546786099475,18.5,374 nummi: House of Constantine I - Honorius/Theodosius II (AD 425-435) (cross within wreath).,,,,,,,1935,335,337,425,435,,"Walburg, R. - 2008 - Coins and tokens from ancient Ceylon: 170; no. 156",,Not available,,"Colombo National Museum, Sri Lanka (inv.no. 35-108-14)",,,,,,,,,,,1,Hoard?,Sri Lanka,,Centred on village/city,Honorius (RIC X),Theodosius II,Unknown,Unknown,,Uncertain,Uncertain,,,,1,1,1,,,Uploaded by C. Gazdac (August 2021).,Sri Lanka
18483,REKAWA,1588,රැකව; ரேகாவா,,Rekawa [රැකව; ரேகாவா],Hambantota [හම්බන්තොට; அம்பாந்தோட்டை],Southern Province [දකුණු පළාත தென்; மாகாணம்],,6.0553,80.8579,4.3,"1,588 Roman bronze coins: 1 bronze Hadrian, 1587 nummi and 16 fragments: Hadrian - Vandals (AD c. 470-490).",,,,,18,1,1957,117,138,470,490,,"Walburg, R. - 2008 - Coins and tokens from ancient Ceylon: 171-172; no. 161",,Not available,,"Colombo National Museum, Sri Lanka (Folio 5 of the old inventory, listed as Rekava Giriwapattu)",,,,,,,,,,,1,Hoard,Sri Lanka,,Centred on village/city,Uncertain (non Roman),Uncertain (non Roman),Unknown,Unknown,,,,,,,1,1,1,,,Uploaded by C. Gazdac (August 2021).,Sri Lanka
18486,HUNGAMA,20000,හුංගම; ஹங்காமா,,Hungama [හුංගම; ஹங்காமா],Hambantota [හම්බන්තොට; அம்பாந்தோட்டை],Southern Province [දකුණු පළාත தென்; மாகாணம்],,6.115519336183,80.930426720534,9,"Around 20,000 nummi? Doubtful. Confirmation required. “According to Bopearachchi the hoard consisted entirely of, “Roman third brass”. The fate of the coins is presented by Bopearachchi as follows: “We could only examine a few coins of this hoard; we learned later that the rest of the hoard was melted down”.",,,,1990,,,,,,294,500,,"Walburg, R. - 2008 - Coins and tokens from ancient Ceylon: 172-173; no. 162",,Not available,,Melted down,,,,,,,,,,,1,Hoard,Sri Lanka,,Centred on village/city,Uncertain,Uncertain,Unknown,Unknown,,Uncertain,Uncertain,,,,1,1,1,,,Uploaded by C. Gazdac (August 2021).,Sri Lanka
18487,RIDIYAGAMA 1924,18,රිදියගම; ரிதியாகம,,Ridiyagama [රිදියගම; ரிதியாகம],Hambantota [හම්බන්තොට; அம்பாந்தோட்டை],Southern Province [දකුණු පළාත தென்; மாகாணம்],,6.1803,80.9743,16.9,"18 to 20 nummi. Only one specimen, struck in easternmints by Theodosius I, Arcadius and Honorius, was identified by Codrington (gloria romanorum [emperor on horseback], struck 393–395).&quot;","At the foundation of the sluice, WalaweLeft Bank Scheme, 3 or 4 feet from the surface.",,,,,,1924,,,393,395,,"Walburg, R. - 2008 - Coins and tokens from ancient Ceylon: 176-177; no. 166",,Not available,1.20,,,,,,,,,,,,1,Hoard?,Sri Lanka,,Generated from computer mapping,House of Theodosius,House of Theodosius,Unknown,Unknown,,Uncertain,Uncertain,,,,1,1,1,,,Uploaded by C. Gazdac (August 2021).,Sri Lanka
18488,RIDIYAGAMA 1985-1994,,රිදියගම; ரிதியாகம,,Ridiyagama [රිදියගම; ரிதியாகம],Hambantota [හම්බන්තොට; அம்பாந்தோட்டை],Southern Province [දකුණු පළාත தென்; மாகாணம்],,6.1848516511771,80.983057591637,24.1,"Hoards and single finds, 2,000 nummi and imitations? &quot;Doubtful. Confirmation required for the hoards. The majority of hoards/the single finds examined by Bopearachchi from this site were purportedly Roman third brass and their imitations, but unfortunately the exact number of Roman and imitation coins, and the types represented by them, are not given. No details of the hoards have been reported.&quot;",,,,1985,,,1994,,,294,500,,"Walburg, R. - 2008 - Coins and tokens from ancient Ceylon: 177; no. 167",,Not available,,,Bopearachchi and local villagers,,,,,,,,,,1,Hoard?,,,Centred on village/city,Uncertain,Uncertain,Unknown,Unknown,,Uncertain,Uncertain,,,,1,1,1,,,Uploaded by C. Gazdac (August 2021).,Sri Lanka
18495,RIDIYAGAMA 1996,18,රිදියගම; ரிதியாகம,,Ridiyagama [රිදියගම; ரிதியாகம],Hambantota [හම්බන්තොට; அம்பாந்தோட்டை],Southern Province [දකුණු පළාත தென்; மாகாணம்],,6.1848516511771,80.983057591637,24.1,"“Money box with Late-Roman Imperial coins from Ridiyagama”. According to Bopearachchi, there were &quot;about eighteen Roman Third Brass stuck to the inner surface of the pitcher&quot;. No further information.",,,,,,,1996,,,1,500,,"Walburg, R. - 2008 - Coins and tokens from ancient Ceylon: 177; no. 168",,Not available,,,Villager,,,,,,,,,,1,Hoard,Sri Lanka,,Centred on village/city,Uncertain,Uncertain,Unknown,Unknown,,Uncertain,Uncertain,,,,,,,Ceramic money-box,,Uploaded by C. Gazdac (August 2021).,Sri Lanka
18496,BERAGAMA 1980,70000,බෙරගම්; பேரகம்,,Beragama [බෙරගම්; பேரகம்],Hambantota [හම්බන්තොට; அம்பாந்தோட்டை],Southern Province [දකුණු පළාත தென்; மாகாணம்],,6.1674037397193,81.034481056886,29.1,"Allegedly 70,000 to 80,000 Romanand Naimana bronze coins found in earthenware vessels. Doubtful. Confirmation required. An Indian Kunindas bronze coin (100 BC - AD 80) and a Victorian 1/4 Farthing (1868) may be regarded as intruders.","One km north or north-west of the Bëragamamonastery, and 6 km north of Godavaya.",,,1980,,,,330,335,450,457,,"Walburg, R. - 2008 - Coins and tokens from ancient Ceylon: 179-180; 172",,Not available,,"Archaeological Department in Colombo, Sri Lanka; private collections",Villagers,,,,,A Buddhist site,,,,,1,Hoard?,Sri Lanka,,Centred on field,Marcian,Marcian,Unknown,Unknown,,Urban,Temple or shrine,,,,1,1,1,,,Uploaded by C. Gazdac (August 2021).,Sri Lanka
18497,BERAGAMA 1985-1986,2042,බෙරගම්; பேரகம்,,Beragama [බෙරගම්; பேரகம்],Hambantota [හම්බන්තොට; அம்பாந்தோட்டை],Southern Province [දකුණු පළාත தென்; மாகாணம்],,6.1674037397193,81.034481056886,29.1,"2,042 Roman bronze coins. Confirmation required. No further information.",,,,1985,,,1986,,,1,500,,"Walburg, R. - 2008 - Coins and tokens from ancient Ceylon: 180; no. 173",,Not available,,,,,,,,,,,,,1,Hoard?,Sri Lanka,,Centred on village/city,Uncertain,Uncertain,Unknown,Unknown,,Uncertain,Uncertain,,,,1,1,1,,,Uploaded by C. Gazdac (August 2021).,Sri Lanka
18498,GODAVAYA,30000,Godawaya; ගොඩවායි; கடவுளே,,Godawaya [ගොඩවායි; கடவுளே],Hambantota [හම්බන්තොට; அம்பாந்தோட்டை],Southern Province [දකුණු පළාත தென்; மாகாணம்],,6.1124683428041,81.0524834993,15,"&quot;Allegedly about 30,000 Roman ‘third brass’. Doubtful. Confirmation required. 8,000pieces are supposedly stored at the Archaeological Department in Colombo.&quot; No further information.",,,,1987,,,1988,,,1,500,,"Walburg, R. - 2008 - Coins and tokens from ancient Ceylon: 181; no. 175",,Not available,,"Archaeological Department in Colombo, Sri Lanka (8,000 coins)",,,,,,,,,,,1,Hoard,Sri Lanka,,Centred on village/city,Uncertain,Uncertain,Unknown,Unknown,,Uncertain,Uncertain,,,,1,1,1,,,Uploaded by C. Gazdac (August 2021).,Sri Lanka
18499,TISSAMAHARAMA-AKURUGODA,367,MAAGRAMMON; තිස්සමහාරාමය-අකුරුගොඩ; திஸ்ஸமஹாராம-அகுருகோடா,,Tissamaharama [තිස්සමහාරාමය; திஸ்ஸமஹாராம],Hambantota [හම්බන්තොට; அம்பாந்தோட்டை],Southern Province [දකුණු පළාත தென்; மாகாணம்],,6.2858145626757,81.292946167196,25.5,"Circa 367 nummi and Naimana imitation found with a &quot;terracotta&quot; money-box. Among issuers, Valentinian I, Arcadius, Honorius.",,,,,,,,364,367,395,401,,"Walburg, R. - 2008 - Coins and tokens from ancient Ceylon: 200; no. 192",,Not available,,,,,,,,,,,,,1,Hoard,Sri Lanka,,Centred on field,Arcadius (RIC X),Honorius (RIC X),Unknown,Archaeological site,,Urban,Uncertain,,,,3,1,1,,,Uploaded by C. Gazdac (August 2021).,Sri Lanka
18504,TISSAMAHARAMA-DEBARAWEWA,2828,තිස්සමහාරාම-දෙබරවැව; திஸ்ஸமஹாராம-தேபரவேவா,,Debaraweva [දෙබරවැව; தெபரவெவ],Hambantota [හම්බන්තොට; அம்பாந்தோட்டை],Southern Province [දකුණු පළාත தென்; மாகாணம்],,6.2782565475209,81.265597828068,26.5,"2,827 nummi and 1 Naimana imitation found with a ceramic vessel: House of Constantine I - Theodosius II/Marcian  (Ad 425-457). &quot;Only 276 coins could be identified; nothing is said about the rest.&quot;",800 m north-west Tissamaharama Raja Maha Vihara (ancient Buddhist temple).,,,1950,,,,324,330,425,457,,"Walburg, R. - 2008 - Coins and tokens from ancient Ceylon: 203-204; no. 195",,Not available,0.60,"Archaeological Department in Colombo, Sri lanka (Inv: EC/C/37) (2,547  coins); National Museum, Colombo, Sri Lanka (276 coins)..",Veraduva-vaduge Simon,&quot;When digging the soil of the land for filling up purposes.&quot;,,,,,,,,,1,Hoard,Sri Lanka,,Centred on field,Theodosius II,Marcian,Agricultural or drainage work,Cultivated Land,Non-archaeological intervention,Rural,Temple or shrine,,,,1,1,1,Ceramic vessel,,Updated by C. Gazdac (Sep. 2021).,Sri Lanka
18505,TISSAMAHARAMA-UDUWILA,513,තිස්සමහාරාම-උඩුවිල; திஸ்ஸமஹாராம-உடுவிலா,,Tissamaharama [තිස්සමහාරාමය; திஸ்ஸமஹாராம],Hambantota [හම්බන්තොට; அம்பாந்தோட்டை],Southern Province [දකුණු පළාත தென்; மாகாணம்],,6.2791038186358,81.28763154655,18.7,513 nummi and 11 fragments: Constantine I -  Honorius (AD 408-423).,,,,,,,1959,330,335,408,423,,"Walburg, R. - 2008 - Coins and tokens from ancient Ceylon: 205-206; no. 198",,Not available,,"Colombo National Museum, Sri Lanka (Inv: Numismatics – book III, section no. 2, vol. II, no. 2.66.1.28: Tissamaharam, Udivila Gangaram Rajamavihara)",,,,,,,,,,,1,Hoard,Sri Lanka,,Generated from computer mapping,Honorius (RIC X),Honorius (RIC X),Unknown,Unknown,,,,,,,1,1,1,,,Uploaded by C. Gazdac (Sep. 2021).,Sri Lanka
18506,TISSAMAHARAMA 1,30000,තිස්සමහාරාමය; திஸ்ஸமஹாராம,,Tissamaharama [තිස්සමහාරාමය; திஸ்ஸமஹாராம],Hambantota [හම්බන්තොට; அம்பாந்தோட்டை],Southern Province [දකුණු පළාත தென்; மாகாணம்],,6.2831568111426,81.284837723271,17.2,"Hoard of 30,000 roman coins. According to Walburg: &quot;extremely doubtful&quot;. &quot;This alleged hoard is only mentioned once by Bopearachchi.Although announced, this hoard has neverbeen published. Without further information, its very existence must be seriously doubted.",,,,,,,1992,,,1,500,,"Walburg, R. - 2008 - Coins and tokens from ancient Ceylon: 207; no. 202",,Not available,,,,,,,,,,,,,1,Hoard?,Sri Lanka,,Centred on village/city,Uncertain,Uncertain,Unknown,Unknown,,,,,,,1,1,1,,,Uploaded by C. Gazdac (Sep. 2021).,Sri Lanka
18507,TISSAMAHARAMA 2,10000,තිස්සමහාරාමය; திஸ்ஸமஹாராம,,Tissamaharama [තිස්සමහාරාමය; திஸ்ஸமஹாராம],Hambantota [හම්බන්තොට; அம்பாந்தோட்டை],Southern Province [දකුණු පළාත தென்; மாகாணம்],,6.2831568111426,81.284837723271,17.2,"10,000 nummi. According to Walburg: &quot;extremely doubtful&quot;. &quot;No details are reported, and indeed no further mention has ever been made of this hoard since Bopearachchi’s short notice quoted above.",,,,1988,,,1993,,,294,500,,"Walburg, R. - 2008 - Coins and tokens from ancient Ceylon: 207; no. 203",,Not available,,,,,,,,,,,,,1,Hoard?,Sri Lanka,,Centred on village/city,Uncertain,Uncertain,Unknown,Unknown,,Uncertain,Uncertain,,,,1,1,1,,,Uploaded by C. Gazdac (Sep. 2021).,Sri Lanka
18508,BATTICALOA,5,මඩකලපුව;  மட்டக்களப்பு,,Batticaloa [මඩකලපුව;  மட்டக்களப்பு],Batticaloa [මඩකලපුව;  மட்டக்களப்பு],Eastern Province [නැගෙනහිර පළාත; கிழக்கு மாகாணம்],,7.7312337044105,81.676417221741,9.9,"Part of a hoard or single finds? 5 nummi, of  which 1 of Arcadius, 1 of Theodosius II.",,,,,,,1907,406,408,408,423,,"Walburg, R. - 2008 - Coins and tokens from ancient Ceylon: 209-210; no. 215",,Not available,,"Colombo Museum, Sri Lanka",,,,,,,,,,,1,Hoard?,Sri Lanka,,Centred on village/city,Theodosius II,Theodosius II,Unknown,Unknown,,Urban,Uncertain,,,,1,1,2,,,Uploaded by C. Gazdac (Sep. 2021).,Sri Lanka
18509,VALAICHCHENAI,300,වාලසේන; வாழைச்சேனை,,Valaichchenai [වාලසේන; வாழைச்சேனை],Batticaloa [මඩකලපුව;  மட்டக்களப்பு],Eastern Province [නැගෙනහිර පළාත; கிழக்கு மாகாணம்],,7.9216450118406,81.524545663073,10.5,Over 300 nummi: house of Constantine I - Marcian (AD 450-457).,,,,1915,,,,335,341,450,457,,"Walburg, R. - 2008 - Coins and tokens from ancient Ceylon: 210-211; no. 216",,Not available,,,,,,,,,,,,,1,Hoard,Sri Lanka,,Centred on village/city,Marcian,Marcian,Unknown,Unknown,,Uncertain,Uncertain,,,,1,1,1,,,Uploaded by C. Gazdac (Sep. 2021).,Sri Lanka
18883,KURUNEGALA DISTRICT,6,,,Kurunegala [කුරුණෑගල; குருணாகல்],Kurunegala [කුරුණෑගල; குருணாகல்],North Western Province [වයඹ පළාත; வட மேல் மாகாணம்],,7.4870433407446,80.364349733444,,"Six coins of Alexandria: Nero 1, Vespasian 2, Hadrian 2, Lucius Verus 1. No information about site or circumstances.",,,,1908,,,,54,68,166,167,,"Christiansen, E. - 1985 - The Roman coins of Alexandria. An inventory of hoards: 132, no. A 162",,Not available,,Colombo,,,,,,,,,,,1,Hoard?,Sri Lanka,,Centred on village/city,Marcus Aurelius,Marcus Aurelius,Unknown,Unknown,,Uncertain,Uncertain,,,,1,1,2,,,Uploaded by C. Gazdac (June 2022).,Sri Lanka
18850,GAN ISLAND,1,Laamu Atoll; Haddhummathi Atoll,,Fonadhoo,Laamu Atoll,Gan,,1.9334180312113,73.416708114246,,"A cache of Byzantine solidi. small cache of gold Byzantine coins were discovered at an archaeological site in Gan Island in Haddhummathi Atoll. The coins were found in a container, buried at the site of an old monastery that is thought to have existed on the island since the sixth century A.D. The coins aredated to the fifth and sixth centuries A.D. This find indicates travels undertaken by Maldivians possibly between the fifth and the seventh centuries A.D.One solidus of Anastasius is studied.",,,,1986,,,,,,491,518,,"Mohamed, N. - 2005 - Maldivian Seafaring in the Pre-Portuguese Period: 12",,Not available,,"The National Centre for Linguistic and Historical Research Male’,  Maldives",,,,,,Old convent,,,,,1,Hoard,Maldives,,Centred on field,Anastasius,Anastasius,Unknown,Churchyard,,Uncertain,,,,,1,1,1,Container of unknown nature,,Uploaded by C. Gazdac (May 2022).,Maldives
4155,ABOUKIR A125,620,ABUKIR; ABU QIR; ابو قير,,Abu Qir,,Alexandria [الإسكندرية],Canopus,31.311,30.06,5.643,"Accounts vary concerning the composition of this hoard, but two suggest that 18 ingots were found, alongside a large number of gold coins. Mowat (1902) suggested that approximately 600 aurei were found and c. 20 gold medallions, with emperors represented from Severus Alexander to Constantius I. Hobbs estimates a precious metal weight of 1029.2g+;","The hoard was discovered in an ’old ruin, called ’kharaba’ in arabic, i.e. ’ruin’, in Abukir, near Alexandria.",,2,1902,,3,1902,222,235,296,317,,"Mowat, R. - 1902 - Aboukir, 1902; Dahmen, K. - 2008 - Alexander in Gold and Silver: Reassessing Third century AD Medallions from Aboukir and Tarsos: 493-546; Dahmen, K. - 2013 - Medallions from Aboukir in the Calouste Gulbenkian Museum; Vermeule, C. - 1982 - Alexander the Great, the Emperor Severus Alexander and the Aboukir medallions: 61-72; Newell, E.T. - 1924 - Egyptian Coin Hoards: 128-130; Arnold-Biucchi, C. - 2006 - Alexander&#039;s Coins and Alexander&#039;s Image; Arvanitakis, G.L. - 1903 - HO ΘEΣAYPOΣ TOY ABOYKIP: 247-248; Bland, R. - 1996 - The development of gold and silver coin denominations, AD 193-253: 63-100; Dressel, H. - 1906 - Fünf Goldmedaillons aus dem Funde von Abukir; Dressel, H. - 1908 - Errata-corrige: 137-157; Eddé, J. - 1905 - Les trouvailles des trésors monétaires en Egypte: 128-129; Espinosa Ruiz, U. - 1990 - La alejandrofilia de Caracala en la antigua historiografía.: 37-51; Kaiser, W.B. - 1986 - Alexanders Goldmünzen: 41-57;  -  - Alessandro Magno : storia e mito; Price, M.J. - 1981 - A portrait of Alexander the Great from Egypt: 32-37; Rubensohn, O. - 1902 - Griechisch-Römische Funde in Ägypten: 46; Savio, A. - 1994 - Intorno ai medaglioni talismanici di Tarso e di Aboukir: 73-103; Svoronos, J.N. - 1907 - TA NOMIΣMATA TOY ABOYKIP: 369-371; Stewart, A.F. - 1993 - Faces of power : Alexander&#039;s image and hellenistic politics; Touratsoglou, I. P. - 2000 - The Alexander of the coins; Touratsoglou, I. P. - 2008 - Tarsos, Aboukir, etc.; before and after. Once again: 479-492; Toynbee, J.M.C. - 1944 - Greek imperial medallions: 65-73; von Sallet, A. - 1876 - Olympias, Alexanders des Grossen Mutter: 56-57; De Foville, J. - 1906 - Trois monnaies d&#039;or romaines: 156-157; Savio, A. and Cavagna, Al. - 2016 - L’Egitto e la moneta d’oro (I-III sec. d.C.): 224, no. 38",,Not available,,"Münzkabinett der Staatlichen Museen, Berlin, Germany; Museum Calouste Gulbenkian, Lisbon, Portugal; Walters Art Museum, Baltimore, USA; Archaeological Museum, Thessalonika, Greece",,,,,,,,,,,1,Hoard,Egypt,,Centred on village/city,Maximian (RIC V),Tetrarchy (RIC VI),Other chance find,Unknown,,Urban,Uncertain,,,,1,1,1,,Ingot; Ingot; Ingot; Ingot,"P. Walton (2015); imported by J. Mairat (Nov. 2015); updated by C. Gazdac and M. Spoerri (July 2017). Updated by M. Spoerri (May 2022, findspot location); Updated by C. Gazdac (Apr. 2023).",Egypt
4276,QAW EL-KEBIR 1926,50,Qau el-Kebir; Qau,,Qau,,Asyut [ أسيوط ],Antaiopolis/Tkoou,26.8992835,31.517443,60,"A hoard of 50 solidi, found in the excavations at Qau, in the area of ’Cemetery 400’, in a little flask, placed in a Roman pot.",,,,1926,,,,,343,360,361,,"Ford, M. - 2000 - The coin hoards of late Roman/early Byzantine Egypt from the reform of Diocletianus to the reform of Anastasius, AD 294-491: AU 7, pp. 346-347; Bland, R. - 1997 - Changing patterns of hoards of precious metal coins in the late Empire: table 4, no. 194; Brunton, G. - 1930 - Qau and Badari III: 29-30; Callu, J.P. - 1983 - Structure des dépôts d&#039;or au 4e siècle, 312 - 392: no. 14",,Available to enter,,"British Museum; Hull, Ashmolean; Bristol; Brussels",British school of Archaeology,,,,,,,,,,1,Hoard,Egypt,,Centred on village/city,Constantius II,Constantius II,Controlled archaeological investigation,Other,,Urban,Cemetery,,,,4,1,4,Pot; Flask,,Existing dataset updated by M. Spoerri (Nov. 2021).,Egypt
4306,CLYSMA-QOLZOUM 1914,80,Suez [السويس],,Suez [السويس],,Suez [السويس],Clysma,29.9562,32.5741,13.2735043,"80 solidi, found in a jar a few years before the war of 1914-18 by workmen building the modern houses of the El Arbain area (south of the excavation site). Two of them are described (Valentinian I and Valens, both from Antioch).",,,,,,,1914,364,378,364,378,,"Ford, M. - 2000 - The coin hoards of late Roman/early Byzantine Egypt from the reform of Diocletianus to the reform of Anastasius, AD 294-491: AU 8, p. 348; Bruyère, B. - 1966 - Fouilles de Clysma-Qolzoum (Zuez) 1930 - 1932: p. 91; Noeske, H.-C. - 2000 - Münzfunde aus Ägypten I: die Münzfunde des ägyptischen Pilgerzentrums Abu Mina und die Vergleichsfunde aus den Diocesen Aegyptus und Oriens vom 4.-8. Jh. n. Chr.: vol. II, pp. 247-8",,Entered,,,,During the building of modern houses,,,,,,,,,1,Hoard,Egypt,,Centred on field,House of Valentinian,House of Valentinian,Building work,Built over,,Urban,Uncertain,,,,2,1,1,Jar,,Existing dataset updated by M. Spoerri (Nov. 2021). Updated by C. Gazdac (April 2023).,Egypt
4318,EL ASHMÛNEIN,41,,,El Ashmûnein,,Minya [محافظة],Hermopolis Magna,27.77,30.81,46.368,"41 solidi (Constantine I to Valens), found by Baraize in Ashmunein. No further information available.",,,,,,,,313,337,367,378,,"Ford, M. - 2000 - The coin hoards of late Roman/early Byzantine Egypt from the reform of Diocletianus to the reform of Anastasius, AD 294-491: AU 14, p. 349-50; Bland, R. - 1997 - Changing patterns of hoards of precious metal coins in the late Empire: table 4, no. 197; Callu, J.P. - 1983 - Structure des dépôts d&#039;or au 4e siècle, 312 - 392: 16; El-Khachab, A. el-Mohsen - 1955 - Collection de monnaies d&#039;or d&#039;Aschmouein au musée gréco-romain d&#039;Alexandrie",,Available to enter,,,,,,,,,,,,,1,Hoard,Egypt,,Centred on village/city,Valens,Valens,Controlled archaeological investigation,Other,,Urban,Uncertain,,,,1,1,3,,,"Coin level data G. Green, imported by S. Glenn (Oct. 2017); updated by M. Spoerri (Nov. 2021).",Egypt
4328,KARANIS VICINITY 1974,29,Kôm Washim; Kom Aushim; كوم أوشيم,,Kom Aushim [كوم أوشيم],,Faiyum [الفيوم],Karanis,29.51975,30.90196,-4.8702221,"A hoard of at least 29 solidi (Constantius II - Valens), found in the vicinity of Karanis in 1974. Most coins date to between 364 to 367.",,,,1974,,,,350,354,367,375,,"Ford, M. - 2000 - The coin hoards of late Roman/early Byzantine Egypt from the reform of Diocletianus to the reform of Anastasius, AD 294-491: AU 1, p. 338-339; Bland, R. - 1997 - Changing patterns of hoards of precious metal coins in the late Empire: table 4, no. 196; Arce, J. - 1987 - A solidus hoard from the vicinity of Karanis; Noeske, H.-C. - 2000 - Münzfunde aus Ägypten I: die Münzfunde des ägyptischen Pilgerzentrums Abu Mina und die Vergleichsfunde aus den Diocesen Aegyptus und Oriens vom 4.-8. Jh. n. Chr.: vol. II, pp. 258-259; Noeske, H.-C. - 2006 - Münzfunde aus Ägypten II. Die griechisch-römischen Münzfunde aus dem Fayum: 273-5",,Available to enter,,"Museum of Kom Ushim, Egypt; Photothèque of the French School at Athens (photos)",,,,,,,,,,,1,Hoard,Egypt,,Centred on village/city,Valens,Valens,Unknown,Desert,,,Uncertain,,,,1,1,4,,,Existing dataset updated by M. Spoerri (Nov. 2021 / June 2022 / Nov. 2023). Updated by C. Gazdac (May 2022).,Egypt
4455,NORTH SAQQARA,11,,,Saqqara,,Giza [محافظة الجيزة],Saqqarah,29.85,31.216667,39.2749329,"A hoard of 11 solidi (Constantius II to Arcadius) found in North Saqqarah, in a cache under a wall of one of the Christian houses north of the sanctuary.",,,,1967,,,,337,361,395,408,,"Ford, M. - 2000 - The coin hoards of late Roman/early Byzantine Egypt from the reform of Diocletianus to the reform of Anastasius, AD 294-491: AU 16, p. 351; Emery, W. B. - 1969 - Preliminary report on the excavations at North Saqqara, 1968: 31; Emery, W. B. - 1967 - Preliminary report on the excavations at North Saqqâra 1966-7: 141",,Not available,,,,,,,,Found during excavations ’in a small wooden box in the wall of one of the Christian buildings’,,,,,1,Hoard,Egypt,,Centred on village/city,Theodosius I,Arcadius (RIC X),Controlled archaeological investigation,Other,,Rural,House,,Wall,,2,2,2,a small wooden box,,Existing dataset updated by M. Spoerri (Nov. 2021).,Egypt
4660,DIKLA,200,Bitylion,,Sheikh Zuweid [الشيخ زويد],Sheikh Zuweid [الشيخ زويد],North Sinai Governorate [محافظة شمال سيناء],Bitylion,31.212531780379,34.110195244801,241.968,"The hoard comprised around 200 gold solidi (100 recorded), deposited with jewellery and dated between the reigns of Valentinian I and Anastasius I.","Dikla (Hebrew: דקלה, Palm) was an Israeli settlement in the northeastern part of the Sinai Peninsula established during Israel’s occupation of the peninsula from the end of the 1967 Six-Day War, until that part of the Sinai was handed over to Egypt in 1982 as part of the terms of the 1979 Egypt–Israel peace treaty.",,,1978,,,1979,364,375,491,500,," - 1985 - Coin Hoards: volume VII: p. 174, no. 338; Bland, R. - 1997 - Changing patterns of hoards of precious metal coins in the late Empire: table 4, no. 203; Kent, J. - 1994 - The Roman Imperial Coinage : 10. The divided Empire and the fall of the western parts AD 395-491: p. xcv-xcvi; Bijovsky, G., Sandhaus, D., and Milevski, I. - 2014 - A Byzantine Hoard of Gold Coins from Ashqelon, Barnea B-C Neighborhood: 204",,Not available,,,,Gold weight: c. 890 g,,,,,,,,,1,Hoard,Egypt,,Centred on village/city,Anastasius,Anastasius,Unknown,,,,,,,,1,1,2,,Jewellery,"J. Goldman 23.08.16. Updated by C. Gazdac (Apr. 2022). Ancient place name added (M. Spoerri, May 2022).",Egypt
5226,TELL SAKHA A 35,299,"Tell Sakha A35, Sakha/Xois, سخا",,Sakha [سخا],,Kafr El Sheikh [ كفر الشيخ],Xois,31.08,30.94,6,"Hoard bought by E.T. Newell in Cairo in Dec. 1923, found near Sakha. It comprised 299 coins: 33 Greek silver coins from the 2nd and 1st c. BC, 261 denarii (Nero to Trajan) and 5 provincial silver issues of Trajan (one Arabian drachm; three drachms of Cyrenaica and one hemidrachm of Cyrenaica).",,,,1923,,,,-339,-229,114,117,,"Weber, S.H. - 1932 - An Egyptian Coin Hoard of the Second Century A.D.; Ashton, R. H. J., and Weiss, A.-P. C. - 1997 - The Post-Plinthophoric Silver Drachms of Rhodes: 26, no. E; Christiansen, E. - 1985 - The Roman coins of Alexandria. An inventory of hoards: 97, no. A35; RPC III: p. 9; Warren, J.A.W. - 1993 - Towards a resolution of the Achaian League silver coinage controversy. Some observations on methodology: p. 94; Warren, J.A.W. - 1999 - The Achaian League Silver Coinage Controversy Resolved: A Summary: p. 105; Noe, S.P. - 1937 - A Bibliography of Greek Coin Hoards (2nd ed.): 889",,Available to enter,,ANS,,,,,,,,,,Not all coins have been entered!,1,Hoard,Egypt,,Centred on village/city,Trajan,Trajan,Unknown,Unknown,,Rural,Uncertain,,,,1,1,4,,,"W. E. Metcalf dataset; K. Huber for Greek coins; updated by M. Spoerri (Oct. 2017). Updated by C. Gazdac (Apr. 2022). RPC reference inserted and updated greek and provincial coin information (M. Spoerri, Aug. 2022 / July 2024).",Egypt
5473,KARANIS 1926,60,KOM AUSHIM A55; hoard 4; كوم أوشيم,,Kom Aushim [كوم أوشيم],,Faiyum [الفيوم],Karanis,29.51973,30.90194,25.8179226,Circa 60 aurei. Disintegrated cloth bag found during excavations in the courtyard of a house.,,,,1926,,,,117,138,156,157,,"Haatvedt, R. A., Peterson, E. E. and Husselman, E. M. - 1964 - Coins from Karanis : the University of Michigan excavations, 1924-1935: Hoard 4, p. 14-15; Christiansen, E. - 1985 - The Roman coins of Alexandria. An inventory of hoards: A55, p. 101; Noeske, H.-C. - 2006 - Münzfunde aus Ägypten II. Die griechisch-römischen Münzfunde aus dem Fayum: 85-86; Breccia, E. - 1932 - Le Musée gréco-romain, 1925-1932: 66-67; Savio, A. and Cavagna, Al. - 2016 - L’Egitto e la moneta d’oro (I-III sec. d.C.): 223, no. 30",,Available to enter,,,Team Ann Arbor University of Michigan,,1926,1926,,"The hoard was found in the courtyard of house B11. It was originally placed in a cloth bag that was destroyed, but the remains are still clearly recognizable.were.",,,,,1,Hoard,Egypt,,Centred on village/city,Antoninus Pius,Antoninus Pius,Controlled archaeological investigation,Archaeological site,Excavation,Rural,Domestic building,,Courtyard,,1,1,1,Textile bag,,Hoard created by Th. Faucher (Aug. 2016). Updated by M. Spoerri (Nov. 2021). Updated by C. Gazdac (Apr. 2023).,Egypt
6119,ASWAN,45,Assouan; أسوان,,Aswan [أسوان],Aswan [أسوان],Aswan [أسوان],Aswan / Syene,24.089,32.9,108.13,The hoard comprised 45 silver tetradrachms from Claudius I to Antoninus Pius. It is not clear whether the coins represent a complete hoard or part of a hoard.,,,,1962,,,,42,43,138,161,,"Hackens, T. - 1965 - Trésor de tétradrachmes alexandrins de l&#039;époque impériale: 383-398",,Available to enter,,,,Recovered from the antiquities market on December 1962.,,,,,,,,,1,Hoard,Egypt,,Centred on village/city,Antoninus Pius,Antoninus Pius,Unknown,Unknown,,,,,,,1,1,4,,,Existing dataset edited by M. Spoerri (Jan. 2022). Updated by C. Gazdac (Apr. 2022).,Egypt
6259,KARNAK A82,1200,,,Karnak [الكرنك],,Luxor [الأقصر],Karnak,25.719,32.657,79.083,"The hoard comprised 1,200 aurei from Hadrian to Elagabalus together with 16 artefacts of silverware. Two amphorae found close to the surrounding north enclosure of the Precinct of Amun-Ra in Karnak.",,,12,1901,,,,117,138,218,222,,"Regling, K. - 1903 - Römische aurei aus dem Funde von Karnak: 286ff; A. Blanchet, A. - 1902 - Untitled: p. XV; A. Dieudonné - 1902 - Trouvailles de monnaies: 296, 389; Gnecchi, F. - 1902 - Il ripostiglio di Karnak: 264; Evans, J. - 1902 - On some rare or unpublished Roman coins: 351; Mowat, R. - 1902 - Aboukir, 1902: 281; Regling, K. - 1902 - Römische Goldmünzfunde aus Ägypten: 137; Rubensohn, O. - 1902 - Griechisch-Römische Funde in Ägypten: 46; de Foville, J. - 1903 - Monnaies trouvées à Karnak (don Rothschild): 350; Dattari, G. - 1904 - I medaglioni d&#039;oro cosidetti di Aboukir: 15; Pernice E. - 1904 - Berlin. Antiquarium: 17; Eddé, J. - 1905 - Les trouvailles des trésors monétaires en Egypte: 129; Dr. Eddé - 1906 - Un signe certain d&#039;authenticité sur les monnaies antiques en or: 53; Blanchet, A. - 1936 - Les Rapports entre les dépots monétaires et les événements militaires, politiques et économiques: 45; Mielsch, Harald - 1997 - Römisches Tafelsilber aus Ägypten: 41-54; Hobbs, R. - 2006 - Late Roman precious metal deposits, c. AD 200-700 : changes over time and space: 155, no. 48; Mielsch, H., Brashear, W. M., Galsterer, B. and Niemeyer, B. - 2001 - Römisches Silber aus Ägypten in Berlin: 12-15 and 34-47; Savio, A. and Cavagna, Al. - 2016 - L’Egitto e la moneta d’oro (I-III sec. d.C.): 224, no. 35",,Entered,,Berlin,,,,,,,,,,,1,Hoard,Egypt,,Centred on village/city,Elagabalus,Elagabalus,Unknown,Archaeological site,,Urban,Temple or shrine; Uncertain,,,,2,2,4,Two amphorae,Platter; Cantharus; Cup; Dish; Vessel,Uploaded by Jerome Mairat (Nov. 2015); updated by C. Gazdac and M. Spoerri (July 2017). Bibliography updated by M. Spoerri (July 2022). Updated by C. Gazdac (Apr. 2023).,Egypt
6303,BATN IHRIT 1902,172,"THEADELPHIA III; Theadelphia 1902 C; Θεαδέλφεια, Batn el-Harit; Kharabet Ihrit",,Batn Ahrit (Al Khawagat Previous) [بطن أهريت (الخواجات سابقاًً],Ibshaway [إبشواي],Faiyum [الفيوم],Theadelphia,29.3328204,30.5682028,6.182435,"172 nummi (Tetrarchy to Licinius I, AD 316/7) found in a bronze vessel in the courtyard just in front of a door during excavations of a house.",,,,1902,,,,293,295,316,317,,"Kienast, D. - 1962 - Der Münzfund von Ankara, 270 - 310 n. Chr.; Regling, K. - 1912 - Münzschatz aus Theadelphia: 119-131; Rubensohn, O. - 1905 - Aus griechisch-römischen Häusern des Fayum: 1-25; Schubert, H. - 1984 - Studien zum spätrömischen Münzumlauf in Ägypten, 1. Folles- und Aes-Schätze aus dem 4. Jahrhundert n. Chr.: 94-96 (hoard I); Noeske, H.-C. - 2006 - Münzfunde aus Ägypten II. Die griechisch-römischen Münzfunde aus dem Fayum: 364-370; Ford, M. - 2000 - The coin hoards of late Roman/early Byzantine Egypt from the reform of Diocletianus to the reform of Anastasius, AD 294-491: AE 46 (p. 364)",,Available to enter,,"Münzkabinett, Berlin (in 1912)","Rubensohn, Otto",,1902,1902,,"In the House of Come (Rubble place). In the courtyard, the north-east corner, in a room enclosed by a small wall, several large storage jars were found, one of which contained a number of wooden spindles.",,,Wooden spindles,,1,Hoard,Egypt,,Centred on field,Licinius I (RIC VII),Licinius I (RIC VII),Controlled archaeological investigation,Archaeological site,Excavation,Rural,Industrial building; Room,,,,3,3,4,Bronze vessel,,"Existing dataset updated by M. Spoerri (Jan. 2022). Updated by C. Gazdac (Apr. 2022). Updated by M. Spoerri (bibliography, May 2022 / coin summary data Feb. 2024).",Egypt
6305,LUXOR,1000,El-Kab,,Elkab [الكاب],,Aswan Governorate,Eileithyiaspolis,25.1196418066,32.7982665795,,"106 nummi (mostly of the Tetrarchy), documented by J. Schwartz in March 1947 in Luxor, from a hoard of originally 1,000+ coins, possibly coming from El-Kab, a city in Upper Egypt on the Nile. 100 were acquired by Schwartz and 6 by A.J.B. Wallace (of which 4 were of Maxentius, the two others were not described).",,,,,,,1947,293,,311,312,,"Kienast, D. - 1962 - Der Münzfund von Ankara, 270 - 310 n. Chr.; Schwartz, J. - 1959 - La circulation monétaire dans l&#039;Egypte du IVe siècle: 14 and 40-43; Ford, M. - 2000 - The coin hoards of late Roman/early Byzantine Egypt from the reform of Diocletianus to the reform of Anastasius, AD 294-491: AE 49, p. 365; Schubert, H. - 1984 - Studien zum spätrömischen Münzumlauf in Ägypten, 1. Folles- und Aes-Schätze aus dem 4. Jahrhundert n. Chr.: pp. 87-89 (hoard D)",,Available to enter,,,,,,,,,,,,,1,Hoard,Egypt,,Centred on village/city,Tetrarchy (RIC VI),Tetrarchy (RIC VI),Unknown,Unknown,,Uncertain,Uncertain,,,,1,1,1,,,P. Walton (2015); updated by M. Spoerri (Nov. 2021/Jan. 2024).,Egypt
7742,BENHA A3,3500,Benha (Tell ’Athrib),,Benha [بنها],,Qalyubia [لقليوبية],Athribis,30.466,31.185,15.113,"A large quantity  of 3,500 bronze coins were found during the excavation of the Roman baths.",,3,12,1909,,,,,,,,,"Engelbach, R. - 1924 - The Treasure of Athribis (Benha): 180; Darbrowski, L. - 1962 - La topographie d&#039;Athribis à l&#039;époque romaine: 26; Christiansen, E. - 1985 - The Roman coins of Alexandria. An inventory of hoards: 90, no. A3",,Not available,,,,,1909,1909,,In a cavity in a mud-brick wall,,,,,1,Hoard?,Egypt,,Centred on village/city,Uncertain,Uncertain,Controlled archaeological investigation,Archaeological site,Excavation,Urban,Bath house,Roman,,,1,2,1,,,Hoard created by Th. Faucher (Aug. 2016). Updated by C. Gazdac (May 2022).,Egypt
7747,EGYPT A5,,,,,,,,26.821,30.802,289.291,Heard of by Dattari. ?AE,,,,1918,,,,,,,,,"Christiansen, E. - 1985 - The Roman coins of Alexandria. An inventory of hoards: A5",,Not available,,,,,,,,,,,,,1,Hoard,,,,Uncertain,Uncertain,Unknown,Unknown,,Uncertain,Uncertain,,,,1,1,1,,,Hoard created by Th. Faucher (Aug. 2016).,Egypt
7749,FAIYUM A7,3500,"Krokodilopolis; Shedet, Arsinoe, Ptolemais Euergetisالفيوم",,Faiyum [الفيوم],,Faiyum [الفيوم],,29.3227,30.836,,"3500 Alexandrian bronze coins, 1st-3rd c. AD. ’Briefly mentioned (together with hoards nos. 8 and 77) in a letter to Milne by Dattari, who bought the hoard.’",,,,1918,,,,,,1,295,,"Christiansen, E. - 1985 - The Roman coins of Alexandria. An inventory of hoards: 91, no. A7; Noeske, H.-C. - 2006 - Münzfunde aus Ägypten II. Die griechisch-römischen Münzfunde aus dem Fayum: 416",,Not available,,Dispersed,,,,,,,,,,,1,Hoard,Egypt,,Generated from computer mapping,Uncertain,Uncertain,Unknown,Unknown,,Urban,Uncertain,,,,1,1,1,,,Hoard created by Th. Faucher (Aug. 2016). Bibliography updated by M. Spoerri (May 2022). Updated by C. Gazdac (May 2022).,Egypt
7750,FAIYUM A8,0,"Krokodilopolis; Shedet, Arsinoe, Ptolemais Euergetisالفيوم",,Faiyum [الفيوم],,Faiyum [الفيوم],,29.309627521929,30.843451626228,30.732,Unknown number of bronze coins of Alexandria. ’Briefly mentioned (together with hoards nos. 7 and 77) in a letter to Milne by Dattari.’,,,,1918,,,,,,,,,"Christiansen, E. - 1985 - The Roman coins of Alexandria. An inventory of hoards: 91, no. A8; Noeske, H.-C. - 2006 - Münzfunde aus Ägypten II. Die griechisch-römischen Münzfunde aus dem Fayum: 416-417",,Not available,,Dispersed,,,,,,,,,,,1,Hoard,Egypt,,Centred on village/city,Uncertain,Uncertain,Unknown,Unknown,,Urban,Uncertain,,,,1,1,1,,,Hoard created by Th. Faucher (Aug. 2016). Bibliography updated by M. Spoerri (May 2022). Updated by C. Gazdac (May 2022).,Egypt
7751,TELL SAKHA A9,,Xois; سخا,,Sakha [سخا],,Kafr El Sheikh [ كفر الشيخ],Xois,31.087,30.949,7.844,755 silver and bronze coins. Mint suggested: Alexandria?. No further details.,,,,1924,,,,,,,,,"Abou-Seif, H. - 1924 - Report on the Inspectorate of Tanta from September 1923 to January 1925: 149; Christiansen, E. - 1985 - The Roman coins of Alexandria. An inventory of hoards: 93, no. A9",,Not available,,Dispersed,,,,,,,,,,,1,Hoard,,,Centred on village/city,Uncertain,Uncertain,Unknown,Unknown,,Uncertain,Uncertain,,,,1,1,1,,,Hoard created by Th. Faucher (Aug. 2016). Updated by C. Gazdac (May 2022).,Egypt
7752,ALEXANDRIA A10,80,الإسكندرية,,Alexandria [الإسكندرية],,Alexandria [الإسكندرية],Alexandria (Egypt),31.2,29.919,9.271,"A hoard of ca. 80 bronze coins, partly provincial issues of Alexandria, partly imperial coins, found during road construction work (Aboukir road) between the European cemeteries and Ibrahimieh, along an ancient Roman road.",Hills Hadra-Ibrahimieh,,,1925,,,1931,,,,,,"Breccia, E. - 1932 - Le Musée gréco-romain, 1925-1932: 27; Christiansen, E. - 1985 - The Roman coins of Alexandria. An inventory of hoards: 92, no. A10; Savio, A. and Cavagna, Al. - 2016 - L’Egitto e la moneta d’oro (I-III sec. d.C.): 218 and footnote 10",,Not available,,,,Enlarging works to the road to Abukir,,,,,,,,,1,Hoard,Egypt,,Centred on village/city,Uncertain,Uncertain,Road construction,Road,,Urban,Road,,,,1,1,1,,,Hoard created by Th. Faucher (Aug. 2016). Updated by M. Spoerri (Nov. 2021). Updated by C. Gazdac (Apr. 2022).,Egypt
7753,IHNASYA EL MEDINA A11,900,Heracleopolis Magna 1911; Herakleopolis Magna 1911; إهناسيا المدينة,,Ihnasya Al Madinah [إهناسيا المدينة],,Beni Suef [بني سويف],Herakleopolis,29.091,30.941,31.787,"Circa 900 billon provincial coins of Alexandria. Probably, issued in the 1st c. A.D. Found in a ceramic vessel.",,,,1911,,,,,,1,100,,"Christiansen, E. - 1985 - The Roman coins of Alexandria. An inventory of hoards: 92, no. A11; Noeske, H.-C. - 2006 - Münzfunde aus Ägypten II. Die griechisch-römischen Münzfunde aus dem Fayum: 298-299",,Not available,,"Museum, Cairo, Egypt",,,,,,,,,,,1,Hoard,Egypt,,Centred on village/city,Uncertain,Uncertain,Unknown,Unknown,,Urban,Uncertain,,,,,,,Ceramic vessel,,Hoard created by Th. Faucher (Aug. 2016). Bibliography updated by M. Spoerri (May 2022). Updated by C. Gazdac (May 2022).,Egypt
7755,EL-ARABA EL-MADFUNA A13,72,Abydos,,El Araba El Madfuna [العربة المدفونة],,Sohag [مركز سوهاج],Abydos,26.185,31.914,79.844,72 bronze coins of Alexandria purchased from an itinerant dealer and said to have come from this site: Cleopatra VII - Augustus (27 BC - AD 14).,,,,1935,,,1937,-51,-30,12,13,,"Mond, R. and Myers, O. H. - 1940 - Temples of Armant : a preliminary survey: 147; 148-149; Christiansen, E. - 1985 - The Roman coins of Alexandria. An inventory of hoards: 92, no. A13; RPC I: p. 689-90",,Available to enter,,"Museum, Alexandria, Egypt",,,,,,,,,,,1,Hoard,Egypt,,Centred on field,Augustus,Augustus,Unknown,Unknown,,Urban,Uncertain,,,,1,1,3,,,Hoard created by Th. Faucher (Aug. 2016). Updated by C. Gazdac (May 2022).,Egypt
7757,"EL-ARABA EL-MADFUNA, TOMB (D 221) A 15",8,Abydos; العربة المدفونة,,El Araba El Madfuna [العربة المدفونة],,Sohag [مركز سوهاج],Abydos,26.185,31.914,79.844,"13 coins found in a tomb: 6 Ptolemaic, 2 Alexandria provincial coins: Augustus, Tiberius. 5 tesserae.",,,,1912,,,1913,-100,-30,41,54,,"Milne, J. G. - 1914 - The Sanatorium of Dêr-el-Baḥri: 93; Christiansen, E. - 1985 - The Roman coins of Alexandria. An inventory of hoards: 93, no. A15",,Not available,,Unknown,,Tomb (D 221) excavated by Peet.,,,,Tomb (D 221) excavated by Peet.,,,,,1,Group of single finds,Egypt,,Centred on village/city,Claudius I,Claudius I,Controlled archaeological investigation,Archaeological site,,,Cemetery,,Tomb,,1,2,2,,Tessera,Hoard created by Th. Faucher (Aug. 2016). Updated by C. Gazdac (May 2022).,Egypt
7758,KOM AUSHIM A16,33,"Karanis 1933-34, hoard 13",,Kom Aushim [كوم أوشيم],,Faiyum [الفيوم],Karanis,29.52006,30.90227,25.832,33 billon tetradrachms of Alexandria  found in a heap on the floor of an underground room during excavation of a house.,,,,1933,,,1934,41,54,52,53,,"Numismatist - 1934: 478; Christiansen, E. - 1985 - The Roman coins of Alexandria. An inventory of hoards: 93, no. A16; Haatvedt, R. A., Peterson, E. E. and Husselman, E. M. - 1964 - Coins from Karanis : the University of Michigan excavations, 1924-1935: 20, hoard 13; Noeske, H.-C. - 2006 - Münzfunde aus Ägypten II. Die griechisch-römischen Münzfunde aus dem Fayum: 73-74",,Not available,,Ann Arbor,,,1933,1934,,Found in a heap on the floor of an underground room during excavation of a house.,,,,,1,Hoard,Egypt,,Centred on village/city,Claudius I,Claudius I,Controlled archaeological investigation,Archaeological site,,,House,Roman,Floor,,1,2,2,,,Hoard created by Th. Faucher (Aug. 2016). Bibliography updated by M. Spoerri (May 2022). Updated by C. Gazdac (May 2022).,Egypt
7759,KOM AUSHIM A17,50,"Karanis 1924-25, hoard 12",,Kom Aushim [كوم أوشيم],,Faiyum [الفيوم],Karanis,29.52007,30.90228,25.832,"50 billon tetradrachms of Alexandria: Claudius I - Nero (AD 55-56), found in a small jar in a corner of a room at floor level during excavations.",,,,1924,,,1935,43,44,65,66,,"Numismatist - 1934: 478; Christiansen, E. - 1985 - The Roman coins of Alexandria. An inventory of hoards: 93, no. A 17; Haatvedt, R. A., Peterson, E. E. and Husselman, E. M. - 1964 - Coins from Karanis : the University of Michigan excavations, 1924-1935: 18-19, hoard 12; Noeske, H.-C. - 2006 - Münzfunde aus Ägypten II. Die griechisch-römischen Münzfunde aus dem Fayum: 74-75",,Available to enter,,Ann Arbor,,,1924,1935,,Found in a small jar in a corner of a room at floor level during excavations.,,,,,1,Hoard,Egypt,,Centred on village/city,Nero,Nero,Controlled archaeological investigation,Archaeological site,Excavation,Rural,Domestic building,,Floor,,1,1,2,Jar,,Hoard created by Th. Faucher (Aug. 2016). Bibliography updated by M. Spoerri (May 2022). Updated by C. Gazdac (May 2022).,Egypt
7762,KAORO A20 - FAIYUM A19,1400,,,,,Faiyum [الفيوم],,26.821,30.802,289.291,"Probably two hoards but uncertain which coins belong to one or the other of hoards. Around 1,400 coins of Alexandria, all of Nero (AD 65-66).",,,,,,,1894,,,65,66,,"Caron, E. - 1894 - Collection du musée de Ghiseh (Égypte). Notes de voyage: 155; Christiansen, E. - 1985 - The Roman coins of Alexandria. An inventory of hoards: 93, no. A 19; 94, no. A 20; Noeske, H.-C. - 2006 - Münzfunde aus Ägypten II. Die griechisch-römischen Münzfunde aus dem Fayum: 415-416",,Not available,,Dispersed,,,,,,,,,,,1,Hoard,Egypt,,,Nero,Nero,Unknown,Unknown,,Uncertain,Uncertain,,,,1,1,1,,,Hoard created by Th. Faucher (Aug. 2016). Bibliography updated by M. Spoerri (May 2022). Updated by C. Gazdac (May 2022).,Egypt
7763,EL-ASHMUNEIN A21,4,Hermopolis Magna; Al Ashmunin; الأشمونين,,Al Ashmunin [الأشمونين],Mallawi [ملوي],Minya [محافظة],Hermopolis Magna,27.7802,30.8036,56.524,"4 imitation of Alexandrian tetradrachms, all of Nero (AD 66-67). Cast bronze covered by a slight silver wash.",,,,,,,,,,54,68,,"El-Khachab, A.M. - 1951 - Les monnaies coulées fausses et les moules monétaires et à bijoux du cabinet des médailles du musée du Caire: 33; Christiansen, E. - 1985 - The Roman coins of Alexandria. An inventory of hoards: 94, no. A21",,Not available,,"Museum, Cairo, Egypt",,,,,,,,,,,1,Hoard?,Egypt,,Centred on field,Nero,Nero,Unknown,Unknown,,Urban,Uncertain,,,,1,1,2,,,Hoard created by Th. Faucher (Aug. 2016). Updated by C. Gazdac (May 2022).,Egypt
7765,ALEXANDRIA A23,16,,,Alexandria [الإسكندرية],,Alexandria [الإسكندرية],Alexandria (Egypt),31.2,29.919,9.271,"16 imitation of Alexandrian tetradrachms, all of Nero (AD 67-68).",,,,,,,,,,67,68,,"El-Khachab, A.M. - 1951 - Les monnaies coulées fausses et les moules monétaires et à bijoux du cabinet des médailles du musée du Caire: 33; Christiansen, E. - 1985 - The Roman coins of Alexandria. An inventory of hoards: 94, no. A23",,Not available,,"Museum, Cairo, Egypt",,,,,,,,,,,1,Hoard,Egypt,,Centred on village/city,Nero,Nero,Unknown,Unknown,,Urban,Uncertain,,,,1,1,2,,,Hoard created by Th. Faucher (Aug. 2016). Updated by C. Gazdac (May 2022).,Egypt
7767,EL-MADAMUD A25,230,Madit; Medamoud;المدامود; Petemout,,Al Madamum [المدامود],,Luxor [الأقصر],Petemout/Kerameia?,25.7347,32.7095,80.167,230 provincial coins of Alexandria: Nero - Galba (AD 68-69). Found in a jar during excavations of a house.,,,,1928,,,,63,64,68,69,,"Bisson de la Roque, F. - 1929 - Fouilles de l&#039;Institut français d&#039;archéologie orientale du Caire, année 1928: p. 20; Baratte, F. - 1974 - Un trésor de tétradrachmes néroniens provenant de Médamoud (Egypte): p. 81;  - 1977 - Coin Hoards: volume III: 38, no. 87; Christiansen, E. - 1985 - The Roman coins of Alexandria. An inventory of hoards: 95, no. A 25",,Available to enter,,"Louvre Museum, Egyptian Antiquities, Paris",French Institute in Cairo,,1928,1928,,The so-called &quot;house of the miser&quot;.,,,,192 coins can be entered at the coin data level,1,Hoard,Egypt,,Centred on field,Galba,Galba,Controlled archaeological investigation,Archaeological site,Excavation,Rural,House,Roman,,,1,2,4,Jar,,"Hoard created by Th. Faucher (Aug. 2016). Updated by M. Spoerri (Nov. 2021). Updated by C. Gazdac (Apr., May 2022).",Egypt
7768,EGYPT A26,527,,,,,,,26.821,30.802,289.291,527 billon Alexandrian tetradrachms: Tiberius - Galba (AD 68-69). ’Presented to the Antiquities Service by Daira Sanieh.’,,,,1889,,,,14,37,68,69,,"Dutilh, E.D.J. - 1891 - Observations faites sur 527 médailles alexandrines parvenues au Musée de Ghiseh en 1889: 61; Dutilh, E.D.J. - 1900 - Historique des collections numismatiques du Musée Gréco-Romain d’Alexandrie: 1; Christiansen, E. - 1985 - The Roman coins of Alexandria. An inventory of hoards: 95, no. A26",,Not available,,’Formed the beginning of the numismatic collection in the Giza Museum. This collection was transferred 1896 to Alexandria’,,,,,,,,,,,1,Hoard,Egypt,,,Galba,Galba,Unknown,Unknown,,Uncertain,Uncertain,,,,1,1,2,,,Hoard created by Th. Faucher (Aug. 2016). Updated by C. Gazdac (may 2022).,Egypt
7769,EGYPT A27,1175,,,,,,,26.821,30.802,289.291,"1,175 billon tetradrachms: Claudius I - Vespasian (AD 69-79). From excavations by the Egypt Exploration Society.",,,,1900,,,,41,54,69,79,,"Christiansen, E. - 1985 - The Roman coins of Alexandria. An inventory of hoards: 95, no. A27;  - 1979 - Coin Hoards: volume V: no. 59",,Not available,,Handwritten list in London (Martin Price).,Egypt Exploration Society,,1900,1900,,,,,,,1,Hoard,Egypt,,,Vespasian,Vespasian,Controlled archaeological investigation,Archaeological site,Excavation,Uncertain,Uncertain,,,,1,1,2,,,Hoard created by Th. Faucher (Aug. 2016). Updated by C. Gazdac (May 2022).,Egypt
7771,EL-MANSHAH A29,1293,Ptolemais Hermiou,,Al Minshah [المنشاة],,Suhag [سوهاج],Ptolemais Hermiou/Psoi,26.475,31.8,68.939,"1,293 billon Alexandrian tetradrachms confiscated by the police from a gold and silversmith in the town. Together with 8 silver bracelets and 2 silver ingots",,,,1925,,,,64,66,70,71,,"Wainwright G.A. - 1925: 120-134; Elkhafif, A.H.M. - 1981 - A hoard of Alexandrian coins from el Manshâh (Ptolemais Hermiou): 279, n. 1; Christiansen, E. - 1985 - The Roman coins of Alexandria. An inventory of hoards: 95, no. A 29",,Not available,,&quot;the Alexandria Museum and partly to the Salle de Vente.&quot;,,"All the coins are billon tetradrachms of ordinary size and in fairly good condition, apart from one broken.",,,,,,,,,1,Hoard,Egypt,,Centred on village/city,Vespasian,Vespasian,Unknown,Unknown,,Urban,Uncertain,,,,1,1,1,,Bracelet; Ingot,Hoard created by Th. Faucher (Aug. 2016). Updated by C. Gazdac (May 2022).,Egypt
7772,TELL EL-HEIR A30,7,Magdolum,,Tell el-Heir [تل الحير],,Ismailia [الإسماعيلية],,30.9733,32.4453,0.278,"7 Jewish coin, including three of the first uprising (AD 67-70).",,,,1905,,,,,,67,70,,"Clermont-Ganneau, C. - 1905 - Fouilles de M. Clédat à Tell el-Herr (Égypte), découverte d&#039;un quart de sicle juif: 55-56; Clermont-Ganneau, C. - 1905 - Fouilles de M. Clédat à Tell el-Herr (Égypte), autres exemplaires du quart de sicle juif: 135-136; El-Khachab, A.M. - 1960 - La collection numismatique du musée d’Ismailia: 131-132; Christiansen, E. - 1985 - The Roman coins of Alexandria. An inventory of hoards: 96, no. A 30",,Not available,,"Museum, Ismailia",,,,,,,,,,,1,Hoard?,Egypt,,,Uncertain (non Roman),Uncertain (non Roman),Unknown,Unknown,,Rural,Uncertain,,,,1,1,1,,,Hoard created by Th. Faucher (Aug. 2016). Updated by C. Gazdac (May 2022).,Egypt
7773,EL-NIBEIRA A31,304,Naucratis; Naukratis; النبيرة,,An Nibayrah [النبيرة],,Beheira [البحيرة],Naucratis,30.8975,30.5928,,304 Alexandrian bronze coins found during excavations. All of Vespasian and his family.,,,,1884,,,1885,69,79,76,77,,"Head, B.V. - 1886 - Coins discovered on the site of Naukratis: 15-16; Christiansen, E. - 1985 - The Roman coins of Alexandria. An inventory of hoards: 96, no. A 31",,Available to enter,,Unknown,,,1884,1885,,,,,,,1,Hoard,Egypt,,Centred on field,Vespasian,Vespasian,Controlled archaeological investigation,Archaeological site,Excavation,Urban,Uncertain,,,,1,1,3,,,Hoard created by Th. Faucher (Aug. 2016). Updated by C. Gazdac (May. 2022).,Egypt
7775,EL-HÎBA A33,8,Ancyronpolis; الحيبة,,El Hiba [الحيبة],,Beni Suef [بني سويف],,28.774,30.922,39.821,"Eight Alexandrian bronzes: Claudius I 2, Vespasian 6. Probably part  of the El-Hiba 43, found during excavations.",,,,1913,,,1914,41,54,76,77,,"Von Uxkull-Gyllenband, R. - 1926 - Koptische Friedhöfe bei Karâra, und der Amontempel Scheschonks I bei el Hibe : Bericht über die badischen Grabungen in Ägypten in den Wintern 1913 und 1914: 56; Christiansen, E. - 1985 - The Roman coins of Alexandria. An inventory of hoards: 96, no. A 33",,Not available,,"Aegyptologisches Institut, Heidelberg, Germany",,,1913,1914,,,,,,,1,Hoard?,Egypt,,Centred on field,Vespasian,Vespasian,Controlled archaeological investigation,Archaeological site,Excavation,Rural,House,,,,1,2,2,,,Hoard created by Th. Faucher (Aug. 2016). Updated by C. Gazdac (May 2022).,Egypt
7776,LOWER EGYPT A34,3000,,,,,Lower Egypt,,30.044,31.236,26.718,"3,000 bronze Alexandrian coins, ’mostly drachms’, 1st century and early 2nd century. Intact hoard belonging to &quot;qualche officina monetaria&quot;.",,,,1891,,,1900,68,69,98,117,,"Dattari, G. - 1900 - Appunti di numismatica alessandrina: 270; Christiansen, E. - 1985 - The Roman coins of Alexandria. An inventory of hoards: 96, no. A34",,Not available,,Dattari’s collection; dispersed,,,,,,,,,,,1,Hoard,Egypt,,Generated from computer mapping,Trajan,Trajan,Unknown,Unknown,,Uncertain,Uncertain,,,,1,1,1,,,Hoard created by Th. Faucher (Aug. 2016). Updated by C. Gazdac (May 2022).,Egypt
7778,KÔM EL-ASL A36,62,Bakchias; Bacchias 1896,,Izbat Jarin Umm Al Qatl [عزبة جرين ام القتل],,Faiyum [الفيوم],Bakchias,29.542,31.008,24.879,62 tetradrachms of Alexandria: Claudius I - Hadrian (AD 127-128),,,,1895,,,1896,42,43,127,128,,"Milne, J. G. - 1898 - A history of Egypt under Roman rule: 218; Milne, J.G. - 1900 - VIII. The Coins: 65; Milne J.G. - 1911 - The Roman Coinage of Alexandria: 30; Christiansen, E. - 1976 - The Roman coins of Alexandria. A preliminary report.: 243; Christiansen, E. - 1985 - The Roman coins of Alexandria. An inventory of hoards: 97, no. A 36; Noeske, H.-C. - 2006 - Münzfunde aus Ägypten II. Die griechisch-römischen Münzfunde aus dem Fayum: 279-281",,Available to enter,,Dispersed. Detailed list in Oxford,,,,,,,,,,,1,Hoard?,Egypt,,,Hadrian,Hadrian,Controlled archaeological investigation,Archaeological site,,Rural,Uncertain,,,,1,1,2,,,Hoard created by Th. Faucher (Aug. 2016). Updated by C. Gazdac (May 2022). Updated (bibliography) by M. Spoerri (May 2022).,Egypt
7779,EL HÎBA A37,214,Ancyronpolis; الحيبة,,El Hiba [الحيبة],,Beni Suef [بني سويف],,28.774,30.922,39.821,The hoard comprised 214 Alexandrian tetradrachms from Claudius I to Hadrian. They were found under a floor surface during the excavation of a Late Roman house.,,,,1934,,,1935,41,54,127,128,,"Paribeni, E. - 1935 - Rapporto preliminare su gli scavi di Hibeh: 394; Botti, G. - 1955 - Le monete alessandrine da El Hibeh nel Museo egizio di Firenze: 245; Christiansen, E. - 1985 - The Roman coins of Alexandria. An inventory of hoards: 97, no. A 37",,Available to enter,,"Museum, Firenze, Italy",,,1934,1935,,The hoard was found under the floor surface of a late Roman house.,,,,,1,Hoard,Egypt,,Centred on village/city,Hadrian,Hadrian,Controlled archaeological investigation,Archaeological site,Excavation,Rural,House,Roman,Floor,Roman,2,2,1,,,Hoard created by Th. Faucher (Aug. 2016). Updated by C. Gazdac (May 2022).,Egypt
7780,EGYPT A38,301,,,,,,,26.821,30.802,289.291,The hoard comprised 301 Alexandrian tetradrachms. 300 were of Nero with a single coin of Hadrian. They were acquired in Egypt by Dattari.,,,,1912,,,,54,68,117,138,,"Christiansen, E. - 1985 - The Roman coins of Alexandria. An inventory of hoards: 97, no. A 38",,Not available,,Dattari’s collection; dispersed,,The hoard was acquired in Egypt by Dattari.,,,,,,,,,1,Hoard,Egypt,,,Hadrian,Hadrian,Unknown,Unknown,,Uncertain,Uncertain,,,,1,1,1,,,Hoard created by Th. Faucher (Aug. 2016). Updated by C. Gazdac (May 2022).,Egypt
7781,EGYPT A39,17,,,,,,,26.821,30.802,289.291,"17 provincial coins of Alexandria: Trajan 2, Hadrian 15. No information about site or circumtances.",,,,,,,,98,119,134,135,,"Christiansen, E. - 1985 - The Roman coins of Alexandria. An inventory of hoards: 98, no. A 39",,Not available,,Athens (detailed list),,There is no information about the site or circumstances of discovery.,,,,,,,,,1,Hoard,Egypt,,,Hadrian,Hadrian,Unknown,Unknown,,Uncertain,Uncertain,,,,1,1,2,,,Hoard created by Th. Faucher (Aug. 2016). Deleted the ”orphan” reference title C. Gazdac (Jul. 2017). Updated by C. Gazdac (May 2022).,Egypt
7782,EL-ASHMUNEIN A40,210,Hermopolis Magna; Al Ashmunin; الأشمونين,,Al Ashmunin [الأشمونين],Sohag [مركز سوهاج],Minya [محافظة],Hermopolis Magna,27.776,30.805,56.524,209+ billon tetradrachms and one AE of Alexandria: Claudius I - Hadrian (AD 135-136). ’The coins listed here are the coins on display but the actual hoard my be larger.’,,,,,,,,41,54,117,138,,"Matḥaf al-Miṣrī. - 1980 - The Egyptian Museum Cairo : a brief description of the principal monuments: 220; Christiansen, E. - 1985 - The Roman coins of Alexandria. An inventory of hoards: 98, no. A40",,Not available,,"Museum, Cairo (on display in 1980)",,,,,,,,,,,1,Hoard,Egypt,,Centred on field,Hadrian,Hadrian,Unknown,Unknown,,Urban,Uncertain,,,,1,1,2,,,Hoard created by Th. Faucher (Aug. 2016). Updated by C. Gazdac (May 2022).,Egypt
7783,UPPER EGYPT A41,76,Luxor,,,,Upper Egypt [صعيد مصر],,25.687,32.64,85.616,"76 billon provincial coins of Alexandria, ancient forgeries: Nero 73, Hadrian 3. Acquired in Luxor by E.T. Newell.",,,,,,3,1908,,,138,138,,"Metcalf, W.E. - 1976 - Two Alexandrian Hoards: 65-69;  - 1976 - Coin Hoards: volume II: no. 143;  - 1978 - Coin Hoards: volume IV: no. 80; Christiansen, E. - 1985 - The Roman coins of Alexandria. An inventory of hoards: 98, no. A41",,Available to enter,,"American Numismatic Society, New York, USA",,,,,,,,,,,1,Hoard,Egypt,,Generated from computer mapping,Hadrian,Hadrian,Unknown,Unknown,,Uncertain,Uncertain,,,,1,1,3,,,Hoard created by Th. Faucher (Aug. 2016). Updated by C. Gazdac (May 2022).,Egypt
7784,TELL UMM EL-BREIGÂT A42,28,Tebtunis 1900; Um El Borigat أم البريجات,,Ezbet Adam Ghaleb [عزبة ادم غالب],Atsa [أطسا],Faiyum [الفيوم],Tebtynis/Theodosioupolis?,29.1078,30.7672,26.123,"28 billon Alexandrian tetradrachms: Claudius I - Antoninus Pius (AD 138-139).  Probably a hoard, found during excavations.",,,,1900,,,,41,54,138,139,,"Milne, J. G. - 1935 - Report on Coins Found at Tebtunis in 1900: 213; no. 5; Christiansen, E. - 1985 - The Roman coins of Alexandria. An inventory of hoards: 98, no. A 42; Noeske, H.-C. - 2006 - Münzfunde aus Ägypten II. Die griechisch-römischen Münzfunde aus dem Fayum: 337-339",,Available to enter,,"Museum of Anthropology of the University of California, Berkeley, USA (1935)",Drs. Grenfell and Hunt,"&quot;Among the miscellaneous finds of coins in a box numbered 448 there was one groupwhich may be regarded as the equivalent of a hoard, as the coins were all stuck together,and therefore have a material guarantee of their original relationship.&quot; Milne 1935, 213).",1900,1900,,,,,,,1,Hoard?,Egypt,,Centred on field,Antoninus Pius,Antoninus Pius,Controlled archaeological investigation,Archaeological site,Excavation,Rural,Uncertain,,,,1,1,3,,,Hoard created by Th. Faucher (Aug. 2016). Bibliography updated by M. Spoerri (May 2022). Updated by C. Gazdac (May 2022).,Egypt
7785,EL-HÎBA A43,237,Ancyronpolis,,El Hiba [الحيبة],,Beni Suef [بني سويف],,28.7887,30.9251,39.821,237 provincial coins of Alexandria: Claudius I - Antoninus Pius (AD 143-144). Two sacks found in a house during excavations.,,,,1913,,,1914,41,54,143,144,,"Von Uxkull-Gyllenband, R. - 1926 - Koptische Friedhöfe bei Karâra, und der Amontempel Scheschonks I bei el Hibe : Bericht über die badischen Grabungen in Ägypten in den Wintern 1913 und 1914: 53; Christiansen, E. - 1985 - The Roman coins of Alexandria. An inventory of hoards: 98, no. A 43",,Not available,,"Aegyptologisches Institut, Heidelberg, Germany",,,1913,1914,,,,,,,1,Hoard,Egypt,,Centred on field,Antoninus Pius,Antoninus Pius,Controlled archaeological investigation,Archaeological site,Excavation,Rural,House,,,,1,2,2,Two sacks,,Hoard created by Th. Faucher (Aug. 2016). Updated by C. Gazdac (May 2022).,Egypt
7786,NILE DELTA A44,168,,,,,,,30.864,31.025,6,"168 Alexandrian drachms: Vespasian - Antoninus Pius (AD 148-149). Found in the ground. All drachms, only briefly described. Oldest Vespasian, among the other coins are mentioned &quot;interesting types of Antinous, Sabina, Aurelius Caesar, also some of the rare ’nome’ types and few of the famous zodiacal series struck in the eighth year of Antoninus Pius.&quot;",,,,1923,,,,69,79,148,149,,"Newell, E.T. - 1924 - Egyptian Coin Hoards: 301; Christiansen, E. - 1985 - The Roman coins of Alexandria. An inventory of hoards: 99, no. A44",,Not available,,’At least partly in New York’,,,,,,,,,,,1,Hoard,Egypt,,Generated from computer mapping,Antoninus Pius,Antoninus Pius,Unknown,Unknown,,Uncertain,Uncertain,,,,1,1,1,,,Hoard created by Th. Faucher (Aug. 2016). Updated by C. Gazdac (May 2022).,Egypt
7787,EL-MANSHAH A45,102,Ptolemais Hermiou,,Al Minshah [المنشاة],,Suhag [سوهاج],Ptolemais Hermiou/Psoi,26.475,31.8,68.939,102 billon Alexandrian tetradrachms found during excavations in the foundation of a house: Claudius I (Messalina) - Antoninus Pius (AD 149-150).,,,,1968,,,,42,43,149,150,,"Elkhafif, A.H.M. - 1981 - A hoard of Alexandrian coins from el Manshâh (Ptolemais Hermiou): 279-282; Christiansen, E. - 1985 - The Roman coins of Alexandria. An inventory of hoards: 99, no. A 45",,Available to enter,,"The Egyptian National Museum, Cairo (inv.nos. 4/4/1968)",Department of Antiquities,"All the coins are billon tetradrachms of ordinary size and in fairly good condition, apart from one broken",1968,1968,,Found during excavations in the foundation of a house.,,,,,1,Hoard,Egypt,,Centred on village/city,Antoninus Pius,Antoninus Pius,Controlled archaeological investigation,Archaeological site,Excavation,Urban,House,Roman,Foundation,,,3,,,,Hoard created by Th. Faucher (Aug. 2016). Updated by C. Gazdac (May 2022).,Egypt
7788,LOWER EGYPT A46,650,,,,,Lower Egypt,,29.3056,30.7617,,"Some 650 provincial bronze coins of Alexandria: Trajan, Hadrian, Antoninus Pius (AD 149-150). ’Intact hoard belonging to &quot;qualche officina monetaria&quot;.",,,,1891,,,1900,98,117,149,150,,"Dattari, G. - 1900 - Appunti di numismatica alessandrina: 270; Christiansen, E. - 1985 - The Roman coins of Alexandria. An inventory of hoards: 99, no. A46",,Not available,,,,,,,,,,,,,1,Hoard,Egypt,,Generated from computer mapping,Antoninus Pius,Antoninus Pius,Unknown,Unknown,,Uncertain,Uncertain,,,,1,1,1,,,Hoard created by Th. Faucher (Aug. 2016). Updated by C. Gazdac (May 2022).,Egypt
7789,TELL UMM EL-BREIGAT A47,14,Tebtunis 1900; Um El Borigat أم البريجات,,Ezbet Adam Ghaleb [عزبة ادم غالب],Atsa [أطسا],Faiyum [الفيوم],Tebtynis/Theodosioupolis?,29.1078,30.7665,26.123,"14 Alexandrian coins: 13 tetradrachms, 1 drachm: Nero - Antoninus Pius (AD 138-161). Found during excavations.",,,,1900,,,,54,68,138,161,,"Milne, J. G. - 1935 - Report on Coins Found at Tebtunis in 1900: 212, no. 4; Christiansen, E. - 1985 - The Roman coins of Alexandria. An inventory of hoards: 99, no. A 47; Noeske, H.-C. - 2006 - Münzfunde aus Ägypten II. Die griechisch-römischen Münzfunde aus dem Fayum: 345-346",,Available to enter,,"Museum of Anthropology of the University of California, Berkeley, USA (1935)",Drs. Grenfell and Hunt,,1900,1900,,,,,,,1,Hoard,Egypt,,Centred on field,Antoninus Pius,Antoninus Pius,Controlled archaeological investigation,Archaeological site,Excavation,Rural,Uncertain,,,,1,1,3,,,Hoard created by Th. Faucher (Aug. 2016). Bibliography updated by M. Spoerri (May 2022). Updated by C. Gazdac (May 2022).,Egypt
7790,ASWAN A48,45,Syene,,Aswan [أسوان],,Aswan [أسوان],Aswan / Syene,24.089,32.9,108.12,"45 billon provincial coins of Alexandria: Claudius I - Antoninus Pius (AD 138-161). Examined and photographed December 1962 in Athens by Hackens at a dealer of antiquities, who reported the hoard to have been found near Aswan.’",,,,1962,,,,41,54,138,161,,"Christiansen, E. - 1985 - The Roman coins of Alexandria. An inventory of hoards: 99, no. A48",,Not available,,Dispersed,,,,,,,,,,,1,Hoard,Egypt,,Centred on village/city,Antoninus Pius,Antoninus Pius,Unknown,Unknown,,Urban,Uncertain,,,,1,1,2,,,Hoard created by Th. Faucher (Aug. 2016). Updated by C. Gazdac (May 2022).,Egypt
7791,KOM AUSHIM A49,7,"Karanis 1924-25, hoard 37",,Kom Aushim [كوم أوشيم],,Faiyum [الفيوم],Karanis,29.52009,30.9023,25.832,Seven bronze coins: Hadrian - Antoninus Pius (AD 152-153) found secreted in a wall of a vaulted storage room during excavation of a granary.,,,,1924,,,1935,127,128,152,153,,"Numismatist - 1934: 478; Haatvedt, R. A., Peterson, E. E. and Husselman, E. M. - 1964 - Coins from Karanis : the University of Michigan excavations, 1924-1935: 92, hoard 37; Noeske, H.-C. - 2006 - Münzfunde aus Ägypten II. Die griechisch-römischen Münzfunde aus dem Fayum: 78; Christiansen, E. - 1985 - The Roman coins of Alexandria. An inventory of hoards: 100, no. A 49",,Available to enter,,,,,1924,1935,,The hoard was found during the excavation of a Roman granary.,,,,,1,Hoard?,Egypt,,Centred on village/city,Antoninus Pius,Antoninus Pius,Controlled archaeological investigation,Archaeological site,Excavation,Rural,Agricultural building,,,,2,2,2,,,Hoard created by Th. Faucher (Aug. 2016). Bibliography updated by M. Spoerri (May 2022). Updated by C. Gazdac (May 2022). Updated by M. Spoerri (Nov. 2023).,Egypt
7793,KOM AUSHIM A51,55,"Karanis 1924-25, hoard 27",,Kom Aushim [كوم أوشيم],,Faiyum [الفيوم],Karanis,29.52008,30.90229,25.832,55 AE drachms of Alexandria: Hadrian - Antoninus Pius (AD 154-155) found at floor level in a room during excavations of a house.,,,,1933,,,1934,129,130,154,155,,"Numismatist - 1934: 478; Haatvedt, R. A., Peterson, E. E. and Husselman, E. M. - 1964 - Coins from Karanis : the University of Michigan excavations, 1924-1935: 58, hoard 27; Christiansen, E. - 1985 - The Roman coins of Alexandria. An inventory of hoards: 100, no. A 51",,Available to enter,,,,,1933,1934,,,,,,,1,Hoard,Egypt,,Centred on village/city,Antoninus Pius,Antoninus Pius,Controlled archaeological investigation,Archaeological site,Excavation,Rural,House,Roman,Floor,,1,2,2,,,Hoard created by Th. Faucher (Aug. 2016). Bibliography updated by M. Spoerri (May 2022). Updated by C. Gazdac (May 2022). Updated by M. Spoerri (Nov. 2023).,Egypt
7794,TELL UMM EL-BREIGAT A52,119,Tebtunis 1900; Um El Borigat أم البريجات,,Ezbet Adam Ghaleb [عزبة ادم غالب],Atsa [أطسا],Faiyum [الفيوم],Tebtynis/Theodosioupolis?,29.1066,30.7658,26.123,119 Alexandrian billon tetradrachms: Nero - Antoninus Pius (AD 155-156) Found during excavations.,,,,1900,,,,54,68,155,156,,"Milne, J. G. - 1935 - Report on Coins Found at Tebtunis in 1900: 212; no. 3; Christiansen, E. - 1985 - The Roman coins of Alexandria. An inventory of hoards: 100, no. A 52; Noeske, H.-C. - 2006 - Münzfunde aus Ägypten II. Die griechisch-römischen Münzfunde aus dem Fayum: 339-345",,Available to enter,,"Museum of Anthropology of the University of California, Berkeley, USA (1935), inv.no. 445",Drs. Grenfell and Hunt,,1900,1900,,,,,,,1,Hoard,Egypt,,Centred on field,Antoninus Pius,Antoninus Pius,Controlled archaeological investigation,Archaeological site,Excavation,Rural,Uncertain,,,,1,1,3,,,Hoard created by Th. Faucher (Aug. 2016). Bibliography updated by M. Spoerri (May 2022). Updated by C. Gazdac (May 2022).,Egypt
7798,LUXOR A56,188,Diospolis Magna; الأقصر,Avenue (Alley) of the Sphinxes,Luxor [الأقصر],,Luxor [الأقصر],Diospolis Magna/Thebai,25.714492955795,32.656456837895,,More than 188 billon provincial coins of Alexandria: Nero - Marcus Aurelius (Lucius Verus) (AD 161-169). ’Found at Avenue of the Sphinxes during clearance excavations.’,,,,1972,,,1974,54,68,161,169,," - 1977 - Coin Hoards: volume III: no. 91; Christiansen, E. - 1985 - The Roman coins of Alexandria. An inventory of hoards: 101, no. A56",,Not available,,"Museum, Luxor, Egypt",,,,,,The hoard was found at the Avenue of the Sphinxes,,,,,1,Hoard,Egypt,,Centred on field,Marcus Aurelius,Marcus Aurelius,Controlled archaeological investigation,Road,Excavation,Urban,Uncertain,,,,1,1,2,,,Hoard created by Th. Faucher (Aug. 2016). Updated by C. Gazdac (May 2022).,Egypt
7801,DIMAI A59,41,Soknopaiou Nesos; ديمية السباع,,Dimeh es-Seba [ديمة السباع],,Faiyum [الفيوم],Soknopaiou Nesos,29.535987260319,30.668637885638,25.201,41 Alexandrian bronze coins: Trajan - Marcus Aurelius (Faustina II) (AD 164-165). Found during excavations .,,,,1900,,,1901,98,117,164,165,,"de Ricci, S. - 1902 - Bulletin papyrologique: 434; Noeske, H.-C. - 2006 - Münzfunde aus Ägypten II. Die griechisch-römischen Münzfunde aus dem Fayum: 45-46; Christiansen, E. - 1985 - The Roman coins of Alexandria. An inventory of hoards: 102, no. A 59",,Not available,,"Exhibited in London 1902, now in Toronto. Detailed list in Oxford",,,1900,1901,,Was an important religious center with an imposing temple dedicated to the god Soknopaios.,,,,,1,Hoard,Egypt,,Centred on field,Marcus Aurelius,Marcus Aurelius,Controlled archaeological investigation,Archaeological site,Excavation,Urban,Uncertain,,,,1,1,3,,,Hoard created by Th. Faucher (Aug. 2016). Bibliography updated by M. Spoerri (May 2022). Updated by C. Gazdac (May 2022).,Egypt
7802,KOM EL-ASL A60,4421,Bakchias; Bacchias; Kom el-Atl; كوم الأطلال,,Kom el-Atl [كوم الأطلال],,Faiyum [الفيوم],Bakchias,29.532,30.998,11.2,"4,418 tetradrachms of Alexandria and three bronze coin: Claudius I - Marcus Aurelius (Lucius Verus). Three large amphorae, filled with coins, dug out of the cellar of a house.",,,,1895,,,1896,41,42,164,165,,"Milne, J. G. - 1898 - A history of Egypt under Roman rule: 218; Milne, J.G. - 1900 - VIII. The Coins: 64; Christiansen, E. - 1985 - The Roman coins of Alexandria. An inventory of hoards: 102-103, no. A 60; Noeske, H.-C. - 2006 - Münzfunde aus Ägypten II. Die griechisch-römischen Münzfunde aus dem Fayum: 281-288",,Available to enter,,"Type set of 519 coins in Oxford. 114 in London. 80 billon coins, presented to Glasgow in 1902 by the Egypt Exploration Fund and now among the duplicates, probably belong to this hoard. The rest dispersed. Detailed list in Oxford",,,1895,1896,,,,,,,1,Hoard,Egypt,,Centred on village/city,Marcus Aurelius,Marcus Aurelius,Controlled archaeological investigation,Archaeological site,Excavation,Rural,House,Roman,,,1,2,2,Three amphoras,,Hoard created by Th. Faucher (Aug. 2016). Updated by M. Spoerri (Nov. 2021). Updated by C. Gazdac (Apr. 2022),Egypt
7803,TELL EL-MASKHUTA A61,645,Pithom; Heroonpolis,,Abu Suwir [عزبة الأعصر],,Ismailia [الإسماعيلية],Heroonpolis,30.552,32.099,10.518,645 Alexandrian tetradrachms: Nero - Marcus Aurelius (AD 166-167) purchased by Currelly and Frost from &quot;native diggers&quot;.,,,,1905,,,,41,54,169,170,,"Milne J.G. - 1911 - The Roman Coinage of Alexandria: 31; pl. xi-xii, table; Christiansen, E. - 1976 - The Roman coins of Alexandria. A preliminary report.: 243; Metcalf, W.E. - 1976 - Two Alexandrian Hoards: 76; Christiansen, E. - 1985 - The Roman coins of Alexandria. An inventory of hoards: 103, no. A61",,Not available,,,,"&quot;Hoards iii, v, vi, vii, and viii were ’obtained by Messrs. Currelly and Frost at Tell-el-Maskhuta in1905. These five are probably &quot;uncontaminated&quot;: they were purchased from the native finders, without the intervention of any dealers, and there was every appearance, in the condition of the coins, that those in each lot had been found together. It is possible that any one of the lots may only be a part of an original hoard, since, if a discovery of coins were made, and more than one man was aware of it, the find would probably be  the division would take the form of a haphazard separation of the whole into shares without any selection of individual coins, so that the ratio of the numbers of coins belonging to different years would not be seriously affected in the respective parts as compared with the entire hoard.&quot; (Milne 1911, 31)",,,,,,,,,1,Hoard,Egypt,,Centred on field,Marcus Aurelius,Marcus Aurelius,Controlled archaeological investigation,Archaeological site,,Rural,Uncertain,,,,1,1,2,,,Hoard created by Th. Faucher (Aug. 2016). Updated by C. Gazdac (May 2022).,Egypt
7804,MALLAWI A62,161,[Manlau?],,Mallawi [ملوي],Mallawi [ملوي],Minya [محافظة],,27.733,30.84,54.379,"151 billon Alexandrian tetradrachms, 9 Greek bronzes, 1 provincial bronze and 1 ring: Ptolemaic dynasty - Marcus Aurelius (Lucius Verus) (AD 166-167). Reported to have been found in an alabaster container. Mixed up with another hoard of  over 130 coins not identified.",,,,1977,,,,-300,-100,161,168,," - 1979 - Coin Hoards: volume V: 18, no. 62; Christiansen, E. - 1985 - The Roman coins of Alexandria. An inventory of hoards: 103, no. A 62",,Not available,,Dispersed. Handwritten list in London,,,,,,,,,,,1,Hoard,Egypt,,Centred on village/city,Marcus Aurelius,Marcus Aurelius,Unknown,Unknown,,Rural,Uncertain,,,,1,1,2,Vessel,Ring,Hoard created by Th. Faucher (Aug. 2016). Deleted the ”orphan” reference title C. Gazdac (Jul. 2017). Updated by C. Gazdac (May 2022).,Egypt
7805,KOM AUSHIM A63,91,"Karanis, Kawm Ushim; كوم أوشيم",,Kawm Ushim [كوم أوشيم],,Faiyum [الفيوم],Karanis,29.517775243459,30.903203996271,,91 tetradrachms of Alexandria in a small pot found during excavations. Range: Claudius I - Marcus Aurelius (AD 169-170).,,,,1895,,,1896,41,54,169,170,,"Milne, J. G. - 1898 - A history of Egypt under Roman rule: 218; Milne, J.G. - 1900 - VIII. The Coins: 65; Wroth, W. - 1897 - Greek coins acquired by the British Museum: 117; Milne J.G. - 1911 - The Roman Coinage of Alexandria: 30; Christiansen, E. - 1976 - The Roman coins of Alexandria. A preliminary report.: 243; Metcalf, W.E. - 1976 - Two Alexandrian Hoards: 76; Noeske, H.-C. - 2006 - Münzfunde aus Ägypten II. Die griechisch-römischen Münzfunde aus dem Fayum: 80-84; Christiansen, E. - 1985 - The Roman coins of Alexandria. An inventory of hoards: 103, no. A 63",,Available to enter,,"12 in London, 5 in Oxford. The rest dispersed. Detailed list in Oxford",,,1895,1896,,,,,,,1,Hoard,Egypt,,Centred on field,Marcus Aurelius,Marcus Aurelius,Controlled archaeological investigation,Archaeological site,Excavation,Rural,Uncertain,,,,2,1,2,Ceramic vessel,,Hoard created by Th. Faucher (Aug. 2016). Updated by M. Spoerri (May 2022). Updated by C. Gazdac (May 2022).,Egypt
7806,EGYPT A64,1300,Dattari E’09&quot;,,,,,,26.821,30.802,289.291,"1,300 Provincial bronze coins of Alexandria: . ’Acquired in Egypt by Dattari, who sold it to Milne and Currelly.’",,,,1909,,,,81,96,171,172,,"Christiansen, E. - 1985 - The Roman coins of Alexandria. An inventory of hoards: 104, no. A64",,Not available,,"Partly in Oxford, partly in Toronto.",,,,,,,,,,,1,Hoard,Egypt,,,Marcus Aurelius,Marcus Aurelius,Unknown,Unknown,,Uncertain,Uncertain,,,,1,1,1,,,Hoard created by Th. Faucher (Aug. 2016). Updated by C. Gazdac (May 2022).,Egypt
7808,EGYPT A66,50,,,,,,,26.821,30.802,289.291,50 denarii: Vespasian - Marcus Aurelius (AD 161-180). No information about circumstances.,,,,1905,,,1906,69,79,161,180,,"Dattari, G. - 1906 - I venti medaglioni d&#039;Abukir: p. 58; Christiansen, E. - 1985 - The Roman coins of Alexandria. An inventory of hoards: 104, no. A 66",,Not available,,Dispersed,,,,,,,,,,,1,Hoard,Egypt,,,Marcus Aurelius,Marcus Aurelius,Unknown,Unknown,,Uncertain,Uncertain,,,,1,1,2,,,Hoard created by Th. Faucher (Aug. 2016).,Egypt
7809,MALLAWI A67,800,Manlau,,Mallawi [ملوي],Mallawi [ملوي],Minya [محافظة],,27.733,30.84,54.379,c. 800 aurei: Hadrian - Commodus (AD 180-192). No further information given.,,,,1901,,,1903,117,138,180,192,,"Dattari, G. - 1904 - I medaglioni d&#039;oro cosidetti di Aboukir: 16; Eddé, J. - 1905 - Les trouvailles des trésors monétaires en Egypte: 129; Christiansen, E. - 1985 - The Roman coins of Alexandria. An inventory of hoards: 104, no. A67; Savio, A. and Cavagna, Al. - 2016 - L’Egitto e la moneta d’oro (I-III sec. d.C.): 223, no. 31",,Not available,,Probably dispersed,,,,,,,,,,,1,Hoard,Egypt,,Centred on village/city,Commodus,Commodus,Unknown,Unknown,,Rural,Uncertain,,,,1,1,1,,,Hoard created by Th. Faucher (Aug. 2016). Updated by C. Gazdac (Apr. 2023).,Egypt
7810,TELL SAKHA A68,1200,"Tell Sakha A68, Sakha/Xois, سخا",,Sakha [سخا],,Kafr El Sheikh [ كفر الشيخ],Xois,31.087,30.949,7.844,"Around 1,200 aurei (according to Savio/Cavagna): Nero - Commodus (AD 180-192). Reported to have contained thousands of coins. The main part had been dispersed before the rest was confiscated.",,,,1930,,,,54,68,180,192,,"Breccia, E. - 1932 - Le Musée gréco-romain, 1925-1932: p. 67; Christiansen, E. - 1985 - The Roman coins of Alexandria. An inventory of hoards: 104, no. A68; Savio, A. and Cavagna, Al. - 2016 - L’Egitto e la moneta d’oro (I-III sec. d.C.): 223, no. 32",,Not available,,"Museum of Alexandria, Egypt (299 coins)",,,,,,,,,,,1,Hoard,Egypt,,Centred on village/city,Commodus,Commodus,Unknown,Unknown,,Rural,Uncertain,,,,1,1,2,,,Hoard created by Th. Faucher (Aug. 2016). Updated by C. Gazdac (Apr. 2023).,Egypt
7822,SHEICH-ZUEID,845,Bitylion; Sheik Zweid; الشيخ زويد,,Sheikh Zuweid [الشيخ زويد],Sheikh Zuweid [الشيخ زويد],North Sinai Governorate [محافظة شمال سيناء],Bitylion,31.2204,34.0988,99,"The hoard comprised around 845 provincial bronze coins from the reigns of Trajan to Philip I. 40 of them are now in the Israel museum, the rest was dispersed.",,,,,,,1975,98,117,244,249,," - 1975 - Coin Hoards: volume I: 34, no. 124; Waner, M. - 1998 - Roman and Byzantine Coin Hoards From the Land of Israel. Catalogue and Analysis (in Hebrew); Waner, M. and Safrai, Z. - 2001 - A Catalogue of Coin Hoards and the Shelf Life of Coins in Palestine Hoards during the Roman and Byzantine Periods: no. 123",,Not available,,Israel Museum (part),,,,,,,,,,,1,Hoard,Egypt,,Centred on village/city,Philip I,Philip I,Unknown,Unknown,,Rural,Uncertain,,,,1,1,1,,,"J. Goldman (August 2016). Updated by C. Gazdac (May 2022). Ancient place name added (M. Spoerri, May 2022). Updated by M. Spoerri (Nov. 2022 / April 2024).",Egypt
7842,BENHA A70,102,,,,,,,26.821,30.802,289.291,Gift from the general direction of Le Service des Antiquités. Roman Imperial (small coins). Vespasien to Clodius Albinus. No further information given.,,,,,,,,69,79,193,197,,"E. Breccia - 1914 - Alexandria ad Aegyptum, Guide de la ville ancienne et moderne et du musée gréco-romain: p. 314; Christiansen, E. - 1985 - The Roman coins of Alexandria. An inventory of hoards: 105, no. A 70",,Not available,,,,,,,,,,,,,1,Hoard,Egypt,,,Clodius Albinus,Clodius Albinus,Unknown,Unknown,,Uncertain,Uncertain,,,,1,1,1,,,Hoard created by Th. Faucher (Aug. 2016). Updated by C. Gazdac (June 2023).,Egypt
7843,EGYPT A71,0,,,,,,,26.821,30.802,289.291,Unknown number of bronze coins. Reported together with hoard A72. Greek imperials? Especially Septimius Severus and his family.,,,,1903,,,,,,193,211,,"Dattari, G. - 1903 - Appunti di numismatica alessandrina: 285; Christiansen, E. - 1985 - The Roman coins of Alexandria. An inventory of hoards: 105, no. A 71",,Not available,,Dispersed,,,,,,,,,,,1,Hoard,Egypt,,,Septimius Severus,Septimius Severus,Unknown,Unknown,,Uncertain,Uncertain,,,,1,1,1,,,Hoard created by Th. Faucher (Aug. 2016). Updated by C. Gazdac (May 2022).,Egypt
7845,EGYPT A72,0,,,,,,,26.821,30.802,289.291,"Unknown number of coins Reported together with hoard A71. Greek Imperials, especially Septimius Severus and his family.",,,,1903,,,,,,193,211,,"Dattari, G. - 1903 - Appunti di numismatica alessandrina: 285; Christiansen, E. - 1985 - The Roman coins of Alexandria. An inventory of hoards: 105-106, A 72",,Not available,,Dispersed,,,,,,,,,,,1,Hoard,Egypt,,,Septimius Severus,Septimius Severus,Unknown,Unknown,,Uncertain,Uncertain,,,,1,1,1,,,Hoard created by Th. Faucher (Aug. 2016). Updated by C. Gazdac (May 2022).,Egypt
7847,ALEXANDRIA A74,0,,,Alexandria [الإسكندرية],,,Alexandria (Egypt),31.2,29.919,9.271,? Roman imperial sestertii of the 3rd century AD. No further information.,,,,,,,,,,200,293,,"Milne, J. G. - 1908 - The copper coinage of the Ptolemies: p. 39; Christiansen, E. - 1985 - The Roman coins of Alexandria. An inventory of hoards: 106, no. A74",,Not available,,,,,,,,,,,,,1,Hoard,Egypt,,,Uncertain,Uncertain,Unknown,Unknown,,Urban,Uncertain,,,,2,1,1,,,Hoard created by Th. Faucher (Aug. 2016).,Egypt
7849,EL MINYA A75,4,Minieh; المنيا,,Minya [المنيا],,Minya [المنيا],,28.097187355272,30.753123922739,,"Four aurei, most likely coming from a hoard, acquired by Evans for his private collection: Antoninus Pius, Faustina I (Diva), Marcus Aurelius (Caesar), Julia Domna.",,,,1897,,,,145,161,196,211,,"Evans, J. - 1902 - On some rare or unpublished Roman coins: 349-351; Christiansen, E. - 1985 - The Roman coins of Alexandria. An inventory of hoards: 106, no. A75; Savio, A. and Cavagna, Al. - 2016 - L’Egitto e la moneta d’oro (I-III sec. d.C.): 223, no. 33",,Entered,,4 coins acquired by Evans,,,,,,,,,,,1,Hoard,Egypt,,Centred on village/city,Septimius Severus,Septimius Severus,Unknown,Unknown,,Rural,Uncertain,,,,1,1,4,,,Hoard created by Th. Faucher (Aug. 2016). Updated by C. Gazdac (Apr. 2023).,Egypt
7852,FAIYUM A77 - UNKNOWN SITE,3000,"Krokodilopolis; Shedet, Arsinoe, Ptolemais Euergetisالفيوم",,Faiyum [الفيوم],,Faiyum [الفيوم],,29.308,30.843,30.732,"3000 Alexandrian drachms. No further details. ’Briefly mentioned (together with hoards nos. 7-8) in a letter to Milne by Dattari, who examined 2/3 of the hoard.’",,,,1918,,,,,,1,295,,"Christiansen, E. - 1985 - The Roman coins of Alexandria. An inventory of hoards: 106, no. A 77; Noeske, H.-C. - 2006 - Münzfunde aus Ägypten II. Die griechisch-römischen Münzfunde aus dem Fayum: 417",,Not available,,Dispersed,,,,,,,,,,,1,Hoard,Egypt,,Centred on village/city,Uncertain,Uncertain,Unknown,Unknown,,Uncertain,Uncertain,,,,1,1,1,,,Hoard created by Th. Faucher (Aug. 2016). Bibliography updated by M. Spoerri (May 2022). Updated by C. Gazdac (May 2022).,Egypt
7853,TELL EL-MASKHUTA A78,313,Heroonpolis,,Abu Suwir [عزبة الأعصر],,Ismailia [الإسماعيلية],Heroonpolis,30.552,32.099,10.518,313 billon Alexandrian tetradrachms: Claudius I - Caracalla (Geta) (AD 211-212). ’Purchased by Currelly and Frost from &quot;native diggers&quot;.’,,,,1905,,,,41,54,211,212,,"Milne J.G. - 1911 - The Roman Coinage of Alexandria: 30; Christiansen, E. - 1976 - The Roman coins of Alexandria. A preliminary report.: 243; Christiansen, E. - 1985 - The Roman coins of Alexandria. An inventory of hoards: 107, no. A78",,Not available,,"’Selection in Oxford, where there is also a handwritten list (Milne); some of the rest are probably in Toronto’",,,,,,,,,,,1,Hoard,Egypt,,Centred on field,Caracalla,Caracalla,Unknown,Unknown,,Rural,Uncertain,,,,1,1,2,,,Hoard created by Th. Faucher (Aug. 2016). Updated by C. Gazdac (May 2022).,Egypt
7854,ALEXANDRIA A79,88,,,Alexandria [الإسكندرية],,,Alexandria (Egypt),31.2,29.919,9.271,"3 AR, 85 AE. Some foundation deposits under floor of piscina from the reconstruction and enlargement of Sarapeum.",,,,1945,,,,98,117,193,211,,"Rowe A. - 1946 - Discovery of the famous temple and enclosure of Serapis at Alexandria: p. 61; Rowe A., Rees B. - 1957 - The Great Serapeum of Alexandria: p. 499",,Not available,,,,,,,,Some foundation deposits under floor of piscina from the reconstruction and enlargement of Serapeum. Reg. nos. P I 0091 /94.,,,,,1,Hoard,Egypt,,,Septimius Severus,Septimius Severus,Unknown,Unknown,,Urban,Temple or shrine,,,,2,2,2,,,Hoard created by Th. Faucher (Aug. 2016).,Egypt
7859,EGYPT A80,152,,,,,,,26.821,30.802,289.291,152 denarii: Vespasian - Caracalla (AD 211-217). Circumstances of find not known.,,,,1902,,,,69,79,211,217,,"Dattari, G. - 1903 - Appunti di numismatica alessandrina: p. 285; Christiansen, E. - 1985 - The Roman coins of Alexandria. An inventory of hoards: A80",,Not available,,,,,,,,,,,,,1,Hoard,Egypt,,,Caracalla,Caracalla,Unknown,Unknown,,Uncertain,Uncertain,,,,,,,,,Hoard created by Th. Faucher (Aug. 2016). Updated by C. Gazdac (June 2023).,Egypt
7860,TELL UMM EL-BREIGAT A81,2,Tebtunis 1900; Um El Borigat أم البريجات,,Ezbet Adam Ghaleb [عزبة ادم غالب],Atsa [أطسا],Faiyum [الفيوم],Tebtynis/Theodosioupolis?,29.107,30.762,26.123,"Two coins: 1 Alexandrian bronze of Vespasian, 1 provincial bronze of Elagabalus found together with 6 lead tokens (produced in Memphis) during excavations.",,14,12,1900,,,,69,79,218,222,,"Milne, J. G. - 1935 - Report on Coins Found at Tebtunis in 1900: 213; no. 6; Christiansen, E. - 1985 - The Roman coins of Alexandria. An inventory of hoards: 107, no. A 81; Noeske, H.-C. - 2006 - Münzfunde aus Ägypten II. Die griechisch-römischen Münzfunde aus dem Fayum: 346-347; de Longperier, A. - 1861 - Monnaies du Sérapéum de Memphis. Trouvaille de Myt-Rahineh, Maronan Thracioe, Aegae, Lete Macedoniae, Aegina insula, Corinthus, Eretria Euboeae, Cens insula, Naxus insula, Chalcedon Bithyniae, Teos loniae, Chius insula, Cos insula, Samus insula, Lycia...: 407",,Entered,,"Museum of Anthropology of the University of California, Berkeley, USA (1935)",Drs. Grenfell and Hunt,"&quot;A little parcel in the box of miscellaneous coins proved to be of special interest: it waswrapped in a paper marked, in Dr. Grenfell’s hand, ’Dec. 14. Together’; and the contentswere two bronze and six leaden pieces.&quot; (Milne 1935, 213).",,,,,,,,,1,Group of single finds,Egypt,,Centred on field,Elagabalus,Elagabalus,Controlled archaeological investigation,Archaeological site,Excavation,Rural,Uncertain,,,,1,1,2,,Token,Hoard created by Th. Faucher (Aug. 2016). Bibliography updated by M. Spoerri (May 2022). Updated by C. Gazdac (May 2022).,Egypt
7862,DELTA A83,32,,,,,,,30.883,31.025,5,"32 bronze coins of Alexandria: Vespasian - Severus Alexander (Julia Mamaea) (AD 222-235). Most likely, part of a larger hoard.",,,,,,,,69,79,222,235,,"Christiansen, E. - 1985 - The Roman coins of Alexandria. An inventory of hoards: 108, no. 83",,Not available,,"Museum, Cairo (on display in 1980)",,,,,,,,,,,1,Hoard,Egypt,,Generated from computer mapping,Severus Alexander,Severus Alexander,Unknown,Unknown,,,,,,,,,,,,Hoard created by Th. Faucher (Aug. 2016). Updated by C. Gazdac (May 2022).,Egypt
7863,BATN IHRIT A84,20,"THEADELPHIA I; Theadelphia 1902 A; Θεαδέλφεια, Batn el-Harit; Kharabet Ihrit",,Batn Ahrit (Al Khawagat Previous) [بطن أهريت (الخواجات سابقاًً],Ibshaway [إبشواي],Faiyum [الفيوم],Theadelphia,29.333,30.568,6.178,20 Alexandrian bronzes found in ceramic vessel in the courtyard just in front of a door during excavations of a house. Ranking: Cleopatra VII - Severus Alexander (AD 222-235).,,,,1902,,,,-52,-31,222,235,,"Regling, K. - 1912 - Münzschatz aus Theadelphia: 115-117; Christiansen, E. - 1985 - The Roman coins of Alexandria. An inventory of hoards: 108, no. A 84; Noeske, H.-C. - 2006 - Münzfunde aus Ägypten II. Die griechisch-römischen Münzfunde aus dem Fayum: 360-362; Rubensohn, O. - 1905 - Aus griechisch-römischen Häusern des Fayum: part. 11ff.",,Available to enter,,"Münzkabinett, Berlin (in 1912)","Rubensohn, Otto",,1902,1902,,"In the House of Come (Rubble place). In the courtyard, the north-east corner, in a room enclosed by a small wall, several large storage jars were found, one of which contained a number of wooden spindles.",,,Wooden spindles,,1,Hoard,Egypt,,Centred on field,Severus Alexander,Severus Alexander,Controlled archaeological investigation,Archaeological site,Excavation,Rural,Industrial building; Room,,,,3,3,3,Ceramic vessel,,"Hoard created by Th. Faucher (Aug. 2016). Updated by M. Spoerri (Jan. 2022). Updated by C. Gazdac (Apr. 2022). Updated by M. Spoerri (bibliography, May 2022).",Egypt
7864,QIFT A85,0,,,Qift [قفط],,Qena [قنا],Coptos,25.995,32.819,76.556,"Unknown precise number of billon provincial coins of Alexandria. Large number of coins, Nero-Trajan Decius. One or several hoards?",,,,1891,,,1900,54,68,249,251,,"Dattari, G. - 1900 - Appunti di numismatica alessandrina: 270; Christiansen, E. - 1985 - The Roman coins of Alexandria. An inventory of hoards: 109, no. A85",,Not available,,Dispersed,,,,,,,,,,,1,Hoard,Egypt,,Centred on village/city,Trajan Decius,Trajan Decius,Unknown,Unknown,,Rural,Uncertain,,,,1,1,1,,,Hoard created by Th. Faucher (Aug. 2016). Updated by C. Gazdac (May 2022).,Egypt
7865,TELL EL-MASKHUTA A86,162,Heroonpolis,,Abu Suwir [عزبة الأعصر],,Ismailia [الإسماعيلية],Heroonpolis,30.552,32.099,10.518,162 billon Alexandrian tetradrachms: Claudius I - Trebonianus Gallus (AD 252-253). ’Purchased by Currelly and Frost from &quot;native diggers&quot;.’,,,,1905,,,,41,54,252,253,,"Milne J.G. - 1911 - The Roman Coinage of Alexandria: 30; Christiansen, E. - 1976 - The Roman coins of Alexandria. A preliminary report.: 243; Christiansen, E. - 1985 - The Roman coins of Alexandria. An inventory of hoards: 109, no. A86",,Not available,,,,,,,,,,,,,1,Hoard,Egypt,,Centred on field,Trebonianus Gallus,Trebonianus Gallus,Unknown,Unknown,,Rural,Uncertain,,,,1,1,2,,,Hoard created by Th. Faucher (Aug. 2016). Updated by C. Gazdac (May 2022).,Egypt
7866,EL ARISH,16000,North Sinai 1963,,el Arish [العريش],,North Sinai,,31.132093,33.8032762,0,"The hoard comprised around 16,000 antoniniani, found around 1963. Nothing further is known about it.",,,,1963,,,,215,296,215,296,,"King, C. E. and Spaer, A. - 1977 - A Hoard of Folles from Northern Sinai: p. 66",,Not available,,Unknown,,"&quot;It has also been reported that about 1963 16,000 antoniniani were found in the same area. We cannot, however, now learn precisely where these pieces were found and the hoard is long-since dispersed&quot; (King and Spaer 1977, 66).",,,,,,,,,1,Hoard,Egypt,,Centred on village/city,Uncertain,Uncertain,Unknown,Unknown,,Uncertain,Uncertain,,,,1,1,1,,,J. Goldman (22.08.16). Updated by M. Spoerri (Feb. 2024).,Egypt
7867,TELL EL-MASKHUTA A87,39,Heroonpolis,,Abu Suwir [عزبة الأعصر],,Ismailia [الإسماعيلية],Heroonpolis,30.552,32.099,10.518,39 billon Alexandrian tetradrachms: Claudius I - Valerian I and Gallienus (AD 255-256). Purchased by Currelly and Frost from &quot;native diggers&quot;.,,,,1905,,,,41,54,255,256,,"Milne J.G. - 1911 - The Roman Coinage of Alexandria: 30; Christiansen, E. - 1976 - The Roman coins of Alexandria. A preliminary report.: 243; Christiansen, E. - 1985 - The Roman coins of Alexandria. An inventory of hoards: 110",,Not available,,"’Selection in Oxford, where there is also a handwritten list (Milne); some of the rest are probably in Toronto’",,,,,,,,,,,1,Hoard,Egypt,,Centred on field,Valerian I and Gallienus,Valerian I and Gallienus,Unknown,Unknown,,Rural,Uncertain,,,,1,1,2,,,Hoard created by Th. Faucher (Aug. 2016). Updated by C. Gazdac (May 2022).,Egypt
7868,KOM AUSHIM A88,40,"Karanis 1933-34, hoard 30A",,Kom Aushim [كوم أوشيم],,Faiyum [الفيوم],Karanis,29.51977,30.90198,25.832,40 billon tetradrachms of Alexandria: Hadrian - VAlerian I and Gallienus (AD 257-258) found at floor level of a room during excavations of a house.,,,,1933,,,1934,132,133,257,258,,"Numismatist - 1934: 478; Noeske, H.-C. - 2006 - Münzfunde aus Ägypten II. Die griechisch-römischen Münzfunde aus dem Fayum: 86-87; Haatvedt, R. A., Peterson, E. E. and Husselman, E. M. - 1964 - Coins from Karanis : the University of Michigan excavations, 1924-1935: 70, hoard 30 A; Christiansen, E. - 1985 - The Roman coins of Alexandria. An inventory of hoards: 110, no. A 88",,Available to enter,,"34 coins in Ann Arbor, the rest in various Egyptian museums",,,1933,1934,,Found at floor level of a room during excavations of a house.,,,,,1,Hoard,Egypt,,Centred on village/city,Valerian I and Gallienus,Valerian I and Gallienus,Controlled archaeological investigation,Archaeological site,Excavation,Rural,Domestic building,,Floor,,1,2,2,,,"Hoard created by Th. Faucher (Aug. 2016). Deleted the ”orphan” reference title, C. Gazdac (Jul. 2017). Updated (bibliography) by M. Spoerri (May 2022). Updated by C. Gazdac (May 2022).",Egypt
7869,TELL EL-MASKHUTA A89,131,Heroonpolis,,Abu Suwir [عزبة الأعصر],,Ismailia [الإسماعيلية],Heroonpolis,30.552,32.099,10.518,131 billon Alexandrian tetradrachms: Nero - Valerian I and Gallienus (AD 258-259). Purchased by Currelly and Frost from &quot;native diggers&quot;.,,,,1905,,,,54,68,258,259,,"Milne J.G. - 1911 - The Roman Coinage of Alexandria: 30; Christiansen, E. - 1976 - The Roman coins of Alexandria. A preliminary report.: 243; Christiansen, E. - 1985 - The Roman coins of Alexandria. An inventory of hoards: 110, no. A89",,Not available,,"’Selection in Oxford, where there is also a handwritten list (Milne); some of the rest are probably in Toronto.’",,,,,,,,,,,1,Hoard,Egypt,,Centred on field,Valerian I and Gallienus,Valerian I and Gallienus,Unknown,Unknown,,Rural,Uncertain,,,,1,1,2,,,Hoard created by Th. Faucher (Aug. 2016). Updated by C. Gazdac (May 2022).,Egypt
7872,ALEXANDRIA A92,1288,الإسكندرية,,Alexandria [الإسكندرية],,Alexandria [الإسكندرية],Alexandria (Egypt),31.2,29.919,9.271,"c. 1300 billon provincial coins of Alexandria: Vespasian - Gallienus (sole) (AD 260-261). ’Common terracotta vase buried in a fairly deep hole, dug out in the sandstone. Found during excavations for a monumental tomb in the Armenian cemetery.’",,,,1916,,,,69,79,260,261,,"Breccia, E. - 1919 - Un ripostiglio di monete imperiale alessandrie; Christiansen, E. - 1976 - The Roman coins of Alexandria. A preliminary report.: 243",,Available to enter,,"Museum, Alexandria (part of it)",,,,,,,,,,,1,Hoard,Egypt,,Centred on village/city,Gallienus (sole),Gallienus (sole),Building work,Land dedicated to the display of a monument,Excavation,Urban,Cemetery,,,,2,2,3,Ceramic vessel,,Hoard created by Th. Faucher (Aug. 2016). Updated by C. Gazdac (May 2022).,Egypt
7873,ALEXANDRIA A93,26,الإسكندرية,,Alexandria [الإسكندرية],,Alexandria [الإسكندرية],Alexandria (Egypt),31.2061,29.9262,16.1,"A hoard of 25 aurei (Faustina I - Trajan Decius), one medallion of Gallienus and 16 articles of jewellery, found at Octavian Augustus Street in the ancient Jewish quarter in Alexandria.",,29,9,1930,,,,145,161,260,268,,"Breccia, E. - 1932 - Le Musée gréco-romain, 1925-1932: 27-29; Christiansen, E. - 1985 - The Roman coins of Alexandria. An inventory of hoards: A93; Savio, A. and Cavagna, Al. - 2016 - L’Egitto e la moneta d’oro (I-III sec. d.C.): 224, no. 36",,Available to enter,,Alexandria museum,,,,,,,,,,,1,Hoard,Egypt,,Centred on field,Gallienus (sole),Gallienus (sole),Building work,Built over,,Urban,Uncertain,,,,2,1,3,,Ring; Necklace; Bracelet; Bracelet; Necklace; Stone; Metal piece; Colonette,Hoard created by Th. Faucher (Aug. 2016). Updated by M. Spoerri (Nov. 2021).Updated by C. Gazdac (Apr. 2023).,Egypt
7881,KOM AUSHIM A94,747,"Karanis 1933-34, hoard 32",,Kom Aushim [كوم أوشيم],,Faiyum [الفيوم],Karanis,29.52005,30.90226,25.832,Over 747 billon tetradrachms of Alexandria: Vespasian - Gallienus (sole) (AD 262-263) found in a pile on the floor of an underground room during excavations of a house.,,,,1933,,,1934,69,69,262,263,,"Numismatist - 1934: 478; Haatvedt, R. A., Peterson, E. E. and Husselman, E. M. - 1964 - Coins from Karanis : the University of Michigan excavations, 1924-1935: 72-79, hoard 32; Christiansen, E. - 1985 - The Roman coins of Alexandria. An inventory of hoards: 111, no. A 94; Noeske, H.-C. - 2006 - Münzfunde aus Ägypten II. Die griechisch-römischen Münzfunde aus dem Fayum: 92-106",,Available to enter,,"744 in Ann Arbor, the rest in various Egyptian museums",,,1933,1934,,Found in a pile on the floor of an underground room during excavations of a house.,,,,,1,Hoard,Egypt,,Centred on village/city,Gallienus (sole),Gallienus (sole),Controlled archaeological investigation,Archaeological site,Excavation,Rural,Domestic building; Room,,,,1,2,2,,,Hoard created by Th. Faucher (Aug. 2016). Bibliography updated by M. Spoerri (May 2022). Updated by C. Gazdac (May 2022).,Egypt
7883,KOM AUSHIM A95,76,"Karanis 1933-34, hoard 14",,Kom Aushim [كوم أوشيم],,Faiyum [الفيوم],Karanis,29.52004,30.90225,25.832,76 billon tetradrachms of Alexandria: Nero - Gallinus (sole) (AD 262-263) found in a disintegrated cloth bag at floor level in room during excavations of a house.,,,,1933,,,1934,63,64,262,263,,"Numismatist - 1934: 478; Noeske, H.-C. - 2006 - Münzfunde aus Ägypten II. Die griechisch-römischen Münzfunde aus dem Fayum: 88-92; Haatvedt, R. A., Peterson, E. E. and Husselman, E. M. - 1964 - Coins from Karanis : the University of Michigan excavations, 1924-1935: 20-22, hoard 14; Christiansen, E. - 1985 - The Roman coins of Alexandria. An inventory of hoards: 112, no. A 95",,Available to enter,,Ann Arbor,,,1933,1934,,Found in a disintegrated cloth bag at floor level in room during excavations of a house.,,,,,1,Hoard,Egypt,,Centred on field,Gallienus (sole),Gallienus (sole),Controlled archaeological investigation,Archaeological site,Excavation,Rural,Domestic building,,Floor,,2,2,2,Textile bag,,Hoard created by Th. Faucher (Aug. 2016). Bibliography updated by M. Spoerri (May 2022). Updated by C. Gazdac (May 2022). Updated by M. Spoerri (Nov. 2023).,Egypt
7884,KOM AUSHIM A96,57,"Karanis 1933-34, hoard 15",,Kom Aushim [كوم أوشيم],,Faiyum [الفيوم],Karanis,29.52003,30.90224,25.832,57 billon: Hadrian - Gallienus (Salonina) (AD 264-265) found as an unprotected heap on the floor of an underground room during excavations of a house. Range: Hadrian - Gallienus (AD 260-268).,,,,1933,,,1934,137,138,264,265,,"Numismatist - 1934: 478; Haatvedt, R. A., Peterson, E. E. and Husselman, E. M. - 1964 - Coins from Karanis : the University of Michigan excavations, 1924-1935: 23, hoard 15; Christiansen, E. - 1985 - The Roman coins of Alexandria. An inventory of hoards: 112, hoard A 96; Noeske, H.-C. - 2006 - Münzfunde aus Ägypten II. Die griechisch-römischen Münzfunde aus dem Fayum: 106-107",,Available to enter,,"37 in Ann Arbor, the rest in various Egyptian museums",,,1933,1934,,Found during excavations beneath the floor of an underground room of a house.,,,,,1,Hoard,Egypt,,Centred on village/city,Gallienus (sole),Gallienus (sole),Controlled archaeological investigation,Archaeological site,Excavation,Rural,Domestic building,,Floor,,2,2,2,,,Hoard created by Th. Faucher (Aug. 2016). Bibliography updated by M. Spoerri (May 2022). Updated by C. Gazdac (May 2022).,Egypt
7885,UPPER EGYPT A97,1000,,,,,Upper Egypt [صعيد مصر],,25.687,32.64,85.616,"1,000 billon Alexandrian tetradrachms ’Acquired by Dattari, who sold it to Milne.’",,,,1905,,,,218,222,260,261,,"Milne J.G. - 1911 - The Roman Coinage of Alexandria: 30; Christiansen, E. - 1976 - The Roman coins of Alexandria. A preliminary report.: 243; Christiansen, E. - 1985 - The Roman coins of Alexandria. An inventory of hoards: 112, no. A97",,Not available,,"Partly in Oxford, partly in Toronto. Detailed list in Oxford",,,,,,,,,,,1,Hoard,Egypt,,,Macrianus and Quietus,Macrianus and Quietus,Unknown,Unknown,,Uncertain,Uncertain,,,,1,1,2,,,Hoard created by Th. Faucher (Aug. 2016). Updated by C. Gazdac (May 2022).,Egypt
7886,KOM AUSHIM A98,860,"Karanis 1925, hoard 1",,Kom Aushim [كوم أوشيم],,Faiyum [الفيوم],Karanis,29.52002,30.90223,25.832,860 billon tetradrachms: Marcus Aurelius - Claudius II (AD 268-269) found during excavations beneath the floor of an underground room of a house.,,,,1925,,,,161,180,268,269,,"Milne, J.G. and Hayter A.G.K. - 1933 - Three coin hoards: 60-70; Numismatist - 1934: 478; Christiansen, E. - 1976 - The Roman coins of Alexandria. A preliminary report.: 243; Christiansen, E. - 1985 - The Roman coins of Alexandria. An inventory of hoards: 113, no. A 98; Haatvedt, R. A., Peterson, E. E. and Husselman, E. M. - 1964 - Coins from Karanis : the University of Michigan excavations, 1924-1935: 13, hoard 1; Noeske, H.-C. - 2006 - Münzfunde aus Ägypten II. Die griechisch-römischen Münzfunde aus dem Fayum: 107-109",,Available to enter,,849 in Ann Arbor. The rest in various Egyptian museums,,,1925,,,Found during excavations beneath the floor of an underground room of a house.,,,,,1,Hoard,Egypt,,Centred on village/city,Claudius II,Claudius II,Controlled archaeological investigation,Archaeological site,Excavation,Rural,Domestic building,,Floor,,2,2,2,,,Hoard created by Th. Faucher (Aug. 2016). Updated by C. Gazdac (May 2022). Updated (bibliography) by M. Spoerri (May 2022).,Egypt
7891,KOM AUSHIM A99,36,Karanis n° 28,,Kom Aushim [كوم أوشيم],,Faiyum [الفيوم],Karanis,29.52001,30.90222,25.832,"36 billon provincial coins of Alexandria: Balbinus and Pupienus (Gordian III Caesar) - Claudius II (AD 270-271) found in a jar, placed upright with its top just beneath floor level in a corner, during excavations of a house.",,,,1933,,,1934,238,238,270,271,,"Numismatist - 1934: 478; Noeske, H.-C. - 2006 - Münzfunde aus Ägypten II. Die griechisch-römischen Münzfunde aus dem Fayum: 110-111; Haatvedt, R. A., Peterson, E. E. and Husselman, E. M. - 1964 - Coins from Karanis : the University of Michigan excavations, 1924-1935: 58-59, hoard 28; Christiansen, E. - 1985 - The Roman coins of Alexandria. An inventory of hoards: 113, hoard A 99",,Available to enter,,"32 in Ann Arbor, the rest in Cairo",,,1933,1934,,"Found in a jar, placed upright with its top just beneath floor level in a corner, during excavations of a house.",,,,,1,Hoard,Egypt,,Centred on village/city,Claudius II,Claudius II,Controlled archaeological investigation,Archaeological site,Excavation,Rural,Domestic building,,Floor,,2,2,2,Ceramic jar,,Hoard created by Th. Faucher (Aug. 2016). Bibliography updated by M. Spoerri (May 2022; Nov. 2023).,Egypt
7899,EGYPT A103,1128,Dattari B’07,,,,,,26.821,30.802,289.291,"1,126 billon Alexandrian tetradrachms, 2 Ptolemaic bronze coins: Ptolemaic dynasty - Aurelian (AD 270-275). ’Acquired in Egypt by Dattari, who sold it to Milne and Currelly’.",,,,1907,,,,-100,-40,270,275,,"Milne J.G. - 1911 - The Roman Coinage of Alexandria: 30; Christiansen, E. - 1976 - The Roman coins of Alexandria. A preliminary report.: 243-; Christiansen, E. - 1985 - The Roman coins of Alexandria. An inventory of hoards: 114, no. A103",,Not available,,"Partly in Oxford, partly in Toronto. Detailed list in Oxford",,"&quot;Milne thought that it was made up from two distinct lots, yet always listed them asone hoard.&quot;",,,,,,,,,1,Hoard,Egypt,,,Aurelian,Aurelian,Unknown,Unknown,,Uncertain,Uncertain,,,,1,1,2,,,Hoard created by Th. Faucher (Aug. 2016). Updated by C. Gazdac (May 2022).,Egypt
7907,EGYPT A102,3000,,,,,,,26.820553,30.802498,289.29125976562,"Over 3,000 billon coins of Alexandria offered for sale in Cairo to Dattari. &quot;Many Aurelianus, some Claudius and perhaps 1/4 Gallienus.&quot; The sale did not take place.",,,,1912,,,,260,268,270,275,,"Christiansen, E. - 1985 - The Roman coins of Alexandria. An inventory of hoards: 114. no. A 102",,Not available,,Dispersed,,,,,,,,,,,1,Hoard,Egypt,,,Aurelian,Aurelian,Unknown,Unknown,,Uncertain,Uncertain,,,,1,1,1,,,Hoard created by Th. Faucher (Aug. 2016). Updated by C. Gazdac (May 2022).,Egypt
7908,EGYPT A104,1839,Dattari C’07,,,,,,26.821,30.802,289.291,"1,839 coins: 1,834 billon Alexandrian tetradrachms, 5 Ptolemaic bronze coins: Ptolemaic dynasty - Aurelian (AD 270-275). &quot;Acquired in Egypt by Dattari, who sold it to Milne and Currelly’.",,,,1907,,,,-100,-40,270,275,,"Christiansen, E. - 1985 - The Roman coins of Alexandria. An inventory of hoards: 114-115, no. A104",,Not available,,"Partly in Oxford, partly in Toronto. Detailed list in Oxford",,,,,,,,,,,1,Hoard,Egypt,,,Aurelian,Aurelian,Unknown,Unknown,,Uncertain,Uncertain,,,,1,1,2,,,Hoard created by Th. Faucher (Aug. 2016). Updated by C. Gazdac (May 2022).,Egypt
7912,KOM AUSHIM A105,31,"Karanis 1924-35, hoard 5",,Kom Aushim [كوم أوشيم],,Faiyum [الفيوم],Karanis,29.52,30.90221,25.832,31 billon tetradrachms of Alexandria: Valerian I and Gallienus - Aurelian (AD 272-273) found in a pottery jar during excavations beneath the floor in room of a house.,,,,1924,,,1935,257,258,272,273,,"Numismatist - 1934: 478; Noeske, H.-C. - 2006 - Münzfunde aus Ägypten II. Die griechisch-römischen Münzfunde aus dem Fayum: 111-112; Haatvedt, R. A., Peterson, E. E. and Husselman, E. M. - 1964 - Coins from Karanis : the University of Michigan excavations, 1924-1935: 15-16, hoard 5; Christiansen, E. - 1985 - The Roman coins of Alexandria. An inventory of hoards: 115, no. A 105",,Available to enter,,Ann Arbor,,,1924,1935,,Found in a pottery jar during excavations beneath the floor in room of a house.,,,,,1,Hoard,Egypt,,Centred on village/city,Aurelian,Aurelian,Controlled archaeological investigation,Archaeological site,Excavation,Rural,Domestic building,,Floor,,2,2,2,Ceramic jar,,Hoard created by Th. Faucher (Aug. 2016). Bibliography updated by M. Spoerri (May 2022). Updated by C. Gazdac (May 2022).,Egypt
7917,KOM AUSHIM A107,192,Karanis n° 6,,Kom Aushim [كوم أوشيم],,Faiyum [الفيوم],Karanis,29.51999,30.9022,25.832,191 billon tetradrachms of Alexandria: Aurelian (AD 274-275) found in a pile at floor level in room during excavations of a house. 1 bronze coin of the Ptolemy V may be regarded as a intruder?,,,,1924,,,1935,-205,-180,274,275,,"Numismatist - 1934: 478; Haatvedt, R. A., Peterson, E. E. and Husselman, E. M. - 1964 - Coins from Karanis : the University of Michigan excavations, 1924-1935: 116, hoard 6; Christiansen, E. - 1985 - The Roman coins of Alexandria. An inventory of hoards: 115, no. A 107; Noeske, H.-C. - 2006 - Münzfunde aus Ägypten II. Die griechisch-römischen Münzfunde aus dem Fayum: 112-113",,Available to enter,,,,,1924,1935,,In a pile at floor level in room during excavations of a house.,,,,,1,Hoard,Egypt,,Centred on village/city,Aurelian,Aurelian,Controlled archaeological investigation,Archaeological site,Excavation,Rural,Domestic building,,Floor,,2,2,2,,,Hoard created by Th. Faucher (Aug. 2016). Bibliography updated by M. Spoerri (May 2022). Updated by C. Gazdac (May 2022). Updated by M. Spoerri (Nov. 2023).,Egypt
7918,KOM AUSHIM A108,22,Karanis n° 7,,Kom Aushim [كوم أوشيم],,Faiyum [الفيوم],Karanis,29.51998,30.90219,25.832,22 billon tetradrachms of Aurelian (AD 274-275) found on the still of a niche in a wall of a room during excavations of a house.,,,,1924,,,1935,270,271,274,275,,"Numismatist - 1934: 478; Haatvedt, R. A., Peterson, E. E. and Husselman, E. M. - 1964 - Coins from Karanis : the University of Michigan excavations, 1924-1935: 16-17, hoard 7; Christiansen, E. - 1985 - The Roman coins of Alexandria. An inventory of hoards: 115, no. A 108; Noeske, H.-C. - 2006 - Münzfunde aus Ägypten II. Die griechisch-römischen Münzfunde aus dem Fayum: 113-114",,Available to enter,,Ann Arbor,,,1924,1935,,Found on the still of a niche in a wall of a room during excavations of a house.,,,,,1,Hoard,Egypt,,Centred on village/city,Aurelian,Aurelian,Controlled archaeological investigation,Archaeological site,Excavation,Rural,Domestic building,,Wall,,2,2,2,,,Hoard created by Th. Faucher (Aug. 2016). Bibliography updated by M. Spoerri (May 2022). Updated by C. Gazdac (May 2022).,Egypt
7930,KOM AUSHIM A111,127,"Karanis 1933-34, hoard 20",,Kom Aushim [كوم أوشيم],,Faiyum [الفيوم],Karanis,29.51997,30.90218,25.832,127 tetradrachms of Alexandria: Claudius II - Carus (AD 282-283) found on the floor of an underground room during excavations of a house.,,,,1933,,,1934,268,269,282,283,,"Numismatist - 1934: 478; Dauwe, R.B.F. - 1981 - Coins circulating in Egypt during the last quarter of the third century A.D.: 7; Haatvedt, R. A., Peterson, E. E. and Husselman, E. M. - 1964 - Coins from Karanis : the University of Michigan excavations, 1924-1935: 41-42, hoard 20; Christiansen, E. - 1985 - The Roman coins of Alexandria. An inventory of hoards: 117, no. A 111; Noeske, H.-C. - 2006 - Münzfunde aus Ägypten II. Die griechisch-römischen Münzfunde aus dem Fayum: 118-120",,Available to enter,,"102 coins in Ann Arbor, the rest in Cairo",,,1933,1934,,On the floor of an underground room during excavations of a house.,,,,,1,Hoard,Egypt,,Centred on field,Carus,Carus,Controlled archaeological investigation,Archaeological site,Excavation,Rural,Domestic building,,Floor,,2,2,2,,,Hoard created by Th. Faucher (Aug. 2016). Bibliography updated by M. Spoerri (May 2022). Updated by C. Gazdac (May 2022).,Egypt
7931,KOM AUSHIM A112,416,Karanis no. 31,,Kom Aushim [كوم أوشيم],,Faiyum [الفيوم],Karanis,29.51996,30.90217,25.832,"416 billon tetradrachms of Alexandria: Gordian III - Carus (AD 282-283) found in the courtyard, having been stored in an amphora and placed in a bin, during excavations of a house.",,,,1933,,,1934,238,239,282,283,,"Numismatist - 1934: 478; Dauwe, R.B.F. - 1981 - Coins circulating in Egypt during the last quarter of the third century A.D.: 7; Haatvedt, R. A., Peterson, E. E. and Husselman, E. M. - 1964 - Coins from Karanis : the University of Michigan excavations, 1924-1935: 71-72, hoard 31; Christiansen, E. - 1985 - The Roman coins of Alexandria. An inventory of hoards: 117, no. A 112; Noeske, H.-C. - 2006 - Münzfunde aus Ägypten II. Die griechisch-römischen Münzfunde aus dem Fayum: 114-118",,Available to enter,,,,,1933,1934,,,,,,,1,Hoard,Egypt,,Centred on village/city,Carus,Carus,Controlled archaeological investigation,Archaeological site,Excavation,Rural,Domestic building; Room,,,,2,2,2,Amphora placed in a bin,,Hoard created by Th. Faucher (Aug. 2016). Bibliography updated by M. Spoerri (May 2022). Updated by C. Gazdac (May 2022).,Egypt
7932,GIRGA A113,1058,Lepidoton Polis; جرجا,,Girga [جرجا],,Sohag [مركز سوهاج],,26.3373,31.8892,,1058 billon provincial coins of Alexandria: Claudius II - Probus (AD 276-282).,,,,1947,,,,268,270,276,282,,"Christiansen, E. - 1985 - The Roman coins of Alexandria. An inventory of hoards: 117, no. A113",,Not available,,Dispersed,,Examined at the shop of a dealer of Antiquities.,,,,,,,,,1,Hoard,Egypt,,Centred on village/city,Probus,Probus,Unknown,Unknown,,Rural,Uncertain,,,,1,1,2,,,Hoard created by Th. Faucher (Aug. 2016). Updated by C. Gazdac (May 2022).,Egypt
7934,KOM AUSHIM A115,102,"Karanis 1933-34, hoard 26",,Kom Aushim [كوم أوشيم],,Faiyum [الفيوم],Karanis,29.51995,30.90216,25.832,102 tetradrachms of Alexandria: Aurelian and Diocletian (AD 286-287) found in a pile at floor level (along the wall of a room) during excavations of a house.,,,,1933,,,1934,270,271,285,286,,"Numismatist - 1934: 478; Haatvedt, R. A., Peterson, E. E. and Husselman, E. M. - 1964 - Coins from Karanis : the University of Michigan excavations, 1924-1935: 57, hoard 26; Christiansen, E. - 1985 - The Roman coins of Alexandria. An inventory of hoards: 118, no. A 115; Noeske, H.-C. - 2006 - Münzfunde aus Ägypten II. Die griechisch-römischen Münzfunde aus dem Fayum: 120-121",,Available to enter,,Ann Arbor,,,1933,1934,,In a pile at floor level (along the wall of a room) during excavations of a house.,,,,,1,Hoard,Egypt,,Centred on field,Diocletian (RIC V),Diocletian (RIC V),Controlled archaeological investigation,Archaeological site,Excavation,Rural,Domestic building,,Floor,,2,2,2,,,Hoard created by Th. Faucher (Aug. 2016). Bibliography updated by M. Spoerri (May 2022). Updated by C. Gazdac (May 2022).,Egypt
7935,DELTA A116,208,,,,,,,30.893,31.102,7.992,"202 billon tetradrachms and AE obols of Alexandria, 6 bronze coins illegible: Tiberius - Diocletian (AD 286-287). The coins listed are the coins on display.",,,,,,,,14,37,286,287,,"Matḥaf al-Miṣrī. - 1980 - The Egyptian Museum Cairo : a brief description of the principal monuments: 220; El-Khachab, A.M. - 1961 - O KARAKALLOS KOSMOKRATOR: 132; Christiansen, E. - 1985 - The Roman coins of Alexandria. An inventory of hoards: 118, no. A116",,Not available,,"Museum, Cairo, Egypt (on display in 1980)",,,,,,,,,,,1,Hoard,Egypt,,Generated from computer mapping,Diocletian (RIC V),Diocletian (RIC V),Unknown,Unknown,,Urban,Uncertain,,,,1,1,2,,,Hoard created by Th. Faucher (Aug. 2016). Updated by C. Gazdac (May 2022).,Egypt
7936,KOM AUSHIM A117,2891,"Karanis 1933-34, hoard 36",,Kom Aushim [كوم أوشيم],,Faiyum [الفيوم],Karanis,29.51994,30.90215,25.832,"Over 2,891 tetradrachms of Alexandria: Claudius II - Diocletian-Maximian (AD 287-288) found in an amphora beneath the floor, during excavations of a house.",,,,1933,,,1934,269,270,287,288,,"Numismatist - 1934: 478; Dauwe, R.B.F. - 1981 - Coins circulating in Egypt during the last quarter of the third century A.D.: 7; Bruun, P. - 1978 - Site finds and hoarding behaviour: 114; Haatvedt, R. A., Peterson, E. E. and Husselman, E. M. - 1964 - Coins from Karanis : the University of Michigan excavations, 1924-1935: 89-92, hoard 36; Christiansen, E. - 1985 - The Roman coins of Alexandria. An inventory of hoards: 118-119, no. A 117; Noeske, H.-C. - 2006 - Münzfunde aus Ägypten II. Die griechisch-römischen Münzfunde aus dem Fayum: 121-129",,Available to enter,,,,,1933,1934,,"In an amphora beneath the floor, during excavations of a house.",,,,,1,Hoard,Egypt,,Centred on field,Diocletian (RIC V),Diocletian (RIC V),Controlled archaeological investigation,Archaeological site,Excavation,Rural,Domestic building,,Floor,,2,2,2,Amphora,,Hoard created by Th. Faucher (Aug. 2016). Bibliography updated by M. Spoerri (May 2022). Updated by C. Gazdac (May 2022). Updated by M. Spoerri (Nov. 2023).,Egypt
7937,KOM AUSHIM A118,1001,"Karanis 1933-34, hoard 30",,Kom Aushim [كوم أوشيم],,Faiyum [الفيوم],Karanis,29.51993,30.90214,25.832,"Over 1,001 tetradrachms of Alexandria: Marcus Aurelius - Diocletian (AD 288-289) found stored in a heap at the foot of a stairway leading to the second floor, during excavations of a house.",,,,1933,,,1934,163,164,288,289,,"Numismatist - 1934: 478; Haatvedt, R. A., Peterson, E. E. and Husselman, E. M. - 1964 - Coins from Karanis : the University of Michigan excavations, 1924-1935: 62-70, hoard 30; Christiansen, E. - 1985 - The Roman coins of Alexandria. An inventory of hoards: 119, no. A 118; Noeske, H.-C. - 2006 - Münzfunde aus Ägypten II. Die griechisch-römischen Münzfunde aus dem Fayum: 129-146",,Available to enter,,"995 coins in Ann Arbor, the rest in various Egyptian museums",,,1933,1934,,"In a heap at the foot of a stairway leading to the second floor, during excavations of a house.",,,,,1,Hoard,Egypt,,Centred on field,Diocletian (RIC V),Diocletian (RIC V),Controlled archaeological investigation,Archaeological site,Excavation,Rural,Domestic building,,,,2,2,2,,,Hoard created by Th. Faucher (Aug. 2016). Bibliography updated by M. Spoerri (May 2022). Updated by C. Gazdac (May 2022). Updated by M. Spoerri (Nov. 2023).,Egypt
7938,KOM AUSHIM A119,2329,"Karanis 1933-34, hoard 25",,Kom Aushim [كوم أوشيم],,Faiyum [الفيوم],Karanis,29.51992,30.90213,25.832,"2,329 tetradrachms of Alexandria: Aurelian - Diocletian-Maximian I (AD 289-290) found in a jar, buried beneath the doorway between a room and the courtyard, during excavations of a house.",,,,1933,,,1934,272,273,289,290,,"Numismatist - 1934: 478; Bruun, P. - 1978 - Site finds and hoarding behaviour: 114; Dauwe, R.B.F. - 1981 - Coins circulating in Egypt during the last quarter of the third century A.D.: 7; Haatvedt, R. A., Peterson, E. E. and Husselman, E. M. - 1964 - Coins from Karanis : the University of Michigan excavations, 1924-1935: 54-57, hoard 25; Christiansen, E. - 1985 - The Roman coins of Alexandria. An inventory of hoards: 119, no. A 119; Noeske, H.-C. - 2006 - Münzfunde aus Ägypten II. Die griechisch-römischen Münzfunde aus dem Fayum: 146-153",,Available to enter,,Ann Arbor,,,1933,1934,,"In a jar, buried beneath the doorway between a room and the courtyard, during excavations of a house.",,,,,1,Hoard,Egypt,,Centred on field,Diocletian (RIC V),Maximian (RIC V),Controlled archaeological investigation,Archaeological site,Excavation,Rural,Domestic building; Room,,Doorway,,2,2,2,,,Hoard created by Th. Faucher (Aug. 2016). Bibliography updated by M. Spoerri (May 2022). Updated by C. Gazdac (May 2022).,Egypt
7939,MIT RIHEINA A120,0,Memphis,,Saqqarah [سقارة],,Giza [الجيزة],Saqqarah,29.867,31.25,20.302,"Unknown original number of billon coins of Alexandria? A great hoard, found by fellahin, who little by little offered he coins for sale.",,,,1854,,,,,,,,,"Reichardt, H. C. - 1861 - A selection of inedited coins of the Egyptian series: 225; von Sallet, A. - 1870 - Die Daten der Alexandrinischer Kaisermünzen: 10; Huber, C.W. - 1871 - Review of von Sallet, A., Die Daten der Alexandrinischer Kaisermünzen: 280; Christiansen, E. - 1985 - The Roman coins of Alexandria. An inventory of hoards: 119, no. A 120",,Not available,,"Several coins went into Huber’s collection, sold in 1862. Other coins went to Schledehaus, Reichardt, and other collectors. By way of dealers in Cairo, Berlin probably acquired many of the coins",,,,,,,,,,,1,Hoard,Egypt,,Centred on field,Uncertain,Uncertain,Unknown,Archaeological site,,Urban,Uncertain,,,,1,1,1,,,Hoard created by Th. Faucher (Aug. 2016). Updated by C. Gazdac (May 2022).,Egypt
7940,EGYPT A121,412,,,,,,,26.820553,30.802498,289.29125976562,"More than 412 billon coins of Alexandria: Valerian I and Gallienus - Claudius II. Presented in 1866 to Stockholm by Polack, Danish shipbroker in Alexandria.",,,,,,,1866,253,260,268,270,,"Christiansen, E. - 1985 - The Roman coins of Alexandria. An inventory of hoards: 120, no. A 121",,Not available,,"Stockholm (Inv. 3515; 73 coins in the collection, the rest among the duplicates)",,,,,,,,,,,1,Hoard,Egypt,,,Claudius II,Claudius II,Unknown,Unknown,,Uncertain,Uncertain,,,,1,1,1,,,Hoard created by Th. Faucher (Aug. 2016). Updated by C. Gazdac (May 2022).,Egypt
7941,EGYPT A122,186,,,,,,,26.821,30.802,289.291,186 coins: 185 antoniniani (radiates): Gallienus - Maximian I; 1 billon tetradrachm: Aurelian and Vaballathus. Circumstances of find not known.,,,,1888,,,,260,268,285,295,,"Gnecchi, F. - 1888 - Ripostiglio di monete romane in Egitto. Appunti di Numismatica romana II: 152-160",,Not available,,,,,,,,,,,,,1,Hoard,Egypt,,Generated from computer mapping,Maximian (RIC V),Maximian (RIC V),Unknown,Unknown,,Uncertain,,,,,1,1,3,,,Hoard created by Th. Faucher (Aug. 2016). Updated by Cristian Gazdac (Apr. 2017; Aug. 2022).,Egypt
7942,ALEXANDRIA A123,359,,,Alexandria [الإسكندرية],,Alexandria [الإسكندرية],Alexandria (Egypt),31.2,29.919,9.271,"359 billon coins. Acquired by J.P. Six together with another two (?) hoards, consisting in Ptolemaic bronze coins and 178 Roman folles respectively.",,,,1900,,,,54,68,293,293,,,,Not available,,,,,,,,,,,,,1,Hoard,Egypt,,Centred on village/city,Diocletian (RIC V),Maximian (RIC V),Unknown,Unknown,,Urban,Uncertain,,,,2,1,2,,,Hoard created by Th. Faucher (Aug. 2016). Updated by C. Gazdac (Aug. 2022).,Egypt
7943,ALEXANDRIA A124,227,الإسكندرية,,Alexandria [الإسكندرية],,Alexandria [الإسكندرية],Alexandria (Egypt),31.199989510359,29.918670331218,,"21 billon provincial coins of Alexandria 191 bronze coins of Palmyra, 15 unidentifiable: Philip I (Oracilia Severa) - Diocletian (AD 284-295).",,,,1900,,,,,,,,,"Krzyżanowska, A. - 1976 - Trésor de monnaies palmyréniennes trouvé à Alexandrie: 327; Christiansen, E. - 1985 - The Roman coins of Alexandria. An inventory of hoards: 120; no. A124",,Not available,,"Warsaw (some of the coins disappeared during the Second World War, but detailed labels are intact).",,"Bought by the polish doctor, Wladislaw Semerau-Siemianowski.",,,,,,,,,1,Hoard,Egypt,,Centred on village/city,,,Unknown,Unknown,,Urban,Uncertain,,,,1,1,2,,,Hoard created by Th. Faucher (Aug. 2016). Updated by C. Gazdac (May 2022).,Egypt
7946,MALLAWI A128,98,[Manlau?]; ملوي; CHV 65,,Mallawi [ملوي],Mallawi [ملوي],Minya [محافظة],,27.7334,30.8496,54.379,98 billon tetradrachms of Alexandria found with a ceramic vessel: Probus - Diocletian/Maximian I (AD 291-292). Briefly examined by Martin Price.,,,,1977,,,,276,282,291,292,," - 1979 - Coin Hoards: volume V: 65; Christiansen, E. - 1985 - The Roman coins of Alexandria. An inventory of hoards: 122, no. A 128",,Not available,,Dispersed. Handwritten list in London,,,,,,,,,,,1,Hoard,Egypt,,Centred on village/city,Diocletian (RIC V),Maximian (RIC V),Unknown,Unknown,,Rural,Uncertain,,,,1,1,2,Ceramic vessel,,Hoard created by Th. Faucher (Aug. 2016). Updated by C. Gazdac (May 2022).,Egypt
7947,UPPER EGYPT A129,65,,,,,Upper Egypt [صعيد مصر],,25.687,32.64,,65 billon Alexandrian tetradrahms: Nero - Diocletian/Maximian (AD 292-293). ’Presented to the owner by Felix Cary in Marseilles and reported to have been found in Upper Egypt in 1760.’,,,,1760,,,,54,68,292,293,,"von Schachmann C.A. - 1774 - Catalogue raisonné d&#039;une collection de médailles: 117; Christiansen, E. - 1985 - The Roman coins of Alexandria. An inventory of hoards: 122-123, no. A129",,Available to enter,,’Probably now in Gotha as the rest of Schachmann’s collection’,,,,,,,,,,,1,Hoard,Egypt,,,Diocletian (RIC V),Maximian (RIC V),Unknown,Unknown,,Uncertain,Uncertain,,,,1,1,3,,,Hoard created by Th. Faucher (Aug. 2016). Updated by C. Gazdac (May 2022).,Egypt
7948,BATN IHRIT A130,33,"THEADELPHIA II; Theadelphia 1902 B; Θεαδέλφεια, Batn el-Harit; Kharabet Ihrit",,Batn Ahrit (Al Khawagat Previous) [بطن أهريت (الخواجات سابقاًً],Ibshaway [إبشواي],Faiyum [الفيوم],Theadelphia,29.333,30.568,6.178,33 Alexandrian tetradrachms and a fragment of a bronze-ring. Found in a wooden jar in the courtyard just in front of a door during excavations of a house. Ranking: Aurelian - Diocletian-Maximian I (AD 292-293).,,,,1902,,,,270,275,292,293,,"Regling, K. - 1912 - Münzschatz aus Theadelphia: p. 117-119; Rubensohn, O. - 1905 - Aus griechisch-römischen Häusern des Fayum: p. 11; Christiansen, E. - 1985 - The Roman coins of Alexandria. An inventory of hoards: 123, no. A 130; Noeske, H.-C. - 2006 - Münzfunde aus Ägypten II. Die griechisch-römischen Münzfunde aus dem Fayum: 362-364",,Available to enter,,"Münzkabinett, Berlin (in 1912)","Rubensohn, Otto",,1902,1902,,"In the House of Come (Rubble place). In the courtyard, the north-east corner, in a room enclosed by a small wall, several large storage jars were found, one of which contained a number of wooden spindles.",,,Wooden spindles,,1,Hoard,Egypt,,Centred on village/city,Diocletian (RIC V),Maximian (RIC V),Controlled archaeological investigation,Archaeological site,Excavation,Rural,Industrial building; Room,,,,3,3,3,Wooden Bowl,,"Hoard created by Th. Faucher (Aug. 2016). Updated by M. Spoerri (Jan. 2022). Updated by C. Gazdac (Apr.; May 2022). Updated by M. Spoerri (bibliography, May 2022).",Egypt
7949,KOM AUSHIM A131,523,"Karanis 1933-34, hoard 22",,Kom Aushim [كوم أوشيم],,Faiyum [الفيوم],Karanis,29.51991,30.90212,25.832,"523 tetradrachms of Alexandria: Aurelian - Diocletian-Maximian I (AD 292-293) found in a jar, hidden in a hole dug out beneath the floor of underground room H, during excavations of a house.",,,,1933,,,1934,270,270,292,293,,"Numismatist - 1934: 478; Bruun, P. - 1978 - Site finds and hoarding behaviour: 114; Dauwe, R.B.F. - 1981 - Coins circulating in Egypt during the last quarter of the third century A.D.: 7; Haatvedt, R. A., Peterson, E. E. and Husselman, E. M. - 1964 - Coins from Karanis : the University of Michigan excavations, 1924-1935: 46-48, hoard 22; Christiansen, E. - 1985 - The Roman coins of Alexandria. An inventory of hoards: 123, no. A 131; Noeske, H.-C. - 2006 - Münzfunde aus Ägypten II. Die griechisch-römischen Münzfunde aus dem Fayum: 165-170",,Available to enter,,"507 coins in Ann Arbor, the rest in various Egyptian museums",,,1933,1934,,"In a jar, hidden in a hole dug out beneath the floor of underground room H, during excavations of a house.",,,,,1,Hoard,Egypt,,Centred on field,Diocletian (RIC V),Maximian (RIC V),Controlled archaeological investigation,Archaeological site,Excavation,Rural,Domestic building; Room,,Floor,,2,2,2,Ceramic jar,,Hoard created by Th. Faucher (Aug. 2016). Bibliography updated by M. Spoerri (May 2022). Updated by C. Gazdac (May 2022).,Egypt
7952,KOM AUSHIM A132,1500,"Karanis, Kawm Ushim; كوم أوشيم",,Kom Aushim [كوم أوشيم],,Faiyum [الفيوم],Karanis,29.5199,30.90211,25.832,"1,500 tetradrachms of Alexandria: Claudius II - Diocletian-Maximian I (AD 292-293) found in two small pots in an underground room during excavations of a house.",North Western Central part of the Hill.,,3,1972,,,,269,270,292,293,,"el-Nassery, S.A.A. and Wagner, G. - 1975 - A new Roman hoard from Karanis, 3rd century A.D.: 183; Christiansen, E. - 1985 - The Roman coins of Alexandria. An inventory of hoards: 123, no. A 132; Noeske, H.-C. - 2006 - Münzfunde aus Ägypten II. Die griechisch-römischen Münzfunde aus dem Fayum: 154-164",,Available to enter,,"University, Cairo, Egypt",,,1972,1972,,"In ”house no. 2 (of the 2nd stratum from above) two small pots full of coins and lying flat on their side next to a big decorated jar in an underground vaulted room. It was an ordinary house of an ordinary peasant, but certainly he was not a well-to-do one because no traces of stucco decorations or even limestones were not used inside the house as we are used to find in the houses of the well-to-do.”",,,,,1,Hoard,Egypt,,Centred on field,Diocletian (RIC V),Maximian (RIC V),Controlled archaeological investigation,Archaeological site,Excavation,Rural,Domestic building; Room,,,,2,4,4,Two small jars,,Hoard created by Th. Faucher (Aug. 2016). Bibliography updated by M. Spoerri (May 2022). Updated by C. Gazdac (May 2022).,Egypt
7954,KOM AUSHIM A133,4500,"Karanis 1933-34, hoard 29",,Kom Aushim [كوم أوشيم],,Faiyum [الفيوم],Karanis,29.51989,30.9021,25.832,"Over 4,500 tetradrachms of Alexandria: Claudius II - Diocletian-Maximian I (AD 293 -294) found in a room (same rooms as KOM AUSHIM A51, A100, A115, A118, A119), stored on the floor, during excavations of a house.",,,,1933,,,1934,269,270,293,294,,"Numismatist - 1934: 478; Bruun, P. - 1978 - Site finds and hoarding behaviour: 114; Dauwe, R.B.F. - 1981 - Coins circulating in Egypt during the last quarter of the third century A.D.: 7; Haatvedt, R. A., Peterson, E. E. and Husselman, E. M. - 1964 - Coins from Karanis : the University of Michigan excavations, 1924-1935: 59-62, hoard 29; Christiansen, E. - 1985 - The Roman coins of Alexandria. An inventory of hoards: 123-124, no. A 133; Noeske, H.-C. - 2006 - Münzfunde aus Ägypten II. Die griechisch-römischen Münzfunde aus dem Fayum: 171-179",,Available to enter,,Ann Arbor,,,1933,1934,,"Found in a room, stored on the floor, during excavations of a house.",,,,,1,Hoard,Egypt,,Centred on field,Diocletian (RIC V),Maximian (RIC V),Controlled archaeological investigation,Archaeological site,Excavation,Rural,Domestic building,,Floor,,2,2,2,,,Hoard created by Th. Faucher (Aug. 2016). Bibliography updated by M. Spoerri (May 2022). Updated by C. Gazdac (May 2022).,Egypt
7958,FAIYUM A134 - UNKNOWN SITE,200,,,,,Faiyum [الفيوم],,29.308,30.843,30.732,"c. 200 Alexandrian tetradrachms. ’Probably a whole hoard, offered for sale in Belgium.’",,,,1981,,,,253,260,276,282,,"Dauwe, R.B.F. - 1981 - Coins circulating in Egypt during the last quarter of the third century A.D.: 12; Christiansen, E. - 1985 - The Roman coins of Alexandria. An inventory of hoards: 124, no. A 134; Noeske, H.-C. - 2006 - Münzfunde aus Ägypten II. Die griechisch-römischen Münzfunde aus dem Fayum: 417-418",,Not available,,Dispersed,,Offered for sale in Belgium.,,,,,,,,,1,Hoard,Egypt,,,Probus,Probus,Unknown,Unknown,,Uncertain,Uncertain,,,,1,1,2,,,Hoard created by Th. Faucher (Aug. 2016). Bibliography updated by M. Spoerri (May 2022). Updated by C. Gazdac (May 2022).,Egypt
7960,BAQARIA A135,22,Hermonthis,,Armant [أرمنت],Armant [أرمنت],Luxor [الأقصر],Hermonthis,25.619,32.544,86,22 billon Alexandrian tetradrachms found in a little home in a wall during excavations of a house: Carinus (Numerian) - Diocletian/Maximian I (AD 294-295).,,,,1927,,,1932,283,284,294,295,,"Mond, R. and Myers, O.H. - 1934 - Section II. Coins: 115; Christiansen, E. - 1985 - The Roman coins of Alexandria. An inventory of hoards: 124, no. A 135",,Not available,,Unknown,,,1927,1932,,,,,,,1,Hoard,Egypt,,Centred on village/city,Diocletian (RIC V),Maximian (RIC V),Controlled archaeological investigation,Archaeological site,Excavation,Urban,House,,Wall,,2,2,2,,,Hoard created by Th. Faucher (Aug. 2016). Updated by C. Gazdac (Apr. 2017; May 2022).,Egypt
7961,KOM AUSHIM A136,59,"Karanis 1933-34, hoard 33",,Kom Aushim [كوم أوشيم],,Faiyum [الفيوم],Karanis,29.51988,30.90209,25.832,"58 tetradrachms of Alexandria, 1 bronze coin: Vespasian - Diocletian-Maximian I (AD 294-295). Found in a heap beneath the floor of a passageway during excavations of a house.",,,,1933,,,1934,72,73,294,295,,"Numismatist - 1934: 478; Bruun, P. - 1978 - Site finds and hoarding behaviour: 114; Haatvedt, R. A., Peterson, E. E. and Husselman, E. M. - 1964 - Coins from Karanis : the University of Michigan excavations, 1924-1935: 79-81, hoard 33; Christiansen, E. - 1985 - The Roman coins of Alexandria. An inventory of hoards: 124, no. A 136; Noeske, H.-C. - 2006 - Münzfunde aus Ägypten II. Die griechisch-römischen Münzfunde aus dem Fayum: 180-182",,Available to enter,,"57 in Ann Arbor, the rest in Cairo",,,1933,1934,,Found in a heap beneath the floor of a passageway during excavations of a house.,,,,,1,Hoard,Egypt,,Centred on field,Diocletian (RIC V),Maximian (RIC V),Controlled archaeological investigation,Archaeological site,Excavation,Rural,Domestic building,,,,2,2,2,,,Hoard created by Th. Faucher (Aug. 2016). Bibliography updated by M. Spoerri (May 2022). Updated by C. Gazdac (May 2022). Updated by M. Spoerri (Nov. 2023).,Egypt
7963,UPPER EGYPT A137,,,,,,Upper Egypt [صعيد مصر],,25.687,32.64,85.616,Unknown original number of Alexandrian coins. The remainder of a large hard offered for sale in Belgium. Trebonianus Gallus until Tetrarchy.,,,,1981,,,,235,238,293,293,,"Dauwe, R.B.F. - 1981 - Coins circulating in Egypt during the last quarter of the third century A.D.: 12; Christiansen, E. - 1985 - The Roman coins of Alexandria. An inventory of hoards: 124, no. 137",,Not available,,,,,,,,,,,,,1,Hoard,,,Generated from computer mapping,Tetrarchy (RIC VI),Tetrarchy (RIC VI),Unknown,Unknown,,,,,,,,,,,,Hoard created by Th. Faucher (Aug. 2016). Updated by C. Gazdac (May 2022; May 2023).,Egypt
7965,ZAGAZIG AND GIZA A138,822,Boubastos; الزقازيق,,Zagazig [الزقازيق],,Sharqia [محافظة],,30.58958448262,31.501911029493,,"822 billon provincial coins of Alexandria: Marcus Aurelius - Diocletian/Maximian I (AD 294-295). Finding spots according to the Arad dealers from whom Milne bought the hoards in Cairo. The two hoards had almost the same composition, got mixed together on the way back to England, therefore have been listed as a single find.",,,,1895,,,,161,180,294,295,,"Milne J.G. - 1911 - The Roman Coinage of Alexandria: 30; Christiansen, E. - 1976 - The Roman coins of Alexandria. A preliminary report.: 243; Milne J.G. - 1916 - The organization of the Alexandrian mint in the reign of Diocletian: 207; Milne J.G. - 1903 - Hoard of coins found in Egypt: 529; Christiansen, E. - 1985 - The Roman coins of Alexandria. An inventory of hoards: 138; no. A138",,Not available,,,,,,,,,,,,,1,Hoard,Egypt,,Centred on village/city,Diocletian (RIC V),Maximian (RIC V),Unknown,Unknown,,Rural,Uncertain,,,,1,1,2,,,Hoard created by Th. Faucher (Aug. 2016). Updated by C. Gazdac (May 2022).,Egypt
7971,EGYPT A140,4108,Dattari C’09,,,,,,26.821,30.802,289.291,"4,116 billon Alexandrian tetradrachms, 2 Ptolemaic bronzes: Greek - Diocletian/Maximian (AD 284-295). Acquired in Egypt by Dattari.",,,,1909,,,,-100,1,284,295,,"Christiansen, E. - 1985 - The Roman coins of Alexandria. An inventory of hoards: 125, no. 140",,Not available,,"185 were sent to Macalister. The rest is partly in Oxford, partly in Toronto. Detailed list in Oxford (Milne)",,,,,,,,,,,1,Hoard,Egypt,,,Diocletian (RIC V),Maximian (RIC V),Unknown,Unknown,,Uncertain,Uncertain,,,,1,1,1,,,Hoard created by Th. Faucher (Aug. 2016). Updated by C. Gazdac (May 2022).,Egypt
7977,FAIYUM A142,238,"Krokodilopolis; Shedet, Arsinoe, Ptolemais Euergetisالفيوم",,Faiyum [الفيوم],,Faiyum [الفيوم],,29.3218,30.8348,30.732,238 billon Alexandrian tetradrachms: Probus - Diocletian-Maximian I (AD 295-296). Found in the area of Faiyum and presented to Leyden in 1929.,,,,,,,1929,276,282,295,296,,"Evers, J.H. - 1968 - Muntvondst uit Egypte: 62; Dauwe, R.B.F. - 1981 - Coins circulating in Egypt during the last quarter of the third century A.D.: 7; Christiansen, E. - 1985 - The Roman coins of Alexandria. An inventory of hoards: 126, no. A 142; Noeske, H.-C. - 2006 - Münzfunde aus Ägypten II. Die griechisch-römischen Münzfunde aus dem Fayum: 418-419",,Not available,,Leyden (in 1929),,,,,,,,,,,1,Hoard,Egypt,,Generated from computer mapping,Diocletian (RIC V),Maximian (RIC V),Unknown,Unknown,,Urban,Uncertain,,,,1,1,1,,,Hoard created by Th. Faucher (Aug. 2016). Bibliography updated by M. Spoerri (May 2022). Updated by C. Gazdac (May 2022).,Egypt
7978,KOM AUSHIM A143,379,"Karanis 1933-34, hoard 17",,Kom Aushim [كوم أوشيم],,Faiyum [الفيوم],Karanis,29.51987,30.90208,25.832,379 tetradrachms of Alexandria: Nero - Diocletian-Maximian I (AD 295-296) found in a small amphora at floor level in an underground room during excavations of a house.,,,,1934,,,1935,64,65,295,296,,"Numismatist - 1934: 478; Haatvedt, R. A., Peterson, E. E. and Husselman, E. M. - 1964 - Coins from Karanis : the University of Michigan excavations, 1924-1935: 27-33, hoard 17; Christiansen, E. - 1985 - The Roman coins of Alexandria. An inventory of hoards: 126, no. A 143; Noeske, H.-C. - 2006 - Münzfunde aus Ägypten II. Die griechisch-römischen Münzfunde aus dem Fayum: 183-194",,Available to enter,,"329 coins in Ann Arbor, the rest in various Egyptian museums",,,1933,1934,,In a small amphora at floor level in an underground room during excavations of a house.,,,,,1,Hoard,Egypt,,Centred on field,Diocletian (RIC V),Maximian (RIC V),Controlled archaeological investigation,Archaeological site,Excavation,Rural,Domestic building; Room,,Floor,,2,2,2,Amphora,,Hoard created by Th. Faucher (Aug. 2016). Bibliography updated by M. Spoerri (May 2022). Updated by C. Gazdac (May 2022).,Egypt
7979,KOM AUSHIM A144,2484,"Karanis 1933-34, hoard 18",,Kom Aushim [كوم أوشيم],,Faiyum [الفيوم],Karanis,29.51986,30.90207,25.832,"2,484 tetradrachms of Alexandria: Aurelian - Diocletian-Maximian I (AD 295-296) found in a jar in an underground room during excavations of a house.",,,,1933,,,1934,273,274,295,296,,"Numismatist - 1934: 478; Bruun, P. - 1978 - Site finds and hoarding behaviour: 114; Dauwe, R.B.F. - 1981 - Coins circulating in Egypt during the last quarter of the third century A.D.: 7; Haatvedt, R. A., Peterson, E. E. and Husselman, E. M. - 1964 - Coins from Karanis : the University of Michigan excavations, 1924-1935: 33-37, hoard 18; Christiansen, E. - 1985 - The Roman coins of Alexandria. An inventory of hoards: 126-127, no. A 144; Noeske, H.-C. - 2006 - Münzfunde aus Ägypten II. Die griechisch-römischen Münzfunde aus dem Fayum: 215-225",,Available to enter,,Ann Arbor,,,1933,1934,,In a jar in an underground room during excavations of a house.,,,,,1,Hoard,Egypt,,Centred on village/city,Diocletian (RIC V),Maximian (RIC V),Controlled archaeological investigation,Archaeological site,Excavation,Rural,Uncertain; Room,,,,2,2,2,Ceramic jar,,Hoard created by Th. Faucher (Aug. 2016). Bibliography updated by M. Spoerri (May 2022). Updated by C. Gazdac (May 2022).,Egypt
7980,KOM AUSHIM A145,1439,"Karanis 1933-34, hoard 19",,Kom Aushim [كوم أوشيم],,Faiyum [الفيوم],Karanis,29.51985,30.90206,25.832,"1,439 tetradrachms of Alexandria: Claudius II - Diocletian-Maximian (AD 295-296) found as a heap in an underground room during excavations of a house.",,,,1933,,,1934,267,270,295,296,,"Numismatist - 1934: 478; Bruun, P. - 1978 - Site finds and hoarding behaviour: 114; Dauwe, R.B.F. - 1981 - Coins circulating in Egypt during the last quarter of the third century A.D.: 7; Haatvedt, R. A., Peterson, E. E. and Husselman, E. M. - 1964 - Coins from Karanis : the University of Michigan excavations, 1924-1935: 37-41, hoard 19; Christiansen, E. - 1985 - The Roman coins of Alexandria. An inventory of hoards: 127, no. A 145; Noeske, H.-C. - 2006 - Münzfunde aus Ägypten II. Die griechisch-römischen Münzfunde aus dem Fayum: 203-214",,Available to enter,,Ann Arbor,,,1933,1934,,A heap in an underground room during excavations of a house.,,,,,1,Hoard,Egypt,,Centred on field,Diocletian (RIC V),Maximian (RIC V),Controlled archaeological investigation,Archaeological site,Excavation,Rural,Domestic building; Room,,,,2,2,2,,,Hoard created by Th. Faucher (Aug. 2016). Bibliography updated by M. Spoerri (May 2022). Updated by C. Gazdac (May 2022).,Egypt
7981,KOM AUSHIM A146,762,"Karanis 1933-34, hoard 21",,Kom Aushim [كوم أوشيم],,Faiyum [الفيوم],Karanis,29.51984,30.90205,25.832,762 tetradrachms of Alexandria: Aurelian - Diocletian-Maximian I (AD 295-296) found in a jar in underground room H during excavations of a house.,,,,1933,,,1934,273,274,295,296,,"Numismatist - 1934: 478; Bruun, P. - 1978 - Site finds and hoarding behaviour: 114; Dauwe, R.B.F. - 1981 - Coins circulating in Egypt during the last quarter of the third century A.D.: 7; Haatvedt, R. A., Peterson, E. E. and Husselman, E. M. - 1964 - Coins from Karanis : the University of Michigan excavations, 1924-1935: 42-45, hoard 21; Christiansen, E. - 1985 - The Roman coins of Alexandria. An inventory of hoards: 127, no. A 146; Noeske, H.-C. - 2006 - Münzfunde aus Ägypten II. Die griechisch-römischen Münzfunde aus dem Fayum: 226-233",,Available to enter,,Ann Arbor,,,1933,1934,,In a jar in underground room H during excavations of a house.,,,,,1,Hoard,Egypt,,Centred on field,Diocletian (RIC V),Maximian (RIC V),Controlled archaeological investigation,Archaeological site,Excavation,Rural,Domestic building; Room,,,,2,2,2,Ceramic jar,,Hoard created by Th. Faucher (Aug. 2016). Bibliography updated by M. Spoerri (May 2022). Updated by C. Gazdac (May 2022).,Egypt
7982,KOM AUSHIM A147,1486,"Karanis 1933-34, hoard 23",,Kom Aushim [كوم أوشيم],,Faiyum [الفيوم],Karanis,29.51983,30.90204,25.832,"1,486 tetradrahms of Alexandria: Aurelian - Diocletian-Maximian (AD 295-296) in a disintegrated cloth bag on the floor of underground room J during excavations of a house.",,,,1933,,,1934,272,273,295,296,,"Numismatist - 1934: 478; Bruun, P. - 1978 - Site finds and hoarding behaviour: 114; Dauwe, R.B.F. - 1981 - Coins circulating in Egypt during the last quarter of the third century A.D.: 7; Haatvedt, R. A., Peterson, E. E. and Husselman, E. M. - 1964 - Coins from Karanis : the University of Michigan excavations, 1924-1935: 48-51, hoard 23; Christiansen, E. - 1985 - The Roman coins of Alexandria. An inventory of hoards: 127, no. A 147; Noeske, H.-C. - 2006 - Münzfunde aus Ägypten II. Die griechisch-römischen Münzfunde aus dem Fayum: 234-242",,Available to enter,,Ann Arbor,,,1933,1934,,In a disintegrated cloth bag on the floor of underground room J during excavations of a house.,,,,,1,Hoard,Egypt,,Centred on field,Diocletian (RIC V),Maximian (RIC V),Controlled archaeological investigation,Archaeological site,Excavation,Rural,Domestic building; Room,,,,2,2,2,Cloth bag,,Hoard created by Th. Faucher (Aug. 2016). Bibliography updated by M. Spoerri (May 2022). Updated by C. Gazdac (May 2022).,Egypt
7983,KOM AUSHIM A148,1489,"Karanis 1933-34, hoard 24",,Kom Aushim [كوم أوشيم],,Faiyum [الفيوم],Karanis,29.51982,30.90203,25.832,"1,489 tetradrachms of Alexandria: Aurelian - Diocletian-Maximian I (AD 295-296) found in a heap on the floor of the underground room N during excavations of a house.",,,,1933,,,1934,273,274,295,296,,"Numismatist - 1934: 478; Bruun, P. - 1978 - Site finds and hoarding behaviour: 114; Dauwe, R.B.F. - 1981 - Coins circulating in Egypt during the last quarter of the third century A.D.: 7; Haatvedt, R. A., Peterson, E. E. and Husselman, E. M. - 1964 - Coins from Karanis : the University of Michigan excavations, 1924-1935: 51-54, hoard 24; Christiansen, E. - 1985 - The Roman coins of Alexandria. An inventory of hoards: 128, no. A 148; Noeske, H.-C. - 2006 - Münzfunde aus Ägypten II. Die griechisch-römischen Münzfunde aus dem Fayum: 243-250",,Available to enter,,Ann Arbor,,,1933,1934,,In a heap on the floor of the underground room N during excavations of a house.,,,,,1,Hoard,Egypt,,Centred on field,Diocletian (RIC V),Maximian (RIC V),Controlled archaeological investigation,Archaeological site,Excavation,Rural,Domestic building; Room,,Floor,,2,2,2,,,Hoard created by Th. Faucher (Aug. 2016). Bibliography updated by M. Spoerri (May 2022). Updated by C. Gazdac (May 2022).,Egypt
7986,KOM AUSHIM A149,2944,"Karanis 1933-34, hoard 34",,Kom Aushim [كوم أوشيم],,Faiyum [الفيوم],Karanis,29.51981,30.90202,25.832,"2,944 tetradrachms of Alexandria: Aurelian - Diocletian-Maximian I (AD 295-296) found in an amphora beneath the floor during excavations of a house.",,,,1933,,,1934,270,270,295,296,,"Numismatist - 1934: 478; Bruun, P. - 1978 - Site finds and hoarding behaviour: 114; Dauwe, R.B.F. - 1981 - Coins circulating in Egypt during the last quarter of the third century A.D.: 7; Haatvedt, R. A., Peterson, E. E. and Husselman, E. M. - 1964 - Coins from Karanis : the University of Michigan excavations, 1924-1935: 81-85, hoard 34; Christiansen, E. - 1985 - The Roman coins of Alexandria. An inventory of hoards: 128, no. A 149; Noeske, H.-C. - 2006 - Münzfunde aus Ägypten II. Die griechisch-römischen Münzfunde aus dem Fayum: 260-271",,Available to enter,,,,,1933,1934,,"Found in an amphora beneath the floor during excavations of a house (same place as hoards KOM AUSHIM nos. A117, A136, and A150).",,,,,1,Hoard,Egypt,,Centred on field,Diocletian (RIC V),Maximian (RIC V),Controlled archaeological investigation,Archaeological site,,Rural,Domestic building,,Floor,,1,1,2,Amphora,,Hoard created by Th. Faucher (Aug. 2016). Bibliography updated by M. Spoerri (May 2022). Updated by C. Gazdac (May 2022).,Egypt
7987,KOM AUSHIM A150,1499,"Karanis 1933-34, hoard 35",,Kom Aushim [كوم أوشيم],,Faiyum [الفيوم],Karanis,29.5198,30.90201,25.832,1499 tetradrachms of Alexandria: Aurelian - Diocletian-Maximian I (AD 295-296) in an amphora beneath the floor during excavations of a house.,,,,1933,,,1934,273,274,295,296,,"Numismatist - 1934: 478; Bruun, P. - 1978 - Site finds and hoarding behaviour: 114; Dauwe, R.B.F. - 1981 - Coins circulating in Egypt during the last quarter of the third century A.D.: 7; Haatvedt, R. A., Peterson, E. E. and Husselman, E. M. - 1964 - Coins from Karanis : the University of Michigan excavations, 1924-1935: 85-89, hoard 35; Christiansen, E. - 1985 - The Roman coins of Alexandria. An inventory of hoards: 128, no. A 150; Noeske, H.-C. - 2006 - Münzfunde aus Ägypten II. Die griechisch-römischen Münzfunde aus dem Fayum: 250-260",,Available to enter,,,,,1933,1934,,,,,,,1,Hoard,Egypt,,Centred on field,Diocletian (RIC V),Maximian (RIC V),Controlled archaeological investigation,Archaeological site,Excavation,Rural,Domestic building,,,,1,2,2,Amphora,,Hoard created by Th. Faucher (Aug. 2016). Bibliography updated by M. Spoerri (May 2022). Updated by C. Gazdac (May 2022).,Egypt
7988,EGYPT A151,10000,,,,,,,26.821,30.802,289.291,"Approximately 10,000 coins. Information on only 925 pieces, billon Alexandrian. Portion of a hoard in the possession of Louis T. Dilauro, June, 1979. Some 400 additional pieces were said to have been culled at random, and the original size of the whole is said to have been in the range of 10000 pieces.",,,,1979,,,,270,275,284,295,,"Christiansen, E. - 1985 - The Roman coins of Alexandria. An inventory of hoards: 128-129",,Not available,,"Louis T. Dilauro (June, 1979, part of the hoard); 3 in New York, the rest in trade. Detailed list in New York (William E. Metcalf).",,,,,,,,,,,1,Hoard,Egypt,,,Diocletian (RIC V),Maximian (RIC V),Unknown,Unknown,,Uncertain,Uncertain,,,,1,1,2,,,"Hoard created by Th. Faucher (Aug. 2016). Deleted the ”orphan” reference title, C. Gazdac (Jul. 2017). Updated by C. Gazdac (May 2022).",Egypt
7989,KOM AUSHIM A152,1103,"Karanis 1933-34, hoard 16",,Kom Aushim [كوم أوشيم],,Faiyum [الفيوم],Karanis,29.51979,30.902,25.832,"1,103 tetradrachms of Alexandria: Gallienus (sole) - Diocletian-Maximian I (AD 296) found in a disintegrated cloth bag in an underground room during excavations of a house.",,,,1933,,,1934,266,267,295,296,,"Numismatist - 1934: 478; Bruun, P. - 1978 - Site finds and hoarding behaviour: 114; Dauwe, R.B.F. - 1981 - Coins circulating in Egypt during the last quarter of the third century A.D.: 7; Haatvedt, R. A., Peterson, E. E. and Husselman, E. M. - 1964 - Coins from Karanis : the University of Michigan excavations, 1924-1935: 23-27, hoard 16; Christiansen, E. - 1985 - The Roman coins of Alexandria. An inventory of hoards: 129, no. A 152; Noeske, H.-C. - 2006 - Münzfunde aus Ägypten II. Die griechisch-römischen Münzfunde aus dem Fayum: 194-203",,Available to enter,,,,,1933,1934,,In a disintegrated cloth bag in an underground room during excavations of a house.,,,,,1,Hoard,Egypt,,Centred on field,Diocletian (RIC V),Maximian (RIC V),Controlled archaeological investigation,Archaeological site,Excavation,Rural,Domestic building; Room,,,,2,2,2,Cloth bag,,Hoard created by Th. Faucher (Aug. 2016). Bibliography updated by M. Spoerri (May 2022). Updated by C. Gazdac (May 2022). Updated by M. Spoerri (Nov. 2023).,Egypt
7990,MEYDUM A154,15003,Meidum; Maidum,,Meidum,,,Meidum,29.373,31.171,28.066,"A hoard of 15000+ late Roman coins (Constans - Leo I) with some coins of the Goths and the Vandals, casts Egyptian imitations and 3(+?) Alexandrian nome coins minted under Hadrian, all found at Meydum in an amphora before 1901.",,,,,,,1901,126,127,457,474,,"Milne J. G. - 1926 - The currency of Egypt in the fifth century: p. 52; Christiansen, E. - 1985 - The Roman coins of Alexandria. An inventory of hoards: p. 129, hoard A 154; Noeske, H.-C. - 2006 - Münzfunde aus Ägypten II. Die griechisch-römischen Münzfunde aus dem Fayum: 289-290; Dattari, G. - 1901 - Monete imperiali greche : Numi Augg. Alexandrini. Catalogo della collezione G. Dattari: p. 424 (ment.) with coins 6403, 6404 and 6323 coming from that hoard",,Not available,,,,,,,,,,,,,1,Hoard,Egypt,,Centred on village/city,Leo I,Leo I,Unknown,Unknown,,Urban,Uncertain,,,,1,1,1,amphora,,Hoard created by Th. Faucher (Aug. 2016). Updated by M. Spoerri (May 2022).,Egypt
7991,HAWARA 2 (1926),2999,HAWARET EL-MAGTU A155; HAWARA 1888,,Hawwārat al Maqţa [هوارة المقطع],,Faiyum [الفيوم],Haueris / Hawara,29.267,30.9,20.584,"Found in the necropolis of Hawara during the excavations of W.M. Flinders Petrie in 1888, in a jar and interpreted as a funeral offering by Flinders Petrie. The hoard comprised 1 small provincial bronze coin of Trajan (18 mm), 2629 late Roman coins and 369 cast imitations.",,,,1888,,,,107,108,423,423,,"Petrie, W. M. F. - 1889 - Hawara, Biahmu, and Arsinoe: p. 13, no. 2; Milne J. G. - 1926 - The currency of Egypt in the fifth century: p. 43-92; Christiansen, E. - 1985 - The Roman coins of Alexandria. An inventory of hoards: p. 129, hoard A 155; Schubert, H. - 1984 - Studien zum spätrömischen Münzumlauf in Ägypten, 1. Folles- und Aes-Schätze aus dem 4. Jahrhundert n. Chr.; Noeske, H.-C. - 2000 - Münzfunde aus Ägypten I: die Münzfunde des ägyptischen Pilgerzentrums Abu Mina und die Vergleichsfunde aus den Diocesen Aegyptus und Oriens vom 4.-8. Jh. n. Chr.: 316-333; Noeske, H.-C. - 2006 - Münzfunde aus Ägypten II. Die griechisch-römischen Münzfunde aus dem Fayum: 294; Ford, M. - 2000 - The coin hoards of late Roman/early Byzantine Egypt from the reform of Diocletianus to the reform of Anastasius, AD 294-491: AE 29 (p. 359)",,Available to enter,,British Museum,W.M. Flinders Petrie,,1888,1888,,,,,,,1,Hoard,Egypt,,Centred on village/city,Theodosius II,Theodosius II,Controlled archaeological investigation,,Excavation,,Cemetery,Roman,,,2,2,1,Jar,,"Hoard created by Th. Faucher (Aug. 2016). Bibliography updated by M. Spoerri (May 2022). Irene Soto Marín dataset (coin-level information). Prepared for import by J. Smith, imported by M. Spoerri (May-June 2022). Hoard-level info added by J. Smith (June 2022).",Egypt
7992,"KARANIS 1925, HOARD 2",1074,KOM AUSHIM A156,,Kom Aushim [كوم أوشيم],,Faiyum [الفيوم],Karanis,29.51978,30.90199,25.832,"A hoard of 1074 AE. The coins were found in a broken pot during excavations by the University of Michigan in the filling of Room D (House 137) at floor level. The hoard comprised 2 Greek coins, 2 Roman provincial coins, 777 late Roman imperial coins, 112 barbarous imitations, and 181 cast imitations. The hoard was published twice: by Milne in 1926 and by Haatvedt et al. in 1964. The list given here follows Noeske 2000, pp. 260-270 (after Milne 1926).",,,,1925,,,1925,-39,-27,450,450,,"Milne J. G. - 1926 - The currency of Egypt in the fifth century: p. 43; Milne, J.G. and Hayter A.G.K. - 1933 - Three coin hoards: p. 71-73; Numismatist - 1934: p. 478; Haatvedt, R. A., Peterson, E. E. and Husselman, E. M. - 1964 - Coins from Karanis : the University of Michigan excavations, 1924-1935: p. 14, hoard 2; Christiansen, E. - 1985 - The Roman coins of Alexandria. An inventory of hoards: p. 130, hoard A 156; Noeske, H.-C. - 2000 - Münzfunde aus Ägypten I: die Münzfunde des ägyptischen Pilgerzentrums Abu Mina und die Vergleichsfunde aus den Diocesen Aegyptus und Oriens vom 4.-8. Jh. n. Chr.: 260-270 (Milne 1926) and 271-276 (Haatvedt et al.); Noeske, H.-C. - 2006 - Münzfunde aus Ägypten II. Die griechisch-römischen Münzfunde aus dem Fayum: 276-277; Ford, M. - 2000 - The coin hoards of late Roman/early Byzantine Egypt from the reform of Diocletianus to the reform of Anastasius, AD 294-491: AE 28 (p. 359: Milne 1926) and AE 31 (p. 360: Milne 1933); Noe, S.P. - 1937 - A Bibliography of Greek Coin Hoards (2nd ed.): 529",,Available to enter,,"Kelsey Museum, Ann Arbor (937 coins); Egypt (11 coins); unknown (126 coins)",G. E. Wainwright and J. S. Starkey,,1925,1925,,"The findspot provided here follows “2. Hoard of Minimi from House 137“, on p. 71 of Milne and Hayter 1933. In the introduction of Milne and Hayter 1933 (p. 59), “Hoard II” is initially assigned to House 113, Room D. However, in the summarized report “2. Hoard of Minimi from House 137&quot; (p. 71), Hoard II is instead assigned to House 137. All following publications uniformly assigned the findspot to House 137, therefore the findspot provided here reflects this consensus.",,,,,1,Hoard,Egypt,,Centred on village/city,Theodosius II,Theodosius II,Controlled archaeological investigation,Desert,,Urban,House; Room,,,,3,3,3,Pot,,"Hoard created by Th. Faucher (Aug. 2016). Bibliography updated by M. Spoerri (May 2022). Irene Soto Marín dataset (coin-level info). Coin-level info prepared for import by J. Smith, imported by M. Spoerri (Nov. 2022). Hoard-level info added by J. Smith (Nov. 2022).",Egypt
7994,QAW EL-KEBIR A157,2747,Qau el-Kebir,,Qaw el-Kebir,,Asyut [ أسيوط ],Antaiopolis/Tkoou,26.9,31.517,59.496,"2747 bronze coins, ranging from the 4th century BC (Neandria) to Basiliscus (AD 475-476), found in a small pot during the excavations lead by G. Brunton at Qaw el-Kebir, south of Asyut. Most of the coins were late Roman nummi, with some Ptolemaic and Alexandrian bronzes and coins from Aksum. 1,264 coins were barbaric imitations or casts.",,,,1923,,,1924,-400,-300,475,476,,"Milne J. G. - 1926 - The currency of Egypt in the fifth century: p. 43; Milne, J.G. - 1926 - Feudal currency in Roman Egypt: p. 5; Christiansen, E. - 1985 - The Roman coins of Alexandria. An inventory of hoards: A 157, p. 130; Noe, S.P. - 1937 - A Bibliography of Greek Coin Hoards (2nd ed.): 845; Noeske, H.-C. - 2000 - Münzfunde aus Ägypten I: die Münzfunde des ägyptischen Pilgerzentrums Abu Mina und die Vergleichsfunde aus den Diocesen Aegyptus und Oriens vom 4.-8. Jh. n. Chr.: vol. II, pp. 365-382; Ford, M. - 2000 - The coin hoards of late Roman/early Byzantine Egypt from the reform of Diocletianus to the reform of Anastasius, AD 294-491: AE 27 (p. 358)",,Available to enter,,,Guy Brunton,,1923,1924,,,,,,,1,Hoard,Egypt,,Centred on field,Basiliscus,Basiliscus,Controlled archaeological investigation,Desert,,Urban,Uncertain,,,,1,1,2,Jar,,"Hoard created by Th. Faucher (Aug. 2016). Irene Soto Marín dataset (coin-level info). Bibliography inserted by M. Spoerri (May 2022). Coin-level info prepared for import by J. Smith, imported by M. Spoerri (Aug. 2022). Hoard-level info added by J. Smith (Nov. 2022).",Egypt
7997,IHNASYA EL-MEDINA A160,6476,Heracleopolis Magna 1903; Herakleopolis Magna 1903,,Ihnāsyā al Madīnah,Beni Suweif,,Herakleopolis,29.0895,30.94319,30,"Three lots of coins bought from local people in Ihnasyah by Currelly, but considered to be one hoard given their similar patina. The find comprised 6476 nummi from the period AD 320-347/348. It might also have included 1 Alexandrian provincial bronze of Domitian, 1 Alexandrian tetradrachm of Philip I and Claudius II, as well as 1 mamluk dirham of Al-Nasir Nasir ad-Din Hassan (AD 1347-1351/1354-1361). These coins were not listed by Noeske in his catalogue.",,,,1903,,,,320,321,347,348,,"Milne J.G. - 1914 - Hoard of Constantinian Coins from Egypt: p.1; Currelly, C.T. - 1956 - I Brought the Ages Home: p.51; Armstrong, F.H. - 1965 - The Ihnasyah Hoard Re-Examined: p. 51; Schubert, H. - 1984 - Studien zum spätrömischen Münzumlauf in Ägypten, 1. Folles- und Aes-Schätze aus dem 4. Jahrhundert n. Chr.: 102-107 (hoard N); Christiansen, E. - 1985 - The Roman coins of Alexandria. An inventory of hoards: p. 131, hoard A 160; Noeske, H.-C. - 2006 - Münzfunde aus Ägypten II. Die griechisch-römischen Münzfunde aus dem Fayum: 299-329; Ford, M. - 2000 - The coin hoards of late Roman/early Byzantine Egypt from the reform of Diocletianus to the reform of Anastasius, AD 294-491: AE 24 (p. 358)",,Available to enter,,,,,,,,,,,,,1,Hoard,Egypt,,Centred on village/city,Constans,Constantius II,Unknown,Archaeological site,,Urban,Uncertain,,,,1,1,4,,,Hoard created by Th. Faucher (Aug. 2016). Updated by M. Spoerri (May 2022/March 2024).,Egypt
8788,NORTHERN SINAI II,15000,"Beth Tappuah II, Boutaphion II",,Sheick Zuweid,Rafah,North Sinai,,30.921,33.706,156.01,"The hoard comprised somewhere between 10,000 and 32,000 pieces, with an approximation of 15,000 being the most likely. 4,473 of the coins were recorded. 4,471 of these belong to the Tetrarchy, one is dated AD 314/315. The hoard also contained a provincial coin issued in Nysa (Lydia) for Valerian.","The hoard was discovered at a tell identified with Biblical Beth Tappuah (Greek Boutaphion), just west of the village of esh-Sheikh Zuweid and c. 15 km SW of Rafah in the northern Sinai.",,,1965,,,1966,253,260,314,315,,"King, C. E. and Spaer, A. - 1977 - A Hoard of Folles from Northern Sinai: 64-112; King, C. E. and Spaer, A. - 1979 - A Hoard of Folles from Northern Sinai: Addendum: 210;  - 1978 - Coin Hoards: volume IV: p. 40, no. 160;  - 1979 - Coin Hoards: volume V: p. 57, no. 174; Ford, M. - 2000 - The coin hoards of late Roman/early Byzantine Egypt from the reform of Diocletianus to the reform of Anastasius, AD 294-491: AE 17 (p. 356)",,Available to enter,,,,"&quot;Regrettably the hoard was dispersed before its contents could be recorded. It may originally have contained as many as 32,000 pieces although more reliable estimates put the figure between 10,000 and 15,000 coins...The figure of 14,000 coins is most generally mentioned and may be accepted with caution. It has also been reported that about 1963 16,000 antoniniani were found in the same area. We cannot, however, now learn precisely where these pieces were found and the hoard is long-since dispersed...We are able to record 4,473 specimens and to obtain weights for about 1,300. However, before the coins could be listed most of the original parcels had been sifted by collectors and as a result many of the rarer types had already been removed. Part of the hoard was sold in the Peus Auction of 25-6 October 1971 at Frankfort am Main and these have been included in the present catalogue&quot; (King and Spaer 1977, 66)",,,,,,,,"RIC numbers provided in King and Spaer (1977), but only for 4473 out of 15,000 specimens.",1,Hoard,Egypt,,Centred on village/city,Constantine I (RIC VII),Constantine I (RIC VII),Unknown,Unknown,,Uncertain,Uncertain,,,,1,1,2,,,J. Goldman (22.08.16). Updated by C. Gazdac (2017). Updated by M. Spoerri with coin summary data (April 2024.),Egypt
18680,KARNAK 1980-86,600,,,al Karnak [الكرنك],,Luxor [الأقصر],Karnak,25.718,32.6572,,"500-600 solidi (Valentinian I - Valens), found in the early 1980’s in Karnak. 30 coins belonging to that hoard were seen by H.-Chr. Noeske in Luxor in Dec. 1986. All solidi were from the same reverse type (RESTITVTOR REI PVBLICAE).",Find spot centred on the Karnak temple complex.,,,1980,,,1986,364,367,367,375,,"Noeske, H.-C. - 2000 - Münzfunde aus Ägypten I: die Münzfunde des ägyptischen Pilgerzentrums Abu Mina und die Vergleichsfunde aus den Diocesen Aegyptus und Oriens vom 4.-8. Jh. n. Chr.: vol. II, pp. 388-389",,Available to enter,,,,,,,,,,,,some RIC numbers available,1,Hoard,Egypt,,Centred on village/city,Valens,Valens,Unknown,Unknown,,,Uncertain,,,,1,1,2,,,M. Spoerri (Nov. 2021).,Egypt
18681,KARANIS 1924-35 HOARD 8,2,,,Kom Aushim [كوم أوشيم],,Faiyum [الفيوم],Karanis,29.51974,30.90195,2.2,"A hoard of late Roman nummi, of which only two could be identified, found in the staircase of house C 56. At the time the hoard was hidden, this house was not in use any more.",,,,1924,,,1935,383,383,383,395,,"Noeske, H.-C. - 2000 - Münzfunde aus Ägypten I: die Münzfunde des ägyptischen Pilgerzentrums Abu Mina und die Vergleichsfunde aus den Diocesen Aegyptus und Oriens vom 4.-8. Jh. n. Chr.: 288; Haatvedt, R. A., Peterson, E. E. and Husselman, E. M. - 1964 - Coins from Karanis : the University of Michigan excavations, 1924-1935: 17 hoard 8; Noeske, H.-C. - 2006 - Münzfunde aus Ägypten II. Die griechisch-römischen Münzfunde aus dem Fayum: 275-276; Ford, M. - 2000 - The coin hoards of late Roman/early Byzantine Egypt from the reform of Diocletianus to the reform of Anastasius, AD 294-491: AE 10 (p. 353)",,Not available,,,,,,,,,,,,,1,Hoard,Egypt,,Centred on village/city,Theodosius I,Theodosius I,Controlled archaeological investigation,Desert,,Urban,House,,Destruction deposit,,4,4,1,,,"Irene Soto Marín dataset. Hoard data and coins entered by J. Smith (Apr. 2022), based on Noeske 2000, with additional information entered by M. Spoerri (May 2022).",Egypt
18686,DENDARA 1898 B,371,DENDARA 1 (1898),,Dendera,,Qena [قنا],Tentyra / Dendara,26.141775,32.6700972222,,A hoard of 371 nummi found in a small jar. The coins run from Constantine I to Valentinian III. 62 of the coins were barbarous and 172 fully illegible.,,,,1898,,,,306,341,425,455,,"Noeske, H.-C. - 2000 - Münzfunde aus Ägypten I: die Münzfunde des ägyptischen Pilgerzentrums Abu Mina und die Vergleichsfunde aus den Diocesen Aegyptus und Oriens vom 4.-8. Jh. n. Chr.: 385-386; Petrie, W. M. Flinders - 1900 - Dendereh, 1898: 36ff; Ford, M. - 2000 - The coin hoards of late Roman/early Byzantine Egypt from the reform of Diocletianus to the reform of Anastasius, AD 294-491: AE 44 (p. 363)",,Not available,,,Egyptian Exploration Fund,,1898,1898,,,,,,,1,Hoard,Egypt,,Centred on village/city,Valentinian III,Valentinian III,Controlled archaeological investigation,Desert,Excavation,Rural,Uncertain,,,,1,1,1,,,"Irene Soto Marín dataset. Hoard data and coins entered by J. Smith (Apr. 2022), based on Noeske 2000.",Egypt
18687,DENDARA 1898 C,2079,DENDARA 2 (1898),,Dendera,,Qena [قنا],Tentyra / Dendara,26.141775,32.6700972222,,A hoard of 2079 nummi found in a small jar. The coins run from Constantine I to Arcadius and Honorius. 978 of them were illegible.,,,,1898,,,,306,328,393,423,,"Noeske, H.-C. - 2000 - Münzfunde aus Ägypten I: die Münzfunde des ägyptischen Pilgerzentrums Abu Mina und die Vergleichsfunde aus den Diocesen Aegyptus und Oriens vom 4.-8. Jh. n. Chr.: 386-388; Petrie, W. M. Flinders - 1900 - Dendereh, 1898: 36ff; Ford, M. - 2000 - The coin hoards of late Roman/early Byzantine Egypt from the reform of Diocletianus to the reform of Anastasius, AD 294-491: AE 45 (p. 363)",,Not available,,"Petrie Museum of Egyptian Archaeology, UCL (at least part)",Egyptian Exploration Fund,,1898,1898,,,,,,,1,Hoard,Egypt,,Centred on village/city,Honorius (RIC X),Honorius (RIC X),Controlled archaeological investigation,Desert,Excavation,Rural,Uncertain,,,,1,1,1,,,"Irene Soto Marín dataset. Hoard data and coins entered by J. Smith (Apr. 2022), based on Noeske 2000.",Egypt
18688,DOUCH - KYSIS,650,Qasr Dusch,,Ezbet Dush [عزبة دوش],,New Valley / El Wadi El Gedid [محافظة الوادي],Kysis,24.5804419305,30.7165764541,98,Approx. 650 nummi found with a small ceramic vessel in the courtyard I of the temple at Qasr Douch. The coins run from Constantine I to Arcadius and Honorius. A small number of coins were barbarous (but no further details are given on that question).,,,,1978,,,1979,306,337,395,423,,"Noeske, H.-C. - 2000 - Münzfunde aus Ägypten I: die Münzfunde des ägyptischen Pilgerzentrums Abu Mina und die Vergleichsfunde aus den Diocesen Aegyptus und Oriens vom 4.-8. Jh. n. Chr.: 411-412; Gascou, J. - 1980 - Douch. Rapport préliminaire des campagnes de fouilles de l&#039;hiver 1978 - 1979 et de l&#039;automne 1979.: 336-337; Ford, M. - 2000 - The coin hoards of late Roman/early Byzantine Egypt from the reform of Diocletianus to the reform of Anastasius, AD 294-491: AE 55 (p. 366)",,Not available,,,Institut Français d’Archéologie Orientale,,1978,1979,,"Sol level, temple courtyard I",,,,,1,Hoard,Egypt,,Centred on village/city,Arcadius (RIC X),Honorius (RIC X),Controlled archaeological investigation,Archaeological site,Excavation,Rural,Temple or shrine,,Courtyard,,3,3,2,Small ceramic vessel,,"Irene Soto Marín dataset. Hoard data and coins entered by J. Smith (Apr. 2022), based on Noeske 2000.",Egypt
18794,HAWARA 5 (1938),127,,,Hawwārat al Maqţa,,Faiyum [الفيوم],Haueris / Hawara,29.253514,30.895832,27,"Found in the necropolis of Hawara during the excavations of W.M. Flinders Petrie in 1888, in a jar and interpreted as a funeral offering by Flinders Petrie. First published in 1938. The hoard contained 5 genuine coins (AD 383-404) and 122 coin shaped metal discs, that might have been local imitations, though none is recognisable.",,,,1888,,,,383,383,400,404,,"Noeske, H.-C. - 2000 - Münzfunde aus Ägypten I: die Münzfunde des ägyptischen Pilgerzentrums Abu Mina und die Vergleichsfunde aus den Diocesen Aegyptus und Oriens vom 4.-8. Jh. n. Chr.: 342-343; Pearce, J. W. E. - 1938 - More late AEs from Egypt: p. 124, no. 5; Noeske, H.-C. - 2006 - Münzfunde aus Ägypten II. Die griechisch-römischen Münzfunde aus dem Fayum: 292; Petrie, W. M. F. - 1889 - Hawara, Biahmu, and Arsinoe: p. 13, no. 1; Ford, M. - 2000 - The coin hoards of late Roman/early Byzantine Egypt from the reform of Diocletianus to the reform of Anastasius, AD 294-491: AE 38 (p. 362) and AE 40 (p. 363)",,Entered,,,W.M. Flinders Petrie,,,,,,,,,,1,Hoard,Egypt,,Centred on village/city,Arcadius (RIC X),Arcadius (RIC X),Controlled archaeological investigation,Desert,,Rural,Cemetery,,,,2,2,2,Jar,Disc,"Irene Soto Marín dataset. Hoard data and coins entered by J. Smith (Apr. 2022), based on Noeske 2000, with additional information entered by M. Spoerri (May 2022).",Egypt
18823,KARANIS 1924-35 HOARD 9,11,,,Kom Aushim [كوم أوشيم],,Faiyum [الفيوم],Karanis,29.51975,30.90196,-4.87,"A hoard of 11+ nummi from the tetrarchy (post-reform), found in a destruction layer of house B in Karanis. Only 11 coins could be identified.",,,,1924,,,1935,295,296,302,303,,"Noeske, H.-C. - 2006 - Münzfunde aus Ägypten II. Die griechisch-römischen Münzfunde aus dem Fayum: 272-273; Haatvedt, R. A., Peterson, E. E. and Husselman, E. M. - 1964 - Coins from Karanis : the University of Michigan excavations, 1924-1935: 17-18, hoard 9; Schubert, H. - 1984 - Studien zum spätrömischen Münzumlauf in Ägypten, 1. Folles- und Aes-Schätze aus dem 4. Jahrhundert n. Chr.: 83-84 (hoard A); Ford, M. - 2000 - The coin hoards of late Roman/early Byzantine Egypt from the reform of Diocletianus to the reform of Anastasius, AD 294-491: AE 11 (p. 353)",,Entered,,,,,,,,"Found in a destruction layer beneath the floor level of house B, room D.",,,,,1,Hoard,Egypt,,Centred on village/city,Tetrarchy (RIC VI),Tetrarchy (RIC VI),Controlled archaeological investigation,Desert,,Urban,House,,Destruction deposit,,4,4,3,,,M. Spoerri (May 2022).,Egypt
18824,DIMAI 1931/1932,9,Soknopaiou Nesos,,Dimeh es-Seba [ديمة السباع],,Faiyum [الفيوم],Soknopaiou Nesos,29.5334745,30.668916,,"A hoard of 9 Alexandrian tetradrachms (Nero - Hadrian), found in house E.",,,,1931,,,1932,56,57,136,137,,"Noeske, H.-C. - 2006 - Münzfunde aus Ägypten II. Die griechisch-römischen Münzfunde aus dem Fayum: 43-45; Haatvedt, R.A. - 1935 - Soknopaiou nesos : The University of Michigan excavations at Dimê in 1931-32: 37-47",,Available to enter,,,,,,,,,,,,,1,Hoard,Egypt,,Centred on village/city,Hadrian,Hadrian,Controlled archaeological investigation,Archaeological site,,Urban,House,,,,3,2,4,,,M. Spoerri (May 2022 / Jan. 2024).,Egypt
18825,KOM AUSHIM 1967,1005,Karanis,,,,,Karanis,29.5164395,30.897603,,"A hoard of 1005 Alexandrian tetradrachms (Tiberius to Nero), found during excavations in 1967 in Karanis, though no details about the exact findspot are known.",,,,1967,,,,20,21,67,68,,"Noeske, H.-C. - 2006 - Münzfunde aus Ägypten II. Die griechisch-römischen Münzfunde aus dem Fayum: 75-77; Shahin, M. - 2008 - A hoard of Alexandrian billon tetradrachms found in 1967 in Kom Aushim",,Available to enter,,Kom Aushim museum,,,,,,,,,,,1,Hoard,Egypt,,Centred on village/city,Nero,Nero,Controlled archaeological investigation,Archaeological site,,Urban,Uncertain,,,,1,1,4,,,"M. Spoerri (May 2022, January 2024).",Egypt
18826,"KARANIS 1925, HOARD 3",582,,,Kom Aushim [كوم أوشيم],,Faiyum [الفيوم],Karanis,29.51973,30.90194,,"A hoard of 582 late Roman coins, found in room D of house 113 during excavations of the University of Michigan Expedition at Kom Aushim-Karanis in 1925. The hoard comprised 2 barbarous imitation of radiates, 355 late Roman imperial coins, and 225 cast imitations.",,,,1925,,,1925,260,270,455,455,,"Haatvedt, R. A., Peterson, E. E. and Husselman, E. M. - 1964 - Coins from Karanis : the University of Michigan excavations, 1924-1935: p. 14, hoard 3; Noeske, H.-C. - 2000 - Münzfunde aus Ägypten I: die Münzfunde des ägyptischen Pilgerzentrums Abu Mina und die Vergleichsfunde aus den Diocesen Aegyptus und Oriens vom 4.-8. Jh. n. Chr.: 276-287; Noeske, H.-C. - 2006 - Münzfunde aus Ägypten II. Die griechisch-römischen Münzfunde aus dem Fayum: 277; Milne, J.G. and Hayter A.G.K. - 1933 - Three coin hoards: 74-84; Ford, M. - 2000 - The coin hoards of late Roman/early Byzantine Egypt from the reform of Diocletianus to the reform of Anastasius, AD 294-491: AE 13 (p. 354)",,Available to enter,,,University of Michigan Expedition at Kom Aushim - Karanis,,1925,1925,,,,,,,1,Hoard,Egypt,,Centred on village/city,Valentinian III,Valentinian III,Controlled archaeological investigation,Desert,,Urban,House; Room,,,,2,3,3,Water pitcher,,"Irene Soto Marín dataset (coin-level info). Bibliography added by M. Spoerri (May 2022). Coin-level info prepared for import by J. Smith, imported by M. Spoerri (August 2022). Hoard-level info added by J. Smith (Nov. 2022).",Egypt
18827,MEYDUM 1932,2570,Meidum; Maidum,,Meidum,,Beni Suef [بني سويف],Meidum,29.373,31.171,28.066,"A hoard of ca. 2570 (?) coins (3 Ptolemaic or provincial Alexandrian coins; 2307 imperial coins; 260 Egyptian casts imitations), found in Meidum during the excavations of the University of Pennsylvania, in a house (ANS 99) made of mud bricks. The list given here is the one found in Noeske 2000, after MacIsaac. A slightly different account is given in Lease 1998.",,,1,1932,,,,268,270,410,423,,"Schubert, H. - 1984 - Studien zum spätrömischen Münzumlauf in Ägypten, 1. Folles- und Aes-Schätze aus dem 4. Jahrhundert n. Chr.: 132-134 (hoard A); Noeske, H.-C. - 2000 - Münzfunde aus Ägypten I: die Münzfunde des ägyptischen Pilgerzentrums Abu Mina und die Vergleichsfunde aus den Diocesen Aegyptus und Oriens vom 4.-8. Jh. n. Chr.: vol. II, 289-390; Noeske, H.-C. - 2006 - Münzfunde aus Ägypten II. Die griechisch-römischen Münzfunde aus dem Fayum: 288-289; Ford, M. - 2000 - The coin hoards of late Roman/early Byzantine Egypt from the reform of Diocletianus to the reform of Anastasius, AD 294-491: AE 21 (p. 357); McIsaac, J. D. - 1972 - The weight of the late fourth century and early fifth century nummus; Lease, G. - 1998 - Exposed at last! The Alan Rowe expedition to Meidum, 1931 - 1932. The University Museum, Philadelphia",,Entered,,University of Pennsylvania Museum of Archaeology (part) and the Egyptian Government (part),Dr. Alan Rowe of the University of Pennsylvania Expedition,,1932,1932,,,,,,Only few coins have a type description.,1,Hoard,Egypt,,Centred on village/city,Honorius (RIC X),Honorius (RIC X),Controlled archaeological investigation,Desert,,Urban,House; Room,,,,2,2,2,,,"Irene Soto Marín dataset (coin-list after Noeske 2000). Bibliography added by M. Spoerri (May 2022). Coin-level info prepared for import by J. Smith, imported by M. Spoerri (August 2022). Hoard-level info added by J. Smith (Nov. 2022)",Egypt
18829,HAWARA 1 (1938),1126,,,Hawwārat al Maqţa,Faiyum,,Haueris / Hawara,29.253514,30.895832,27,"Found in the necropolis of Hawara during the excavations of W.M. Flinders Petrie in 1888 and first published in 1938. 1120 late Roman coins, 4 casts imitations and 2 lead disks. All except two coins, were halved or even quartered. The two coins that were not halved are:  an imitation of type Copy G and a barbarous SALVS.",,,,1888,,,,324,346,402,500,,"Noeske, H.-C. - 2006 - Münzfunde aus Ägypten II. Die griechisch-römischen Münzfunde aus dem Fayum: 292-293; Noeske, H.-C. - 2000 - Münzfunde aus Ägypten I: die Münzfunde des ägyptischen Pilgerzentrums Abu Mina und die Vergleichsfunde aus den Diocesen Aegyptus und Oriens vom 4.-8. Jh. n. Chr.: 333-335; Pearce, J. W. E. - 1938 - More late AEs from Egypt: p. 117ff., no. 1; Petrie, W. M. F. - 1889 - Hawara, Biahmu, and Arsinoe: p. 13; Ford, M. - 2000 - The coin hoards of late Roman/early Byzantine Egypt from the reform of Diocletianus to the reform of Anastasius, AD 294-491: AE 34 (p. 361)", -  - The British Museum: https://www.britishmuseum.org/collection/object/C_2014-4033-10-740,Not available,,"British Museum (part?): 2014,4033.10-740",W.M. Flinders Petrie,,1888,1888,,,,,,,1,Hoard,Egypt,,Centred on village/city,Arcadius (RIC X),Uncertain,Controlled archaeological investigation,Desert,Excavation,Rural,Cemetery,Roman,,,2,2,2,Jar,,"Irene Soto Marín dataset. References added by M. Spoerri (May 2022). Coin-level info prepared for import by J. Smith, imported by M. Spoerri (May-June 2022). Hoard-level info added by J. Smith (June 2022).",Egypt
18830,HAWARA 1892,866,,,Hawwārat al Maqţa,Faiyum,,Haueris / Hawara,29.253514,30.895832,27,"A hoard of 866 Late Roman coins, found by lieutenant v. Levetzau in Hawara. ca. 40 coins were accessioned by the Berlin museum, the rest was disposed off, being illegible.",,,,1892,,,,306,336,474,500,,"Noeske, H.-C. - 2000 - Münzfunde aus Ägypten I: die Münzfunde des ägyptischen Pilgerzentrums Abu Mina und die Vergleichsfunde aus den Diocesen Aegyptus und Oriens vom 4.-8. Jh. n. Chr.: 291-293; Noeske, H.-C. - 2006 - Münzfunde aus Ägypten II. Die griechisch-römischen Münzfunde aus dem Fayum: 295; Dressel, H. - 1898 - Erwerbungen des Kgl. Münzkabinetts in den Jahren 1890-1897: 238-239; Ford, M. - 2000 - The coin hoards of late Roman/early Byzantine Egypt from the reform of Diocletianus to the reform of Anastasius, AD 294-491: AE 7 (p. 353)",,Not available,,Berlin (part),,,,,,,,,,,1,Hoard,Egypt,,Centred on village/city,Zeno,Uncertain,Unknown,Unknown,,Rural,Uncertain,,,,1,1,1,,,"Irene Soto Marín dataset. Bibliography inserted, M. Spoerri (May 2022). Coin-level info prepared for import by J. Smith, imported by M. Spoerri (May-June 2022). Hoard level information added by J. Smith (June 2022).",Egypt
18831,HAWARA 2 (1938),43,,,Hawwārat al Maqţa,Faiyum,,Haueris / Hawara,29.253514,30.895832,27,"43 coins (Constantine I - Zeno, including one cast imitation), found in the necropolis of Hawara during the excavations of W.M. Flinders Petrie in 1888, in a small leather bag and interpreted as a funeral offering by Flinders Petrie. First published in 1938.",,,,1888,,,,324,336,476,477,,"Petrie, W. M. F. - 1889 - Hawara, Biahmu, and Arsinoe: p. 13, no. 2; Pearce, J. W. E. - 1938 - More late AEs from Egypt: p. 118ff., no. 2; Noeske, H.-C. - 2000 - Münzfunde aus Ägypten I: die Münzfunde des ägyptischen Pilgerzentrums Abu Mina und die Vergleichsfunde aus den Diocesen Aegyptus und Oriens vom 4.-8. Jh. n. Chr.: 335-336; Noeske, H.-C. - 2006 - Münzfunde aus Ägypten II. Die griechisch-römischen Münzfunde aus dem Fayum: 295-296; Ford, M. - 2000 - The coin hoards of late Roman/early Byzantine Egypt from the reform of Diocletianus to the reform of Anastasius, AD 294-491: AE 35 (p. 361)",,Entered,,,W.M. Flinders Petrie,,1888,1888,,,,,,Only some coin-level references.,1,Hoard,Egypt,,Centred on village/city,Zeno,Zeno,Controlled archaeological investigation,Desert,Excavation,Rural,Cemetery,Roman,,,2,2,2,Leather Bag,,"Irene Soto Marín dataset. Bibliography inserted, M. Spoerri (May 2022). Coin-level info prepared for import by J. Smith, imported by M. Spoerri (May-June 2022). Hoard-level info added by J. Smith (June 2022).",Egypt
18832,HAWARA 3 (1938),892,,,Hawwārat al Maqţa,Faiyum,,Haueris / Hawara,29.253514,30.895832,27,"883 coins (Constantine I - Zeno, including 459 cast imitations) and 9 lead disks (8-11 mm), found in the necropolis of Hawara during the excavations of W.M. Flinders Petrie in 1888, in a jar and interpreted as a funeral offering by Flinders Petrie. First published in 1938.",,,,1888,,,,324,336,476,500,,"Petrie, W. M. F. - 1889 - Hawara, Biahmu, and Arsinoe: 13, no. 4; Pearce, J. W. E. - 1938 - More late AEs from Egypt: p. 119ff., no. 3; Noeske, H.-C. - 2000 - Münzfunde aus Ägypten I: die Münzfunde des ägyptischen Pilgerzentrums Abu Mina und die Vergleichsfunde aus den Diocesen Aegyptus und Oriens vom 4.-8. Jh. n. Chr.: 337-339; Noeske, H.-C. - 2006 - Münzfunde aus Ägypten II. Die griechisch-römischen Münzfunde aus dem Fayum: 296; Ford, M. - 2000 - The coin hoards of late Roman/early Byzantine Egypt from the reform of Diocletianus to the reform of Anastasius, AD 294-491: AE 36 (p. 361)",,Entered,,,W.M. Flinders Petrie,,1888,1888,,,,,,Many coins are poorly preserved and illegible (mint attribution).,1,Hoard,Egypt,,Centred on village/city,Zeno,Zeno,Controlled archaeological investigation,Desert,Excavation,Rural,Cemetery,Roman,,,2,2,2,Jar,,"Irene Soto Marín dataset. References added by M. Spoerri (May 2022). Coin-level info prepared for import by J. Smith, imported by M. Spoerri (May-June 2022). Hoard-level info added by J. Smith (June 2022).",Egypt
18833,HAWARA 4 (1938),348,,,Hawwārat al Maqţa,Faiyum,,Haueris / Hawara,29.253514,30.895832,27,"Found in the necropolis of Hawara during the excavations of W.M. Flinders Petrie in 1888, in a jar and interpreted as a funeral offering by Flinders Petrie. First published in 1938. The hoard comprised 303 late Roman coins, 43 cast imitations and 2 Byzantine coins.",,,,1888,,,,324,346,491,,,"Petrie, W. M. F. - 1889 - Hawara, Biahmu, and Arsinoe: p. 13, no. 4(?); Pearce, J. W. E. - 1938 - More late AEs from Egypt: p. 122ff., no. 4; Noeske, H.-C. - 2000 - Münzfunde aus Ägypten I: die Münzfunde des ägyptischen Pilgerzentrums Abu Mina und die Vergleichsfunde aus den Diocesen Aegyptus und Oriens vom 4.-8. Jh. n. Chr.: 340-342; Noeske, H.-C. - 2006 - Münzfunde aus Ägypten II. Die griechisch-römischen Münzfunde aus dem Fayum: 297-298; Ford, M. - 2000 - The coin hoards of late Roman/early Byzantine Egypt from the reform of Diocletianus to the reform of Anastasius, AD 294-491: AE 37 (p. 362) = Pearce 4; AE 41 (p. 363) = Petrie 4",,Entered,,,W.M. Flinders Petrie,,1888,1888,,,,,,,1,Hoard,Egypt,,Centred on village/city,Anastasius,Uncertain (non Roman),Controlled archaeological investigation,Desert,Excavation,Rural,Cemetery,Roman,,,2,2,2,Jar,,"Irene Soto Marín dataset. References added by M. Spoerri (May 2022). Coin-level info prepared for import by J. Smith, imported by M. Spoerri (May-June 2022). Hoard-level info added by J. Smith (June 2022).",Egypt
18834,HAWARA 6 (1920),3119,,,Hawwārat al Maqţa,,Faiyum [الفيوم],Haueris / Hawara,29.253514,30.895832,27,"A hoard of 3,119 mostly late Roman coins, found in the necropolis of Hawara during the excavations of W.M. Flinders Petrie in 1888 and interpreted as a funeral offering by Flinders Petrie. First published in 1920. The hoard comprised 2 Greek coins, 2 Roman provincial coins, 2245 late Roman imperial coins, 3 small lead disks, and 870 cast imitations.",,,,1888,,,,-175,-164,423,423,,"Petrie, W. M. F. - 1889 - Hawara, Biahmu, and Arsinoe: 13; Milne J. G. - 1926 - The currency of Egypt in the fifth century: 43-92; Schubert, H. - 1984 - Studien zum spätrömischen Münzumlauf in Ägypten, 1. Folles- und Aes-Schätze aus dem 4. Jahrhundert n. Chr.: 128-130 (hoard Y); Noeske, H.-C. - 2000 - Münzfunde aus Ägypten I: die Münzfunde des ägyptischen Pilgerzentrums Abu Mina und die Vergleichsfunde aus den Diocesen Aegyptus und Oriens vom 4.-8. Jh. n. Chr.: 293-316; Noeske, H.-C. - 2006 - Münzfunde aus Ägypten II. Die griechisch-römischen Münzfunde aus dem Fayum: 293-294; Milne, J.G. - 1920 - Two Roman hoards of coins from Egypt: p. 172-181; Ford, M. - 2000 - The coin hoards of late Roman/early Byzantine Egypt from the reform of Diocletianus to the reform of Anastasius, AD 294-491: AE 26 (p. 358)",,Available to enter,,British museum (part),W.M. Flinders Petrie,,1888,,,,,,,,1,Hoard,Egypt,,Centred on village/city,Honorius (RIC X),Honorius (RIC X),Controlled archaeological investigation,Desert,,Urban,Cemetery,,,,2,2,3,Jar,,"Irene Soto Marín dataset. References added by M. Spoerri (May 2022). Coin-level info prepared for import by J. Smith, imported by M. Spoerri (Aug. 2022). Hoard-level info added by J. Smith (Nov. 2022).",Egypt
18835,BATN IHRIT 1914,2668,Theadelphia 1914,,,,,Theadelphia,29.348065,30.49696,6,"A hoard of 2668 late Roman nummi (AD 324-348), found in a residential building, inside a rectangular niche dug into the wall.",,,,1914,,,,324,325,348,348,,"Noeske, H.-C. - 2006 - Münzfunde aus Ägypten II. Die griechisch-römischen Münzfunde aus dem Fayum: 371-397; Breccia, Ev. - 1926 - Teadelfia e il tempio di Pneferôs: 131",,Available to enter,,"Graeco-Roman Museum, Alexandria",,,,,,,,,,,1,Hoard,Egypt,,Centred on village/city,Constans,Constans,Controlled archaeological investigation,Archaeological site,,Rural,Domestic building,,Wall,,2,3,4,,,M. Spoerri (May 2022/March 2024).,Egypt
18840,ANTINOE 1914,33,,,Sheik Abāda [الشيخ عبادة],Minya Governorate,,Antinoe,27.816667,30.883333,,"A hoard of 33 late Roman nummi (AD 317-328), found in an ancient rubbish heap during the papyri excavations of J. Johnson at Antinoe in 1913/1914.",,,,1914,,,,317,320,327,328,,"Schubert, H. - 1984 - Studien zum spätrömischen Münzumlauf in Ägypten, 1. Folles- und Aes-Schätze aus dem 4. Jahrhundert n. Chr.: 100-101 (hoard L); Noeske, H.-C. - 2006 - Münzfunde aus Ägypten II. Die griechisch-römischen Münzfunde aus dem Fayum: 443-445; Milne, J.G. - 1947 - Report on the coins found at Antinoe in 1914: 108f.; Ford, M. - 2000 - The coin hoards of late Roman/early Byzantine Egypt from the reform of Diocletianus to the reform of Anastasius, AD 294-491: AE 30 (p. 359); O&#039;Connell, E. R. - 2014 - Catalogue of British Museum Objects from the Egypt Exploration Fund&#039;s 1913/14 Excavation at Antinoupolis (Antinoë)",,Available to enter,,Egypt Exploration Fund: British Museum (part),,,,,,,,,,,1,Hoard,Egypt,,Centred on field,Constantine I (RIC VII),Constantine I (RIC VII),Controlled archaeological investigation,Archaeological site,,Urban,Uncertain,,Rubbish mound,,2,2,3,,,M. Spoerri (May 2022 / Feb. 2024).,Egypt
18865,DENDARA 1898 A,242,,,Dendera,,Qena [قنا],Tentyra / Dendara,26.141775,32.6700972222,,"242 tinned bronze nummi from the time of the Tetrarchy (Diocletian - Constantine I), buried in rouleaux between the bricksof the floor of a Roman house at the back of the temple.",,,,1898,,,,293,,308,313,,"Petrie, W. M. Flinders - 1900 - Dendereh, 1898: p. 36; Ford, M. - 2000 - The coin hoards of late Roman/early Byzantine Egypt from the reform of Diocletianus to the reform of Anastasius, AD 294-491: AE 43 (p. 363); Schubert, H. - 1984 - Studien zum spätrömischen Münzumlauf in Ägypten, 1. Folles- und Aes-Schätze aus dem 4. Jahrhundert n. Chr.: pp. 92-93 (hoard H)",,Not available,,,,,,,,,,,,,1,Hoard,Egypt,,Centred on village/city,Tetrarchy (RIC VI),Tetrarchy (RIC VI),Controlled archaeological investigation,Desert,,Rural,Temple or shrine; House,,,,3,3,2,,,M. Spoerri (May 2022/April 2024).,Egypt
19283,KELLIA 1977,202,,,al-Muna,Giza,,Kellia,30.776003,30.368868,,"A hoard of 202 late Roman bronze coins (c. AD 270 - 4th/5th century AD), found during the excavations at Kellia, a Christian monastic community, 40 miles south of Alexandria.",,,,1977,,,,260,286,450,,,"Noeske, H.-C. - 2000 - Münzfunde aus Ägypten I: die Münzfunde des ägyptischen Pilgerzentrums Abu Mina und die Vergleichsfunde aus den Diocesen Aegyptus und Oriens vom 4.-8. Jh. n. Chr.: pp. 222-227; King, C. E. - 2013 - The coins: 263-266 and 297-302 (cat.)",,Not available,,,,,,,,Kellia was a 4th-century Egyptian Christian monastic community spread out over many square kilometres in the Nitrian Desert about 40 miles south of Alexandria. The hoard was found in courtyard 113.,,,,"Mintmarks are mostly illegible, but reverse types are available for the legible coins.",1,Hoard,Egypt,,Centred on village/city,Marcian,Uncertain,Controlled archaeological investigation,Archaeological site,,Rural,House,,Courtyard,,3,2,2,,,"M. Spoerri (July 2022). Coin-level info prepared for import by J. Smith (Dec. 2022), based on the publication by King.",Egypt
19284,KOM EL-DUWANI,105,,,,Samalut,Menia,,28.222112,30.649428,,"Found by residents of Bahriya at the Roman settlement of Kom el-Duwani, 1 km west of the village of el-Qamadir. The hoard consisted of 105 late Roman coins (AE 4), 102 of which were illegible.",The coordinates are centred on el-Qamadir.,,,1980,,,,337,361,383,395,,"Noeske, H.-C. - 2000 - Münzfunde aus Ägypten I: die Münzfunde des ägyptischen Pilgerzentrums Abu Mina und die Vergleichsfunde aus den Diocesen Aegyptus und Oriens vom 4.-8. Jh. n. Chr.: 355; Kessler, D. - 1984 - Nachtrag zur archäologischen und historischen Karte der Region zwischen Mallawi und Samalut: 509-520; Ford, M. - 2000 - The coin hoards of late Roman/early Byzantine Egypt from the reform of Diocletianus to the reform of Anastasius, AD 294-491: 354, AE15; Kessler, D. - 1981 - Historische Topographie der Region zwischen Mallawi und Samalut",,Not available,,,Local residents,Discovered by local residents of Bahriya and presented to archaeologists during investigations in 1980.,,,,,,,,,1,Hoard,Egypt,,Centred on village/city,Theodosius I,Theodosius I,Other chance find,Cultivated Land,,Rural,Settlement,Roman,,,2,2,2,,,"Irene Soto Marín Dataset. Hoard data and coins entered by J. Smith (Apr. 2022), based on Noeske 2000.",Egypt
19946,ARMANT,401,,,Armant,,Qena,Armant / Hermonthis,25.616667,32.533333,,"A hoard of nummi from the early fourth c. AD, of which 401 were acquired by the Ashmolean museum in 1948. The hoard was found in an amphora at Armant. In 1944, it was in possession of Sayid Effendi Mulattam of Luxor. Major John Bromwich acquired the best specimens of each issue and presented these to the Ashmolean museum.",,,,,,,1944,293,,305,313,,"Schubert, H. - 1984 - Studien zum spätrömischen Münzumlauf in Ägypten, 1. Folles- und Aes-Schätze aus dem 4. Jahrhundert n. Chr.: Hoard O, p. 108; Ford, M. - 2000 - The coin hoards of late Roman/early Byzantine Egypt from the reform of Diocletianus to the reform of Anastasius, AD 294-491: AE 8, p. 353; Sutherland, C. H. V. - 1967 - The Roman Imperial Coinage 6: From Diocletian&#039;s Reform (A.D. 294) to the Death of Maximinus (A.D. 313): p. 687;  - 1949 - Fasti Archaeologici: p. 23, no. 182 and p. 346, no. 3603 (ment.)",,Not available,,"Ashmolean museum, Oxford (part)",,,,,,,,,,,1,Hoard,Egypt,,Centred on field,Tetrarchy (RIC VI),Tetrarchy (RIC VI),Unknown,Unknown,,Urban,Uncertain,,,,1,1,1,Amphora,,M. Spoerri (July 2022/April 2024).,Egypt
19947,KOM DENCHAL,1062,Damanhour; Denshal,,Dinshāl,Beheira,,,30.96721,30.5298,,"A hoard of 1062 nummi, corroded together and found by farmers on the rubbish dump of an ancient settlement, east of Denchal. It consisted solely of coins of Constans and Constantius II with the legend FEL TEMP REPARATIO.",,,,1942,,,1943,346,350,351,354,,"Schubert, H. - 1984 - Studien zum spätrömischen Münzumlauf in Ägypten, 1. Folles- und Aes-Schätze aus dem 4. Jahrhundert n. Chr.: Hoard P, p. 112-114; Ford, M. - 2000 - The coin hoards of late Roman/early Byzantine Egypt from the reform of Diocletianus to the reform of Anastasius, AD 294-491: AE 14, p. 354; Jungfleisch, M. - 1948 - La trouvaille de Kom Denchal : monnaies en bronze de l&#039;époque post-constantinienne",,Available to enter,,"Graeco-Roman Museum, Alexandria",,,,,,,,,,,1,Hoard,Egypt,,Centred on village/city,Constantius II,Constantius II,Other chance find,Archaeological site,,Rural,Settlement,,,,2,1,2,,,M. Spoerr (July 2022/March 2024).,Egypt
19952,EL KAB 1946,2821,,,,Aswan,,El Kab,25.130663,32.808339,,"A hoard of 2,821 nummi, found in a vessel in the remains of a late Roman building (a monastery?) in El Kab. 143 of these were imitations. Other coins were partly illegible (obverse: 1,147; reverse: 92). Most of the coins date from the period AD 364-383, ending with coins of Gratian, ca. AD 370.",,,,1946,,,,324,,367,379,,"Schubert, H. - 1984 - Studien zum spätrömischen Münzumlauf in Ägypten, 1. Folles- und Aes-Schätze aus dem 4. Jahrhundert n. Chr.: Hoard U, p. 121-123; Ford, M. - 2000 - The coin hoards of late Roman/early Byzantine Egypt from the reform of Diocletianus to the reform of Anastasius, AD 294-491: AE 3, p. 352; Bingen, J. - 1948 - Le Trésor de monnaies n° 2 d&#039;El Kab (Petits bronzes romains, vers 370 après J.-C.)",,Available to enter,,,,,,,,The hoard was discovered within the remains of a Late Roman building thought by the excavators to be a monastery.,,,,Bingen provides a list of all coins (types and mintmark). No LRBC/RIC references available.,1,Hoard,Egypt,,Centred on field,Gratian,Gratian,Controlled archaeological investigation,Archaeological site,,Rural,Settlement; Temple or shrine,,,,2,2,2,Vessel,,M. Spoerri (July 2022/April 2024).,Egypt
19953,EL KAB 1937,500,,,,Aswan,,El Kab,25.130663,32.808339,,"A hoard of ca. 500 nummi, found in one of the Graeco-Roman houses built within the perimeter of the first courtyard of the Pharaonic temple. This hoard is similar in its composition to EL KAB 1946. Coins of Constantius II, Julian and Valens are noted.",,,2,1937,,,,,337,364,378,,"Bingen, J. - 1948 - Le Trésor de monnaies n° 2 d&#039;El Kab (Petits bronzes romains, vers 370 après J.-C.): p. 162-3; Ford, M. - 2000 - The coin hoards of late Roman/early Byzantine Egypt from the reform of Diocletianus to the reform of Anastasius, AD 294-491: AE 2, p. 352; Capart, J. - 1940 - Fouilles de El-Kab : Documents: vol. I, p. 15",,Not available,,,,,,,,,,,,,1,Hoard,Egypt,,Centred on field,Valens,Valens,Controlled archaeological investigation,Archaeological site,,Rural,Settlement,,,,3,2,1,Two vessels,,M. Spoerri (July 2022).,Egypt
19987,NAG AL-HAGAR,77,,,Nag el-Hagar,Aswan,,Nag el-Hagar,24.354525,32.913644,,"A hoard of 77 nummi from the period AD 317-337, found when ’the U-shaped tower of the rampart north of the porta praetoria’ was uncovered.",,,,1985,,,1986,317,,,337,,"Ford, M. - 2000 - The coin hoards of late Roman/early Byzantine Egypt from the reform of Diocletianus to the reform of Anastasius, AD 294-491: AE 57, p. 367; Wareth, U.A. and Zignani, P. - 1993 - Nag al-Hagar. A fortress with a palace of the late Roman empire. Second preliminary report: 203-204",,Not available,,,,,,,,,,,,,1,Hoard,Egypt,,Centred on field,Constantine I (RIC VII),Constantine I (RIC VII),Controlled archaeological investigation,Unknown,,Military,Fort,,,,3,3,1,,,M. Spoerri (July 2022).,Egypt
19989,ABU AL-GUD,233,Al Uqb; العقب,,Al Uqb [العقب],,Qena [قنا],,25.800730033684,32.787135962932,,"A hoard of 233 Alexandrian tetradrachms, ranging from Nero to Philip, found 1968 in Abu al-Gud, in the vicinity of Luxor.",,,,1968,,,,63,64,246,247,,"Noeske, H.-C. - 2008 - Der Münzschatz von Abu al-Gud und einige Überlegungen zum Hortungsverhalten im kaiserzeitlichen Ägypten: 113-153",,Available to enter,,Musée Gréco-Romain d’Alexandrie,Workers,,,,,,,,,,1,Hoard,Egypt,,Centred on village/city,Philip I,Philip I,Building work,Unknown,,Rural,Uncertain,,,,2,1,3,,,M. Spoerri (July 2022). Corrected and updated by C. Gazdac (Aug. 2022).,Egypt
19990,LUXOR 1908,737,,,,,Luxor [الأقصر],,25.7144,32.6564,,"737 nummi, belonging to a hoard (covering the period AD 335 - 392) bought by E.T. Newell in Luxor in 1908. Some of these coins are imitations. 3 were described by Houghtalin and 16 further by Bastien.",,,,,,,1908,335,,,392,,"Ford, M. - 2000 - The coin hoards of late Roman/early Byzantine Egypt from the reform of Diocletianus to the reform of Anastasius, AD 294-491: AE 1, p. 351; Bastien, P. - 1982 - Imitations &quot;Fel temp reparatio&quot; en Egypte, trouvaille de Louxor; Houghtalin, L. - 1980 - A mid-fourth century hoard from Luxor",,Not available,,"ANS, New York",,,,,,,,,,,1,Hoard,Egypt,,Centred on village/city,Theodosius I,Theodosius I,Unknown,Unknown,,Uncertain,Uncertain,,,,1,1,1,,,M. Spoerri (July 2022).,Egypt
19991,LUXOR 1914,99,,,,,Luxor [الأقصر],,25.7144,32.6564,,"99 nummi, belonging to a hoard bought by E.T. Newell in Luxor in 1914. See Luxor 1908 hoard. The coins of both hoards were mixed up.",,,,,,,1914,300,400,300,400,,"Bastien, P. - 1982 - Imitations &quot;Fel temp reparatio&quot; en Egypte, trouvaille de Louxor: p. 257; Houghtalin, L. - 1980 - A mid-fourth century hoard from Luxor",,Not available,,"ANS, New York",,,,,,,,,,,1,Hoard,Egypt,,Centred on village/city,Uncertain,Uncertain,Unknown,Unknown,,Uncertain,Uncertain,,,,1,1,1,,,M. Spoerri (July 2022).,Egypt
20020,TELL ATRIB 1979,29,,,Tell Atrib,Qalyubia,,Tell Atrib,30.4707015,31.18425,,"A hoard of 29 nummi (Gratian - Arcadius for the coins that could be identified, with also a 5th century monogram type), discovered in sector D (inv. 79D/18) of Tell Atrib.",,19,10,1979,,,,364,367,445,450,,"Krzyżanowska, A. - 2009 - Les monnaies: p. 113; Ford, M. - 2000 - The coin hoards of late Roman/early Byzantine Egypt from the reform of Diocletianus to the reform of Anastasius, AD 294-491: AE 48, p. 365",,Available to enter,,,,,,,,,,,,,1,Hoard,Egypt,,Centred on village/city,Theodosius II,Theodosius II,Controlled archaeological investigation,Archaeological site,,Urban,,,,,3,3,3,,,M. Spoerri (July 2022/Jan. 2024).,Egypt
20021,TELL ATRIB 1980,41,,,Tell Atrib,Qalyubia,,Tell Atrib,30.4707015,31.18425,,"A hoard of 41 nummi (Constantine I - Arcadius, with some 5th century cross in wreath types), found in sector D (inv. 80D/89 and 80/D94) of Tell Atrib.",,11,11,1980,12,11,1980,330,335,425,455,,"Krzyżanowska, A. - 2009 - Les monnaies: pp. 114-116",,Available to enter,,,,,,,,,,,,Not all coins are legible.,1,Hoard,Egypt,,Centred on village/city,Theodosius II,Valentinian III,Controlled archaeological investigation,Archaeological site,,Urban,,,,,3,2,2,,,M. Spoerri (July 2022/Jan. 2024).,Egypt
20059,DAKHLEH OASIS,1200,,,Ayn al-Sebil,New Valley Governorate,,Ain el-Sabil,25.50283333,29.08334444,,"A hoard of 5 kg of Late Roman coins (nummi), found in the house of a Roman settlement, in Ayn al-Sebil (Ain el-Sabil) in the Dakleh Oasis, sealed in a cupboard within a mud-wall. 1,200 coins were separated out of the corroded mass and 200 coins cleaned, of which 39 (all from the time of Constantine, AD c. 313-328) were recorded by Bowen in 2016.",,,,,,,2016,,313,328,,,"Bowen, Gillian E. - 2016 - A 4th century AD hoard from Ayn al-Sebil, Dakhleh Oasis, Egypt",,Available to enter,,,,,,,,,,,,"Only 39 coins out of 1,200 are recorded.",1,Hoard,Egypt,,Centred on village/city,Constantine I (RIC VII),Uncertain,Controlled archaeological investigation,Desert,,Rural,Settlement; House,,Wall,,2,3,1,,,M. Spoerri (Oct. 2022).,Egypt
20558,SIWA,0,Isiwan; واحة سيوة,,Siwa [Isiwan; واحة سيوة],,Matrouh [مطروح],,29.192203363856,25.527261212936,,"&quot;Purportedly [...], a hoard of coins was discovered, amongst it coinage with the names of a Ptolemy, a Roman emperor (Antoninus) and a Cyrenaican city (Tocra).",,,,,,,1998,,,,,,"Kuhlmann, K.P. - 1998 - Roman and Byzantine Siwa: Developing a Latent Picture: 167; Savio, A. and Cavagna, Al. - 2016 - L’Egitto e la moneta d’oro (I-III sec. d.C.): 218, footnote 11",,Not available,,,,,,,,,,,,,1,Hoard?,Egypt,,Centred on village/city,Uncertain,Uncertain,Unknown,Unknown,,Rural,Uncertain,,,,1,1,1,,,Uploaded by C.Gazdac (Apr. 2023).,Egypt
20559,BENHA 1896,21,Banha; Ben-ha; بنها,,Banha [بنها],,Qalyubia [لقليوبية],Athribis,30.466491452809,31.18349971072,,"Hoartd of around 21 aurei: 20 Probus, 1 Saturninus. No further information given.",,,,,,,1896,276,282,276,282,,"Babelon. E. - 1896 - Le tyran Saturninus: 139; Savio, A. and Cavagna, Al. - 2016 - L’Egitto e la moneta d’oro (I-III sec. d.C.): 224, no. 37",,Entered,,,,,,,,,,,,,1,Hoard,Egypt,,Centred on village/city,Probus,Probus,Unknown,Unknown,,Urban,Uncertain,,,,1,1,1,,,Uploaded by C. Gazdac (Apr. 2023).,Egypt
20563,ALEXANDRIA 1,1,الإسكندرية,,Alexandria [الإسكندرية],,Alexandria [الإسكندرية],Alexandria (Egypt),31.249918705585,29.940806580133,,Aureus of Antoninus Pius retrieved as a single find from underwater investigations.,,,,,,,,138,161,138,161,,"Savio, A. and Cavagna, Al. - 2016 - L’Egitto e la moneta d’oro (I-III sec. d.C.): 225, no. 39",,Not available,,,,,,,,,,,,,1,Single gold coin,Egypt,,Generated from computer mapping,Antoninus Pius,Antoninus Pius,Unknown,Marine,,Marine,Uncertain,,,,1,1,2,,,Uploaded by C. Gazdac (Apr. 2023).,Egypt
20564,ALEXANDRIA 2,1,الإسكندرية,,Alexandria [الإسكندرية],,Alexandria [الإسكندرية],Alexandria (Egypt),31.249918705585,29.940806580133,,Aureus of Caracalla retrieved as a single find from underwater investigations.,,,,,,,,196,217,196,217,,"Savio, A. and Cavagna, Al. - 2016 - L’Egitto e la moneta d’oro (I-III sec. d.C.): 225, no. 39",,Not available,,,,,,,,,,,,,1,Single gold coin,Egypt,,Generated from computer mapping,Septimius Severus,Caracalla,Unknown,Marine,,Marine,Uncertain,,,,1,1,2,,,Uploaded by C. Gazdac (Apr. 2023).,Egypt
20565,EL-ASHMUNEIN 1,1,Hermopolis Magna; الأشمونين,,Al Ashmunin [الأشمونين],Sohag [مركز سوهاج],Minya [محافظة],Hermopolis Magna,27.776,30.805,,Aureus of Tiberius retrieved during archaeological investigations.,,,,,,,,14,37,14,37,,"Savio, A. and Cavagna, Al. - 2016 - L’Egitto e la moneta d’oro (I-III sec. d.C.): 225, no. 40",,Not available,,,,,,,,,,,,,1,Single gold coin,Egypt,,Centred on field,Tiberius,Tiberius,Unknown,Archaeological site,Excavation,Urban,Uncertain,,,,2,1,2,,,Uploaded by C. Gazdac (Apr. 2023).,Egypt
20566,EL-ASHMUNEIN 2,1,Hermopolis Magna; Al Ashmunin; الأشمونين,,Al Ashmunin [الأشمونين],Sohag [مركز سوهاج],Minya [محافظة],Hermopolis Magna,27.776,30.805,,Aureus of Domitian retrieved during archaeological investigations.,,,,,,,,81,96,81,96,,"Savio, A. and Cavagna, Al. - 2016 - L’Egitto e la moneta d’oro (I-III sec. d.C.): 225, no. 40",,Not available,,,,,,,,,,,,,1,Single gold coin,Egypt,,Centred on field,Domitian,Domitian,Controlled archaeological investigation,Archaeological site,Excavation,Urban,Uncertain,,,,2,1,2,,,Uploaded by C. Gazdac (Apr. 2023).,Egypt
20568,EL-ASHMUNEIN 4,1,Hermopolis Magna; Al Ashmunin; الأشمونين,,Al Ashmunin [الأشمونين],Sohag [مركز سوهاج],Minya [المنيا],Hermopolis Magna,27.776,30.805,,Aureus of Marcus Aurelius for Faustina II (Augusta/Diva) retrieved during the archaeological investigations.,,,,,,,,161,176,161,176,,"Savio, A. and Cavagna, Al. - 2016 - L’Egitto e la moneta d’oro (I-III sec. d.C.): 225, no. 40",,Not available,,,,,,,,,,,,,1,Single gold coin,Egypt,,Centred on village/city,Marcus Aurelius,Marcus Aurelius,Controlled archaeological investigation,Archaeological site,Excavation,Urban,Uncertain,,,,2,1,2,,,Uploaded by C. Gazdac (Apr. 2023).,Egypt
20569,CLYSMA-QOLZOUM 1930-1932 A,2850,Suez [السويس],,Suez [السويس],,Suez [السويس],Clysma,29.9629,32.5729,,"A small amphora containing 2,850 nummi of the first Tetrarchy up to Constantine I and Licinius.",,,,1930,,,1932,305,305,333,337,,"Bruyère, B. - 1966 - Fouilles de Clysma-Qolzoum (Zuez) 1930 - 1932: 90-91",,Not available,,,,,,,,"Souhthern side of the site, block VI",,,,,1,Hoard,Egypt,,Centred on field,Constantine I (RIC VII),Constantine I (RIC VII),Controlled archaeological investigation,Archaeological site,Excavation,Urban,Domestic building,,,,2,2,1,Small amphora,,Uploaded by C. Gazdac (Apr. 2023).,Egypt
20570,CLYSMA-QOLZOUM 1930-1932 B,0,Suez [السويس],,Suez [السويس],,Suez [السويس],Clysma,29.9629,32.5729,,A small earthernware vessel containing a large number of sestertii from various Roman emperors. Due to the salinity the portraits could not be identified.,,,,1930,,,1932,1,293,1,293,,"Bruyère, B. - 1966 - Fouilles de Clysma-Qolzoum (Zuez) 1930 - 1932: 90",,Not available,,,,,,,,"Southern part of the site, block IV",,,,,1,Hoard,Egypt,,Centred on field,Uncertain,Uncertain,Controlled archaeological investigation,Archaeological site,Excavation,Urban,Domestic building,,,,2,2,1,Earthenware vessel,,Uploaded by C. Gazdac (Apr. 2023).,Egypt
20634,BERENIKE,14,Βερενίκη; Baranis; برنيس,,Berenice Troglodytica [برنيس],Red Sea Governorate [Muḥafaẓah al Baḥr al Aḥmar; محافظة البحر الأحمر],Upper Egypt [صعيد مصر],,23.945530400406,35.491188078859,,14 early Roman bronze/provincial coins found with &quot;a small coarse ware jar...at least one had been minted at Alexandria during the reign of Tiberius (14-37 AD).&quot;,,,,2015,,,,14,37,14,37,,"Sidebotham, S.E. et alii - 2021 - Berenike 2019: Report on the Excavations: 22",,Not available,,,,,2015,2015,,The so-called “three podia building”. Trench 105,,,,,1,Hoard,Egypt,,Centred on village/city,Tiberius,Tiberius,Controlled archaeological investigation,Archaeological site,Excavation,Urban,Enclosure,,Ditch,,4,4,1,Small ceramic jar,,Reference provided by E. Smagur. Uploaded by C. Gazdac (Aug. 2023).,Egypt
20922,AMHEIDA,850,,,Amheida,New Valley Governorate,,Amheida / Trimithis,25.6676117977,28.8706203539,,"A hoard of ca. 850 Alexandrian tetradrachms (Nero to Antoninus Pius) found at Amheida (Dakhla/Dakhleh oasis) in area 4, divided in three textile bags, on top of a mudbrick debris layer filling pit F90, immedialely adjacent to the temple of Thoth.",,,,2012,,,,54,68,138,161,,"Bagnal, R. - 2012 - Excavations at Amheida 2012. Preliminary Report: p. 9, 11-12",,Not available,,,"NYU Excavations at Amheida, see https://isaw.nyu.edu/research/amheida",,,,,,,,,,1,Hoard,Egypt,,Centred on village/city,Antoninus Pius,Antoninus Pius,Controlled archaeological investigation,Archaeological site,,Rural,Settlement; Uncertain,,Pit,,2,3,1,Textile bags,,M. Spoerri (Sept. 2023).,Egypt
20934,KOM EL-DIKKA,33,Alexandria KOM EL-DIKKA; كوم الدكة,,Alexandria [الإسكندرية],,Alexandria [الإسكندرية],,31.194800579835,29.904590295412,,33 tedrachams from Philip I (Otacilia Severa) - Diocletian. Before the monetary reform of AD 297. Only 16 pieces could be identified.,,,,2008,,,,244,249,297,297,,"Jegliński, A. - 2008 - Numismatic finds from Kom el-Dikka (Alexandria), 2008: 71-78",,Available to enter,,,,,2008,2008,,"Area F south of the baths and northwest of the cisterns. The brick kilns.The coins were recovered from deposits corresponding to the fill of lime kilns C and D, immediately under the late Roman ashes and below.",,,,,1,Hoard,Egypt,,Centred on field,Diocletian (RIC V),Diocletian (RIC V),Controlled archaeological investigation,Archaeological site,Excavation,Urban,Bath house,,Kiln,,4,4,4,,,Reference forwarded by E. Smagur. Uploaded by C. Gazdac (Nov. 2023).,Egypt
20936,SUEZ,38,,,Suez [ السويس],,Suez Governorate,,29.97371,32.52627,,"A hoard found in the vicinity of Suez in 1930, seen by an informant of K. Regling. It comprises 38 aurei of Septimius Severus and his family, including one of Caracalla with Plautilla.",,,,1930,,,,193,211,198,217,,"Regling, K. - 1931 - Der Schatz römischer Goldmünzen von Diarbekir (Mardin): p. 381; Kunisz, A. - 1983 - Udział złotego pieniądza w cyrkulacji na Terytorium Egiptu w I-III w. n. e.: p. 139 e; Savio, A. and Cavagna, Al. - 2016 - L’Egitto e la moneta d’oro (I-III sec. d.C.): p. 224, no. 34",,Not available,,,,,,,,,,,,,1,Hoard,Egypt,,Centred on village/city,Caracalla,Caracalla,Unknown,Unknown,,Uncertain,Uncertain,,,,1,1,,,,M. Spoerri (Nov. 2023 / Jan. 2024).,Egypt
20968,BAHRIA OASIS,1,Bahariya Oasis; el-Me’ysera,,Qaṣr al-Maʿīsara [قصر المعيسرة],Giza Governorate,,,28.360801,28.916879,,"A solidus of Valens, found in an earthenware pot together with jewellery, in one of the rooms of a burned house, in the niche of a wall, at el-Me’ysera (el-Meyserah)",,,,1945,,,,364,367,364,367,,"Gabra, G. - 1993 - Zum Schmuck einer Frau des vierten Jahrhunderts aus der Bahria-Oase im Koptischen Museum.; Fakhry, A. - 1974 - The Oases of Egypt 2. Bahriyah and Farafra Oases: 102–105; Fakhry, A. - 1950 - Bahria Oasis: 92",,Entered,,"Coptic Museum, Cairo",,,,,,"Qaṣr al-Maʿīsara, which Fakhry calls al-Mi’yṣrah, is situated in Baḥariya Oasis, 1.4km N/NE from the Roman village of Qaṣr al-ʿAǧūz. The site originally comprised a stone chapel, around which were numerous mud-brick buildings identified as domestic units which had been destroyed by fire in antiquity (Fakhry, 1950: 92). In these structures, Fakhry uncovered some 46 Greek and Coptic ostraca, amongst other artefacts, which document the presence of a Christian community (Ghica, 2012: 249). In a small ceramic vessel recovered from one of the burnt houses, which contained various gold and silver jewellery items, a gold coin of Emperor Valens was found, situating the occupation of the village no later than the fourth century (Fakhry, 1950: 92; Fakhry 1974: 105).The site was visited in 1938 by Ahmed Fakhry, who then conducted excavations in 1945 in the dwellings surrounding the chapel. No further fieldwork has been conducted, and very little information has ever been published.(Rhiannon Williams, Victor Ghica , 2021, &quot;Qaṣr al-Maʿīsara&quot;, 4CARE database - Fourth-Century Christian Archaeological Record of Egypt, https://4care-skos.mf.no/places/37)",,,,,1,Single gold coin,Egypt,,Centred on village/city,Valens,Valens,Controlled archaeological investigation,,,Rural,Domestic building; Settlement,,Wall,,,3,3,Pot,Earring; Bracelet; Bracelet; Ring,M. Spoerri (April 2024).,Egypt
15659,AL-MADHĀRIBA,1194,,,al-Madhāriba,al-Madhāriba,Lahej,,12.899433,43.990592,278.8,"1,194 gold coins: 326 solidi, 868 Asumite . The Roman coins: Constantius II - Theodosius II (AD 408-520). The Axunite coins: Ēzana - Kaleb (c. AD 520).",,,,,,,,361,337,520,520,,"Munro-Hay, S. - 1989 - The al-Madhariba hoard of gold Aksumite and late Roman coins: 83-100; Dowler, A. - 2018 - The interaction of Aksumite and Roman gold coins in South Arabia in the 6th century CE: 6-17",,Available to enter,,"National Museum, Aden, Yemen",,Found with a ceramic vessel.,,,,,,,,Some of the coins can be entered at the coin data level base on work by Dowler.,1,Hoard,Yemen,,Centred on village/city,Kaleb,Kaleb,Unknown,Unknown,,,,,,,1,1,3,,,Uploaded by C. Gazdac (Aug 2019).,Yemen
15770,ADEN - AREA,3,,,Aden,Aden,,,12.782498,45.026034,64.8,"In 1904, Ali Farah, of the Eastern Telegraph Company, Aden, donated three gold coins to the British Museum: one Aksumite coin ofEbana, one imitation of a solidus of Constantius II, and a solidus of Constantius II minted in Arles.","&quot;All three coins were said to come from Yemen: the registers state that the Aksumite coin was from ’200-300 miles north of Aden’, and the other two were ’from the hinterland of Aden’. Confusingly there is also a note on the ticket stating that the coin was found in the ’same district as Aksumite coin from same donor’. It is therefore likely that all three coins came from the same area, but were not necessarily part of a hoard when Ali Farah acquired them.&quot;",,,1904,,,,355,360,450,500,,"Dowler, A. - 2018 - The interaction of Aksumite and Roman gold coins in South Arabia in the 6th century CE: 8-9",,Entered,,"The British Museum, London, (inv.nos. 1904,0404.1, 904,0404.2, 1904,0404.3)",,,,,,,,,,,1,Group of single finds,Yemen,,Centred on village/city,Ebana,Ebana,Unknown,Unknown,,Uncertain,Uncertain,,,,1,1,4,,,Uploaded by C. Gazdac (Aug. 2019).,Yemen
15771,YEMEN - UNKNOWN FINDSPOT,35,,,,,,,12.889036,44.64388,,"35 gold coins: 31 Aksumite, 4 Solidi: Constantius II - Kaleb (AD 5600-520).",,,,1898,,,1899,355,355,500,520,,"Dowler, A. - 2018 - The interaction of Aksumite and Roman gold coins in South Arabia in the 6th century CE: 9-14",,Entered,,"Kunsthistorisches Museum, Wien, Austria (inv.nos. GR 31252-31282; RÖ 35945-35948)",,D.H. Müller led an expedition of the Austrian Academy of Sciences to Yemen in 1898/1899 and acquired a group of 35 gold Aksumite and Roman coins in Aden. He subsequently sold the coins to the Kunsthistorisches Museum in 1904.,,,,,,,,,1,Hoard,Yemen,,Generated from computer mapping,Kaleb,Kaleb,Unknown,Unknown,,Uncertain,Uncertain,,,,1,1,4,,,Uploaded by C. Gazdac (Aug. 2019).,Yemen
15774,SHABWA,1,SHABWAH; شبوة,,Shabwah,Shabwah,,,15.368972,47.023611,835,Aureus of Hadrian (AD 134-138).,,,,,,,,134,138,134,138,,"Sedov, A.V. and ̀Aydarus, ̀U. - 1995 - The coinage of ancient Hadramawt. The pre-Islamic coins in the al-Mukallâ Museum: 37, no. 76; Potts D.T. - 2010 - The Circulation of Foreign Coins within Arabia and of Arabian Coins outside the Peninsula in the pre-Islamic Era: 67; plate I, no. 1",,Entered,,"al-Mukalla Museum, Yemen (inv.no. MuM 132)",,,,,,"The ancient city of Shabwa was the capital of Hadhramaut at the southern end of the Arabian Peninsula. The ruins of the city are located in the north of modern Shabwah Governorate of the Republic of Yemen. Shabwa was first settled in 13th century BC, and was destroyed by the Himyarites at the end of the 3rd century AD. (Wikipedia)",,,,,1,Single gold coin,Yemen,,Centred on field,Hadrian,Hadrian,Unknown,Archaeological site,,Urban,Uncertain,,,,2,1,4,,,Uploaded by C. Gazdac (Aug. 2019).,Yemen
16485,ABYAN GOVERNORATE,23,,,,Abyan,,,13.051036,45.133843,6.7,"Unknown original number of coins. 23 gold coins were recovered: 16 solidi, 7 Aksumite gold coins: Constantius II - Kaleb (AD 510-530). No details if the hoard was found in a container, and have no information about any archaeological context.","Unknown findspot in the Abyan Governorate of Yemen, northeastof the city of Aden.",29,7,2018,,,,347,366,510,530,,"Martínez Chico, D. and González García, A. - 2019 - The Abyan Governorate Hoard of Late Roman Solidi and Aksumite Gold Coins: 373-380",,Entered,,,,,,,,,,,,,1,Hoard,Yemen,,Generated from computer mapping,Kaleb,Kaleb,Unknown,Unknown,,Uncertain,Uncertain,,,,1,1,4,,,Uploaded by C. Gazdac (Feb. 2020).,Yemen
20725,SOHAR,0,Suhar,,Sohar,,Al Batinah North,,24.34745,56.70937,,"A 17th-century report by the Portuguese chronicler Antonio Bocarro mentions ’a great number’ of gold coins minted by Tiberius Caesar, discovered at Sohar in Oman in 1601, in the ’ruined city’.",,,,1601,,,,14,37,14,37,,"Haerinck, E. - 1998 - International contacts in the southern Persian Gulf in the late 1st century B.C. - 1st century A.D. Numismatic evidence from ed-Dur (Emirate of Umm al-Qaiwain, U.A.E.).: p. 291 (ment.); Bocarro, A. - 1634 - Livro das plantas de todas as fortalezas, cidade e povoaçõis do estado da Índia Oriental: folio 77; Potts, Daniel T. - 1990 - The Arabian Gulf in antiquity 2. From Alexander the Great to the coming of Islam: p. 292; Kervran, M. - 1984 - A la recherche de Suhar. Etat de la question: p. 287",,Not available,,unknown,,,,,,,,,,,1,Hoard?,Oman,,Centred on village/city,Tiberius,Tiberius,Building work,Built over,,Uncertain,Uncertain,,,,1,1,2,,,M. Spoerri (Sept. 2023).,Oman
15775,AL WAJH,3,الوجه,,Al Wajh,Tabuk,,Phoinikon Kome,26.237223,36.469297,4.1,Three nummi of Maximianus I (AD 295-296).,,,,,,,,295,296,295,296,,"Potts D.T. - 2010 - The Circulation of Foreign Coins within Arabia and of Arabian Coins outside the Peninsula in the pre-Islamic Era: 74; 75, tab. 6",,Entered,,,,,,,,,,,,,1,Group of single finds,Saudi Arabia,,Centred on village/city,Tetrarchy (RIC VI),Tetrarchy (RIC VI),Unknown,Unknown,,Uncertain,Uncertain,,,,1,1,3,,,Uploaded by C. Gazdac (Aug. 2019).,Saudi Arabia
15776,BI’R QUNAIR,3,,,al-Wajh,Tobuk,,,26.151869,36.493387,25.9,Three nummi of Constantine I (AD 327-333).,,,,,,,,315,315,327,333,,"Potts D.T. - 2010 - The Circulation of Foreign Coins within Arabia and of Arabian Coins outside the Peninsula in the pre-Islamic Era: 74; 75, tab. 6",,Entered,,,,,,,,,,,,,1,Group of single finds,Saudi Arabia,,Generated from computer mapping,Constantine I (RIC VII),Constantine I (RIC VII),Unknown,Unknown,,Uncertain,Uncertain,,,,1,1,3,,,Uploaded by C. Gazdac (Aug. 2019).,Saudi Arabia
15772,ED-DUR A,1,ٱلدُّوْر; Al Dour; Ad Dour,,Al-Samalah,Umm Al Quwain,,Omana?,25.522222,55.626111,5.1,"Aureus of Tiberius minted in Lugdunum (AD 14-37), from an ensemble of coins assembled by several expats working in the UAE in the 1970’s and 1980’s.",,,,,,,,14,37,14,37,,"Callot, O. - 2004 - Catalogue des monnaies du Musée de Sharjah (Emirats Arabes Unis). Essai sur les monnayages arabes préislamiques de la péninsule d&#039;Oman. Essay on the pre-Islamic Arabian coinages of the Oman peninsula.: 70, no. 99; Haerinck, E. - 1998 - International contacts in the southern Persian Gulf in the late 1st century B.C. - 1st century A.D. Numismatic evidence from ed-Dur (Emirate of Umm al-Qaiwain, U.A.E.).: p. 290-291, no. 16",,Entered,,"Museum of Sharjah, United Arab Emirates (inv. no. SM 4229)",,,,,,"Subsequent digs have unearthed evidence of human habitation spanning the Ubeid period, Stone Age, Bronze Age, Iron Age, and Pre-Islamic period. During the latter period, the settlement appears to have been at its most prosperous, and the hills of the area were entirely covered with dozens of buildings and thousands of stone-built tombs. Some 500 of these tombs have been excavated, with grave goods discovered including drinking sets, Roman glass, weaponry, pottery, jewelry and ivory objects. It is thought some 20,000 tombs are on the site in all. It is thought that Ed-Dur is the site of Omana, mentioned by both Pliny and Strabo as an important town in the Lower Gulf. The city is referred to in the anonymous Periplus of the Erythraean Sea, a documentation of trade between Alexandria and India, and the Periplus indicates that Omana was the most important port in the Gulf during the first century CE and was linked with the port of Apologos at the head of the Gulf, which has been linked to Basra. This trade down the Gulf, via camel trains inland from the Gulf to Syria would explain the richness of finds of Roman materials at Ed-Dur. (Wikipedia)",,,,,1,Single gold coin,United Arab Emirates,,Centred on field,Tiberius,Tiberius,Unknown,Archaeological site,,Urban,Uncertain,,,,2,1,4,,,Uploaded by C. Gazdac (Aug. 2019). Updated by M. Spoerri (Sept. 2023).,United Arab Emirates
15773,MLEIHA,1,مـلَـيْـحَـة;,,Mleiha,Sharjah,,,25.127121,55.856898,146.9,"Aureus of Augustus minted in Pergamum (19-18 BC), acquired from an expat residing in the UAE.",,,,,,,,-19,-18,-19,-18,,"Callot, O. - 2004 - Catalogue des monnaies du Musée de Sharjah (Emirats Arabes Unis). Essai sur les monnayages arabes préislamiques de la péninsule d&#039;Oman. Essay on the pre-Islamic Arabian coinages of the Oman peninsula.: 69, no. 97; Haerinck, E. - 1998 - The shifting pattern of overland and seaborne trade in SE-Arabia: foreign pre-Islamic coins from Mleiha (Emirate of Sharjah, U.A.E.): no. 1",,Entered,,"Museum of Sharjah, United Arab Emirates (inv. no. SM 4233)",,,,,,"The widespread archaeological evidence unearthed throughout the Mleiha area dates back as far as the Palaeolithic period, some 130,000 years ago. Graveyards and adjacent settlements have been found which point to Neolithic communities who lived there from 11,000 years ago, with finds of tools at the location consistent with the Neolithic Ubaid or Arabian Bifacial tradition of 5,000-3,100 BCE. Civilization evolved during the succeeding Bronze Age from 3,000 BCE onwards, with elaborate communal tombs found at Mleiha, including the Umm Al Nar tomb.An extensive fortified compound, ’Mleiha Fort’ is thought to have been possibly the seat of an ancient South Arabian kingdom dating back to 300 BCE.The period from 300–0 BCE has been dubbed both the Mleiha period and the Late Pre-Islamic period, and follows on from the dissolution of Darius III’s Persian empire. Mleiha is strongly linked to the Ancient Near Eastern city of Ed-Dur on the UAE’s west coast.Mleiha represents the most complete evidence of human settlement and community from the post-Iron Age era in the UAE. (Wikipedia)",,,,,1,Single gold coin,United Arab Emirates,,Centred on village/city,Augustus,Augustus,Unknown,Archaeological site,,Urban,Uncertain,,,,3,1,4,,,Uploaded by C. Gazdac (Aug. 2019). Updated by M. Spoerri (Sept. 2023).,United Arab Emirates
20724,ED-DUR B,1,ٱلدُّوْر; Al Dour; Ad Dour,,Al-Samalah,Umm Al Quwain,,Omana?,25.522222,55.626111,,"Aureus of Tiberius minted in Lugdunum (AD 14-37), found in ed-Dur (surface find).",,,,,,,,14,37,14,37,,"Howgego, C. and Potts, D.T. - 1992 - Greek and Roman coins from eastern Arabia: 183, 188, figs. 17-18",,Entered,,private coll.,,,,,,,,,,,1,Single gold coin,United Arab Emirates,,Centred on field,Tiberius,Tiberius,Unknown,Archaeological site,,Urban,Uncertain,,,,2,1,3,,,M. Spoerri (Sept. 2023).,United Arab Emirates
20953,TELL ABRAQ,3,Tell Abraq; Til Abrook,,Hamriya East [حمرية شرق],,Umm Al Quwain [أم القيوين],,25.483156404457,55.549859664891,,"Three aurei of Tiberius. They are considered imitations. Found within the archaeological site, at a shrine. &quot;The coins were found inside a small pottery bowl in the building with another set of locally minted bronze coins and these could have been used for a religious offering.&quot;",,13,3,2024,,,,14,37,14,37,,"TOI Science Desk / TIMESOFINDIA.COM - 2024 - Archaeologists found ancient artifacts dating back 2,000 years in UAE; Dennehy, J. - 2024 - Archaeologists unearth Roman coins and possible shrine in major Umm Al Quwain find",,Not available,,,,,2024,2022,,&quot;best preserved and largest prehistoric settlement in the Lower Gulf&quot; and is thought to be one of the key locations of the area the Sumerians knew as ’Magan’. [Wikipedia],,,The coins were found inside a small pottery bowl in the building with another set of locally minted bronze coins and these could have been used for a religious offering.,,1,Hoard?,United Arab Emirates,,Centred on field,Tiberius,Tiberius,Controlled archaeological investigation,Archaeological site,Excavation,Urban,Temple or shrine,Bronze Age,,Iron Age,,,,Small ceramic bowl,,Information Sheilan. Uploaded by C. Gazdac (Mar. 2024).,United Arab Emirates
18884,MIRGISSA,39,,,Mirgissa,,Northern State [الولاية الشمالية],,21.482676684233,30.94952141062,,39 bronze coins of Alexandria: Ptolemy I - Augustus (13 BC). Found during excavations in the sand near the Nile.,Near the Second Cataract,,,1967,,,1968,-305,-283,-13,-13,,"Christiansen, E. - 1985 - The Roman coins of Alexandria. An inventory of hoards: 137, no. A 180; Le Rider, G. - 1969 - Monnaies trouvées à Mirgissa: 28-35",,Available to enter,,Unknown,Jean Vercoutter (J-lission archéologique française du Soudan),,,,,"In the sand, near the Nile River",,,,,1,Hoard?,Sudan,,Generated from computer mapping,Augustus,Augustus,Controlled archaeological investigation,Archaeological site,,Military,Uncertain,,,,1,2,3,,,Uploaded by C. Gazdac (June 2022).,Sudan
15660,MAṬARĀ,14,MATARA; METERA; مطره‎),,Senafe,,Debub,,14.674376,39.425693,2379.5,"14 aureii (13 mounted): Trajan - Septimius Severus (AD 204); gold weight 110 g. Found with a bronze pitcher. The content: two crosses; three chains; a brooch; sixty-eight pendants and sixty-four grains of necklace; fourteen coins of Roman emperors of the second-third century, the Antonines mainly, and two bracteates.",,,,1961,,,1963,98,99,204,204,,"Anfray, F. and Annequin, G. - 1965 - Matara. Deuxième, troisième et quatrième campagne de fouilles: 68-71; plates",,Entered,"1,60",,,Coins inv.no. JE 2908,1961,1963,,Matara was a major city of both the Aksumite and pre-Aksumite periods.,,,"Edifice D  (26 x 39 m) which consists of a central building (15 x 10 m) and through courtyards surrounded by annexes.  Corridor h, at the the bottom of the southern wall. The hoard was found in a bronze pitcher with has a small shale plate as a lid.",,1,Hoard,Eritrea,,Centred on field,Septimius Severus,Septimius Severus,Controlled archaeological investigation,Archaeological site,Excavation,Urban,Enclosure,Early Medieval,,Early Medieval,3,4,3,Copper alloy pitcher,Brooch; Cross; Cross with pendant; Chain; Chain; Chain; Brooch; Bracteate; Pendant; Necklace,Uploaded by C. Gazdac (Aug 2019).,Eritrea
18904,HAFT-TAPEH,1,Susa; Haft Tappeh,,Haft Tappeh,,Khuzestan,,32.07669,48.33122,81,"86 late-Roman copper coins (Constans - Basiliscus),  found in the plain of Susa near the village of Haft-Teppeh. The hoard can be dated to shortly after 476. It was found when a bull-dozer of the Hawaiian Agronomic Company for sugar cane cultivation levelled land there.",,,,1961,,,,335,341,476,476,, - 1964 - Muntvondsten: 41-43,,Not available,,"het Kon. Penningkabinet (now National Numismatic Collection, de Nederlandsche Bank)",,,,,,,,,,"Summary info available, with types, but no mints. The coins are reported to be badly preserved.",1,Hoard,Iran,,Centred on village/city,Basiliscus,Basiliscus,Agricultural or drainage work,Cultivated Land,,Rural,Uncertain,,,,1,1,2,Pot,,M. Spoerri (June 2022).,Iran
20723,NAHAVAND,0,Kâren Pahlavs; Nihavand; Zafar Sultan,,Nahāvand,,Hamadān,,34.19088,48.37446,,"A treasure vault, discovered by Zafar Sultan near Nahavand in 1910 or 1911, is said to have been filled with gold and silver. Among them. Roman gold and silver coins (1st and 2nd c. AD) and antique gold and silver vessels, that found their way into the markets of Teheran, Hamadan, Kirmanshah and Bagdad during World War I.",,,,1910,,,1911,,,1,200,,"Herzfeld, E. - 1928 - The hoard of the Kâren Pahlavs",,Not available,,dispersed,,,,,,,,,,,1,Hoard,Iran,,Centred on village/city,Uncertain,Uncertain,Agricultural or drainage work,Cultivated Land,,Uncertain,Buried land surface; Uncertain,,,,1,2,1,,,M. Spoerri (Sept. 2023).,Iran
4849,NINEVEH 1929,387,نَيْنَوَىٰ; ܢܝܼܢܘܹܐ,,Mosul [الموصل‎],Al-Hamdaniya District,Nineveh,Nineveh,36.3619922856,43.1588553345,224.2,"A hoard of 387 silver coins, including a large quantity of posthumous Philip Philadelphus (121, year 19 to 32, i.e. 31-18 BC), Roman denarii (141, up to AD 207), Syrian tetradrachms (29), Arabian didrachms (Trajan, 3 coins), as well as Parthian drachms (92 up to Artabanus IV, 213-227). The later coins of Severus and the members of his family are in mint state. Found in the Nineveh excavations in the 1929-30 season.",,,,1929,,,1930,-31,-30,213,227,,"Hill, G.F. - 1931 - A hoard of coins from Nineveh; Yalçın, D. Ö. - 2017 - Numismatik Veriler Işığında Roma İmparatorluğu Doğu Sınırı Sikke Sirkülasyonu (Monetary Circulation Amongst the Eastern Frontier of the Roman Empire in Light of Numismatic Data): p. 117-118; RPC I: p. 611, no. 5; Noe, S.P. - 1937 - A Bibliography of Greek Coin Hoards (2nd ed.): 743; Butcher, K. - 2004 - Coinage in Roman Syria: Northern Syria, 64 BC - AD 253: p. 274, no. 36",,Available to enter,1.80,British Museum (154 coins); the Birmingham City Art Gallery (17 coins); Sir Charles Hyde (25 coins); Bagdad museum (196),"Dr. R. Campbell-Thompson, R.W. Hutchinson",,1929,1930,,"Above the site of the Palace of Ashurnasirpal, near a series of Parthian buildings to the south-east of the Temple of Nabu.",,,,,1,Hoard,Iraq,,Centred on village/city,Artabanus IV,Artabanus IV,Controlled archaeological investigation,Archaeological site,Excavation,Urban,Uncertain structure,Roman,,Roman,3,3,3,,,Updated by M. Spoerri (April 2018); data entered by C. Gazdac (May 2020). Updated and RPC reference added by M. Spoerri (Aug. 2022; Aug 2023).,Iraq
20603,ASSUR HOARD 7,15,,,Al-Shirqat,Al-Shirqat District,Salah ad Din,Assur,35.45667,43.2625,,"A hoard of 15 aurei (Marcus Aurelius to Caracalla), to be associated with Caracalla’s campaign in Adiabene in AD 216 and found in an Arsacid period house, south of the Sin-Shamash temple (find location fC6V).",,,,1905,,,,140,144,215,215,,"Heidemann, S. and Butcher, K. - 2017 - Regional History and the Coin Finds from Assur : From the Achaemenids to the Nineteenth Century = Regionale Geschichte und Münzfunde aus Assur : Von der Zeit der Achämeniden bis zum neunzehnten Jahrhundert: p. 47-48; Heidemann, S. and Miglus, P. A. - 1996 - Fundmünzen aus Assur und Lokalgeschichte in islamischer Zeit: p. 364 (findspot) and 372-3, Ass 6896–6910",,Entered,,Unknown,Deutsche Orient-Gesellschaft,,,,,,,,,,1,Hoard,Iraq,,Centred on village/city,Caracalla,Caracalla,Controlled archaeological investigation,Archaeological site,,Urban,House,,,,2,3,4,,,M. Spoerri (Aug. 2023).,Iraq
20604,ASSUR HOARD 8,11,,,Al-Shirqat,Al-Shirqat District,Salah ad Din,Assur,35.45667,43.2625,,"One aureus of Nero and and 10 copper alloy coins (no identification available), found in a ceramic vessel, in the south-western section of the built-up area, next to the Parthian necropolis (dE7II).",,,,1903,,,1913,,67,66,,,"Heidemann, S. and Butcher, K. - 2017 - Regional History and the Coin Finds from Assur : From the Achaemenids to the Nineteenth Century = Regionale Geschichte und Münzfunde aus Assur : Von der Zeit der Achämeniden bis zum neunzehnten Jahrhundert: p. 48, Hoard 8; Heidemann, S. and Miglus, P. A. - 1996 - Fundmünzen aus Assur und Lokalgeschichte in islamischer Zeit: p. 354, Ass 19782",,Entered,,Berlin (aureus); unknown,Deutsche Orient-Gesellschaft,,,,,,,,,,1,Hoard,Iraq,,Centred on village/city,Nero,Uncertain,Controlled archaeological investigation,Archaeological site,,Urban,Domestic building,,,,2,2,1,Ceramic vessel,,M. Spoerri (Aug. 2023).,Iraq
20606,ASSUR,1,Ass 14531,,Al-Shirqat,Al-Shirqat District,Salah ad Din,Assur,35.45667,43.2625,,"An aureus of Vespasian, found in Assur (iD9I).",,,,1903,,,1913,73,73,73,73,,"Heidemann, S. and Butcher, K. - 2017 - Regional History and the Coin Finds from Assur : From the Achaemenids to the Nineteenth Century = Regionale Geschichte und Münzfunde aus Assur : Von der Zeit der Achämeniden bis zum neunzehnten Jahrhundert: p. 43, no. 406; Heidemann, S. and Miglus, P. A. - 1996 - Fundmünzen aus Assur und Lokalgeschichte in islamischer Zeit: p. 354, Ass 14531",IKMK: https://ikmk.smb.museum/object?id=18219184,Entered,,Berlin,Deutsche Orient-Gesellschaft,,,,,,,,,,1,Single gold coin,Iraq,,Centred on village/city,Vespasian,Vespasian,Controlled archaeological investigation,Archaeological site,,Urban,Uncertain,,,,2,1,4,,,M. Spoerri (Aug. 2023).,Iraq
20607,ASSUR HOARD 5,9,Ass 12462,,Al-Shirqat,Al-Shirqat District,Salah ad Din,Assur,35.45667,43.2625,,"A hoard of 8 complete and 1 halved Roman provincial copper alloy coins (Antioch, Beroea, Laodicea, uncertain) from the reigns of Trajan and Antoninus Pius, found at Assur, iC6V, West, 50 cm below the surface of the hill.",,,,1903,,,1913,98,117,138,161,,"Heidemann, S. and Butcher, K. - 2017 - Regional History and the Coin Finds from Assur : From the Achaemenids to the Nineteenth Century = Regionale Geschichte und Münzfunde aus Assur : Von der Zeit der Achämeniden bis zum neunzehnten Jahrhundert: p. 46, Hoard 5; Heidemann, S. and Miglus, P. A. - 1996 - Fundmünzen aus Assur und Lokalgeschichte in islamischer Zeit: p. 354, Ass 12462",,Available to enter,,"Berlin, Vorderasiatisches Museum",Deutsche Orient-Gesellschaft,,,,,,,,,,1,Hoard,Iraq,,Centred on village/city,Antoninus Pius,Antoninus Pius,Controlled archaeological investigation,Archaeological site,,Urban,Uncertain,,,,2,1,4,,,M. Spoerri (Aug. 2023).,Iraq
20608,ASSUR,1,Ass 15411,,Al-Shirqat,Al-Shirqat District,Salah ad Din,Assur,35.45667,43.2625,,"An aureus of Pertinax, found in Assur (trench hC10I, West).",,,,1903,,,1913,193,193,193,193,,"Heidemann, S. and Butcher, K. - 2017 - Regional History and the Coin Finds from Assur : From the Achaemenids to the Nineteenth Century = Regionale Geschichte und Münzfunde aus Assur : Von der Zeit der Achämeniden bis zum neunzehnten Jahrhundert: p.  41, no. 407; Heidemann, S. and Miglus, P. A. - 1996 - Fundmünzen aus Assur und Lokalgeschichte in islamischer Zeit: p. 354, Ass 15411",,Entered,,Unknown,Deutsche Orient-Gesellschaft,,,,,,,,,,1,Single gold coin,Iraq,,Centred on village/city,Pertinax,Pertinax,Controlled archaeological investigation,Archaeological site,,Urban,Uncertain,,,,2,1,4,,,M. Spoerri (Aug. 2023).,Iraq
20613,KIFRIN,3,,,,,Al Anbar,Kifrin,34.375849,42.085404,,"Three denarii (1 of Trajan and 2 of Septimius Severus that share the same obverse die) from the same context (C/26/34), that may represent a small hoard, found at Kifrin, a large fortified settlement with Parthian and Roman phases of the 2nd and 3rd c. AD, on the east bank of the Euphrates.",,,,1983,,,,106,107,194,194,,"Butcher, K. - 2020 - Small change at the edge of Empire: the coin finds from Kifrin: p. 52, nos 1, 3, and 4; p.",,Available to enter,,Unknown (Bagdad?),Italian excavations lead by Antonio Invernizzi (University of Turin),,1980,1983,,,,,,,1,Hoard?,Iraq,,Centred on village/city,Septimius Severus,Septimius Severus,Controlled archaeological investigation,Archaeological site,,Military,Uncertain,,,,3,2,4,,,M. Spoerri (Aug. 2023).,Iraq
20614,HATRA HOARD 3,4,Ass 17000,,,Hatra District,Nineveh,Hatra,35.587884,42.718342,,"Four copper alloy coins (1 provincial coin from Antioch and 3 local SC imitations produced in Hatra), acquired from locals at Hatra, during the Assur excavations by the Deutsche Orient-Gesellschaft, 1903–1913. These coins could be a hoard or single finds.",,,,1903,,,1913,41,54,150,200,,"Heidemann, S. and Butcher, K. - 2017 - Regional History and the Coin Finds from Assur : From the Achaemenids to the Nineteenth Century = Regionale Geschichte und Münzfunde aus Assur : Von der Zeit der Achämeniden bis zum neunzehnten Jahrhundert: p. 45, Hoard 3; Heidemann, S. and Miglus, P. A. - 1996 - Fundmünzen aus Assur und Lokalgeschichte in islamischer Zeit: p. 354, Ass 17000",,Available to enter,,"Berlin, Vorderasiatisches Museum",,,,,,,,,,,1,Hoard?,Iraq,,Centred on village/city,Uncertain (non Roman),Uncertain (non Roman),Unknown,Archaeological site,,Urban,Uncertain,,,,1,1,4,,,M. Spoerri (Aug. 2023).,Iraq
20615,ASSUR 1915 HOARD 9,21,Schatzfund Lühl,,Al-Shirqat,Al-Shirqat District,Salah ad Din,Assur,35.45667,43.2625,,"A hoard of ca. 21 coins (15 provincial coins of Antioch, Nerva to Antoninus Pius; imitative SC coinage: 4 coins of Hatra, 2 of Assur?) found in a pot about 1915 at Assur. The exact number of coins was not recorded. Only the imitative SC coinages are described in detail.",,,,1915,,,,96,98,150,200,,"Heidemann, S. and Butcher, K. - 2017 - Regional History and the Coin Finds from Assur : From the Achaemenids to the Nineteenth Century = Regionale Geschichte und Münzfunde aus Assur : Von der Zeit der Achämeniden bis zum neunzehnten Jahrhundert: p. 48, Hoard 9; Heidemann, S. and Miglus, P. A. - 1996 - Fundmünzen aus Assur und Lokalgeschichte in islamischer Zeit: p. 354, Schatzfund &quot;Lühl&quot;; Butcher, K. - 2004 - Coinage in Roman Syria: Northern Syria, 64 BC - AD 253: p. 280, no. 5; Walker, J. - 1958 - The coins of Hatra: 169-170",,Not available,,"Major Alfred Lühl, officer in the Turkish Army (1915)",,,,,,,,,,,1,Hoard,Iraq,,Centred on village/city,Uncertain (non Roman),Uncertain (non Roman),Unknown,Archaeological site,,Urban,Uncertain,,,,1,1,2,Pot,,M. Spoerri (Aug. 2023).,Iraq
20616,HATRA 1951,47,,,,Hatra District,Nineveh,Hatra,35.587884,42.718342,,"A hoard of 47 bronzes, found in one of the buildings of Area 2 (on the floor of courtyard 6) during the Hatra excavations.  Most of them were imitative SC coins (Hatra), with radiate head and eagle types, and some were ’senatorial dupondii’ cut in half. It is unclear what is meant with ’senatorial dupondii’, but these could be either provincial or imitative coinages.",,,,1951,,,,150,200,150,200,,"Safar, F. - 1952 - Hatra and the first season of excavations, 1951. Part I: 11-12; Ingholt, H. - 1954 - Parthian sculptures from Hatra : Orient and Hellas in art and religion: p. 8 (ment.); Slocum, J.J. - 1977 - Another look at the coins of Hatra: p. 38, n. 7",,Not available,,,,,,,,,,,,,1,Hoard,Iraq,,Centred on village/city,Uncertain (non Roman),Uncertain (non Roman),Controlled archaeological investigation,Archaeological site,,Urban,House,,Floor,,3,3,1,,,M. Spoerri (Aug. 2023).,Iraq
20617,ASSUR HOARD 6,23,Ass 18025,,Al-Shirqat,Al-Shirqat District,Salah ad Din,Assur,35.45667,43.2625,,"A hoard of 23 copper coins, all of which appear to be Assur Class 3 (SC imitative coinage, blank obverse and inverted SC on reverse). Only two coins are preserved today, but the other were photographed. They were found on the floor of House Y (north of the palace) and could have constituted a purse at the moment of the Sasanian conquest.",,,,1903,,,1913,150,200,150,200,,"Heidemann, S. and Butcher, K. - 2017 - Regional History and the Coin Finds from Assur : From the Achaemenids to the Nineteenth Century = Regionale Geschichte und Münzfunde aus Assur : Von der Zeit der Achämeniden bis zum neunzehnten Jahrhundert: p. 46-7, Hoard 6; Heidemann, S. and Miglus, P. A. - 1996 - Fundmünzen aus Assur und Lokalgeschichte in islamischer Zeit: p. 354, Berlin, Ass 18025",,Not available,,"Berlin, Vorderasiatisches Museum (2 coins)",Deutsche Orient-Gesellschaft,,,,,,,,,,1,Hoard,Iraq,,Centred on village/city,Uncertain (non Roman),Uncertain (non Roman),Controlled archaeological investigation,Archaeological site,,Urban,House,,,,2,2,2,,,M. Spoerri (Aug. 2023).,Iraq
20618,HATRA HOARD 4,14,Ass 18200,,,Hatra District,Nineveh,Hatra,35.587884,42.718342,,"A group of 15 SC imitative coinages made in Hatra (14 small denominations, eagle type, Slocum series 2; 1 large denomination, unidentified). These were acquired at Hatra from local people during the Assur excavations, 1903–1913, of the Deutsche Orient-Gesellchaft. It is not sure these really represent a hoard, but rather an assemblage of local coins.",,,,1903,,,1913,150,200,150,200,,"Heidemann, S. and Butcher, K. - 2017 - Regional History and the Coin Finds from Assur : From the Achaemenids to the Nineteenth Century = Regionale Geschichte und Münzfunde aus Assur : Von der Zeit der Achämeniden bis zum neunzehnten Jahrhundert: p. 45-6, Hoard 4; Heidemann, S. and Miglus, P. A. - 1996 - Fundmünzen aus Assur und Lokalgeschichte in islamischer Zeit: p. 354, Ass 18200",,Available to enter,,"Berlin, Vorderasiatisches Museum (part)",,,,,,,,,,,1,Hoard?,Iraq,,Centred on village/city,Uncertain (non Roman),Uncertain (non Roman),Unknown,Archaeological site,,Urban,Uncertain,,,,1,1,2,,,M. Spoerri (Aug. 2023).,Iraq
20619,NINEVEH 1852,1,Kouyunjik; Kuyunjik,,Mosul [الموصل‎],Al-Hamdaniya District,Nineveh,Nineveh,36.3619922856,43.1588553345,,"An aureus of Tiberius, found in a Parthian-period burial in Nineveh, at Kouyunjik, one of the two mounds within the ancient walls of Nineveh. The sarcophagus also included a large assemblage of jewellery (gold mask, mouth and eye covers, two sets of earrings, two rings, a number of gold studs, a Neo-Assyrian cylinder seal, a gold impression of a coin of Trajan) and is believed to be the burial of a woman.",,,,1852,,,,14,37,14,37,,"Curtis, J. - 1976 - Parthian gold from Nineveh: p. 63, no. 21",British Museum database: https://www.britishmuseum.org/collection/object/W_1856-0909-77,Available to enter,,British Museum,British museum excavations,"Given the presence of an impression of a coin of Trajan, the burial dates to the end of the first c./ early 2nd c. AD.",,,,,,,,,1,Single gold coin,Iraq,,Centred on village/city,Tiberius,Tiberius,Controlled archaeological investigation,,,Urban,Burial,,,,3,3,4,,Mask; Mouth and eye covers; Earring; Ring; Stud; Seal; Foil impression,M. Spoerri (Aug. 2023).,Iraq
20620,NINEVEH 1849-1851,89,Kouyunjik,,Mosul [الموصل‎],Al-Hamdaniya District,Nineveh,Nineveh,36.3619922856,43.1588553345,,"A hoard of 89 denarii (Vespasian to Septimius Severus, AD 201) found during the second excavations conducted by A.H. Layard at Kouyunjik, one of the two mounds within the ancient walls of Nineveh.",,,,1849,,,1851,69,79,201,201,,"Layard, A. H. - 1853 - Discoveries among the ruins of Nineveh and Babylon : with Travels in Armenia, Kurdistan and the desert : being the result of a second expedition undertaken for the Trustees of the British Museum: p. 479",,Available to enter,,British Museum (part?),,,,,,,,,,,1,Hoard,Iraq,,Centred on village/city,Septimius Severus,Septimius Severus,Controlled archaeological investigation,Archaeological site,,Urban,Uncertain,,,,2,1,2,,,M. Spoerri (Aug. 2023).,Iraq
20626,KISH,169,,,,Al-Mahawil District,Babil,Kish,32.5460878,44.5931639333,,"A hoard of 169 bronze coins (K.2387) found at Kish in Mesopotamia, east of Babylon, in the Sasanian levels. The coins were badly preserved and only ⅔ of the coins could be identified. These are 1 chalcus of Seleucus I (N.B. The opening year of the hoard does not include this coin), 98 Late Roman bronzes (House of Constantine: 2; House of Valentinian; House of Theodosius: 69; uncertain: 23), 9 Sasanian bronzes (badly struck, only one could be identified: Bahram V).",,,,1923,,,1933,335,340,420,438,,"Milne, J.G. - 1934 - Late Roman coins from Mesopotamia; Noe, S.P. - 1937 - A Bibliography of Greek Coin Hoards (2nd ed.): 566; Moorey, P. R. S. - 1978 - Kish excavations 1923-1933: 141-2",,Not available,,"Ashmolean Museum, Heberden Coin room (accessioned on 20.9.1933)",Oxford Field Museum expedition to Mesopotamia (1923-33),,,,,Found in the Sasanian building 7,,,,,1,Hoard,Iraq,,Centred on village/city,Bahram V,Bahram V,Controlled archaeological investigation,Archaeological site,,Urban,House,,,,2,2,2,,,M. Spoerri (Aug. 2023).,Iraq
20722,NIPPUR,1,,,Nuffar [نفر],Afaq District,Al Qādisīyah,Nippur,32.1267626333,45.2305635333,,An aureus of Tiberius found in the tomb of two Parthian officers at Nippur. The tomb was located in the outer wall of the Parthian citadel. The coin was placed next to the head of one of the deceased.,,,11,1899,,,,14,37,14,37,,"Hilprecht, H. V. - 1903 - Explorations in Bible Lands during the 19th century: 504-508",,Not available,,,University of Pennsylvania excavations (four seasons of excavation between 1889 and 1900),,,,,"The tomb also contained a series of gold ornaments (sheets of beaten gold, gold beads, gold buttons, gold buckles, gold ring) and food offerings placed in terracotta dishes",,,,,1,Single gold coin,Iraq,,Centred on village/city,Tiberius,Tiberius,Controlled archaeological investigation,Archaeological site,,Military,Burial,,Tomb,,3,3,2,,Sheet (metal); Bead; Button; Buckle; Rosette; Ring,M. Spoerri (Sept. 2023).,Iraq
18816,AHINPOSH,20,Ahin Push; Ayun Posh; Ahunpok,,Jalalabad,Jalalabad,Nangarhar,Ahin Posh,34.412045,70.45213,575,"A deposit of 20 gold coins including three Roman aurei (Domitian, Trajan and Sabina), 16 Kushan gold coins, and a golden amulet case, found at the stupa of Ahinposh, dated to circa 150-160 CE, at the time of the Kushan Empire, c. 2 km south of Jalalabad.",,,,1879,,,,90,91,133,135,,"Errington, E. - 2017 - Charles Masson and the Buddhist sites of Afghanistan : explorations, excavations, collections 1832-1835: 157-9; Cunningham, A. - 1879 - Notes on the gold coins found in the Ahin Posh tope: 205–12",,Available to enter,,"British Museum (some coins, gold amulet)",,,,,,"A relic deposit compartment was found at the centre of the stupa. It held two handfuls of ‘brown dust’, possibly ashes, 18 gold coins and an amulet case",,,,,1,Hoard,Afghanistan,,Centred on village/city,Hadrian,Hadrian,Controlled archaeological investigation,Unknown,,,Temple or shrine,,,,,,,,Amulet,M. Spoerri (May 2022). Updated and Roman coins data level C. Gazdac (Oct. 2024).,Afghanistan
18817,TILLYA TEPE,1,,,Sheberghan,,Jowzjan,Tillya tepe,36.6944,65.7892,,"One aureus of Tiberius, found in burial 3 at Tillya Tepe which also contained 8 pendants of hammered gold.",,,,1978,,,,14,37,14,37,,"Errington, E. - 2017 - Charles Masson and the Buddhist sites of Afghanistan : explorations, excavations, collections 1832-1835: 213; Sarianidi, V. - 1985 - The Golden Hoard of Bactria from the Tillya-Tepe Excavations in Northern Afghanistan: p. 241, nos 46–7",,Not available,,Peshhawar Museum,,,,,,Burial 3,,,A gold and crystal miniature stupa in Peshawar Museum also has heart-shaped pendants hanging from its umbrellas.,,1,Single gold coin,Afghanistan,,Centred on village/city,Tiberius,Tiberius,Controlled archaeological investigation,Unknown,Excavation,,Burial,,,,1,2,2,,Pendant,M. Spoerri (May 2022). Updated by C. Gazdac (July 2026).,Afghanistan
18819,TOPE KELAN,5,Hadda 10; Tape Tope Kalan,,Hadda,Jalālābād,Nangarhar,Hadda,34.3660503934,70.4689934704,606,"A relic deposit found at the stupa of Tape Tope Kalan (at Hadda, 12km south of Jalalabad), that included over 200 predominantly silver coins, mostly late 4th- to 5th-century Sasanian issues of Varhran IV (AD 388–99), Yazdagird II (AD 438–57) and Peroz (AD 457/9–84). There were also 5 gold Roman solidi of Theodosius II (AD 408–50), Marcianus (AD 450–7) and Leo (AD 457–74), a number of Hun imitations of Sasanian coins bearing the Alkhan tamgha and 14 silver coins depicting the distinctive elongated heads of the Alkhan Huns.",,,,,,,,408,420,471,473,,"Errington, E. - 2017 - Charles Masson and the Buddhist sites of Afghanistan : explorations, excavations, collections 1832-1835: 34 (ment.); 180 (descr.); Suresh, S. - 2004 - Symbols of trade : roman and pseudo-roman objects found in India: 175, no. 151",,Entered,,,,,,,,,,,,,1,Hoard,Afghanistan,,Centred on village/city,Leo I,Leo I,,,,Uncertain,Temple or shrine,,,,1,1,4,,,M. Spoerri (May 2022). Updated and coin data level entered by C. Gazdac (July 2026).,Afghanistan
20625,KABUL,1,,,Kabul,,Kabul,,34.52813,69.17233,,"An aureus of Hadrian, seen by Daniel Schlumberger, director of the French archaeological delegation in Afghanistan, in October 1957 on the market in Kabul. The exact find spot is unknown.",,,,,,,1957,118,118,118,118,,"Hollard, D. - 2003 - Un aureus inédit de Tétricus Ier découvert en Afghanistan: p. 226, n. 7 (ment.)",,Entered,,Unknown,,,,,,,,,,,1,Single gold coin,Afghanistan,,Centred on village/city,Hadrian,Hadrian,Unknown,Unknown,,Uncertain,Uncertain,,,,1,1,3,,,M. Spoerri (Aug. 2023).,Afghanistan
21162,SHEVAKI?,3,,,Shevaki,Kabul,Bagrami,,34.448115105881,69.217066993907,,An aureus of Trajan together with 2-3 Kushan gold dinars of Wima. According to MacDowall: &quot;from Shevaki or one of the Kabul stupas&quot;.,,,,1841,,,,98,117,98,117,,"Suresh, S. - 2004 - Symbols of trade : roman and pseudo-roman objects found in India: 177, no. 167; Errington, E. - 2017 - Charles Masson and the Buddhist sites of Afghanistan : explorations, excavations, collections 1832-1835; MacDowall, D. - 1990 - The chronological evidence of coins in stupa deposits: 733",,Not available,,,,,,,,,,,,,1,Single gold coin,Afghanistan,,Centred on village/city,Trajan,Trajan,Unknown,Unknown,,,,,,,,,,,,Uploaded by C. Gazdac (Oct. 2024).,Afghanistan
5282,TELL KALAK,2350,’Tel Kallak’; near Amman,,Amman,,,,32.031,35.898,940.951,"A hoard of 1985 denarii (Nero-Julia Mamaea); 310 drachms of Arabia (242 of which depict Arabia and 68 show a camel, some overstruck on Nabataean kings); 1 Caesarean drachm (Domitian); 31 tetradrachms of Antioch (Nero-Hadrian); 2 Lycian drachms (Trajan); 2 Amisus drachms (Hadrian), found in a village near Amman.","Found in a village near Amman, but no site of the name Tell Kalak is known from this area.",,9,1956,,,,64,65,222,225,,"Metcalf, W.E. - 1975 - The Tell Kalak hoard and Trajan&#039;s Arabian mint: 39-108;  - 1976 - Coin Hoards: volume II: p. 67, no. 243; RPC II: p. 274, no. 8; RPC III: p. 437, no. 9; Butcher, K. - 2004 - Coinage in Roman Syria: Northern Syria, 64 BC - AD 253: p. 275, no. 40b",,Entered,,"American Numismatic Society (2333, 2321 of which are still listed in ANS records), American University in Beirut (17)",,"The ANS acquired 2350 coins from the Lebanese dealer Armenak A. Poladian, which were from a hoard said to have been found in a village near Amman called ’Tell Kalak’. Neither Metcalf, the ANS nor the local authorities at the time, knew of any site of this name from this vicinity, but a find spot near Amman may be assumed with reasonable confidence.",,,,,,,,"The 2350 coins identified by BMCRE numbers were published by Metcalf in 1975 and since the hoard is owned by the ANS, a record is  available online via MANTIS. However there is not total agreement between the two sources. The total number of Caesarean drachms is the same (310), but the identification is slightly different. Metcalf describes 67 of RPC III  4074, but ANS lists 68; Metclaf lists 27 of 4075, but ANS lists 29; Metcalf lists 2 of 4081, but ANS lists 3, metcalf lists 53 of 4073, but the ANS lists 51; Metcalf lists 3 of 4072, but ANS records show 2. In regards to the imperial coinage Metcalf’s publication omits the following specimens:  one denarius of Hadrian RIC 280a, one of Antoninus Pius RIC 251 and one of Commodus RIC 73. Also, in order for the total number of Hadrianic denarii listed by the ANS and Metcalf to agree, one specimen of RIC 181d and one of 77c recorded by Metcalf have been omitted. There are some minor discrepancies in the identification of the BMCRE numbers. Some of the coins listed by Metcalf are not currently listed by ANS records, probably because they are no longer part of the collection.",1,Hoard,Jordan,,Centred on village/city,Severus Alexander,Severus Alexander,Unknown,,Non-archaeological intervention,Uncertain,,Uncertain,,Uncertain,1,1,4,,,"W. E. Metcalf dataset; K. Huber for data up to and including Nero; updated by J. Goldman 17.08.16, coin level data checked and references to the ANS collection inserted by R. Bennett August 2019. RPC reference added by M. Spoerri (Aug. 2022).",Jordan
7819,IRBID 1955,55,,,Irbid [إربد],,Irbid Governorate [إربد],Arbela,32.557,35.848,572.258,The hoard comprised 40 Tyrian tetradrachms and 15 didrachms. It was found in the countryside in the vicinity of Irbid.,,,,1955,,,,-34,-33,64,65,," - 1975 - Coin Hoards: volume I: p. 32, no. 119; Leonard Jr., R.D. - 2000 - Numismatic Evidence for the Authenticity of the Copper Scroll: p. 686; Butcher, K. - 2004 - Coinage in Roman Syria: Northern Syria, 64 BC - AD 253: p. 270, no. 1; Seyrig, H. - 1973 - Trésors du Levant anciens et nouveaux: p. 120, no. 48",,Available to enter,,,,,,,,,,,,,1,Hoard,Jordan,,Centred on village/city,Nero,Nero,Unknown,Unknown,,Uncertain,Uncertain,,,,1,1,3,,,J. Goldman (August 2016). Updated incl. coin summary level info by M. Spoerri (June 2024).,Jordan
7848,ABUALANDA,17,"Abu Alandah, أبو علندا",,Abu Alandah [أبو علندا],,Amman [عَمَّان],,31.903,35.963,979.293,The hoard comprised 17 gold coins dated between the reigns of Valens and Anastasius.,,,,1977,,,,364,378,491,518,," - 1977 - Coin Hoards: volume III: p. 69, no. 224; Kent, J. - 1994 - The Roman Imperial Coinage : 10. The divided Empire and the fall of the western parts AD 395-491: p. lxxxviii",,Not available,,The hoard was dispersed ’in commerce’.,,,,,,,,,,,1,Hoard,Jordan,,,Anastasius,Anastasius,Building work,Built over,,,,,,,1,1,2,,,J. Goldman 17.08.16. Updated by C. Gazdac (July 2026).,Jordan
8004,HUMAYMA 1991,23,"al-Humayma, Auara, Havarra, Humeima, الحميمة",,Humayma [الحميمة],,Aqaba [العقبة],Hauarra,29.977,35.326,1005.868,"The hoard comprised 5 counterfeit solidi of Arcadius (AD 383-408), 18 drachms of Yazdegard I (AD 399-420), and a pair of pearl and gold earrings.",,,,1991,,,,383,408,399,420,,"Bruijn, E. de and Dudley, D. - 1995 - The Humeima hoard. Byzantine and Sasanian coins and jewelry from Southern Jordan; Oleson, J. P., de Bruijn, Erik, Dudley, D., and Smith, M. - 2013 - Coins, Metal, Bone, Ivory, Shell, Plaster, and Terracotta Objects",,Available to enter,0.03,"Jordan Archaeological Museum, Amman","John P. Oleson, Khairieh ’Amr, Rebecca Foote, Robert Schick",,1986,1991,,"&quot;The hoard was found 4 km west of the Humeima settlement site on a featureless, sloping, sandy plateau, punctuated with scattered clumps of brush&quot; (de Bruijn and Dudley 1995, 685).",,,,Coin level data available in de Bruijn and Dudley 1995 and Oleson et al. 2013,1,Hoard,Jordan,,Centred on village/city,Uncertain,Uncertain,Controlled archaeological investigation,Unknown,Field survey,Rural,,Roman,,Roman,4,4,4,,Earring,J. Goldman 04.09.16. Updated by C. Gazdac (July 2026).,Jordan
8115,’FRED JACOB HOARD’,685,"Trans-Jordan, Jordania",,,,,,30.585,36.238,315.617,The hoard comprised 690 bronze coins dated between 138 BC and AD 68.,,,12,1961,,,,-138,-138,63,68,,"Kadman, L. - 1967 - The Monetary Development in Palestine in the Light of Coin Hoards: No. 22; No Author - 1962 - A Hoard of 690 Ancient Jewish Coins; Ariel, D. T. and Fontanille, J. P. - 2012 - The Coins of Herod: A Modern Analysis and Die Classification: p. 131; Waner, M. - 1998 - Roman and Byzantine Coin Hoards From the Land of Israel. Catalogue and Analysis (in Hebrew); Waner, M. and Safrai, Z. - 2001 - A Catalogue of Coin Hoards and the Shelf Life of Coins in Palestine Hoards during the Roman and Byzantine Periods: No. 100",,Not available,,,Fred Jacob (New York),"Might not be a hoard. Cf. Ariel and Fontanille 2012, 131.",,,,,,,,,1,Hoard?,Jordan,,Unknown / uncertain find spot,Uncertain,Uncertain,Unknown,Unknown,,Uncertain,,,,,1,1,2,,,J. Goldman 29.10.16. Updated by C. Gazdac (July 2026).,Jordan
8135,UMM QAIS,4,"Umm Qeis, قيس‎‎, Gadara, Gedara",,Umm Qais [أم قيس],Bani Kinanah [بني كنانة],Irbid [إربد],Gadara,32.655720892432,35.678189049853,,"Four gold coins (Antoninus Pius to Caracalla), found by a farmer from the village of Umm Qeis (anc. Gadara), and seen by the archaeologist Paul Ilton.",,,,1930,,,,153,154,201,211,,"Kadman, L. - 1967 - The Monetary Development in Palestine in the Light of Coin Hoards: p. 321 and no. 43; Waner, M. - 1998 - Roman and Byzantine Coin Hoards From the Land of Israel. Catalogue and Analysis (in Hebrew): Table 1, no. 21; Waner, M. and Safrai, Z. - 2001 - A Catalogue of Coin Hoards and the Shelf Life of Coins in Palestine Hoards during the Roman and Byzantine Periods: No. 21; Ilton, P. - 1959 - Digging in the Holy Land: 189-206",,Entered,,,,,,,,,,,,,1,Hoard,Jordan,,Centred on field,Caracalla,Caracalla,Unknown,Unknown,,Urban,Uncertain,,,,1,1,3,,,J. Goldman (03.11.16). Information updated by M. Spoerri (Jan. 2024). Updated by C. Gazdac and coin data level (Jan. 2024). Updated by M. Spoerri (Jan. 2024).,Jordan
8165,EL-LEJJUN,7,"Betthorus, اللجّون‎‎, ’Ain-Lejjun, Lehun",,El-Lejjun,,Karak Governorate,Betthorus,31.238,35.869,695.149,The hoard comprised 7 badly corroded Late Roman bronze coins roughly dated between AD 378-383 and AD 455-465.,,7,7,1980,17,8,1980,378,383,455,465,,"Parker, S.T. - 1982 - Preliminary report on the 1980 season of the Central Limes Arabicus Project; Betlyon, J. W. - 1982 - Coins from the 1980 Excavations at Lejjûn",,Not available,,,S. Thomas Parker (North Carolina State University),"&quot;All of the Late Roman coins were contained in the hoard from the northwest corner of the barracks in area B. 1. The coins were sealed under the later floor phase of the barracks. The latest possible time for deposition of this hoard, given the wear on the coins, would be ca. A.D. 455-465. Such a date is in agreementwith the use phase of the floor above the level in which the hoard was unearthed&quot; (Betlyon 1982, 24).",,,,"The hoard was discovered &quot;in the corner of a room within the barracks in area B.1 (locus 011). These coins came from fill under the topmost floor of the barracks...The hoard from beneath the floor dates to the mid-5th century AD&quot; (Betlyon 1982, 23).",,,,"Coin level data available in Betlyon 1982, but only some reverse types were legible.",1,Hoard,Jordan,,Centred on village/city,Uncertain,Uncertain,Controlled archaeological investigation,Archaeological site,Excavation,Military,Fort; Barrack,Roman,Floor,Roman,3,3,2,,,J. Goldman (17.11.16). Updated by M. Spoerri (April 2024).,Jordan
8181,PETRA,85,,,Petra [,,Ma’an [معان],Petra,30.322,35.48,1139.067,The hoard comprised 85 nummi. The 45 identified coins all dated to the reign of Constantius II (AD 337-361).,,,,1976,,,1977,337,361,337,361,,"Russell, K.W. - 1980 - The Earthquake of May 19, A.D. 363: p. 48-49",,Not available,,,P. C. Hammond,"The hoard may have been deposited in relation to the May 19, 363 earthquake.",1976,1977,,"The hoard was discovered in the &quot;middle house&quot; structure in Area I. &quot;Near the doorway, and close to where the end of this cupboard would have been, there was found a hoard of 85 small denomination bronze coins. These lay amongst the crushed remains of three ceramic vessels, any or all of which may have originally contained them. The 45 identifiable coins from this hoard were all minted during the reign of Constantius II (337-361)&quot; (Russell 1980, 48).",,,"Rubble, Cupboard, Doorway",Basic coin typology available in Russell 1980.,1,Hoard,Jordan,,Centred on village/city,Constantius II,Constantius II,Controlled archaeological investigation,Archaeological site,Excavation,Urban,Domestic building,Roman,Destruction deposit,Roman,4,4,3,Ceramic Vessel,,J. Goldman 20.11.16. Updated by C. Gazdac (July 2026).,Jordan
8452,MOUNT NEBO,11,,,Mount Nebo,,,Nebo Mons,31.768,35.726,683.967,"A group of 11 bronze coins dated between AD 383 and 425 were discovered together, either as isolated coin finds from the building of the wall or a low-value foundation deposit.",,,8,2009,,,,383,425,383,425,,"Pappalardo, C. - 2010 - Monte Nebo – Siyagha: Campagna di scavo 2009; Callegher, B. - 2010 - Monte Nebo-Siyâgha: nota numismatica all’intervento nei Loci 802/803 (2009)",,Available to enter,,,"Carmelo Pappalardo (Studium Biblicum Franciscanum, Jerusalem)","The coins were badly corroded, but were probably of the Salus Republicae type (LRBC 1105).",2009,,,The coins were discovered together at the foundation level of the south wall (Loci 802/803).,,,,Coin level data available in Callegher 2010.,1,Hoard?,Jordan,,Centred on village/city,House of Theodosius,Arcadius (RIC X),Controlled archaeological investigation,Archaeological site,Excavation,Urban,,Roman,Wall,Roman,3,3,4,,,J. Goldman 24.01.17. Updated by C. Gazdac (July 2026).,Jordan
18735,GERASA,155,,,Jerash,Jerash,,Gerasa,32.2788645,35.891768,573,"A hoard of 155 bronze coins (2 hellenistic coins, 34 Roman imperial coins including 2 denarii, 12 provincial coins, 107 provincial coins from Gerasa), found within a linen purse close to the podium of the temple of Zeus, in a layer of reused material dated from the early 3rd c. AD.",,23,2,1998,,,,,,209,211,,"Augé, C. - 1998 - De nouvelles monnaies de Gérasa (Jordanie)",,Not available,,,,,,,,,,,,,1,Hoard,Jordan,,Centred on field,Septimius Severus,Septimius Severus,Controlled archaeological investigation,Archaeological site,,Urban,Temple or shrine,,,,4,3,1,Linnen purse,,M. Spoerri (Jan. 2022).,Jordan
20958,HUMAYMA 1995,28,"Hauarra, الحميمة",,Humayma [الحميمة],,Aqaba [العقبة],Hauarra,29.9541418,35.3474639,,"A purse of 28 Late Roman coins, found at the edge of the settlement, 100 m west of the Roman fort.",,10,7,1995,11,7,1995,335,340,,,,"Harvey, Craig A. - 2022 - A Late Fourth-Century Purse Hoard from the Site of Humayma (Ancient Hauarra), Jordan",,Available to enter,,,,,,,,"100 m west of the Roman fort. Adjacento Via Nova TraianaThe site of Humayma is located in southern Jordan, approximately 55 km northeast of Aqaba and 45 km south of Petra. Founded by the Nabataeans, the site became home to a Roman auxiliary fort immediately following the annexation of the Nabataean Kingdom in 106 CE.",,,"Area E121 which is located northeast of the settlement’s center and approximately 100 m west of the Roman fort. Between Area E121 and the fort, the Via Nova Trajana (the region’s primary north-south road) is thought to have entered the town from the north, beneath the modern road. Area E121 comprises two heavily robbed-out enigmatic stone structures and a raised square platform built of stone and mortar. The functions of the structures in Area E121 are not entirely clear. The stone platform, which measures almost exactly 10 by 10 Roman feet (2.95 m), may have served as a tribunal for reviewing troops on parade, or it may have held a civic or religious monument, given its orientation towards a prominent mountain overlooking the site. Its top surface was later incorporated into Structure A’s floor. Excavation of Structure A could not determine its function; however, having been constructed in the early fourth century and abandoned in the second half of the fourth century, the final phase of this building appears to have been contemporary with the last military occupation of the adjacent Roman fort.6 The construction of ring-like Structure B, which may have served as an animal pen, postdates the abandonment of Structure A.7The coin hoard was found between the stone platform and the now robbed- out walls of Structure A’s southern room. Its discovery occurred during the removal of the western half of the baulk between Squares 02 and 07. On July 10, excavators uncovered eight coins in the compact sandy soil of this baulk. Continued removal of the baulk on July 11, resulted in a further six coins being found in the sifter. Then, as described by the excavators, a partial baulk collapse resulted in twelve coins being found grouped together. Ten of these coins fell with the collapse, and two remained in place, suspended in compacted sand, approximately 20 cm above a beaten earth floor (Floor 9). According to the excavators, there was no sign of a container, but they described these twelve coins as being “carefully stacked so [there] was probably something holding them together originally.” Shortly afterward, an additional coin was found in the baulk, which the excavators associated with the hoard. The excavation report also notes the presence of some small rocks located around the concentrated coins, but otherwise the soil of the baulk consisted of loose and compacted sand. Although the excavators recovered ceramic sherds and glass fragments from the baulk collapse, none of those finds were diagnostic.",,1,Hoard,Jordan,,Centred on village/city,,,Controlled archaeological investigation,Archaeological site,,Military,,,Wall,,4,4,4,Purse?,,"M. Spoerri (April 2024). Corrected, updated and coin summary by C. Gazdac (July 2026).",Jordan
18118,CENTRAL ASIA,0,,,,,,,39.774232767341,64.419536068641,233.1,Solidi of Theodosius II (AD 402-450) found somewhere in Central Asia have been seen in 1870 in Bukhara.,,,,,,,,402,450,402,450,,"Kropotkin, V. V. and Depeyrot, G. - 2005 - Les trouvailles de monnaies romaines en U.R.S.S.: 269; no. 1683",,Not available,,,,,,,,,,,,,1,Hoard?,Uzbekistan,,,Theodosius II,Theodosius II,Unknown,Unknown,,Uncertain,Uncertain,,,,1,1,1,,,Uploaded by C. Gazdac (June 2021).,Uzbekistan
18148,SAMARKAND,1,Marakanda; Samarqand; Самарқанд; سمرقند,,Samarqand [Самарқанд; سمرقند],Samarqand [Самарқанд; سمرقند],Samarqand [Самарқанд; سمرقند],,39.655301294057,66.971199637072,708.1,Gold bracteate from a solidus of Theodosius II.,On the Fuzailov’s allotment.,,,1889,,,,,,,,,"Kropotkin, V. V. and Depeyrot, G. - 2005 - Les trouvailles de monnaies romaines en U.R.S.S.: 269; no. 1678",,Not available,,,,,,,,,,,,,1,Single gold coin,Uzbekistan,,Centred on village/city,Theodosius II,Theodosius II,Unknown,Cultivated Land,,Urban,Uncertain,,,,1,1,2,,,Uploaded by C. Gazdac (June 2021).,Uzbekistan
18313,BERUNI,1,BERUNYI; Biruni,,Beruni,Beruni,Karakalpakstan,,41.704985400015,60.737459604214,97,A hoard of an unknown number of 3rd-4th centuries AD coins found at the site of Pil-Kala/Pil-Qala. Only a nummus of Constantine I is known.,Pil-Kala/Pil-Qala settlement (archaeological site).,,,1959,,,,306,337,306,337,,"Kropotkin, V. V. and Depeyrot, G. - 2005 - Les trouvailles de monnaies romaines en U.R.S.S.: 269; no. 1931",,Not available,,"Institute of Archaeology of the Academy of Sciences, Karakalpastan, Uzbekistan",,,,,,,,,,,1,Hoard,Uzbekistan,,Centred on field,Constantine I (RIC VII),Constantine I (RIC VII),Unknown,Archaeological site,,Rural,Uncertain,,,,2,1,1,,,Uploaded by C. Gazdac (July 2021).,Uzbekistan
18108,BAGYR,1,NISAIA; BAGIR,,Bagyr,Gokdepe,Ahal,,37.9668,58.1845,353.4,Solidus of Theodosius II for Honorius minted in Constantinople (AD 420-422).,,,,1876,,,,420,422,420,422,,"Kropotkin, V. V. and Depeyrot, G. - 2005 - Les trouvailles de monnaies romaines en U.R.S.S.: 268-269; no. 1677",,Entered,,"Historical Museum Ashgabat, Turkmenistan",,In a sewer west of the ancient city  of Nisaia (Novaya Nisa).,,,,,,,,,1,Single gold coin,Turkmenistan,,Centred on field,Honorius (RIC X),Honorius (RIC X),Other chance find,Other,,Urban,Uncertain,,,,2,1,2,,,Uploaded by C. Gazdac (June 2021).,Turkmenistan
