year,term,port,entry_no,entry_head,page,likely_false_positive,context,volume
1953-54,rouletted,diagnostic,,,21,,"attahara arama ', assignable to the second century A.D. Excavation, resumed here early in I954 by the South-eastern Circle of the Department, revealed remains of buildings belonging to three distinct phases of structural activity (pl. XVI A), besides inscribed stones, enormous quantities of pottery, including the rouletted were, some with inscriptions, a terracotta relic-casket with gold flowers and a piece of bone in it (pl. XVII B), inscribed conches 11 [[PAGE 22]] INDIAN ARCHAEOLOGY 1953-54—A REVIEW (pl. XVII A), coins and seals, etc. The structures comprised four viharas or living apartments of monks, one of them styled 'Mahavihara', chaityagrihas or temples, a kitchen, sto",IAR_1953-54__indianarchaeology195354arevi.txt
1953-54,rouletted,diagnostic,,,52,,"a, attracts attention ; Rajgir, where work m the Jivakamravana area (above, p. 9) will be continued ; Mathura, the importance of which has been recognized by all but where no systematic excavation has ever been undertaken ; Tamluk, the ancient port of Bengal, wherefrom valuable finds, including unique terracottas, rouletted ware and odd-shaped pottery, have been reported from time to time ; and Karvan, the traditional birth-place of Lakulisa, which has yielded punch-marked and Kshatrapa coins and the western red polished ware. If the programme proves to be too heavy to complete, parts of it will be carried over to the next year. Apart from these, extensive excavation will be underta",IAR_1953-54__indianarchaeology195354arevi.txt
1954-55,Kollam,Nelkynda,,,38,Y,"kumari and Tiruvattar were examined. A Tamil inscription in the Siva temple at Keralapuram belongs to the king Vira Udayamarttandavarma Tiruvati Vira-Pandyadeva of the fourteenth century and relates to the grant of certain taxes to the temple of Virakeralesvaram. Another Tamil inscription in the same temple, dated Kollam 782, records that king Vira-ravi Ravivarman rebuilt the temple of Virakeralesvaram. A third record, also from the same temple, states that one Aiyan Aiyan of Parakkotu set up the two pillars containing the sculptures of Cheraman Perumal and Sundaramurti Nayanar in the Kollam year 782. A record from the Krishna shrine at Keralapuram, dated Kollam 887, refers to the gi",IAR_1954-55__indianarchaeology195455arevi.txt
1954-55,Kollam,Nelkynda,,,38,,"l inscription in the same temple, dated Kollam 782, records that king Vira-ravi Ravivarman rebuilt the temple of Virakeralesvaram. A third record, also from the same temple, states that one Aiyan Aiyan of Parakkotu set up the two pillars containing the sculptures of Cheraman Perumal and Sundaramurti Nayanar in the Kollam year 782. A record from the Krishna shrine at Keralapuram, dated Kollam 887, refers to the gift of certain lands by a private individual to the temple during the reign of Ravi Ravivarman Chiravaymutta Tampiran. Four mutilated Tamil inscriptions from the Sthannathasvamin temple at Suchindram in the Vatteluttu script belong to the period of Parakesarivarman, Rajaraja,",IAR_1954-55__indianarchaeology195455arevi.txt
1954-55,Kollam,Nelkynda,,,38,Y,"ra-ravi Ravivarman rebuilt the temple of Virakeralesvaram. A third record, also from the same temple, states that one Aiyan Aiyan of Parakkotu set up the two pillars containing the sculptures of Cheraman Perumal and Sundaramurti Nayanar in the Kollam year 782. A record from the Krishna shrine at Keralapuram, dated Kollam 887, refers to the gift of certain lands by a private individual to the temple during the reign of Ravi Ravivarman Chiravaymutta Tampiran. Four mutilated Tamil inscriptions from the Sthannathasvamin temple at Suchindram in the Vatteluttu script belong to the period of Parakesarivarman, Rajaraja, Kesarivarman and Cholantalaikonda Vira-Pandya respectively and record gi",IAR_1954-55__indianarchaeology195455arevi.txt
1954-55,Kollam,Nelkynda,,,38,Y,"narkuti is recorded in another inscription from the same temple. An inscription from the Adikesavaperumal temple at Tiruvattar, in the Vatteluttu script, belongs to the king Vira Udayamarttandavarman of the twelfth century and records the gift of land for services in the temple. The last one is a Tamil record dated Kollam 778 and states that the Orraikkal-mandapa was constructed by king Vira-ravi Ravivarman. B. ARABIC AND PERSIAN INSCRIPTIONS One hundred and sixty-five Arabic and Persian inscriptions were collected and examined. Some of the most important ones are recorded here. INSCRIPTION OF QUTBU'D DIN MUBARAK SHAH OF THE KHALJI DYNASTY.—This in- scription, from Dholka, Distr",IAR_1954-55__indianarchaeology195455arevi.txt
1954-55,amphora,diagnostic,,,15,,"B.C. and the first century A.D. The third phase was only a continuation of the second one, as it was not altogether different from the latter. Its most important feature was the gradual disappearance of the black-and-red ware and the emergence of the fine Red Polished Ware with sherds of the imported Mediterranean amphora. The occurrence of the latter indicated trade with the Roman world, the effect thereof being reflected in the construction of houses, which were now built on an extremely well-laid foundation. In the Red Polished Ware a few sherds appeared to be definitely Samian in character. The Roman contact was also suggested by the presence of fine, translucent, light blue glas",IAR_1954-55__indianarchaeology195455arevi.txt
1954-55,rouletted,diagnostic,,,10,,"Significant facts about the nature, extent and destruction of the Mauryan palace at Patali-putra were brought to light by the current work at Kumrahar. The excavation at Tam-luk in West Bengal, where the earliest occupation was found to be neolithic in character and which was seen to have imported or produced the rouletted ware during the period of Indo-Roman contacts-, is, it is hoped, the beginning of a planned campaign of systematic work in east India. A cemetery with urn-burials, without any stone circles or covering slabs but still affi- liated to the full-fledged megaliths by the presence of the Black-and-red Ware, was exca- vated at Amirthamangalam in the lateritic zone of Chi",IAR_1954-55__indianarchaeology195455arevi.txt
1954-55,rouletted,diagnostic,,,28,,"XIX), cast copper coins and a pottery bearing close affinity to that of contemporary northern India. In Period III (circa first-second centuries A.D.) Tamluk seems to have shared with other ports on the Indian coasts trade-contacts with the Roman world, as witnessed by a sprinkler and the profuse occurrence of the rouletted ware (pl. XXXVII), both believed to be ultimately originating from Rome. A brick-built stepped tank exposed in one trench and a ring-well and a soak-pit in another belonged to this period (pl. XXXVI). Banded agate beads were also associated with this Period. Period IV, which was not very well represented, produced some beautiful terracottas of the third-fourth ce",IAR_1954-55__indianarchaeology195455arevi.txt
1955-56,Roman coin,diagnostic,9,TREASURE,77,,"s A.D., fragments of beaked rims in characteristic fabric and the megalithic Black-and-red Ware. The finds from Ghantasala in Krishna District, probably representing the Contacossyla of Ptolemy, included the Black-and-red Ware and some fragments of the beaked dish. Previous collection from the site contained two Roman coins (not reported so far) and a number of Satavahana coins. An early Buddhist site at the top of a low hill overlooking the river Gostani, in Visakhapatnam District, was located at Jami. An ancient mound, going back to the early centuries A.D., was found near Gunanupuram in Srikakulam District. 72 [[PAGE 78]] OTHER IMPORTANT DISCOVERIES In the neighbouring vil",IAR_1955-56__indianarchaeology195556arevi.txt
1955-56,Rouletted,diagnostic,,,32,,"ith a habitation-site of the megalithic culture, and Palaya-gandharyakottai, Taluk Oor- thanadu, with three megalithic stone circles—all in District Tanjore. Of the other explored sites, Nattamedu, Taluk Cuddalore, District South Arcot, yielded evidences of Roman association in the form of sherds of the well-known Rouletted Ware, conical bases of amphorae and fragments of dishes or shallow bowls with inturned internally-beaked rim. An examination of the surroundings of Gangaikondacholapuram, Taluk Udai- yarapalayam, District Tiruchirappalli, the capital of Rajendra I (1011-44) surnamed Gangaikondacholadeva, the builder of the Brihadisvara temple here, resulted in the tracing of the h",IAR_1955-56__indianarchaeology195556arevi.txt
1955-56,Rouletted,diagnostic,,,67,,"em depicting Jataka-scenes, and an inscribed seal with a seated Devi image of the early Pala period. A terracotta female head was recovered from Panna in the Silavati valley (pl. LXXI A), a series of terracotta heads from Raghu- nathbari in Midnapur District and early terracotta figurines and pottery, including the Rouletted Ware, from Bachri in Howrah District and Harinarayanpur in 24 Parganas. From Tilda, District Midnapur, came a unique object, viz. a terracotta piece with three lines of Greek inscription, the middle line of which, according to Father P. Turmes, S. J., of St. Xayier's College, Calcutta, may mean that the terracotta was 'an offering to the ""East Wind and the Dawn"",'",IAR_1955-56__indianarchaeology195556arevi.txt
1955-56,Rouletted,diagnostic,9,TREASURE,76,,"very polish, polished fragments of sandstone and cast coins. N.B.P. AND ROULETTED WARE FROM WEST BENGAL.- Shrimati D. Mitra found, among other early historical antiquities, the Northern Black Polished Ware at the site of Chandraketur-garh at Berachampa, District 24 Parganas. The site also yielded sherds of the Rouletted Ware, punch-marked coins and remarkable terracotta figurines (p.61). ASOKAN CAPITAL AT BASTI.- Shri M.M.Nagar reports the discovery of the abacus of an Asokan capital (pl. LXIX B). NEW CAVES AT BHAJA, DISTRICT POONA.- Two more caves were discovered by Shri M.N. Deshpande, one a vihara and the other a chaitya. The vihara, probably unfinished, was situated ab",IAR_1955-56__indianarchaeology195556arevi.txt
1956-57,Rouletted,diagnostic,9,TREASURE,85,,"upation on the mound at Dasuya in District Jullundur. EARLY HISTORICAL SITES IN WEST BENGAL.—The Asutosh Museum of Indian Art, Calcutta, discovered and explored a large number of sites near Calcutta (fig. 19). At one of the sites, Harinarayanpur, near Diamond Harbour, 24-Parganas, were found cast copper coins, the Rouletted Ware and terracotta figurines. Surface-exploration in Chandraketu- garh at Berachampa (see also p. 29) yielded an inscribed fragment of grey sandstone with Mauryan polish, sherds of the Northern Black Polished Ware and the Rouletted Ware, silver punch-marked coins and terracotta tablets and figurines, some of them of remarkable workmanship. At Atghara, in 24-Pargan",IAR_1956-57__indianarchaeology195657arevi.txt
1956-57,Rouletted,diagnostic,9,TREASURE,85,,"Harinarayanpur, near Diamond Harbour, 24-Parganas, were found cast copper coins, the Rouletted Ware and terracotta figurines. Surface-exploration in Chandraketu- garh at Berachampa (see also p. 29) yielded an inscribed fragment of grey sandstone with Mauryan polish, sherds of the Northern Black Polished Ware and the Rouletted Ware, silver punch-marked coins and terracotta tablets and figurines, some of them of remarkable workmanship. At Atghara, in 24-Parganas, Shri P. C. Das Gupta found objects analogous to those from the above sites and Tamluk, such as terracottas, rouletted and grey sherds and cast copper coins. A unique gold coin of 6-25 grains was found at Tamluk. Terracotta figu",IAR_1956-57__indianarchaeology195657arevi.txt
1956-57,rouletted,diagnostic,,,34,,"d cup, in the grey ware the dish, often with a stamp at the centre of the inner base (pl. XXXIX), and the trough and in the black ware the dish, also with a stamp, and bowl, a common type of which had a wide mouth, an incurved rim with a low cordon below a beak-like spout, a body tapering down to a flat base and a rouletted decoration on the exterior. Period III (post-Sunga) was marked by the re-appearance of red ware, one sherd bearing a stamped design. Other finds included stone beads, antimony-rods of copper, cast copper coins and a piece of grey standstone recalling, by its polish, Mauryan work- manship. Period IV (Kushan) yielded fragmentary but typical Kushan terracotta human",IAR_1956-57__indianarchaeology195657arevi.txt
1956-57,rouletted,diagnostic,9,TREASURE,85,,"n polish, sherds of the Northern Black Polished Ware and the Rouletted Ware, silver punch-marked coins and terracotta tablets and figurines, some of them of remarkable workmanship. At Atghara, in 24-Parganas, Shri P. C. Das Gupta found objects analogous to those from the above sites and Tamluk, such as terracottas, rouletted and grey sherds and cast copper coins. A unique gold coin of 6-25 grains was found at Tamluk. Terracotta figurines of Kushan, Gupta and early medieval times were found at Bahiri in Midnapur District. Harinarayanpur, mentioned above, was also explored by Shrimati D. Mitra, who found the knobbed vessel and dish in grey ware and the bottle-necked sprinkler, lipped l",IAR_1956-57__indianarchaeology195657arevi.txt
1957-58,Roman coin,diagnostic,1,"EXCAVATION AT NAGARJUNAKONDA, DISTRICT GUNTUR",18,,"ding specimens of the latter category included images of Buddha and Karttikeya and a more-than-life-size figure of a yaksha. In addition to the lead coins of the first three Ikshvaku kings, a few specimens of seals, sealings and clay bullae, the latter depicting the trident and a human head, possibly copied from a Roman coin, were noteworthy. 2. EXPLORATION IN DISTRICT KURNOOL.—The Prehistory Branch of the Depart- ment, under Shri K. V. Soundara Rajan and Dr. R. V. Joshi, carried out a brief season's exploration of all the important caves, mentioned by Cammiade, in the limestone forma- tions near Kurnool, but did not find in them any Stone Age artefacts or fossils, al- though one of",IAR_1957-58__indianarchaeology195758arevi.txt
1957-58,amphora,diagnostic,16,"EXCAVATION AT NAVDATOLI, DISTRICT MMAD",41,,"s for soling the floors (pl. XXXII B) or filling in depressions, and in regard to ceramics, by the first appearance of the channel-spouted cup (pl. XXXIV D) and vessel with round bottom, high grooved neck and dish-like hollow top (fig. 18). There was also the vessel with long tapering side-handles, as in the later amphora, of which, however, only four specimens, two painted on the inside, were found. In addition to the pottery-types briefly referred to above, there were certain types deserving special mention, e.g. the large dough-plate, sometimes over 1 ft. in diameter, and the storage-jar with coarse but well-baked fabric and incised or applied decoration (pl. XXXIV A-C). A large",IAR_1957-58__indianarchaeology195758arevi.txt
1957-58,Rouletted,diagnostic,31,"EXCAVATION AT CHANDRAKETUGARH, DISTRICT 24",60,,"and ivory beads and bangles. The pottery of the later Periods (fig. 24) comprised the dish and bowl of grey ware with stamped designs at the centre of the base, cup and dish in the Northern Black Polished Ware, bowl of both black and red wares, with wide mouth, incurved rim, short beak-like spout, and dish of the Rouletted Ware (pl. LXXII). The other antiquities included beads of different semi-precious stones, antimony-rods of copper and ivory, a copper punch-marked coin, bearing the symbols of an elephant, fish-in-pond and sun-and-wheel, and a two-legged armless terracotta figurine, probably a serpent-deity, having pinched head, round eyes, five horizontal lines, one on throat and",IAR_1957-58__indianarchaeology195758arevi.txt
1957-58,Rouletted,diagnostic,31,"EXCAVATION AT CHANDRAKETUGARH, DISTRICT 24",61,,"y of Period III (fig. 25) included: the dish with incurved rim, bowl with tapering sides, casket with concave base and incurved rim designed to hold the lid, large cylindrical jar with horizontal grooves on the exterior and a potsherd with stamped leaf-design arid another with rosette-design, all of grey ware; the Rouletted Ware (pi. LXXII) and sherds of black-and-red ware decorated on the interior just below the rim with a row of stamped medallions with a bird-motif within a square panel (pi. LXXII, 6). 52 [[PAGE 62]] Noteworthy in the pottery of Period IV were the carinated and flanged cooking vessel and bowl of red ware. There were potsherds of grey ware with stamped wheel-",IAR_1957-58__indianarchaeology195758arevi.txt
1957-58,Rouletted,diagnostic,1,"EARLY HISTORICAL SITE, DISTRICT ANANTAPUR",73,,"RICT MALDA.— A hoard of thirtysix gold coins, mostly issues of the Sultans of Bengal, was found. Thirteen of them are being acquired for the National Museum. 63 [[PAGE 73]] V. OTHER IMPORTANT DISCOVERIES ANDHRA PRADESH 1. EARLY HISTORICAL SITE, DISTRICT ANANTAPUR.—Shri M. Venkataramayya found, sherds of the Rouletted Ware at Sasanakota, near Hindupur, a site which had previously yielded the Black-and-red and Russet-coated Painted Wares (1955-56, p. 72). 2. PALAEOLITHIC SITES, DISTRICT CUDDAPAH.—Shri M. Venkataramayya collected a large number of palaeoliths from Nandalur (pl. LXXIV A, B and C), lying on a terrace which slopes down to the Cheyyar river near a hill-pass, local",IAR_1957-58__indianarchaeology195758arevi.txt
1957-58,Rouletted,diagnostic,8,"EARLY HISTORICAL SITE, DISTRICT SRIKAKULAM",73,,"MISCELLANEOUS SCULPTURES AND INSCRIPTIONS, DISTRICT NALGONDA.— Dr. P. Sreenivasachar discovered over seventy sculptures and inscriptions at Yelleswa- ram, a site on the Krishna river opposite Nagarjunakonda. See also p. 9. 8. EARLY HISTORICAL SITE, DISTRICT SRIKAKULAM.—Shri M. Venkataramayya found sherds of the Rouletted Ware and the megalithic Black-and-red Ware at Mukhalingam on the Vamsadhara river. A Satavahana coin of the early centuries of the Christian era was also picked up from the mound behind the famous temple of Mukhalingesvara. BIHAR 9. EARLY HISTORICAL SITE, DISTRICT PURNEA.—Shri A. C. Banerji found a pillar resembling an Asokan monolith at Sikligarh. 64 [[PA",IAR_1957-58__indianarchaeology195758arevi.txt
1957-58,Rouletted,diagnostic,43,"EARLY HISTORICAL SITES, DISTRICT 24",79,,"cutta, collected more objects from the previously-explored sites of Atghara, Chandraketugarh and Harinarayanpur (1956-57, p. 8.1). From Atghara, Shri P. G. Das Gupta and Shri A. Chatterjee found an early terracotta depicting a male warrior (pl. LXXXIII, 3), other figurines, both human and animal, and sherds of the Rouletted Wave (pl. LXXXIII, 4 and 5). In addition, Shri S. Samanta collected an inscribed seal. From Chandraketugarh Shri P. Shome collected a terracotta seal, which, in its treatment of the figures, shows foreign affinities (pl. LXXXIII, /). Other noteworthy antiquities from the same site included terracotta figurines showing a headless warrior assignable to the Kushan pe",IAR_1957-58__indianarchaeology195758arevi.txt
1957-58,Rouletted,diagnostic,43,"EARLY HISTORICAL SITES, DISTRICT 24",79,,"the terracotta figurines, special mention may be made of the plaques showing the lower part of a female figure with splayed-out hip's of the pre-Mauryan period (pl. LXXXIV, 3), a yakshi with diaphanous drapery (pl. LXXXIV, 1) and a rattle with a seated figure (pl. LXXXIV, 2). See also pp. 51 and 72. Sherds of the Rouletted Ware were found at Baral on the Adiganga, about 5 miles from South Calcutta. [[PAGE 80]] VI. MUSEUMS 1. RAJPUTANA MUSEUM, AJMER.—The following were the important acquisi- tions : a miniature standing figure in stone, attributable to the eleventh century, from Arai, District Ajmer; a fine image of Vishnu accompanied by Brahma with his consort on his right side",IAR_1957-58__indianarchaeology195758arevi.txt
1958-59,Rouletted,diagnostic,1,"EXCAVATION AT AMARAVATI, DISTRICT GUNTUR",12,,"ions. Belonging to Period III were an elaborate enclosure-wall, 129 ft. long and 3 ft. 9 in. wide, with Cuddapah-slab flooring in the interior, three votive stupas, a shrine of Jambhala, five brick platforms and three isolated brick walls. The association of the Northern Black Polished Ware with Period I, of the Rouletted Ware and limestone sculptures of the second-third centuries A.D. with Period II and of the Celadon Ware and Tantric icons with Period III would reveal that the site had been in occupation from the third-second centuries B.C. to the ninth-tenth centuries A.D. The antiquities included five crystal caskets (pl. II A) recovered from the slots made for them in the ur",IAR_1958-59__indianarchaeology195859arevi.txt
1958-59,Rouletted,diagnostic,9,"ASUTOSH    MUSEUM    OF     INDIAN     ART,     CALCUTTA",84,,"s and dik-palas (pl. LXXVIII D). The antiquities from Harinarayanpur comprised about two thousand beads of precious and semi-precious stones, an ivory seal depicting the mother-goddess and terracottas (pl. LXXVIII B) ranging in date from the Sunga to Gupta periods. In addition, a polished stone axe, sherds of the Rouletted Ware and with thumb-nail and incised designs and seals with deer were also collected. The finds from Tamluk consisted of pottery vases with ring-bases and narrow necks and terracotta figurines of the Sunga-Kushan periods, including yakshis (pl. LXXXVIII C), and a plaque depicting a damsel dancing before a throned personage with a vina (pl. LXXVIII E). Interestin",IAR_1958-59__indianarchaeology195859arevi.txt
1958-59,Rouletted,diagnostic,9,"ASUTOSH    MUSEUM    OF     INDIAN     ART,     CALCUTTA",84,,"also acquired from Panna (pl. LXXVII C and D) and Tilda: from the former place was collected an almost life-size male head; the latter had moulds and an inscribed seal, besides terracottas. The objects from Hariharpur and Mahinagar comprised incised and stamped pottery and sherds of the Northern Black Polished and Rouletted Wares, besides terra-cotta lotus-moulds in Sunga style. The Northern Black Polished Ware was found at Betor also. The above collections were variously made by Shri C. R. Roychoudhuri, Shri M. K. Pal, Shri P. C. Das Gupta, Shri B. Biswas, Shri M. Bose, Shri S. Mahapatra and Shri S. Khara. The other acquisitions included stone and metal sculptures, paintings, manu",IAR_1958-59__indianarchaeology195859arevi.txt
1958-59,rouletted,diagnostic,2,EARLY HISTORICAL   SITE IN DISTRICT  SRIKAKULAM,75,,"e circles was noticed near Balajigutta. 2. EARLY HISTORICAL SITE IN DISTRICT SRIKAKULAM.—At the famous ancient port of Kalingapatam Shri M. Venkataramayya discovered a few sherds of the megalithic Black-and-red Ware and a black-and-grey ware trailed in white (kaoline) paint under a black slip, one of them rouletted. 3. EARLY HISTORICAL SITE IN DISTRICT WEST GODAVARL—A habitation- site with fine black polished ware and red ware, seemingly megalithic, was found at Denduluru by Shri M. Venkataramayya. 4. MEDIEVAL IMAGES IN DISTRICT WEST GODAVARI.—An image of nandin was discovered in the compound of the District Board High School, Nidada- volu, and was examined by Shr",IAR_1958-59__indianarchaeology195859arevi.txt
1959-60,Rouletted,diagnostic,34,"EXCAVATION ATCHANDRAKETUGARH, DISTRICT 24",59,,"e for the use of cast copper coins, beads of glass and stones including chalcedony, dice of bone, shell bangles, terracotta female figurines with elaborate decorations, etc. A terracotta plaque containing a pair of parrots pecking a lotus-pod was an interesting find (pl. LIV). Also notable was the discovery of the Rouletted Ware (pl. LV A). Period V, roughly of the Gupta period, saw the construction of the massive temple. This Period yielded terracotta plaques containing animal and erotic human figures, terracotta ear-studs and grey and black pottery, sometimes with stamped designs (pl. LIV). Period VI, belonging to the late Gupta age, produced awls and gaming dice of bone, carnelia",IAR_1959-60__indianarchaeology195960arevi.txt
1959-60,rouletted,diagnostic,19,EXPLORATION IN DISTRICT CHANDA,39,,"the other site, viz. Marda, was a sherd of buff or cream ware, with thick curvy lines painted in reddish brown. The site also yielded polished black-and-red ware of the same fabric, polish and type as is found at many sites on the eastern coast like Salihundam, Ghantasala and Amaravati, where some such sherds have rouletted designs. 20. EXPLORATION IN DISTRICTS NAGPUR AND WARDHA.—-The Prehistory Branch of the Department, under Dr. R. V. Joshi, explored a few streams around Nagpur to gauge the Stone Age potentialities of the region. At the village Koradih, 10 miles north of 31 [[PAGE 40]] [[PAGE 41]] EXPLORA TIONS AND EXCA VATIONS Nagpur near a Kali temple, a factory-site",IAR_1959-60__indianarchaeology195960arevi.txt
1960-61,Ponnani,Tyndis,24,"ROCK-CUT CAVES, DISTRICT TRICHUR",67,,". 58 [[PAGE 67]] OTHER IMPORTANT DISCOVERIES 23. MEGALITHS, DISTRICTS QUILON AND PALGHAT.—At Poothamkiara in Quilon and Pallavaeer in Palghat Districts were noticed cists and stone circles by the Department of Archaeology, Kerala State. 24. ROCK-CUT CAVES, DISTRICT TRICHUR.—Two rock-cut caves were noticed at Ponnani and at Koonamoochi by the Department of Archaeology, Kerala State. Black- and-red Ware and some rusted iron implements were also obtained from these caves. MADHYA PRADESH 25. CAVES, DISTRICT BASTAR.—Shri V. S. Wakankar explored the subterranean li mestone caves at Gupansar and found some microliths at some distance from the en trance to the caves. 26. MEDIEVA",IAR_1960-61__indianarchaeology196061arevi.txt
1960-61,Quilon,Nelkynda,23,"MEGALITHS, DISTRICTS   QUILON AND PALGHAT",67,,"y Fawcett, two extensive areas containing cists and stone circles were noticed by the Department of Archaeology, Kerala State. These are at Cheengeri-Desom Ambalavayal-Amsom and at Nenmeni, south Wayanad. 58 [[PAGE 67]] OTHER IMPORTANT DISCOVERIES 23. MEGALITHS, DISTRICTS QUILON AND PALGHAT.—At Poothamkiara in Quilon and Pallavaeer in Palghat Districts were noticed cists and stone circles by the Department of Archaeology, Kerala State. 24. ROCK-CUT CAVES, DISTRICT TRICHUR.—Two rock-cut caves were noticed at Ponnani and at Koonamoochi by the Department of Archaeology, Kerala State. Black- and-red Ware and some rusted iron implements were also obtained from these caves. MADHYA",IAR_1960-61__indianarchaeology196061arevi.txt
1960-61,Rouletted,diagnostic,2,EXPLORATION IN DISTRICT GUNTUR,9,,"2. EXPLORATION IN DISTRICT GUNTUR —The Nagarjunakonda Excavation Project of the Survey, under Shri H. Sarkar, assisted by Shri K. Krishnamurthy, also undertook an examination of the less-known sites in the District in order to compare their contents with those of the well-known site of Nagarjunakonda. The Rouletted Ware, absent at Nagarjunakonda, was picked up at Vaikuntapuram and Chebrolu, respectively 29 kilo- metres north and 11 kilometres south-east of Guntur. In addition, the former site yielded the Black-and-red Ware and black-slipped and red wares of the early historical period. The 9-metre high mound at Chebrolu yielded also the Northern Black",IAR_1960-61__indianarchaeology196061arevi.txt
1960-61,Rouletted,diagnostic,21,"EXCAVATION AT NEVASA, DISTRICT AHMADNAGAR",29,,"B.C. to the end of the third century A.D. During this Period, however, the normal size of the rooms diminished to 1.8 x 2.7 metres and that of the bricks to 38 X 18 x 5cm. The foundation-trenches were filled with alternate layers of black clay and pebbles. The pottery comprised the Red Polished, Black-and-red and Rouletted Wares and included specimens of the amphorae. Amongst the other finds were beads of semi-precious stones and glass, terracotta figurines, iron objects and ivory handles, besides a terracotta chaitya (pl. XXXII B) and a stone plaque (pl. XXXII C). The chaitya was square on plan, each of the four vertical faces having, in relief, a railing motif surmounted by the dh",IAR_1960-61__indianarchaeology196061arevi.txt
1960-61,Rouletted,diagnostic,38,"EXCAVATION AT CHANDRAKETUGARH, DISTRICT 24",47,,"on to the north of the temple-area yielded evidences of six Periods of occupation. There was no trace of any brick structure in Periods I to III. Period I was associated, among other things, with red, grey and black pottery, the typical shapes being illustrated in fig. 11. Notable was the find of fragments of the Rouletted Ware. The other finds included a piece of ivory, a copper awl and a terracotta circular plaque with three pairs of erotic figures. 39 [[PAGE 48]] INDIAN ARCHAEOLOGY 1960-61—A REVIEW Period II was characterized by some cast copper coins and a good quantity of pottery (fig. 11). To this Period also belonged the head of a terracotta female figure (yakshi).",IAR_1960-61__indianarchaeology196061arevi.txt
1961-62,Quilon,Nelkynda,30,EXPLORATION IN DISTRICTS QUILON AND TRIVANDRUM,29,,"sekha-ran of the Southern Circle of the Survey found a few rock-cut cave temples at Ittiva and Kattikkal, megalithic cairn-circles and cists at Kodumon and Poothankara and urn- burials at Angadickal, besides an image of Buddha at Karumugapally and some mural paintings at Vaikuntapuram in Kodumon village in District Quilon. He also found rock- cut cave-temples at Iroopara and many Brahmanical sculptures at Aramada, Tiruvallam, Vanchiyoor and Neman, besides some mural paintings on the sanctum-walls of Padma- nabhasvami temple at Vanchiyoor in District Trivandrum. The paintings closely resemble in style those at the Mattancherry Palace at Cochin. 21 [[PAGE 30]] INDIAN ARCHAEOLOGY 1961-6",IAR_1961-62__indianarchaeology196162arevi.txt
1961-62,Roman coin,diagnostic,42,EXPLORATION IN DISTRICT THANJAVUR,35,,"ail on one side and an elephant on the other side (pl. XLV A), were found. One of the coins showed what appeared to be a fish instead of the elephant. The square copper coins with tiger-emblem are unique and can perhaps be ascribed to the early Cholas who had the tiger as their insignia. Another notable find was a Roman coin of copper (pl. XLV B) from Velliyan- Irruppu, literally meaning 'the abode of white men'. The Tamil epics refer to the exis- tence of a settlement of Yavanas (Romans) at Kaveripattanam, the great emporium of trade. About 200 m. west of the sea, in an open field at Kilaiyur village, a huge brick wall, over 3 m. in width, built of unusually large-sized bricks (61 X",IAR_1961-62__indianarchaeology196162arevi.txt
1961-62,Rouletted,diagnostic,1,EXPLORATION  IN   DISTRICT   GUNTUR,9,,"District. Tools of the Early Stone Age (pl. I A), comprising hand- axes, large as well as diminutive, discoids, cleavers, scrapers and flakes, were collected from sites around Dharanikota, Rentala and Chejerla. The last one, which is noted for one of the earliest living apsidal temples in India, also yielded the Rouletted Ware and a fluted core on chert. Megalithic cist-burials were located at Nemalipuram, about 63 km. from Guntur, and at Syamarajapuram on the Buggavagu, about 44 km. from Nagar junakonda ; the latter also yielded a neolithic implement. 2. EXPLORATION IN DISTRICT KRISHNA.—At Donabanda, 22 km. north-west of Vijayawada, along the Masulipatam-Hyderabad road, the sam",IAR_1961-62__indianarchaeology196162arevi.txt
1961-62,Rouletted,diagnostic,2,EXPLORATION IN DISTRICT KRISHNA,9,,"nd megaliths, besides pottery-types comparable with those from the historical levels of Nagarjunakonda. Pottery of the early historical period was also found at Mungasala and Kisara, on the bank of the river Munneru, and Nawabpeta, near Nandigama, the first of these sites also yielding a neolithic implement. The Rouletted Ware was found at Paritala, about 25 km. west of Vijayawada. 3. EXCAVATION AT KESARAPALLI NEAR GANNAVARAM, DISTRICT KRISHNA.—The Nagarjunakonda Excavation Project of the Survey, under Shri H. Sarkar, assisted by Shri B. Vidyadhararao, conducted an exploratory digging at the extensive mound of Kesara palli, about 20 km. north-east of Vijayawada on the Madras-Calcut",IAR_1961-62__indianarchaeology196162arevi.txt
1961-62,Rouletted,diagnostic,3,"EXCAVATION AT KESARAPALLI NEAR GANNAVARAM, DISTRICT KRISHNA",10,,"ly absent, though a few shapes of the black-and-red and black-slipped wares continued for some time. Successive floor-levels with post-holes and remains of ovens were noticed in this Period. The megalithic burials, situated 1 km. south-west of the habitation-area, belonged to the cist-variety. In Period III, the Rouletted Ware formed the distinctive industry. One of the sherds of the Ware, collected from the surface, was found rivetted with iron pins. In Period IV were encountered brick structures. The Rouletted Ware was completely absent. An Ikshvaku lead coin, besides beads of terracotta, glass and stone, formed the typical finds. The last occupation of the site was represented",IAR_1961-62__indianarchaeology196162arevi.txt
1961-62,Rouletted,diagnostic,3,"EXCAVATION AT KESARAPALLI NEAR GANNAVARAM, DISTRICT KRISHNA",10,,"e megalithic burials, situated 1 km. south-west of the habitation-area, belonged to the cist-variety. In Period III, the Rouletted Ware formed the distinctive industry. One of the sherds of the Ware, collected from the surface, was found rivetted with iron pins. In Period IV were encountered brick structures. The Rouletted Ware was completely absent. An Ikshvaku lead coin, besides beads of terracotta, glass and stone, formed the typical finds. The last occupation of the site was represented by remains of the early medieval period. 4. EXPLORATION IN DISTRICT MEDAK.—Shri M. Siviah of the South-eastern Circle of the Survey noticed stone circles near Siddipet, Akkannapalli, Malial, V",IAR_1961-62__indianarchaeology196162arevi.txt
1961-62,Rouletted,diagnostic,6,"EXCAVATION AT MUKHALINGAM, DISTRICT SRIKAKULAM",11,,"importance and the antiquity of the site two small trial-pits were sunk by Shri K. Raghavachari of the South-eastern Circle of the Survey on the mound running parallel to the Vamsadhara river behind the ancient temple of Madhukesvara (Mukhalingesvara) at Mukhalingam. A large number of sherds of the Rouletted Ware were obtained. From the same mound surface-explorations in 1957-58 . had yielded the Black-and-red and Rouletted Wares together with a Satavahana coin (1957-58, p. 64). BIHAR 7. EXPLORATION m DISTRICT BHAGALPUR.—Shri Sachchidanand Sahai of the Varanasi Hindu University found the Northern Black Polished Ware, along with its associated grey ware of mediu",IAR_1961-62__indianarchaeology196162arevi.txt
1961-62,Rouletted,diagnostic,6,"EXCAVATION AT MUKHALINGAM, DISTRICT SRIKAKULAM",11,,"Circle of the Survey on the mound running parallel to the Vamsadhara river behind the ancient temple of Madhukesvara (Mukhalingesvara) at Mukhalingam. A large number of sherds of the Rouletted Ware were obtained. From the same mound surface-explorations in 1957-58 . had yielded the Black-and-red and Rouletted Wares together with a Satavahana coin (1957-58, p. 64). BIHAR 7. EXPLORATION m DISTRICT BHAGALPUR.—Shri Sachchidanand Sahai of the Varanasi Hindu University found the Northern Black Polished Ware, along with its associated grey ware of medium fabric, in the mound at Karangarh, in Nathnagara Thana, and sculptures of Vishnu on Garuda, Uma-Mahesvara, Sadyojata",IAR_1961-62__indianarchaeology196162arevi.txt
1961-62,Rouletted,diagnostic,42,EXPLORATION IN DISTRICT THANJAVUR,34,,"ention in the Tamil classics. The sites on the sea-coast are covered by sand and are exposed only where the sea-waves have eroded the underlying deposits. These coastal sites can easily be dated to the beginning of the Christian era, if not earlier, as evidenced by the occurrence of the megalithic Black-and-red and Rouletted Wares and a variety of beads of semi-precious stones like jasper, chalcedony, agate and carnelian (pl. XLIV A). Some important finds were rare square copper coins obtained from the coastal site at Vanagiri, besides a few from Neidavasal (pl. XLIV B). Three such coins, with a standing 26 [[PAGE 35]] EXPLORATIONS AND EXCAVATIONS tiger with an uplifted tail on o",IAR_1961-62__indianarchaeology196162arevi.txt
1961-62,Rouletted,diagnostic,42,EXPLORATION IN DISTRICT THANJAVUR,35,,"r, Vellaian-Iruppu, Sayavanam, Pallavanesvaram, Kilpperum- pallam, Melpperumpallam, Manigramam, Radhanallur, Tiruvengadu and Madhavimanai at Tirukkadavur, which also contained a brick temple with Chola features (pl. XLVII B). Many of these sites yielded the megalithic Black-and-red Ware and bright red- slipped ware. Rouletted Ware (pl. XLVI A ) of rather inferior variety was found at Manigramam, a site mentioned in later Tamil inscriptions as a suburb of Kaveripattanam, where a great merchant-guild flourished. A number of medieval copper coins (pl. XLV C) belonging to the Chola period were recovered from some of these sites. The three coins from Sayavanam, mentioned as Saikkadu in the",IAR_1961-62__indianarchaeology196162arevi.txt
1961-62,Rouletted,diagnostic,73,"EXPLORATION IN DISTRICTS BANKURA, BIRBHUM, BURDWAN, HOOGHLY, JALPAI",67,,"Midnapur. Apart from microliths, a few ring-stones were also recovered from Khunkrakhopi and Organda in District Midnapur. At Basantapur and Bhedra sherds of the painted black-and-red and bright-red wares, besides microliths, were discovered. At Saptagram, on the bank of the river Saraswati, a few sherds of the Rouletted Ware, black ware and medieval pottery, besides architectural members detached from Brahmanical shrines, were found. Extensive ruins of the Pala period were noticed at Lohapur in District Birbhum. A hoard of one hundred and seventeen silver punch-marked coins (pl. XCV B), bearing rare aniconic symbols and human figures, originally unearthed at village Tilora, was",IAR_1961-62__indianarchaeology196162arevi.txt
1961-62,Rouletted,diagnostic,76,"EXCAVATION AT CHANDRAKETUGARH, DISTRICT 24",71,,"site. The Period came to a close in circa first century B.C. Period V, ascribable to circa first century B.C. to first century A.D., also showed some remains of brick structures. A fragment of dish bearing two letters of an incomplete Brahmi inscription reading te-i and caskets in the N. B. P. Ware, along with the Rouletted Ware, formed the noteworthy finds of the Period. Period VI, falling between first and second century A.D., yielded terracotta plaques, Rouletted Ware (pl. CV, 5), beads, cast copper coins, etc. A few greyish sherds bearing a peculiar painting in black depicting zigzag and wavy lines were also found in different levels of this Period. Period VII, belonging to cir",IAR_1961-62__indianarchaeology196162arevi.txt
1961-62,Rouletted,diagnostic,76,"EXCAVATION AT CHANDRAKETUGARH, DISTRICT 24",71,,"ome remains of brick structures. A fragment of dish bearing two letters of an incomplete Brahmi inscription reading te-i and caskets in the N. B. P. Ware, along with the Rouletted Ware, formed the noteworthy finds of the Period. Period VI, falling between first and second century A.D., yielded terracotta plaques, Rouletted Ware (pl. CV, 5), beads, cast copper coins, etc. A few greyish sherds bearing a peculiar painting in black depicting zigzag and wavy lines were also found in different levels of this Period. Period VII, belonging to circa third to sixth century, was perhaps the most flourish- ing Period of the site. A brick structure with mouldings and offsets characteristic of the",IAR_1961-62__indianarchaeology196162arevi.txt
1961-62,Rouletted,diagnostic,2,"EARLY HISTORICAL SITE, PITHAPURAM, DISTRICT EAST GODAVARI",104,,"nted red ware and the megalithic Black-and-red Ware, besides some decorated pottery. 2. EARLY HISTORICAL SITE, PITHAPURAM, DISTRICT EAST GODAVARI.—Shri K. Rama- murty. assisted by Shri K. Raghavachari, noticed at Pithapuram, about 20 km. north of Kakinada, a mound with remains of brick structures and sherds of the Rouletted and Black-and-red Wares. 3. EARLY STONE Act SITES, DISTRICT GUNTUR.—Dr. K. D. Banerjee and Shri S. N. Raghunath discovered Early Stone Age sites yielding tools of Burkitt's Series II at Gutti- konda, about 58 km. north-west of Macherla, at Kottapalle, about 8 km. from Macherla, on the Pendota-Vagu, about 10 km. upstream from Nagarjunakonda, and at Pondugala, abo",IAR_1961-62__indianarchaeology196162arevi.txt
1961-62,Rouletted,diagnostic,6,"EARLY HISTORICAL SITES, KALINGAPATAM AND SINGUPURAM, DISTRICT SRIKA",104,,"nt sea-port of Kalinga- patam. Similar finds had been picked up at another site in the same village (1958-59, p. 68). Assisted by Shri K. Raghavachari he explored an ancient site near Singupuram, already famous as the ancient Simhapur. one of the capitals of the early kings of Kalinga and found sherds of the Rouletted Ware in association with black polished ware and Black- and-red Ware. The pottery-types are similar in shape and fabric to the already-known types from Salihundam. Mukhalingam and Kalingapatnam. 7. MEDIVAL TEMPLE AND MOUND. CHODAVARAM. DISTRICT VlSAKHAPATNAM.—Shri K. Ramamurty, assisted by Shri L. K. Srinivasan. noticed two stone temples, one dedicated to Isvara",IAR_1961-62__indianarchaeology196162arevi.txt
1962-63,Quilandy,Tyndis,27,"ROCK-CUT CAVES, TRIPRANGODE, DISTRICT CALICUT",81,,"assisted by Shri M. A. Dhaky, found a step-well at Rajsitapur. 67 [[PAGE 81]] INDIAN ARCHAEOLOG Y 1962-63—A REVIEW KERALA 27. ROCK-CUT CAVES, TRIPRANGODE, DISTRICT CALICUT.—The Director of Archaeo logy, Kerala, discovered rock-cut caves at Triprangode, over 8 km. south of Tirur in Muthuvancha-desam, Taluk Quilandy. Vessels of the typical megalithic Black-and-red Ware were also collected from the site. 28. BURIAL-JARS, KUMARAMPUTHUR, DISTRICT PALGHAT.—The Director of Archaeo logy, Kerala, noticed burial-jars at Kumaramputhur. The site was found to be exten- sively despoiled by quarrying-activities. MADHYA PRADESH 29. FOSSIL, ATER, DISTRICT BHIND.—Shri J. P. Srivastava disco",IAR_1962-63__indianarchaeology196263arevi.txt
1962-63,Kollam,Nelkynda,17,"VATTELUTTU INSCRIPTION, PUNALUR, DISTRICT QUILON",63,Y,"ental characters of about the sixth-seventh century, the inscriptions mention names like Bahuvijneya, Sukhigamti, Mahiso, Bhupamgama, Nahusha and Balasrayavirya. KERALA 17. VATTELUTTU INSCRIPTION, PUNALUR, DISTRICT QUILON.—This inscription, en graved on the bali-pitha of the Trikotesvara-mahadeva temple and dated Kollam 421, (A.D. 1246) records that the object on which it is engraved was caused to be constructed by Chakrayudhan Marttandan. MADHYA PRADESH 18. BUNDELA INSCRIPTIONS, DATIA AND SINIVAL, DISTRICT DATIA.—A number of inscriptions of the rulers of the Bundela families of Orchha and Datia, in Sanskrit and local dialect and in Nagari characters, with dates in the seventeen",IAR_1962-63__indianarchaeology196263arevi.txt
1962-63,amphora,diagnostic,14,"PRINCE OF WALES MUSEUM OF WESTERN INDIA, BOMBAY",86,,"It belonged to the late Dr. W. Vost of the Indian Medical Service. Lady Cowasjee Jehangir made a gift of ten Gandhara stone sculptures, eight stuccos, three Chola sculptures, an Orissan sculpture and twelve bronzes of various schools. His Beatitude Archbishop Mar Makarios, President of Cyprus, presented an amphora from Cyprus of eighth century B.C. to Shri H. K. Chainani, then Governor of Maharashtra, who, in turn, presented it to the Museum. 15. ARCHAEOLOGICAL SECTION, INDIAN MUSEUM, CALCUTTA.—Owing to the emer- gency, some rooms and galleries had to be vacated. This hampered the process of re arrangement and modernization that had been in progress. Among the fresh acquis",IAR_1962-63__indianarchaeology196263arevi.txt
1962-63,Rouletted,diagnostic,1,EXPLORATION IN DISTRICT CHITTOOR,15,,"filling up of the channel of and conversion of the embankment into a defence-wall. The megalithic Black-and-red Ware was present throughout in Phases I and II. Glass objects of varying shapes and colours appeared in Phase II (pl.V), an interesting find from this Phase being an ear-ring of palm-leaf (pl. IV B). The Rouletted Ware occurred in Phase III and possibly continued in the following Phase. Phases IV and V did not provide any datable material. The pottery consisted of a grey ware, absent in the earlier levels. Phase VI yielded late Satavahana coins (pl. IV A). From the debris overlying the silting of the channel an inscribed potsherd of circa fourth century A.D. was obtained.",IAR_1962-63__indianarchaeology196263arevi.txt
1962-63,Rouletted,diagnostic,33,"EXCAVATION AT KANCHIPURAM, DISTRICT CHINGLEPUT",25,,"riods with sub-divisions Sub-period I A yielded the megalithic Black-and-red Ware, besides the associated red and black-slipped wares. The antiquity of Kanchipuram is thus taken back at least to the late phase of the megalithic culture, if not earlier. From the upper half of the deposit were obtained sherds of the Rouletted Ware and amphorae in typical fabric. Nearly fifty conical amphorae were found in a broken condition, three being placed in a row (pl. XXXVIII A). Copper Satavahana coins, one of them clearly bearing the name Rudra Satakarni of circa second century A.D., were also found in these levels. Among the other notable finds from this Sub-period mention may be made of terra",IAR_1962-63__indianarchaeology196263arevi.txt
1962-63,Rouletted,diagnostic,79,"EXCAVATION AT CHANDRAKETUGARH, DISTRICT 24",59,,"n figurines (p. XCIV A and B), beads and a few cast copper coins. The occurrence of tile- fragments indicated that the structures had been built of perishable material like bamboos or wood, etc., with tiled covering. Period III, datable to first to third century A.D. was characterized by the occurrence of the Rouletted Ware and exquisitely-moulded terracotta figurines showing elaborate coiffure and drapery (pl. XCIV C), and an erotic plaque (pl. XCIV D). Period IV, ranging from fourth to sixth century A.D., coincided with the Gupta period and produced, besides pottery, seals and sealings and terracotta objects (pl. XCV). Periods V and VI related to circa seventh-tenth centu",IAR_1962-63__indianarchaeology196263arevi.txt
1962-63,Rouletted,diagnostic,2,"NEOLITHIC AND EARLY HISTORICAL SITE, KAMBADURU, DISTRICT ANANTAPUR",78,,"l megalithic Black-and-red Ware and the all-black ware around the hillock to the north of Kalyandrug, already known for a dolmen and some menhirs. 2. NEOLITHIC AND EARLY HISTORICAL SITE, KAMBADURU, DISTRICT ANANTAPUR.— Shri M. Venkataramayya noticed polished stone axes and sherds of the megalithic Black- and-red, Rouletted and Russet-coated Painted Wares besides those of a black-painted red ware around the lower fringes of a hill known as Durgamkonda. 3. NEOLITHIC AND EARLY HISTORICAL SITE, CHILAMAKURU, DISTRICT CUDDAPAH.— Shri M. Venkataramayya collected a stone mace-head and sherds of the black-painted red ware as also of the megalithic Black-and-red Ware from the site of Chalukya",IAR_1962-63__indianarchaeology196263arevi.txt
1963-64,Kollam,Nelkynda,50,"INSCRIPTION,  VIRAPANDIYANPATTANAM,  DISTRICT TIRUNELVELI",81,Y,"o the south of the hill, the two inscriptions, in characters of about the first century A.D., record the excavation of the pali and the cutting of the rock respectively. The latter is stated to have been done by Kadungon- (E) langon Kolan. 50. INSCRIPTION, VIRAPANDIYANPATTANAM, DISTRICT TIRUNELVELI.—Dated in Kollam 563 (A.D. 1387-88), this Tamil inscription on a stone in the Makhdum mosque records the conferment of the names of Udaiyamattanda-pperumpalli and Udaiyama- ttanda-kkadiyar on the Jumattuppalli and Kadiyar Abu-Vakkar respectively in Sonadukonda-anppattinam and also the grant of one-fourth percent of the value of the commodities that passed through the port t",IAR_1963-64__indianarchaeology196364arevi.txt
1963-64,Rouletted,diagnostic,4,"EXCAVATION AT DHARANIKOTA, DISTRICT GUNTUR",11,,"hich in course of time got filled up, lends support to this belief. The occurrence of pots in tilted position in the same deposit would also point to the same inference. The site, therefore, marked the existence of a bund. Associated finds from these deposits included: an assortment of glass objects; sherds of the Rouletted and Northern Black Polished Wares and all-black and red wares. Cutting DKT-3 (fig. 1) was laid across the southern wall of the rectangular fort-wall. The excavation in the southern half confirmed the existence of the brick-revetment along its internal side. The laterite blocks behind the revetment marked the inner revetment of the navigation-channel as at DKT-1.",IAR_1963-64__indianarchaeology196364arevi.txt
1963-64,Rouletted,diagnostic,5,EXPLORATION IN DISTRICT KURNOOL,13,,"Phase I could reasonably be placed in the beginning of the second century B.C. 5. EXPLORATION IN DISTRICT KURNOOL.—In continuation of the previous year's exploration (1962-63, p. 2), Shri I.K. Sharma of the South-eastern Circle of the Survey exploied the following ancient sites: (i) Jambuladinne, yielding the Rouletted and Russet-coated Painted Wares; (ii) Gaddamankampalli, yielding a broken neolith, micro- lithic fluted cores, blades and waste flakes, black-painted red ware and Middle Stone Age tools; (iii) Mettupalle, yielding neolithic ground stone axes, microlithic fluted cores, finished ribbon-flakes on chert, jasper and quartz, black-painted red ware and the megali thic",IAR_1963-64__indianarchaeology196364arevi.txt
1963-64,Rouletted,diagnostic,5,EXPLORATION IN DISTRICT KURNOOL,13,,"uted cores, blades and waste flakes, black-painted red ware and Middle Stone Age tools; (iii) Mettupalle, yielding neolithic ground stone axes, microlithic fluted cores, finished ribbon-flakes on chert, jasper and quartz, black-painted red ware and the megali thic Black-and-red Ware; (iv) Mittapalli, yielding the Rouletted and Russet-coated Painted Wares; (v) Nilugondla, yielding black-painted red ware and the megalithic Black-and-red, Russet-coated Painted and Rouletted Wares; (vi) Sivavaram, Taluk Banaganpalli, yielding neolithic ground stone axes, microlithic fluted cores, blades on chalcedony exhibiting the crested guiding-ridge technique, black-painted red ware, b",IAR_1963-64__indianarchaeology196364arevi.txt
1963-64,Rouletted,diagnostic,5,EXPLORATION IN DISTRICT KURNOOL,13,,"fluted cores, finished ribbon-flakes on chert, jasper and quartz, black-painted red ware and the megali thic Black-and-red Ware; (iv) Mittapalli, yielding the Rouletted and Russet-coated Painted Wares; (v) Nilugondla, yielding black-painted red ware and the megalithic Black-and-red, Russet-coated Painted and Rouletted Wares; (vi) Sivavaram, Taluk Banaganpalli, yielding neolithic ground stone axes, microlithic fluted cores, blades on chalcedony exhibiting the crested guiding-ridge technique, black-painted red ware, burnished grey ware and the megalithic Black-and-red Ware; (vii) Vemulapadu, yielding microlithic flakes, fluted cores, black-painted red ware and the megalith",IAR_1963-64__indianarchaeology196364arevi.txt
1963-64,Rouletted,diagnostic,35,"EXCAVATIONS AT KAVERIPATTANAM, DISTRICT THANJAVUR",29,,"ick robbing, its full plan could not be traced. The earthen bund of the lake was also partially exposed. It is interesting to note that the brick structure shows moulding produced by the chamfered and rounded edges. The channel seemed to have a corbelled roof. The occurrence of the megalithic Biack-and-red and the Rouletted Wares in layers contemporary with the structure helps to determine its date, which may be fixed around first-second century A.D. In this connexion it may be noted that the early Tamil Sangam literature refers to the construction of tanks and irriga- tion-channels by the Chola kings. A massive brick structure was also laid bare in a locality known as Pallavaneswara",IAR_1963-64__indianarchaeology196364arevi.txt
1963-64,Rouletted,diagnostic,35,"EXCAVATIONS AT KAVERIPATTANAM, DISTRICT THANJAVUR",29,,"tain if any structures similar to or associated with the landing pier, exposed last season, could be identified. Except stray bricks nothing could be found, confirming thereby that all the ancient remains have since been removed in the course of agricultural operations. At Manigramam, a few trial-pits yielded: the Rouletted Ware in grey, pink and black fabrics; the megalithic Black-and-red Ware; terracotta figurines; collared beads; and a square copper coin with a standing tiger on one side and an elephant on the other. These finds are suggestive of the occupation of the site in the beginning of the Christian era. 36. EXPLORATION IN DISTRICT TIRUCHCHIRAPPALLI.—The Department of Ancie",IAR_1963-64__indianarchaeology196364arevi.txt
1963-64,Rouletted,diagnostic,79,"EXCAVATION AT RAJGHAT, DISTRICT VARANASI",68,,"n lustrous violet pigment. It seems that the pigment used for surface-dressing of the N.B.P. Ware was also used for decoration on other types of wares. Sub-period I C represented the decline and gradual disappearance of the N.B.P. Ware and emergence of new shapes in red ware. Among the stray finds, a sherd of the Rouletted Ware (pl. XL A), obtained from layer 4, deserves special mention. Other finds recovered from the various Periods included : four gold coins of the Gupta kings, Chandragupta, Kumaragupta I and Skandagupta, and other gold objects contained in a pot (pl. XL B); beads of terracotta, glass and semiprecious stones; pendants of shell, terracotta and paste with zoomorphic",IAR_1963-64__indianarchaeology196364arevi.txt
1963-64,Rouletted,diagnostic,79,"EXCAVATION AT RAJGHAT, DISTRICT VARANASI",68,,"ganas. Besides, sherds of black-and-red ware, including the channel-spouted bowl, as also those of lustrous red ware painted in black and perforated pottery were recovered from Beluti, Kirnahar and Mandira in District Birbhum and Dhan-Tikrar-Dhibi near Gushkara in District Burdwan. From Deulpota, sherds of the Rouletted Ware were also recovered. 81. EXCAVATION AT MAHISDAL, DISTRICT BIRBHUM.—With a view to ascertaining the cultural components of the chalcolithic culture, recently discovered in West Bengal, a small-scale excavation was undertaken by Shri R. P. Das of the Eastern Circle of the Survey at Mahisdal situated on the north bank of the Kopai. The extensive site (230 X 13",IAR_1963-64__indianarchaeology196364arevi.txt
1963-64,Rouletted,diagnostic,87,"EXCAVATION AT CHANDRAKETUGARH, DISTRICT 24",73,,"tal planks, reinforced by beams at the bottom and supported on wooden logs, was interesting. On the horizontal planks a thick layer of paddy-husks was found. It appears from the construction and associated material that the structure was meant for storing paddy for domestic use. Period III witnessed the use of the Rouletted Ware, spouted cups, already known from the same horizon of Itkhola, grey bowls and dishes, both of plain and stamped variety, red-slipped stamped vases and grey narrow-necked cylindrical vases. Of special interest was a unique terracotta plaque representing a richly-adorned dancing male figure (pl. XLIX A). The western and southern sides of the main temple-struct",IAR_1963-64__indianarchaeology196364arevi.txt
1963-64,Rouletted,diagnostic,87,"EXCAVATION AT CHANDRAKETUGARH, DISTRICT 24",73,,"n Period II, besides the convex-sided bowls and dishes, plain and decorated storage-jars and vats, terracotta plaques and several corroded cast copper coins were found. Period III, assignable to the first-third century A.D., yielded dishes and bowls of grey and dark-grey wares, internally stamped at the bases, the Rouletted Ware and black-slipped spouted cups. No evidence of the existence of N.B.P. Ware or its imitation, as reported earlier, was forthcoming this season. A headless terracotta naga figure of the Sonpur type, a bird rattle and a ram toy-cart obtained from this Period are noteworthy. 64 [[PAGE 74]] EXPLORATIONS AND EXCAVATIONS Period IV, datable to between the fourth",IAR_1963-64__indianarchaeology196364arevi.txt
1964-65,Quilandy,Tyndis,10,"ROCK-CUT CAVES, DISTRICT CALICUT",81,,"near Bileshwar in Parda Hills and at Sitamadhi on the west coast. KERALA 10. ROCK-CUT CAVES, DISTRICT CALICUT.—The Directorate of Archaeology of the Kerala Government located rock-cut caves of a rectangular type with central pillar, benches and side-opening along with the usual Black-and-red Ware at Mayppayur, Quilandy, and of a different type with openings close to each other, suggesting a double entrance for multichambered caves, at Nagaparambu, Nattuvattom Amsom, in Taluk Tirur. 73 [[PAGE 82]] INDIAN ARCHAEOLOGY 1964-65—A REVIEW MADHYA PRADESH 11. MEDIEVAL SCULPTURES, HOSHANGABAD.—Professor K. D. Bajpai discovered sculptures representing Hari-Hara, Varuna, Vishnu, Agni an",IAR_1964-65__indianarchaeology196465arevi.txt
1964-65,amphora,diagnostic,7,"EXCAVATION AT DHARANIKOTA, DISTRICT GUNTUR",11,,"crucibles and other antiquities including coins of the late Satavahanas. One of the coins bears the inscription sirisa, which on palaeographic grounds can be ascribed to the second or third century A.D. Pottery recovered from this Phase included the megalithic Black-and-red Ware and plain red were. Fragments of an amphora were also obtained from the associated deposit. In Phase VII, rubble walls were built to stop further erosion by rains or floods. One such single-course rubble wall was exposed in this cutting. 8. EXPLORATION IN DISTRICT KURNOOL.—Shri V. R. Reddy, a research student of the Deccan College Post-graduate and Research Institute, Poona, explored the western part of the",IAR_1964-65__indianarchaeology196465arevi.txt
1964-65,Rouletted,diagnostic,7,"EXCAVATION AT DHARANIKOTA, DISTRICT GUNTUR",10,,", glass bangles and ear-rings of a bewildering variety and shape (pl. II A). Period III also showed some structural activity in the shape of drains and soak-pits, indicative of sanitary development of the settlement. Glass bangles of various colours (pl. II B) continued to be used during this Period as well. The Rouletted Ware appeared in this Period. Period IV was represented by a circular brick structure (pl. I B), possibly a well or a barn and another structure, the complete plan of which still remains to be ascertained The ceramic content of this Period comprised, besides the megalithic Black-and-red and the Rouletted Wares, the all-black, the red and the grey wares. The las",IAR_1964-65__indianarchaeology196465arevi.txt
1964-65,Rouletted,diagnostic,7,"EXCAVATION AT DHARANIKOTA, DISTRICT GUNTUR",10,,"ell. The Rouletted Ware appeared in this Period. Period IV was represented by a circular brick structure (pl. I B), possibly a well or a barn and another structure, the complete plan of which still remains to be ascertained The ceramic content of this Period comprised, besides the megalithic Black-and-red and the Rouletted Wares, the all-black, the red and the grey wares. The last mentioned was the dominant industry. Period V was a continuation of Period IV and was not very sharply defined Period VI was noted for its finds, particularly coins of the late Satavahana period and an inscribed ivory seal (PI. II C) showing stupa with railings and bearing a four [[PAGE 11]] EXPLORATION",IAR_1964-65__indianarchaeology196465arevi.txt
1964-65,Rouletted,diagnostic,42,"EXCAVATION AT KAVERIPATTINAM, DISTRICT THANJAVUR",33,,"ter phase. The discovery of a Buddhist monastery confirms the literary evidence, found in the Tamil epics such as the Silappadikaram and Manimekhalai, which mention that Kaveri-pattinam was an important centre of Buddhist faith. Other antiquities from the site included square copper coins of the early Cholas, the Rouletted Ware, and the Megalithic Black-and-red Ware, all assignable to the first four centuries of the Christian era. The terracotta figurines, however, belong to the early medieval period. 43. EXCAVATION AT URAIYUR, DISTRICT TIRUCHCHIRAPPALLI.—The Department of Ancient History and Archaeology, University of Madras, undertook excavation at Uraiyur, the ancient Chola capi",IAR_1964-65__indianarchaeology196465arevi.txt
1964-65,Rouletted,diagnostic,43,"EXCAVATION AT URAIYUR, DISTRICT TIRUCHCHIRAPPALLI",33,,"the former site, and the fourth, URY-4, at the latter. Excavation revealed a 3 to 365 m. thick deposit belonging to three broad cultural periods. Period I (circa third-second century B.C. to first-second century A.D.) was charac- terized by the predominant use of the megalithic Black-and-red, Russet-coated Painted, Rouletted (pl. XIX) and Arretine Wares, besides the associated red and all-black wares. The recurrent shapes in these wares included : bowls with or without carination at the shoulder and rounded body; flat dishes with straight or incurved rims, some with sagger base; vases and jars with straight necks; and a few ring-stands. Some potsherds bearing Tamil inscriptions in the",IAR_1964-65__indianarchaeology196465arevi.txt
1965-66,Ponnani,Tyndis,15,"ROCK-CUT CAVE, KALADY, DISTRICT PALGHAT",88,,"Taluk Kalyanpur and collected tools consisting of choppers, large flakes and cleavers, including the highly-developed forms. KERALA 15. ROCK-CUT CAVE, KALADY, DISTRICT PALGHAT.—During quarrying operations for brick-making, a rock-cut cave with a central pillar and a side opening was discovered in Kalady in Taluk Ponnani. Besides the megalithic Black-and-red Ware, iron implements were also found from the cave. MADHYA PRADESH 16. EARLY STONE AGE TOOLS, BHOPAL.—Shri M. D. Khare collected some cleavers and handaxes belonging to the Early Stone Age at the top of Shyamala hill in Bhopal. 17. EARLY AND LATE STONE AGE TOOLS NEAR BHOPAL.—Shri M. D. Khare collected more than half-a-dozen E",IAR_1965-66__indianarchaeology196566arevi.txt
1965-66,Chaliyam,Tyndis,4,"MISCELLANEOUS   INSCRIPTIONS,   DISTRICTS   CALICUT   AND   CANNANORE",77,,". A thirteenth- century bilingual, but unfortunately damaged record from Calicut mentions Shibabu'd- Din Raihan, a freed slave of one Mas'ud, the deceased, who purchased land and constructed thereon a mosque, a well and also an edifice to provide for the maintenance of the imam and mu'adhdhin. An inscription from Chaliyam in Calicut District assigns the reconstruction of a mosque in A.H. 756 (A.D. 1355) to one Muhammad, son of Ahmad, entitled Kunj Baidal, well-known as Koya Mutti. An epitaph from Paravanna, in Calicut District, record ing the death of Mahmud of Sindapur in A.H. 889 (A.D. 1484) mentions him as a learned theologian. Two inscriptions from a mosque at Calicut refer to t",IAR_1965-66__indianarchaeology196566arevi.txt
1965-66,Quilandy,Tyndis,4,"MISCELLANEOUS   INSCRIPTIONS,   DISTRICTS   CALICUT   AND   CANNANORE",77,,"'Umar al-'Antabi and Khwaja Shah- Bandar Jamalu'd-Din al-'Antabi who respectively got made the (wooden) pulpit of the mosque in A.H. 1088 (A.D. 1677-78) and got it remade, after it got burnt. The second record is undated but can be assigned to the late seventeenth or early eighteenth century. In an epitaph from Quilandy in the same District, which records the demise of Sayyid Muhammad in A.H. 1160 (A.D. 1747), his pedigree is traced to Muhammad, the author of 1 Information from Dr. Z. A. Desai, Superintendent, Persian and Arabic Inscriptions of the Survey, who, assisted by Shri S. A. Rahim, Shri A. A. Kadiri and Shri M. F. Khan, Epigraphical Assistants, found and copied,",IAR_1965-66__indianarchaeology196566arevi.txt
1965-66,Kollam,Nelkynda,4,"MISCELLANEOUS   INSCRIPTIONS,   DISTRICTS   CALICUT   AND   CANNANORE",77,,"u'l-Karim. 3. INSCRIPTION, DISTRICT PATNA.—An epitaph from Manhanwan records the demise of Shaikh 'Abdu'r-Rahman, better known as Mir Wa'iz, a son of Sayyid Ahmad Bukhari, which occurred in A.H. 991 (A.D. 1583). KERALA 4. MISCELLANEOUS INSCRIPTIONS, DISTRICTS CALICUT AND CANNANORE.—Eight epitaphs from Kollam in Calicut District, ranging in their dates between A.H. 629 (A.D. 1232) and A.H. 696 (A.D. 1296-97), register the dates of the demise of Shaikh'Abdu'r- Rahman Hasan, son of Muhammad Kamalu'd-Din 'Umar, son of Raihan and others. At Madayi in Cannanore District, was found an epitaph, according to which 'Abdu'r- Rahman, son of Muhammad and grandson of 'Ali, son of Ruzb",IAR_1965-66__indianarchaeology196566arevi.txt
1965-66,Roman coin,diagnostic,41,"EXCAVATION AT KAUSAN AND PAITHAN, DISTRICT AURANGABAD",36,,"60 x 30 cm.) was available. The same stratum contained five ring-wells or soakage-pits, lined with pottery-rings placed one above the other. Other finds included copper coins with elephant and Ujjain symbols, glass beads with lug-collars, cobalt-coloured melon or gadrooned beads, terracotta bullae in imitation of Roman coins and very beautiful moulded figurines of kaolin (pl. XIIIA). Immediately below the Satavahana level were noticed two burials, one of which showed a large painted jar with bulbous belly and tall cylindrical neck with flaring rims. The jar was painted with strokes, loops and criss-cross patterns with a creamy slip. A number of vessels with conical mouths and vertic",IAR_1965-66__indianarchaeology196566arevi.txt
1965-66,Rouletted,diagnostic,35,"EXCAVATION AT KAVERIPATTINAM, DISTRICT THANJAVUR",33,,"athapattinam, a small fisherman's village near Cuddalore on the sea-shore, some red medieval pottery and few pieces of iron objects were found. At Kottaimedu, red and grey wares of both medium and thin fabrics, occasionally with black slip, pieces of thick glazed ware and small rolled-out fragments, similar to the Rouletted Ware, were found. Besides, a leg portion of a terracotta animal, three small round copper coins, a large number of iron nails and a long cylindrical shell bead were also obtained. At Kudiraimedu, situated on an island surrounded by backwaters, pottery of the non- descript and crude grey wares was found. These appear to be remains of very late habitation of fisherm",IAR_1965-66__indianarchaeology196566arevi.txt
1965-66,Rouletted,diagnostic,35,"EXCAVATION AT KAVERIPATTINAM, DISTRICT THANJAVUR",33,,"ained. At Kudiraimedu, situated on an island surrounded by backwaters, pottery of the non- descript and crude grey wares was found. These appear to be remains of very late habitation of fishermen. At Nattamedu, 9.65 km. south of Cuddalore, on the Cuddalore-Chidambaram road, a good number of weathered sherds of the Rouletted Ware and beads of semi-precious stones, paste and glass and cylindrical glass-like objects in different colours, with holes for threading, were collected. The nearness of the site to the seashore, the occurrence of the sherds of the Rouletted Ware and other semi-precious materials and glass objects in large numbers suggest that this site may prove to be one of the",IAR_1965-66__indianarchaeology196566arevi.txt
1965-66,Rouletted,diagnostic,35,"EXCAVATION AT KAVERIPATTINAM, DISTRICT THANJAVUR",33,,"the Cuddalore-Chidambaram road, a good number of weathered sherds of the Rouletted Ware and beads of semi-precious stones, paste and glass and cylindrical glass-like objects in different colours, with holes for threading, were collected. The nearness of the site to the seashore, the occurrence of the sherds of the Rouletted Ware and other semi-precious materials and glass objects in large numbers suggest that this site may prove to be one of the early coastal trade-centres that flourished in south India at the beginning of the Christian era. At Nochchikuppam, a small fishermen's village on the sea-shore, about 402.33 m. to the north-east of Kunimedu on the Cuddalore-Marakkanam road,",IAR_1965-66__indianarchaeology196566arevi.txt
1965-66,Rouletted,diagnostic,37,"EXCAVATION AT URAIYUR, DISTRICT TIRUCHCHIRAPPALLI",34,,"Periods. The stratigraphical evidence as well as the associated antiquities confirmed last year's observations. Period I (circa first century B.C. to A.D. fourth century) is characterized by the occur- rence of the megalithic Black-and-red Ware and the associated red and black wares. A large number of sherds of the Rouletted Ware were also found from the strata of this Period. Some of the sherds of the Black-and-red Ware and black ware bore painted designs and graffito-marks. Remains of floor-levels with post-holes were also met with. Period II (circa fourth to sixth-seventh century A.D.) is distinguished by the appearance of a new ceramic type, the red-slipped ware. The megalithic Bl",IAR_1965-66__indianarchaeology196566arevi.txt
1965-66,Rouletted,diagnostic,77,"EXCAVATION AT CHANDRAKETUGARH, DISTRICT 24",67,,"Gupta and post-Gupta deposits, labelled Periods II, III, IV and V. Period II was distinguished by typical Sunga wares, terracotta figurines (pl. XLV A, C and D), jewellery pieces, ivory objects and ill-baked tile-fragments, used for roofs of mud-houses. Period III was marked by typical ceramics associated with the Rouletted Ware, terracotta figurines of bewildering variety and interesting house-complexes of rammed surkhi floors, wattle-and-daub walls 59 [[PAGE 68]] INDIAN ARCHAEOLOGY 1965-66-REVIEW with heavy wooden pillars at corners, well-baked tile-roofs and terracotta ring-wells. The houses usually face south. Period IV showed more structural details of kachcha houses, typical",IAR_1965-66__indianarchaeology196566arevi.txt
1965-66,Rouletted,diagnostic,77,"EXCAVATION AT CHANDRAKETUGARH, DISTRICT 24",68,,"-roofs, mud-floors, grain storage enclosures and ring-wells, forming a self-contained unit possibly of a family. Among noteworthy finds mention may be made of some beautiful terracotta figurines including a female holding a pair offish (pl. XLV B), an elephant-rattle in the round, pottery-types associated with the Rouletted Ware, terracotta balls, beads of stone, awls of ivory and bone, copper bowls and wooden decorative pieces. The material remains of the upper periods could not be differentiated from those of Chandraketugarh proper. 60 [[PAGE 69]] n. EPIGRAPHY SANSKRIT AND DRAVIDIC INSCRIPTIONS1 ANDHRA PRADESH 1. VIJAYANAGARA INSCRIPTION, BETAPALLE, DISTRICT ANANTAPUR.—Dated in",IAR_1965-66__indianarchaeology196566arevi.txt
1966-67,Kollam,Nelkynda,12,"INSCRIPTION, SUCHINDRAM, DISTRICT KANYAKUMARI",62,Y,"ninth regnal year of Parakesarivarman who conquered Madurai and Ham (evidently Parantaka I) and records a gift of ninety sheep for burning a perpetual lamp in the temple of Tiruttandisvara at Velacheri. 12. INSCRIPTION, SUCHINDRAM, DISTRICT KANYAKUMARI.—This inscription in Tamil language and script records that in Kollam 406 (A.D. 1130-31) in the month of Kanni the Mahasabha and Sabha of Suchindram held a combined sitting and decided to hand over their supervisory powers over certain temple servants to the svamiyar who presided over the meeting. It was further stipulated that in the event of the svamiyar's death the powers vested in him would rest with the king. 13. CHERA CHARTER, G",IAR_1966-67__indianarchaeology196667arevi.txt
1966-67,Kollam,Nelkynda,11,"MISCELLANEOUS INSCRIPTIONS, DISTRICT CHINGLEPUT",69,,"earing on the mausoleum of a Muslim saint at Khargon assigns the repairs and embellishment carried out to it by Banaji Mitkar, evidently a Maratha official, in A.H. 1177 (A.D. 1763-64) in the time of Malhar Rao Holkar. MADRAS 11. MISCELLANEOUS INSCRIPTIONS, DISTRICT CHINGLEPUT.—Of the two epitaphs from Covelong (Kollam), one registers A.H. 883 (A.D. 1478) as the date of the demise of a person whose name is not given. According to the other, popularly believed to belong to the first century Hijra (seventh-eighth century A.D.), Isma'il, son of 'Abdu'llah Kutah (?) died in 57 [[PAGE 70]] INDIAN ARCHAEOLOGY 1966-67—A REVIEW A.H. 1002 (A.D. 1593-94). The Persian version of an interest",IAR_1966-67__indianarchaeology196667arevi.txt
1966-67,Roman coin,diagnostic,7,"MYSORE GOVERNMENT MUSEUM, BANGALORE",87,,"e Hoysala Period, all collected from Halebid, were displayed. Another important addition to the Sculpture Gallery was the panel from the Buddhist site at Sannathi, District Gulbarga, showing Siddartha in the garden. A few reliefs of the Pallava and Chola Periods from Begur, near Bangalore, were also acquired. Two Roman coins of Augustus and Tiberius and thirty-two coins of the reign of Akbar were added to the coin collection of the Museum. 8. MUSEUM AND PICTURE GALLERY, BARODA.—The programme of modernizing the display in the Archaeological Section was further continued this year. Two show-cases, containing exhibits of the Gandhara, Pala and Sena schools, were arranged. Among the no",IAR_1966-67__indianarchaeology196667arevi.txt
1966-67,Roman coin,diagnostic,21,"GOVERNMENT MUSEUM, GULBARGA",90,,"stricts Balaghat, Betul, East Nimar, Guna, Panna and Raipur. 21. GOVERNMENT MUSEUM, GULBARGA.—The Museum building was repaired and the galleries re-arranged. Among the acquisitions made by the Museum are Buddhist sculptures and inscriptions from Sannathi, and twenty sculptures from various sites. In addition, two Roman coins, two beautiful seated Parsvanatha figures of about the twelfth century, two Chalukyan pillars and a small gun belonging to about the seventeenth century were also acquired. 22. ARCHAEOLOGICAL MUSEUM, HAMPI.—Large-sized sculptures and architectural pieces were displayed in the open-air annexe in front of the 'Guards' Quarters', which houses the main collection",IAR_1966-67__indianarchaeology196667arevi.txt
1966-67,amphora,diagnostic,37,EXCAVATION AT PAUNAR,39,,"a period of transition as evidenced by the overlap between the Red Polished Ware and the black-and-red ware. Period III witnessed the prosperity of Paunar. This period could be roughly assigned to late Satavahana and Vakataka times. The ceramic evidence comprised the black-and-red ware, the Red Polished Ware, the amphora, associated with beautifully-made beads of semi-precious stones, late Satavahana and Vishnukundin coins and a variety of stone plaques and fragmentary stone sculptures. The structures associated with this period included brick constructions with well-made foundations, ring-wells for soakage purposes and floorings made of rammed clay. The houses had tiled roofs. The",IAR_1966-67__indianarchaeology196667arevi.txt
1966-67,Rouletted,diagnostic,30,"EXCAVATION AT KARAIKADU, DISTRICT SOUTH ARCOT",33,,"ata. The occurrence of a large number of finished as well as unfinished glass beads, together with an equally large quantity of shapeless vitreous slags, indicated local manufacture of glass for making beads. Three principal ceramic industries were found: (i) red-slipped ware; (ii) black-and-red ware and (iii) the Rouletted Ware. Among these, the black-and-red pottery seemed to be limited in use and was rather coarse. Simple bowls with rounded base and carinated cooking vessels were the characteristic types. The Rouletted Ware was the distinguishing fabric for fixing the chronological horizon. This Ware was found in its typical pink and grey colour. The characteristic types are dishe",IAR_1966-67__indianarchaeology196667arevi.txt
1966-67,Rouletted,diagnostic,30,"EXCAVATION AT KARAIKADU, DISTRICT SOUTH ARCOT",33,,"beads. Three principal ceramic industries were found: (i) red-slipped ware; (ii) black-and-red ware and (iii) the Rouletted Ware. Among these, the black-and-red pottery seemed to be limited in use and was rather coarse. Simple bowls with rounded base and carinated cooking vessels were the characteristic types. The Rouletted Ware was the distinguishing fabric for fixing the chronological horizon. This Ware was found in its typical pink and grey colour. The characteristic types are dishes with beaked rim and incurved sides. Besides, a number of fragments of the conical bottomed amphorae in coarse red fabric were also met with. Karaikadu seems to have been an Indo-Roman trading station",IAR_1966-67__indianarchaeology196667arevi.txt
1966-67,Rouletted,diagnostic,40,"EXPLORATION AT SANNATHI, DISTRICT GULBARGA",41,,"of another relief. The relics are typically Satavahana ranging in date from the first century B.C. to the third century A.D., and resemble mostly those from the Buddhist sites at Amaravati, Bhattiprolu, and Nagar- junakonda. In addition to the sculptures and inscriptions, other surface finds included a piece of Rouletted Ware, Satavahana tile-pieces, crystal and carnelian beads and shell bangles (pl. XVI B). 41. EXPLORATION IN DISTRICT MYSORE.—The Director of Archaeology and Muse ums, Mysore, reported the discovery of a Hoyasala temple at Kallambalu, built during the reign of Viraballala II. It is noted for the sculptures placed in the navaranga of the temple, among which may be",IAR_1966-67__indianarchaeology196667arevi.txt
1966-67,Rouletted,diagnostic,61,"EXCAVATION AT CHANDRAKETUGARH, DISTRICT 24",60,,"le, yielded some unique terracotta figurines (pl. XLI A), of which a seated ruler in the round bedecked with jewellery and a headless dancing figure in the round deserve special mention. Belonging to the Period III were terracotta tablets (pl. XLI B, C and D) on various themes along with very fine fragments of the Rouletted Ware and contemporary pottery types. In the course of the diggings of the Gupta structures at Khana-Mihirer-Dhipi, several Gupta and post-Gupta antiquities in the form of terracotta fragments, stone sculptures, stone querns and pottery dabbers were found, besides fragments of stucco floral decorative motifs of the main temple-wall itself. 48 [[PAGE 61]] H. EPIG",IAR_1966-67__indianarchaeology196667arevi.txt
1967-68,Kollam,Nelkynda,19,"CHERA INSCRIPTION, ERODE, DISTRICT COIMBATORE",61,Y,"mil language and characters of about the tenth century A. D.,IS engraved on a loose slab. It seems to record the construction of a tank, called Tali-eri, and the creation of an endowment of money for its maintenance by Vanji-Vel Tali alias Ten- navan Peraraiyan. It is dated in the 170th year, obviously of the Kollam era, in the reign of Ko-Iravi-Kodai. 20. INSCRIPTION, MURUNGAITTOLUVU, DISTRICT COIMBATORE.—This Tamil inscription, in characters of about the thirteenth century A. D., is dated in the sixth regnal year of Sundarapandya. It records the construction of a shrine, installation of the image of god Chandesvara and endowment of a lamp by Alajasundara-nambi alias",IAR_1967-68__indianarchaeology196768arevi.txt
1967-68,Cranganore,Muziris,25,EXPLORATION  IN   DISTRICT TRICHUR,31,,"Southern Circle of the Survey found fine sculptures of medieval period in Siva temples at Mundur and Cheramanthittu; Vishnu temples at Parakkad and Poyya; Krishna temple at Vadakkummari and Rama temples at Nathika and Kadavallur. He also noticed wood-carving on the ceilings of a shrine, dedicated to Bhagavati at Cranganore and Palliyil Bhagavati temple at Perinjanan and other temples at Parakkad, Velappaya, Chentrappini, Mullaserry and Guruvayur and mural paintings on the temple in Peram- angalam, Tiruvanchikulam and Guruvayur. He also found urn-burials at Nattika Edakulathur, Eranallur and Kanjirakode; and menhirs, about 3 m. high, at Venkitangu and Alur, besides umbrella stones",IAR_1967-68__indianarchaeology196768arevi.txt
1967-68,amphora,diagnostic,22,"EXCAVATION  AT  DHATVA, DISTRICT SURAT",28,,"und. Period II (circa 500 B.C.-A.D.2OO) was characterized by early historical antiquities, such as punchmarked coins, beads of carnelian and agate, crystal ear-studs, etc. The ceramic wares of the Period were Red Polished Ware, black-and-red ware and painted pottery of historical times. However, fragments of Roman amphora were obtained from the surface. Iron smelting industry was also evidenced during this Period. The excavation revealed the extension of the chalcolithic cultures in this part of the country. But the limited quantity and variety of the chalcolithic pottery suggested that this site was just a small village settlement. It is highly probable that after Period I this v",IAR_1967-68__indianarchaeology196768arevi.txt
1967-68,Rouletted,diagnostic,32,"EXCAVATION AT URAIYUR, DISTRICT TIRUCHCHIRAPPALLI",38,,"south-east of URY-7. As in the previous season (1965-66), this year too the three trenches revealed a succession of three occupational periods ranging from the early centuries of the Christian era to late medieval times. Period I was characterized by the occurrence of the Black-and-Red, Russet-coated Painted and Rouletted Wares. Shapes comprised bowls with a rounded body, carinated either at the waist or at the shoulder, flat dishes, chalices or bowls with low pedestals, ring-stands, lid-cum-bowls, besides water-jars. A few sherds also preserved lightly scratched graffiti marks, while some had Brahmi letters (pl. X B), palaeographically assignable to about the first or second centu",IAR_1967-68__indianarchaeology196768arevi.txt
1968-69,Kollam,Nelkynda,53,"INSCRIPTION,   TENKASI,   DISTRICT   TIRUNELVELI",60,Y,"hamandapa states that on scrutinising the evidence put up by the appellants, the royal order was issued regarding water being let out from the tank of Vikramapandya- chaturvedimangalam for irrigating the devadana-iraiyili lands of Valavallapandisvarar. 53. INSCRIPTION, TENKASI, DISTRICT TIRUNELVELI.—Dated Kollam 720 (A.D. 1544) in the reign of Vira-Marttandayarman, this Tamil inscription records the revival of daily worship in the temple by Vir-Marttandan alias Chiravay Muttavar in Kollam 700 and the performance of the five mahadanas by him. It also refers to the construc tion of the temple formerly by Arikesari Parakramapandya and the unrest (ksho- bham) in l",IAR_1968-69__indianarchaeology196869arevi.txt
1968-69,Kollam,Nelkynda,53,"INSCRIPTION,   TENKASI,   DISTRICT   TIRUNELVELI",60,Y,"am for irrigating the devadana-iraiyili lands of Valavallapandisvarar. 53. INSCRIPTION, TENKASI, DISTRICT TIRUNELVELI.—Dated Kollam 720 (A.D. 1544) in the reign of Vira-Marttandayarman, this Tamil inscription records the revival of daily worship in the temple by Vir-Marttandan alias Chiravay Muttavar in Kollam 700 and the performance of the five mahadanas by him. It also refers to the construc tion of the temple formerly by Arikesari Parakramapandya and the unrest (ksho- bham) in later times. UTTAR PRADESH 54. SEALING-INSCRIPTIONS, DISTRICT PRATAPGARH AND KANPUR.—A sealing found from Kharhar, District Pratapgarh, bears the legend Traividyasya in Gupta character",IAR_1968-69__indianarchaeology196869arevi.txt
1968-69,Rouletted,diagnostic,61,"EXCAVATION AT KORKAI, DISTRICT TIRUNELVELI",40,,"present village of Korkai and one in the midst of a tank at the southern end of the village. The excavation revealed a continuous occupation of the site, from the Megalithic period to the present times. Besides the megalithic Black-and-red Ware, sherds of black-slipped, plain red, and red-slipped wares and of the Rouletted Ware of local origin were also obtained from the lower levels. At KRK-1, a broken megalithic urn was found at a depth of 2-22 m. Besides, a coin of the Chola king Rajaraja was also recovered from the upper levels. At KRK-2, urns of the megalithic assemblage, containing a few pieces of post-excarnation bones were found. At KRK-3, which was located in the midst of",IAR_1968-69__indianarchaeology196869arevi.txt
1968-69,Kollam,Nelkynda,33,"CHAHAMANA INSCRIPTION, LADNU,",58,Y,"mahamandapa states that on scrutinising the evidence put up by the appellants, the royal order was issued regarding water being let out from the tank of Vikramapandya- chaturvedimangalam for irrigating the devadane-iraiyili lands of Valavallapandisvarar. 53. INSCRIPTION, TENKASI, DISTRICT TIRUNELVELL—Dated Kollam 720 (A.D. 1544) in the reign of Vira-Marttandavarman, this Tamil inscription records the revival of daily worship in the temple by Vir-Marttandan alias Chiravay Muttavar in Kollam 700 and the performance of the five mahadanas by him. It also refers to the construc- tion of the temple formerly by Arikesari Parakramapandya and the unrest (ksho- bham) in late",IAR_1968-69__tdl.11224-indian-archaeology.txt
1968-69,Kollam,Nelkynda,33,"CHAHAMANA INSCRIPTION, LADNU,",58,Y,"galam for irrigating the devadane-iraiyili lands of Valavallapandisvarar. 53. INSCRIPTION, TENKASI, DISTRICT TIRUNELVELL—Dated Kollam 720 (A.D. 1544) in the reign of Vira-Marttandavarman, this Tamil inscription records the revival of daily worship in the temple by Vir-Marttandan alias Chiravay Muttavar in Kollam 700 and the performance of the five mahadanas by him. It also refers to the construc- tion of the temple formerly by Arikesari Parakramapandya and the unrest (ksho- bham) in later times. UTTAR PRADESH 54. SEALING-INSCRIPTIONS, DISTRICT PRATAPGARH AND KANPUR.—A sealing found from Kharhar, District Pratapgarh, bears the legend Traividyasya in Gupta chara",IAR_1968-69__tdl.11224-indian-archaeology.txt
1968-69,Rouletted,diagnostic,47,EXPLORATION IN DISTRICT GULBARGA,38,,"village of Korkai and one in the midst of a tank at the southern end of the village. _ The excavation revealed a continuous occupation of the site, from the Megalithic period to the present times. Besides the megalithic Black-and-red Ware, sherds of black-slipped, plain red, and red-slipped wares and of the Rouletted Ware of local origin were also obtained from the lower levels. _At KRK-1, a broken megalithic urn was found at a depth of 2:22 m. Besides, a coin of the Chola king Rajaraja was also recovered from the upper levels. At KRK-2, urns of the megalithic assemblage, containing a few pieces of post- excarnation bones were found. At KRK-3, which was Io ; 9 ca",IAR_1968-69__tdl.11224-indian-archaeology.txt
1969-70,Quilon,Nelkynda,46,"ARCHAEOLOGICAL MUSEUM, VELHA GOA",86,,"of the Gupta and Khajuraho temples were also prepared. SOUTHERN REGION.—The Temple Survey Project, Southern Region, under Shri H. Sarkar, continued the survey of temples in Kerala. More than one hundred temples situated variously in the Districts of Cannanore, Kozhikode, Malappuram, Ernakulam, Kottayam, Alleppey, Quilon and Trivandrum were surveyed during the period under review. On the basis of the survey made, it is now possible to throw some light on the early phase of temple-architecture in Kerala. Unfortunately, these remains are represented mostly by ruined sites and a few old basements, containing inscriptions. The occurrence of inscribed adhishthanas may indicate the surviv",IAR_1969-70__indianarchaeology196970arevi.txt
1969-70,Quilon,Nelkynda,46,"ARCHAEOLOGICAL MUSEUM, VELHA GOA",87,,"rs quite unrelated to the general evolution of temple-architecture in the south. It is worthwhile to note that the circular temples occur in profusion in the region once under the 79 INDIAN ARCHAEOLOGY 1969-70—A REVIEW influence of Buddhism, as most of the Buddhist sites in Kerala are located in the Alleppey and Quilon region. Moreover, the internal layout of these circular shrines with a square or circular garbhagriha enclosed by a row or rows of pillars compares closely with the [[PAGE 88]] Buddhist circular cave at Junnar on the one hand and the Ceylonese Vata-dage on the other. Some influence from Ceylon might have penetrated into Kerala in the trail of Irava migration durin",IAR_1969-70__indianarchaeology196970arevi.txt
1969-70,Kollam,Nelkynda,46,"ARCHAEOLOGICAL MUSEUM, VELHA GOA",86,Y,"the Mount Eli region, District Cannanore, the Kulasekharas of Mahodayapuram and the Ays of Vilinjam, of south Kerala. An inscription from the Krishna temple at Thirukulasegarapuram, near Thiruvanchikulam, District Trichur, provides the date of the beginning of that temple as A.D. 825 i.e., the initial year of the Kollam era of Kerala, while a similar evidence takes back the date of the construction of the Siva temple at Kandiyur, District Alleppey, to A.D. 823. Further, the Kudalmanikkam temple at Irinjalakuda contains a Vatteluttu inscription of Sthanu Ravi (A.D. 844-885) dated to about the middle of the ninth century. All these temples were perhaps built during the rule of the Ku",IAR_1969-70__indianarchaeology196970arevi.txt
1969-70,Cranganore,Muziris,18,"EXCAVATIONS AT CRANGANORE, DISTRICT TRICHUR",23,,"Circle of the Survey, in collaboration with the Department of Archaeology, Government of Kerala, 13 [[PAGE 22]] [[PAGE 23]] EXPLORATIONS AND EXCAVATIONS under Shri K. V. Soundara Rajan, assisted by Dr. K. V. Raman and Shri N. G. Unnithan, respectively, carried out excavations at various places in and around Cranganore viz., at Karuppadana, Kilattali, Madilakam, Tirukkulasekharapuram, and Tiruvanjikulam. The excavations revealed cultural remains of ninth to eleventh centuries, belonging to the period of the Cheras. The excavation at Kilattali was conducted on a raised mound within the temple-compound. The temple, according to epigraphical and architectural evidence, is ascrib",IAR_1969-70__indianarchaeology196970arevi.txt
1969-70,Madilakam,Muziris,18,"EXCAVATIONS AT CRANGANORE, DISTRICT TRICHUR",23,,"the Department of Archaeology, Government of Kerala, 13 [[PAGE 22]] [[PAGE 23]] EXPLORATIONS AND EXCAVATIONS under Shri K. V. Soundara Rajan, assisted by Dr. K. V. Raman and Shri N. G. Unnithan, respectively, carried out excavations at various places in and around Cranganore viz., at Karuppadana, Kilattali, Madilakam, Tirukkulasekharapuram, and Tiruvanjikulam. The excavations revealed cultural remains of ninth to eleventh centuries, belonging to the period of the Cheras. The excavation at Kilattali was conducted on a raised mound within the temple-compound. The temple, according to epigraphical and architectural evidence, is ascribable to the tenth century A.D., and was one o",IAR_1969-70__indianarchaeology196970arevi.txt
1969-70,Madilakam,Muziris,18,"EXCAVATIONS AT CRANGANORE, DISTRICT TRICHUR",23,,"h centuries A.D. The excavation revealed a 70 cm. thick occupation-deposit inside the temple premises. The earliest layer yielded the usual red pottery and flat roof tiles, ascribable to the tenth century A.D. The trench outside the temple yielded two fragmentary laterite walls (pl. XXVI A) of the same period. At Madilakam, anciently called Trikhnamadilakam and described in fourteenth cen- tury works as a' walled town having a large temple within, the excavation revealed a 1.7 m. thick occupation overlying the natural sand. Several massive walls of laterite were exposed, one of which measuring 1.12 m. in breadth was traced to a length of 12 m. The structure-complex seems to belong to",IAR_1969-70__indianarchaeology196970arevi.txt
1969-70,Madilakam,Muziris,18,"EXCAVATIONS AT CRANGANORE, DISTRICT TRICHUR",23,,"tics, viz., the standing king on one side and the seated goddess on the other. Besides, hundreds of small earthen lamps were picked up from this site which might indicate that the venue was probably that of the temple, though this needs further confirmation. Another important find in this area was the outer wall of Madilakam, on the south extremity of the village. The wall was found to be running in the east-west direction and probably extended up to the backwaters on the east. Shri K. V. Soundara Rajan, of the Southern Circle of the Survey, re-examined the already-recorded urn-burials at Nattika near Triprayar and found that the associated pottery consisted of the Russet-coated Pain",IAR_1969-70__indianarchaeology196970arevi.txt
1969-70,amphora,diagnostic,14,EXPLORATION IN DISTRICT VADODARA,17,,"first millennium A.D. 14. EXPLORATION IN DISTRICT VADODARA.—In the course of an exploration, conduc- ted bv the Department of Archaeology and Ancient History of the M. S. University of Baroda, an early historical site was located at Ajabpura in Taluk Savli. The surface collec- tion of the finds included sherds of amphora, Kshatrapa coins and a terracotta seal with Brahmi legend reading Varunadeva. 15. EXPLORATION IN DISTRICT VALSAD.—Shri D. B. Chitale of the Survey found tools of the Middle and Late Stone Ages at Khaparia in Taluk Gandevi. The collection com prised points, scrapers, blades and lunates. He also located a Middle Stone Age site at Sindhai in Taluk Bansda and collected",IAR_1969-70__indianarchaeology196970arevi.txt
1969-70,Rouletted,diagnostic,48,"EXCAVATION AT KANCHIPURAM, DISTRICT   CHINGLEPUT",43,,"the pre-Pallava, Pallava, Chola and Vijayanagar periods. Period IA (circa third to first centuries B.C.) was represented by a fine Black-and-red Ware with some of the sherds bearing painted designs mostly in lattice-patterns. Period IB (circa first century B.C. to fourth century A.D.) was marked by the use of the Rouletted, thick Black-and-red, fine black and grey wares of megalithic affiliation, beads of semi-precious stones, iron objects and terracotta objects. One of the grey ware fragments was found to bear five Brahmi letters (pu ta la ti sa) of the first-second centuries A.D. These may represent the name of a Buddhist monk Putalatisa. A few baked-brick structures, possibly for",IAR_1969-70__indianarchaeology196970arevi.txt
1970-71,Ponnani,Tyndis,26,EXPLORATION IN DISTRICT TRICHUR,27,,"eriod at Anakkare, Nagalassery, Tirumittacode and Vedakkakad. 26. EXPLORATION IN DISTRICT TRICHUR.—The trial digs at various places in and around Cranganore during the previous year (1969-70, p. 13) had not yielded any tangible evidence relating to the second Chera empire. In this context, the discovery in Taluk Ponnani of the so-called Russet-coated (wavy line) Painted Ware, which overlaps with the megalithic Black-and-red Ware in the early centuries of the Christian era, is of great significance. The gap between the megalithic and historical periods could thus be filled up to some extent. While quarrying stones for construction-work, a cave was accidentally brought to light in v",IAR_1970-71__indianarchaeology197071arevi.txt
1970-71,Ponnani,Tyndis,26,EXPLORATION IN DISTRICT TRICHUR,27,,"in the early centuries of the Christian era, is of great significance. The gap between the megalithic and historical periods could thus be filled up to some extent. While quarrying stones for construction-work, a cave was accidentally brought to light in village Vattakulam in R. S. 227/14, Kuttepalan Amson, Taluk Ponnani. On further clearance by the Department of Archaeology of the Government of Kerala, the cave was found to be rectangular on plan, measuring 2 X 1.45 m. On the eastern side, was seen a 25-cm. high bench running to a length of 90 cm. Broken pieces of pottery and a bowl painted with Russet-coated wavy lines, and iron objects were obtained from the cave. MADHYA PRADESH",IAR_1970-71__indianarchaeology197071arevi.txt
1970-71,Quilon,Nelkynda,2,SOUTHERN REGION,90,,"hotographs of south Indian temples. 2. SOUTHERN REGION.—The Temple Survey Project, Southern Region, under Shri H. Sarkar, extended its survey of the Kerala style temples to the southern districts of Kerala and the areas adjacent to Mysore. A large number of temples situated variously in the Districts of Cannanore, Quilon and Trivandrum in Kerala, and in Districts of Kanniya- kumari and Tirunelveli in Tamil Nadu were surveyed. The excavated temple at Perumpaludur, District Trivandrum, associated with an inscription of Karunandadakkan (A.D. 857-885), the Ay ruler, is one of the earliest among those surveyed in the southern districts. It represents the foundation of a temple of the san",IAR_1970-71__indianarchaeology197071arevi.txt
1970-71,Quilon,Nelkynda,2,SOUTHERN REGION,90,,"ypical Dravida tradition, as is evident from the Parthasarathi temple at Parthivapuram. The latter is a fine three-storeyed vimana, with its nucleus dating back to the ninth century. The area roughly comprising the Districts of Kanniyakumari in Tamil Nadu and the contiguous areas of the Districts of Trivandrum and Quilon was from a very early period the bone of contention between the two neighbouring powers, the Pandyas and the Ays. So far as temple-architecture is concerned, the region appears to be a meeting ground of two styles—Kerala and Dravida. In the temple-complex at Munjara (Munjirai or Mun-chirai) one can see a typical Dravida vimana (pl. LXXXIV A) meant for Siva, alongside",IAR_1970-71__indianarchaeology197071arevi.txt
1970-71,Cranganore,Muziris,26,EXPLORATION IN DISTRICT TRICHUR,27,,"burials at Nagalassery and umbrella stones (kudai- kal) at Angadi and Kapur, besides a few cist-burials at Kapur. He also noticed some fine sculptures of the medieval period at Anakkare, Nagalassery, Tirumittacode and Vedakkakad. 26. EXPLORATION IN DISTRICT TRICHUR.—The trial digs at various places in and around Cranganore during the previous year (1969-70, p. 13) had not yielded any tangible evidence relating to the second Chera empire. In this context, the discovery in Taluk Ponnani of the so-called Russet-coated (wavy line) Painted Ware, which overlaps with the megalithic Black-and-red Ware in the early centuries of the Christian era, is of great significance. The gap between th",IAR_1970-71__indianarchaeology197071arevi.txt
1970-71,Cranganore,Muziris,14,"RING-WELLS, DISTRICT ALLEPPEY",73,,"n Taluk Navsari. 13. MEDIEVAL SCULPTURES, VERAWAL, DISTRICT VALSAD.—A frieze with a seated Lakulisa figure was discovered by Shri N. M. Ganam of the Western Circle of the Survey from the cemetery at Verawal, near Navsari. KERALA 14. RING-WELLS, DISTRICT ALLEPPEY.—Ring-wells, similar to the ones discovered in the Cranganore area, were discovered by the Director of Archaeology, Kerala State, at Pallathara-Pallipuram in Taluk Shertallai. One of the ring-wells went down to a depth of 1.6 m. and resembles those connected with the megalithic remains in the mode of construction. 15. ROCK-CUT CAVE, DISTRICT CALICUT.—The Director of Archaeology, Kerala State discovered, at P",IAR_1970-71__indianarchaeology197071arevi.txt
1970-71,amphora,diagnostic,52,"EXCAVATION   AT   VASAVASAMUDRAM,   DISTRICT   CHINGLEPUT",41,,"ier Period. The structural remains of the Period consisted of a big dump extending to 20 metres. This phenomenon obviously represents the debris of a building towards the end of the Pallava rule in circa ninth century A.D. 52. EXCAVATION AT VASAVASAMUDRAM, DISTRICT CHINGLEPUT.—Following the discovery of amphora jars, as a result of indiscriminate digging by the land-owner for obtaining lime-shell, the Department of Archaeology, Government of Tamil Nadu, carried out a salvage excavation at Vasavasamudram, situated at the mouth of the river Palar. The excavation was conducted under the guidance of Shri R. Nagaswamy, assisted by Shri N. Kasinathan and Shri A. Abdul Majee",IAR_1970-71__indianarchaeology197071arevi.txt
1970-71,Rouletted,diagnostic,44,"EXCAVATION AT BANAVASI, DISTRICT NORTH KANARA",37,,"ucture. The structure (pls. XLV and XLVI) appears to be an apsidal temple or a chaitya (fig. 3). Traditionally, the mound contained a chaitya, the existence of which was mentioned by Hiuen Tsang. In another cutting, called BNV-2, the lower levels yielded sherds of the Russet-coated Painted (pl. XLVII A), imitation Rouletted (pl. XLVII B) and Black-and-red Wares. A third cutting, BNV-3, measuring 5 X 5 m., was taken up about 91-44 metres to the north of the Jaina temple inside the fortifications. A small area of 2 X 2 m. was dug here to the natural soil, exposing a stratigraphy almost similar to that of BNV-2. Some 90 m. to the north-west of BNV-3 and adjacent to the brick fortificati",IAR_1970-71__indianarchaeology197071arevi.txt
1970-71,Rouletted,diagnostic,46,"EXCAVATION AT SISUPALGARH, DISTRICT PURI",38,,"n the construction of the forti- fications was brought to light for the first time. From the associated levels, two Puri-Kushan copper coins were recovered, making it possible to date the brick phase of the fortification to circa third-fourth century A.D. Other finds obtained from the excavation included: sherds of Rouletted Ware; iron objects; and one copper alloy coin (unidentified). PUNJAB 47. EXCAVATION AT SANGHOL, DISTRICT LUDHIANA.—In continuation of the previous season's work (1969-70, p. 31), the Department of Archaeology and Museums, Govern ment of Punjab, under Shri S. S. Talwar, assisted by Shri R. S. Bisht, resumed excavation at Sanghol. The objectives of the excavation w",IAR_1970-71__indianarchaeology197071arevi.txt
1970-71,Rouletted,diagnostic,50,"EXCAVATION AT KANCHIPURAM, DISTRICT CHINGLEPUT",40,,"sherd, bearing the name of a Buddhist monk, etc., were recovered from the same area. This year's, work furnished further evidence to indicate that many Buddhist stupas had been constructed at Kanchipuram, a few centuries prior to and after the Christian era. The finds obtained from this area included: sherds of the Rouletted and Arretine Wares; terracotta human figurines, showing elaborate headdress; three coin-moulds (pl. XLIX A) one of which bore a short Brahmi legend and another Ujjain symbol; four amulets (pl. XLIXB) representing double-fish, flower design, etc.; bangles of shell, glass and terracotta; and beads of carnelian, crystal, paste, terracotta and glass. The discovery o",IAR_1970-71__indianarchaeology197071arevi.txt
1970-71,Rouletted,diagnostic,52,"EXCAVATION   AT   VASAVASAMUDRAM,   DISTRICT   CHINGLEPUT",41,,"iod of occupation, represented by a 1-92-m. thick deposit. Two ring wells, located close to each other, were exposed in this digging. It was gathered that a brick-lined pit with a drain had existed near the ring wells, which had been dug away by the land-owner. The pottery obtained from the excavation included the Rouletted Ware and amphorae jars. The site seems to have remained under occupation only for a short period (circa second century A.D.). 53. EXCAVATION AT PERUR, DISTRICT COIMBATORE.—With a view to finding out the cultural sequence of the western region of Tamil Nadu, the Southern Circle of the Survey, under Shri K. V. Soundara Rajan, assisted by Shri B. Narasimhaiah",IAR_1970-71__indianarchaeology197071arevi.txt
1971-72,Ponnani,Tyndis,29,EXPLORATION IN DISTRICTS PALGHAT AND TRICHUR,38,,".—The Directorate of Archaeology, Government of Kerala, during the course of an exploration, discovered rock-cut caves at Mananthoddy and Talipparamba in District Cannanore and at Kadun- gath Desom in District Malappuram. 29. EXPLORATION IN DISTRICTS PALGHAT AND TRICHUR.—During the course of an exploration in the Ponnani valley, between Palghat and Shornur, Sarvashri T. S. Iyengar and Chandrashekhara Menon, Technical Assistants of the Southern Circle of the Survey, noticed what appears to be crude microliths, mostly in quartz or crystal besides chert at Perari, Odanur and Peringothikurussi in District Palghat and at Thozheeppadam and Thindu in District Trichur. MADHYA PRADESH 30.",IAR_1971-72__bk1297.txt
1971-72,amphora,diagnostic,17,"EXCAVATION AT PRABHAS PAT AN, DISTRICT JUNAGADH",24,,"principal ceramic industry of the period, however, was plain black-and-red ware. Period V {circa first century B.C.—sixth century A.D.) was represented only in certain areas of the site and was distinguished by the occurrence of the Red Polished Ware. The Roman contact is indicated by the find of a fragment of an amphora. Besides, a few terracotta figurines, belonging to the Kshatrapa and the Gupta periods, were also found. 18. EXCAVATION AT SURKOTADA, DISTRICT KUTCH.—The Excavations Branch of the Survey resumed (1970-71, pp. 13-15) excavation at Surkotada for the second field-season. The work was directed by Shri J. P. Joshi, with assistance from Sarvashri K. R. Chary, V. V. Rao,",IAR_1971-72__bk1297.txt
1971-72,Rouletted,diagnostic,7,"EXPLORATION AROUND MUKHALINGAM,  DISTRICT SRIKAKULAM",15,,"the earlier exploration carried out in the District (1957-58, p. 64), Dr. T. V. G. Sastri of the South-eastern Circle of the Survey located early historical sites at Chintamadi Dibba, Jilugubanda Dibba, Kanchi Putta, Neredubandaguddu, and Rallaguddu. Of these, Chintamadi Dibba and Neredubandaguddu also yielded the Rouletted Ware. BIHAR 8. EXCAVATION AT ANTICHAK, DISTRICT BHAGALPUR.—The Vikramshila Excavation Project of the Survey launched a large-scale excavation of the site which had already been subjected to nine field seasons of digging by the University of Patna (1962-63, p. 2). The present work was directed by Dr. B. S. Verma, assisted by Shri B. N. Prasad and Shri S. C. Saran",IAR_1971-72__bk1297.txt
1971-72,Rouletted,diagnostic,53,"EXCAVATION AT KANCHIPURAM, DISTRICT CHINGLEPUT",54,,"lso exposed. Around the structures were found number of post-holes which were found to be filled with sand, charred remains, ash, etc. Charred remains were also noticed in the levels just above the structure, suggesting that the site was probably destroyed by fire. Other finds obtained from the excavation included: Rouletted Ware; imitation amphorae jar (pi. XLIVA); inscribed sherds bearing Brahmi letters; terracotta coin moulds of the Satavahana period; a few heavily corroded copper coins; terracotta figurines (pi. XLV A and B), both human and animal; seals; bone objects (pi. XLIVB), representing Srivatsa; arrow-heads, points, etc., of iron; copper objects; shell bangles; and beads",IAR_1971-72__bk1297.txt
1971-72,Roman pottery,diagnostic,30,EXPLORATION IN DISTRICTS DAMOH AND DATIA,38,,"D.). In District Datia, Early Stone Age tools were discovered at Raduapur and Indergarh and rock-shelters at Badoni and Gharava. The latter two sites are within a radius often km. from Datia town. At Badoni, a site of the early historical period was also located wherefrom typical Gupta pottery and a few pieces of Roman pottery were collected. About 2 km. to the south of Badoni, remains of three Buddhist stupas, each having a radius of about 16 m. were discovered. From these stupa-sites a large number of baked clay sealings were obtained. These sealings are of two sizes but bear the same inscription showing a miniature stupa in the centre and are ascribable to the sixth-seventh centu",IAR_1971-72__bk1297.txt
1971-72,Ponnani,Tyndis,29,EXPLORATION IN DISTRICTS PALGHAT AND TRICHUR,36,,".—The Directorate of Archaeology, Government of Kerala, during the course of an exploration, discovered rock-cut caves at Mananthoddy and Talipparamba in District Cannanore and at Kadun- gath Desom in District Malappuram. 29. EXPLORATION IN DISTRICTS PALGHAT AND TRICHUR.—During the course of an exploration in the Ponnani valley, between Palghat and Shornur, Sarvashri T. S. Iyengar and Chandrashekhara Menon, Technical Assistants of the Southern Circle of the Survey, noticed what appears to be crude microliths, mostly in quartz or crystal besides chert at Perari, Odanur and Peringothikurussi in District Palghat and at Thozheeppadam and Thindu in District Trichur. MADHYA PRADESH 30.",IAR_1971-72__indianarchaeology197172arevi.txt
1971-72,amphora,diagnostic,17,"EXCAVATION AT PRABHAS PAT AN, DISTRICT JUNAGADH",22,,"principal ceramic industry of the period, however, was plain black-and-red ware. Period V {circa first century B.C.—sixth century A.D.) was represented only in certain areas of the site and was distinguished by the occurrence of the Red Polished Ware. The Roman contact is indicated by the find of a fragment of an amphora. Besides, a few terracotta figurines, belonging to the Kshatrapa and the Gupta periods, were also found. 18. EXCAVATION AT SURKOTADA, DISTRICT KUTCH.—The Excavations Branch of the Survey resumed (1970-71, pp. 13-15) excavation at Surkotada for the second field-season. The work was directed by Shri J. P. Joshi, with assistance from Sarvashri K. R. Chary, V. V. Rao,",IAR_1971-72__indianarchaeology197172arevi.txt
1971-72,Rouletted,diagnostic,7,"EXPLORATION AROUND MUKHALINGAM,  DISTRICT SRIKAKULAM",13,,"the earlier exploration carried out in the District (1957-58, p. 64), Dr. T. V. G. Sastri of the South-eastern Circle of the Survey located early historical sites at Chintamadi Dibba, Jilugubanda Dibba, Kanchi Putta, Neredubandaguddu, and Rallaguddu. Of these, Chintamadi Dibba and Neredubandaguddu also yielded the Rouletted Ware. BIHAR 8. EXCAVATION AT ANTICHAK, DISTRICT BHAGALPUR.—The Vikramshila Excavation Project of the Survey launched a large-scale excavation of the site which had already been subjected to nine field seasons of digging by the University of Patna (1962-63, p. 2). The present work was directed by Dr. B. S. Verma, assisted by Shri B. N. Prasad and Shri S. C. Saran",IAR_1971-72__indianarchaeology197172arevi.txt
1971-72,Rouletted,diagnostic,53,"EXCAVATION AT KANCHIPURAM, DISTRICT CHINGLEPUT",52,,"lso exposed. Around the structures were found number of post-holes which were found to be filled with sand, charred remains, ash, etc. Charred remains were also noticed in the levels just above the structure, suggesting that the site was probably destroyed by fire. Other finds obtained from the excavation included: Rouletted Ware; imitation amphorae jar (pi. XLIVA); inscribed sherds bearing Brahmi letters; terracotta coin moulds of the Satavahana period; a few heavily corroded copper coins; terracotta figurines (pi. XLV A and B), both human and animal; seals; bone objects (pi. XLIVB), representing Srivatsa; arrow-heads, points, etc., of iron; copper objects; shell bangles; and beads",IAR_1971-72__indianarchaeology197172arevi.txt
1971-72,Roman pottery,diagnostic,30,EXPLORATION IN DISTRICTS DAMOH AND DATIA,36,,"D.). In District Datia, Early Stone Age tools were discovered at Raduapur and Indergarh and rock-shelters at Badoni and Gharava. The latter two sites are within a radius often km. from Datia town. At Badoni, a site of the early historical period was also located wherefrom typical Gupta pottery and a few pieces of Roman pottery were collected. About 2 km. to the south of Badoni, remains of three Buddhist stupas, each having a radius of about 16 m. were discovered. From these stupa-sites a large number of baked clay sealings were obtained. These sealings are of two sizes but bear the same inscription showing a miniature stupa in the centre and are ascribable to the sixth-seventh centu",IAR_1971-72__indianarchaeology197172arevi.txt
1972-73,Rouletted,diagnostic,51,"EXCAVATION AT KANCHIPURAM, DISTRICT CHINGLEPUT",38,,"tta and a limited number of copper and iron objects. No structural remains were encountered though the use of bricks in the period was evidenced by the presence of a large number of brick bats. The presence of post-holes may suggest the use of bamboo or wooden poles for super- structure. In Period I B, fragments of Rouletted Ware (pl. XXXII A) and amphorea were found. Period II yielded beads of glass, terracotta and paste, terracotta objects like toy wheels, gamesmen and ear-ornaments, copper and iron objects, terracotta human figurines with decorated headdress (pl. XXXII B) and coin moulds with a figure of bull incised on it. The ceramic industry was represented by a red-polished wa",IAR_1972-73__indianarchaeology197273arevi.txt
1973-74,Ponnani,Tyndis,40,EXPLORATION IN DISTRICT PALGHAT,26,,"yoor and also contained paintings. 40. EXPLORATION IN DISTRICT PALGHAT.—In continuation of the last year's work, Prof. R.V. Joshi, assisted by Shri P. Rajendran, Research student, Deccan College Post- graduate and Research Institute, Pune, undertook a detailed study of the course of the Bharatapuzha from Palghat to Ponnani and the sediments exposed in the dam-excavation at Kanhirapuzha and Malampuzha. During the last year's field-work some Stone Age tools on hornblende gneiss, veined quartz and crystalline quartz, similar to those of Teri industry, had been collected by Shri Rajendran. The Bharatapuzha valley throughout its entire course is heavily silted and rarely one comes across",IAR_1973-74__indianarchaeology197374arevi.txt
1973-74,Rouletted,diagnostic,6,"EXCAVATION AT AMARAVATI, DISTRICT GUNTUR",13,,"appears to have covered the entire perimeter of the stupa. The sculptural activity on lime- stone was found to be quite rich showing a distinctive Amaravati style with its affinity with the post-Asokan sculptural art of Bharhut. Period III (circa first-second century A.D.) is characterized by the occurrence of the Rouletted, kaolin, polished black and polished red wares. It yielded a large number of Satavahana coins of copper, lead and potin, the earliest issue belonging to Vasisthiputra Pulumavi. Several sculptured cross-bars and copings have also come to light. The strati-graphical evidence ( Satavahana ) shows that the stupa, as it stands today, belongs to this phase. Period IV (",IAR_1973-74__indianarchaeology197374arevi.txt
1973-74,Rouletted,diagnostic,68,"EXCAVATION AT TAMLUK, DISTRICT MIDNAPORE",41,,"is period. The floor was made of rammed brick grits. Period III was marked by the occurrence of incurved bowls of red ware and a number of terracotta objects of the Sunga period. The structural remains comprised a series of hearths on a floor rammed with brick grits. Period IV was distinguished by the presence of Rouletted and Red Polished Wares, indicating a brisk maritime trade-contact with the Roman world. The small area under operation, however, failed to unearth the remains of the ancient port. The overlying deposits were found to have been badly disturbed during the Medieval period. A noteworthy find was the occurrence of a terracotta ring-well, 80 cm in diameter, the top lev",IAR_1973-74__indianarchaeology197374arevi.txt
1974-75,Rouletted,diagnostic,2,EXPLORATION IN DISTRICT GUNTUR,11,,"K. Sarma of the South-eastern Circle of the Archaeological Survey of India1, assisted by Dr T. V. G. Sastry and Shri D. Hanumantha Rao, explored the hillocks towards the west of the village Viakuntapuram, and collected early historical pottery such as black-and-red, fine black-slipped, red-slipped wares, and the Rouletted Wares. Within the fields on way to Amaravati, a number of mega- lithic cairn-circles with or without cist-chambers and capstones were noticed. Megalithic Black-and-red Ware sherds and pieces of bones were collected from a transepted cist. Shri I. K. Sarma, assisted by Sarvashri D. Hanumantha Rao and K. S. Mani, also located an extensive, early historical mound,",IAR_1974-75__bk1298.txt
1974-75,Rouletted,diagnostic,8,EXPLORATION IN DISTRICT KRISHNA,14,,"presented by storage jars, globular vases, carinated deep bowls, lotas, lid-cum-bowls, miniature pots, dishes, etc. 8. EXPLORATION IN DISTRICT KRISHNA.—Dr T. V. G. Sastri of the South-eastern Circle of the Survey found Middle Palaeolithic tools, a ground stone axe of trap and pottery comprising Black-and-red and Rouletted Wares from the vicinity of the famous Buddhist site at Allur. 9. EXCAVATION AT SATANIKOTA, DISTRICT KURNOOL.—The Department of Archaeo logy and Museums, Government of Andhra Pradesh, conducted trial digging at the site. 1979 -Indian Archaeology 1974-75 A Review (1298) -------------------------------------------------------------------------------------------------",IAR_1974-75__bk1298.txt
1974-75,Rouletted,diagnostic,13,"EXCAVATION AT CHANDAVARAM, DISTRICT PRAKASAM",16,,"brary email: mail@realpatidar.com Page 13 of 237 realpatidar.com realpatidar.com https://archive.org/details/bk1298/page/n14/mode/1up [[PAGE 16]] EXPLORATIONS AND EXCAVATIONS devotees. The Rouletted Ware, dull-red and black wares, and lead coins with the symbols of horse and bull on the obverse constitute other finds. ASSAM 14. EXCAVATION AT GAUHATI, DISTRICT GAUHATI.—The Department of Archaeology, University of Gauhati, conducted excavation at Gauhati, near Assam Engineering College, known as Dumar Jhar, wherefrom a boat-shaped terracotta object, measu",IAR_1974-75__bk1298.txt
1974-75,Rouletted,diagnostic,2,EXPLORATION IN DISTRICT GUNTUR,9,,"K. Sarma of the South-eastern Circle of the Archaeological Survey of India1, assisted by Dr T. V. G. Sastry and Shri D. Hanumantha Rao, explored the hillocks towards the west of the village Viakuntapuram, and collected early historical pottery such as black-and-red, fine black-slipped, red-slipped wares, and the Rouletted Wares. Within the fields on way to Amaravati, a number of mega- lithic cairn-circles with or without cist-chambers and capstones were noticed. Megalithic Black-and-red Ware sherds and pieces of bones were collected from a transepted cist. Shri I. K. Sarma, assisted by Sarvashri D. Hanumantha Rao and K. S. Mani, also located an extensive, early historical mound,",IAR_1974-75__indianarchaeology197475arevi.txt
1974-75,Rouletted,diagnostic,8,EXPLORATION IN DISTRICT KRISHNA,12,,"presented by storage jars, globular vases, carinated deep bowls, lotas, lid-cum-bowls, miniature pots, dishes, etc. 8. EXPLORATION IN DISTRICT KRISHNA.—Dr T. V. G. Sastri of the South-eastern Circle of the Survey found Middle Palaeolithic tools, a ground stone axe of trap and pottery comprising Black-and-red and Rouletted Wares from the vicinity of the famous Buddhist site at Allur. 9. EXCAVATION AT SATANIKOTA, DISTRICT KURNOOL.—The Department of Archaeo logy and Museums, Government of Andhra Pradesh, conducted trial digging at the site. [[PAGE 13]] INDIAN ARCHAEOLOGY 1974-75—A REVIEW The excavation yielded pottery including red ware represented by bowls with flared rim, storage",IAR_1974-75__indianarchaeology197475arevi.txt
1974-75,Rouletted,diagnostic,13,"EXCAVATION AT CHANDAVARAM, DISTRICT PRAKASAM",14,,"n apsidal structure, and that in Mound III exposed completely the wheel-shaped stupa. The finds recovered from the excavation include: stone slabs carved with stupa; floral designs emanating from harmika and puma-kumbha; Naga Machilinda; Bodhi tree; and [[PAGE 14]] EXPLORATIONS AND EXCAVATIONS devotees. The Rouletted Ware, dull-red and black wares, and lead coins with the symbols of horse and bull on the obverse constitute other finds. ASSAM 14. EXCAVATION AT GAUHATI, DISTRICT GAUHATI.—The Department of Archaeology, University of Gauhati, conducted excavation at Gauhati, near Assam Engineering College, known as Dumar Jhar, wherefrom a boat-shaped terracotta object, measu",IAR_1974-75__indianarchaeology197475arevi.txt
1974-75,Rouletted,diagnostic,59,"EXCAVATION AT KANCHIPURAM, DISTRICT CHINGLEPUT",45,,"REVIEW antiquities recovered include beads of terracotta, glass, shell and paste, a few copper and iron objects of indeterminate shape. This phase is tentatively dated to circa 200 B.C. to 100 B.C. Period I B is represented by Black-and-red ware and brown slipped ware. Besides, a few sherds of the Arretine and Rouletted Wares were also found from the deposits of this Period. The antiquities of this Period include bangles and beads of glass, paste and a few of terracotta. The period may be tentatively dated to 100 B.C. to A.D. 300. Period II is marked by a structure of three courses of baked bricks in Trench KCM-14, encountered at a depth of 3 m, and another structure of eight c",IAR_1974-75__indianarchaeology197475arevi.txt
1974-75,Rouletted,diagnostic,75,EXPLORATION IN DISTRICT MIDNAPORE,59,,"e Tamluk, and collected various finds, which include: microliths; polished neolithic bar-celts; bone points, awls, 51 [[PAGE 59]] INDIAN ARCHAEOLOGY 1974-75—A REVIEW harpoons; copper and bronze rings, bangles, fish-hooks, celts; pottery including neolithic, chalcolithic (pi. XLV C), Northern Black Polished and Rouletted Wares; beads of agate, carnelian and crystal in various shapes; small circular seals of semi-precious stones; large number of terracotta human and animal figurines datable from the Mauryan to the Gupta period; terracotta ram-shaped votive carts; and punch-marked silver and copper coins. 52 [[PAGE 60]] II. EPIGRAPHY SANSKRITIC AND DRAVIDIC INSCRIPTIONS1 ANDHRA",IAR_1974-75__indianarchaeology197475arevi.txt
1975-76,Beypore,Tyndis,42,EXPLORATION IN DISTRICTS MALAPPURAM AND PALGHAT,29,,"m upstream of Narayanpur Dam site. KERALA 42. EXPLORATION IN DISTRICTS MALAPPURAM AND PALGHAT.—In continuation of the last season's work (1973-74, p. 18), Shri P. Rajendran, Research student of the Deccan College Post-graduate and Research Institute, Pune, resumed exploration in the valleys of Bharatha- puzha and Beypore and located sites yielding Middle Palaeolithic and Mesolithic tools. The sites are found between heights ranging from 60-98 and 121-95 m above M.S.L. The tool repertoire, recalling those from the ten sites in Tamil Nadu, were obtained from the higher lateritic surfaces at Cherakkalpade and Kodiparari, while at Mankara and Parli the tools were 22 [[PAGE 30]] E",IAR_1975-76__indianarchaeology197576arevi.txt
1975-76,Roman coin,diagnostic,53,EXPLORATION IN DISTRICT NAGPUR,43,,"ic and early historical sites. Megalithic stone-circles were noticed at Mandhal, Dongar Mounda, about 3 km southeast of Mandhal and near Kuhi, all in the Umred Taluk. Early historical remains were located at Adam and Nandpur. Adam, located 5 km to the north-east of Mandhal, a known Satavahana site from where a Roman coin was found earlier, yielded neolithic celt, carnelian beads, brick structures, storage jars in red ware, skin rubbers, and black-on-red ware and legged querns. The site, now deserted, seems to have been enclosed by a mud-rampart. Nandpur, ancient Nandivarghana, the capital of the Vakatakas (earlier reported by Wellstead in JASB, NS, XXII, pp. 160-161) concealed",IAR_1975-76__indianarchaeology197576arevi.txt
1975-76,amphora,diagnostic,74,"EXCAVATION AT MATHURA, DISTRICT MATHURA",62,,"remains of animal bones and ash in a pit (pl. LVIII B), but its ritualistic association could not be determined with certainty. The pottery and antiquities recovered from the mud-fillings of this fortification belonged to Periods II III and IV. The pottery types of this period, with the exception of an inscribed amphora handle, a handle embossed with a female figure and some new symbols in stamped sherds are similar to those encountered in the earlier excavations. Noteworthy finds of the Period, however, are: seal and sealing with legends Bhutapala-sa - gamasa and Maharaja Tra (?) mah respectively; soapstone lids; a terracotta stamp engraved with a stylized peacock and ivory stand,",IAR_1975-76__indianarchaeology197576arevi.txt
1976-77,Ponnani,Tyndis,44,EXPLORATION IN DISTRICTS MALAPPURAM AND PALGHAT,37,,"10 m and from the gravel in the river bed. The Walayar collections have come from the alluvial lateritic surface. They comprise microlithic tool-types, made on vein quartz, and are comparable to those found at other sites discovered earlier in north Kerala. Well-developed river terraces were observed on the river Ponnani at Kuttippuram in District Malappuram. Microlithic tools were obtained from the higher lateritic terrace. MADHYA PRADESH 45. EXPLORATION IN DISTRICT JAB ALPUR.—In the course of his exploration in the Narmada valley, Dr G. L. Badam of the Deccan College Post-graduate and Research Institute, Pune, discovered a number of Late Acheulian and Middle Palaeolithic sites a",IAR_1976-77__indianarchaeology197677arevi.txt
1976-77,Kollam,Nelkynda,36,"INSCRIPTION, SHENBAGARAMANALLUR, DISTRICT TIRUNELVELI",71,Y,"nt of land exempted from several taxes, kadamai, antarayam, etc., for feeding ten reciters (of sacred hymns) in the presence of the deity during the festival in the month of Masi by Senbaganambi alias Hanumadasan of Vangipuram. 36. INSCRIPTION, SHENBAGARAMANALLUR, DISTRICT TIRUNELVELI.—Dated in Kollam 703 (A.D. 1527) in the reign of Vira Marttandavarman Chiraivay-Muttavar, the epigraph engraved in Tamil characters records the approval of the deity Jagannathaperumal for the order of the king regarding the assignment of shares of food offerings to Ariyan Ulagudaiya-perumal Iramachandradevan in respect of his duties as sri-bhandarak kanakku and Ariyatturam. 37.",IAR_1976-77__indianarchaeology197677arevi.txt
1976-77,Roman coin,diagnostic,6,"EXCAVATION AT DHULIKATTA, DISTRICT KARIMNAGAR",13,,"nd semi-precious stones, were built over the debris of the earlier phases. Noteworthy among the finds are: lead coins with horse on the obverse and probably a bow and arrow on the reverse, from the early levels; a potin coin with horse on the obverse and a hill with three arches on the reverse, from middle level; a Roman coin in base-silver with [[PAGE 14]] EXPLORA TIONS AND EXCA VA TIONS head of Emperor Augustus on the obverse and Livia on the reverse; copper objects, such as seated lady with child, antimony rods, rings, knives, etc.; terracotta objects like a female figurine, probably mother goddess, wearing ornaments and holding prominent breasts in her hands; moulds of punch-mar",IAR_1976-77__indianarchaeology197677arevi.txt
1976-77,Roman coin,diagnostic,35,"EXCAVATION AT VADAGAON MADHAVAPUR, DISTRICT BELGAUM",33,,"a areca-nut shaped and spherical beads; copper coins with Ujjain symbol; ivory (?) rectangular pawns of dice, with one, two, three and four circles on the sides; a fragment of a circular terracotta medallion with floral circular bands on one side and a human couple on the other, terracotta elephant heads; a silver Roman coin with effigy of the king's head on one side and the goddess on the other; potin coins bearing the legends Maharathisa Kurasa, Maharajasa Vilivaya-Kurasa, Rano Gotamiputasa.. .Kurasa, etc., with bow and arrow and hill and river. Besides, two neolithic celts and a rim of a thick basin having embossed figure of a man driving an elephant are noteworthy. 36. EXPLORATIO",IAR_1976-77__indianarchaeology197677arevi.txt
1976-77,Rouletted,diagnostic,10,EXPLORATION IN DISTRICTS KURNOOL AND MAHBUBNAGAR,16,,"S of the Survey, conducted exploration in the submersible area under Srisailam Project in the above Districts, and brought to light the following sites (fig. 2). (LPA= Lower Palaeolithic Age; MPA = Middle Palaeolithic Age; MES = Mesolithic; MB = Microlithic blades; NC=Neolithic culture; MC' = Megalithic culture RW—Rouletted Ware; EH= Early historical; LH—Late historical; CT=Chalukyan temples; KT=Kakatiya and pre-Vijavanagara temples; VT=Vijayanagara temples; LS=Loose sculptures; and EP=Epigraphs) District Kurnool -do--d o--do- -do--d o--do- -do--d o--do- -do--d o--do- -do--d o--do- -do--d o--do- -do--d o--do- -do--d o--do- -do--d o--do- -do- -do- -do- -do-",IAR_1976-77__indianarchaeology197677arevi.txt
1976-77,Rouletted,diagnostic,13,"EXCAVATION AT CHANDAVARAM, DISTRICT PRAKASAM",19,,"th twelve pillar bases, probably serving as a courtyard to the cells running around it. Remains of a chaitya on the western end of the terrace was also exposed. The ceramic industry is represented by black-and-red, red, black wares in coarse fabric, red-slipped, black-slipped and grey wares, besides the distinctive Rouletted Ware. One coin bearing a legend Rano Siri Satakarnisa on obverse depicting a bull was found from a drain of the monastery. 14. EXPLORATION IN DISTRICT SRIKAKULAM.—Shri I. K. Sarma of the South-eastern Circle of the Survey noticed extensive, but disturbed, ancient mounds at Kalingapatnam and Nagar- lapet, in proximity to the sea, yielding early historical finds in",IAR_1976-77__indianarchaeology197677arevi.txt
1976-77,Rouletted,diagnostic,14,EXPLORATION IN DISTRICT SRIKAKULAM,19,,"g a bull was found from a drain of the monastery. 14. EXPLORATION IN DISTRICT SRIKAKULAM.—Shri I. K. Sarma of the South-eastern Circle of the Survey noticed extensive, but disturbed, ancient mounds at Kalingapatnam and Nagar- lapet, in proximity to the sea, yielding early historical finds including red-slipped and Rouletted Wares and baked bricks (size: 44x22 x 8 cm). A broken image of Surya of ninth-tenth century was found at Nagarlapet. A huge stupa mound was noticed at Kalingapatnam. 15. EXCAVATION AT POLAKONDA, DISTRICT WARANGAL.—In continuation of the previous year's work {1975-76, pp. 5-6), the Department of Archaeology and Museums, Government of Andhra Pradesh, resumed excava",IAR_1976-77__indianarchaeology197677arevi.txt
1976-77,Rouletted,diagnostic,69,"EXCAVATION AT APPUKALLU, DISTRICT NORTH ARCOT",57,,"encountered from top to the bottom levels. 47 [[PAGE 57]] INDIAN ARCHAEOLOGY 1976-77—A REVIEW Excavation in APKL-4, on the top of the hill, showed that this area was very sparsely occupied, sometimes during Periods II and III, as evidenced by the occurrence of a few sherds of the red-slipped ware and two of the Rouletted Ware, Excavation in APKL-5, on the fringes of the mound, indicated a limited occupation during the late period. Two hero-stones, one of them belonging to circa eighth century A.D., and a ruined medieval temple with Saptamatrika sculptures, were noticed near this habitation site. UTTAR PRADESH 70. EXPLORATION IN DISTRICT AGRA.—Shri C. B. Trivedi of the Northern C",IAR_1976-77__indianarchaeology197677arevi.txt
1976-77,Rouletted,diagnostic,75,"EXCAVATION AT AYODHYA, DISTRICT FAIZABAD",62,,"D., are comparable to the so-called exotic types noticed by Shri V. S. Agrawala from Ahichchhatra excavation and also met with in good number from other sites like Kausambi, Piprahwa, Vaishali, etc. One of the most significant discoveries, pertaining to the early historic stage, was the occurrence of sherds of the Rouletted Ware (pl. L D) in levels assignable to the first-second century A.D. This phenomenon may well be regarded as signifying large-scale trade and commerce at Ayodhya in the early centuries of the Christian era. This trade must have been along the arterial riverine routes of the Sarayu (on the banks of which Ayodhya is located) and through it of the Ganga, after their",IAR_1976-77__indianarchaeology197677arevi.txt
1976-77,Rouletted,diagnostic,75,"EXCAVATION AT AYODHYA, DISTRICT FAIZABAD",62,,"ough it of the Ganga, after their confluence at Chapra, linking sites in eastern India like Tamralipti (Tamluk). The Sarayu and the Ganga have been, till recent times, carrying on a large volume of water-borne trade with eastern India using bajaras (large boats). This is perhaps the most inland context in which the Rouletted Ware has occurred in northern India. In peninsular India, it is occurring sometimes in hinterland also, as at Brahmagiri, Sengamedu, etc. It is rather remarkable that the Gupta period is not significantly indicated at this site—a fact also noticed in the first season's dig in 1975. After the early historic deposits, there is a break in occupation, with consi",IAR_1976-77__indianarchaeology197677arevi.txt
1977-78,amphora,diagnostic,38,"EXCAVATION AT CHANDRAVALLI, DISTRICT CHITRADURGA",34,,"pellets, dotted lines, lines with frond-like branches and occasionally hatched triangles. Of these, some sherds show lines of notched or herring bone pattern or applique bands with finger-tip pattern on them. A fine reddish buff ware, externally slipped with bright red slip, is also represented. A jar comparable to amphora in red ware was also found in this level. Important antiquities recovered from this Period include: twenty-five 27 [[PAGE 35]] [[PAGE 36]] EXPLORATIONS AND EXCAVATIONS lead, four potin and thirty-nine copper coins, of which most of the potin coins have humped bull on the obverse with a Brahmi legend and a crescent on a hill and a tree with railing on the r",IAR_1977-78__indianarchaeology197778arevi.txt
1977-78,Rouletted,diagnostic,4,"EXPLORATION IN DISTRICTS GUNTUR, KRISHNA AND PRAKASAM",8,,"Seethanagaram in District Guntur. Further, assisted by Sarvashri G. V. Sreenivasa Rao and P. Seetharama Murthy, he discovered an extensive early historical site along the Annangi hill near Annangi in District Krishna. The site yielded large quantity of pottery including black-and-red, black-polished, red wares and Rouletted Ware, besides a lead coin, probably belonging to the Ikshvaku dynasty, terracotta figurines and terracotta pear or areca nut-shaped and o/^/fl-shaped beads. Besides, a cluster of megalithic burials of cairn-circle type was also noticed on a hill near Manikeswaram. Sarvashri C. L. N. Sastry and P. Seetharama Murthy, in their village to village survey for antiquaria",IAR_1977-78__indianarchaeology197778arevi.txt
1977-78,Rouletted,diagnostic,7,"EXCAVATION AT SATANIKOTA, DISTRICT KURNOOL",14,,"-holes and a room (2.52 X 2.22 m) with partly paved drain. The walls of the latter structure carry a number of post-holes. A huge stone-slab covering the brick-floor was found in the centre of this structure. The principal ceramics of the Period, comparable with other Satavahana sites, include: black-and-red ware, Rouletted Ware (pl. IV B), Russet-coated Painted Ware, Kaolin ware, red polished ware (fig. 3), chocolate-slipped ware, besides the usual slipped and unslipped red and black wares. The black-and-red ware is represented by burnished and unburnished fabrics. The former, noted for its bright shining surface, is represented largely by dishes and bowls, and in some instances bet",IAR_1977-78__indianarchaeology197778arevi.txt
1977-78,Rouletted,diagnostic,7,"EXCAVATION AT SATANIKOTA, DISTRICT KURNOOL",14,,"hes and bowls, and in some instances betray affinities with the megalithic Black-and-red Ware of the region. In a few cases, the pots are externally black and internally red, while in other cases the outer and inner surfaces of the bottom are black while the rim and sides are red. A few sherds of the dishes of the Rouletted Ware bear concentric circular bands instead of roulettes. However, its total yield is very meagre. Occurrence of the Russet-coated Painted Ware accounts for 0.02 per cent of the total assemblage. The types represented in this Ware are bowls and dishes. The painted designs include: criss-cross, lattice, radiating dots, verticals alternating with dots and group of o",IAR_1977-78__indianarchaeology197778arevi.txt
1977-78,Rouletted,diagnostic,11,"EXCAVATION AT CALINGAPATNAM, DISTRICT SRIKAKULAM",21,,"itectural feature of the stupa. The partial exposition of the stupa (pl. IX A) revealed three concentric rings or circles interlinked with spokes, and having a diameter of about 23 m with a proportionate height of 15 m. The ceramic industry is represented by red, black-and-red, brown or chocolate-slipped wares and Rouletted Ware. The red ware is represented by bowls, dishes, carinated vases, sprinklers, etc., while the black-and-red ware is represented exclusively by dishes with incurved rims. Interestingly, a large number of Rouletted Ware dishes with internally chamferred rims and of orange or red and black or greyish shades are in evidence. A sherd of Rouletted Ware in black with",IAR_1977-78__indianarchaeology197778arevi.txt
1977-78,Rouletted,diagnostic,11,"EXCAVATION AT CALINGAPATNAM, DISTRICT SRIKAKULAM",21,,"m. The ceramic industry is represented by red, black-and-red, brown or chocolate-slipped wares and Rouletted Ware. The red ware is represented by bowls, dishes, carinated vases, sprinklers, etc., while the black-and-red ware is represented exclusively by dishes with incurved rims. Interestingly, a large number of Rouletted Ware dishes with internally chamferred rims and of orange or red and black or greyish shades are in evidence. A sherd of Rouletted Ware in black with eye-lash design is also among the collection. The stupa exposed so far is bereft of any sculptural veneering which also indicates an early date for it. BIHAR 12. EXCAVATION AT ANTICHAK, DISTRICT BHAGALPUR.—In conti",IAR_1977-78__indianarchaeology197778arevi.txt
1977-78,Rouletted,diagnostic,11,"EXCAVATION AT CALINGAPATNAM, DISTRICT SRIKAKULAM",21,,"s represented by bowls, dishes, carinated vases, sprinklers, etc., while the black-and-red ware is represented exclusively by dishes with incurved rims. Interestingly, a large number of Rouletted Ware dishes with internally chamferred rims and of orange or red and black or greyish shades are in evidence. A sherd of Rouletted Ware in black with eye-lash design is also among the collection. The stupa exposed so far is bereft of any sculptural veneering which also indicates an early date for it. BIHAR 12. EXCAVATION AT ANTICHAK, DISTRICT BHAGALPUR.—In continuation of the previous year's work (Indian Archaeology 1976-77—A Review1, pp. 10-11), the Vikramshila Excavation Project of the S",IAR_1977-78__indianarchaeology197778arevi.txt
1978-79,Ponnani,Tyndis,40,EXPLORATION IN DISTRICTS MALAPPURAM AND PALGHAT,33,,"[PAGE 33]] EXPLORATIONS AND EXCAVATIONS Kerala 40. EXPLORATION IN DISTRICTS MALAPPURAM AND PALGHAT.—In continuation of the earlier work {1971-72, p. 27), Shri P. Narayana Babu, assisted by Shri M. Raman Namboodiri of the Southern Circle of the Survey, while investigating for the sites showing Roman contact in the Ponnani valley, discovered: megalithic burials of topikal type at Alancode, Ongallur (pi. Ill A), Ponumundum, Tennala, Thannairkod and Thavanur; menhirs near Thirunavaya (pi. I B) and Thavanur; rock-cut burial caves excavated in laterite outcrop at Ongallur and Vanniamkulam, of which the burials at the latter site have square plan with entrance facing west and a small openi",IAR_1978-79__indianarchaeology197879arevi.txt
1978-79,Rouletted,diagnostic,1,"EXCAVATION AT SATANIKOTA, DISTRICT KURNOOL",41,,"provided for the exposed gateway on the south could be used for only pedestrian traffic. It is apparent that the wall on the northern periphery at least was used in medieval period during which time its height was raised. Dr A. N. Singh, Assistant Geologist of the Geological Survey of India, Nagpur, subjected the Rouletted Ware and the black-and-red ware recovered from Period II to semi-quantitative estimation by Emission Spectrographic Analysis and X-ray Analysis in order to determine the composition of both the wares. Analyses revealed that both the wares are exactly similar in mineralogy and structure. It may be inferred that these ceramic industries are local in nature, for the",IAR_1978-79__indianarchaeology197879arevi.txt
1978-79,Rouletted,diagnostic,1,"EXCAVATION AT SATANIKOTA, DISTRICT KURNOOL",41,,"Analyses revealed that both the wares are exactly similar in mineralogy and structure. It may be inferred that these ceramic industries are local in nature, for the samples do not exhibit any difference of chemical composition and mineral contents. It is also felt that the black-and-red ware effect achieved on the Rouletted Ware is due to coating or application of some organic oily substance at required areas over the surface of the pot before firing. 2. EXCAVATION AT VAMULAPADU, DISTRICT KURNOOL.—The Excavations Branch (I) of the Survey, Nagpur, under the direction of Shri N. C. Ghosh, assisted by Dr H. N. Singh and Sarvashri K. Ismail, R. K. Roy, K. M. Girhe and A. U. Ganar, carri",IAR_1978-79__indianarchaeology197879arevi.txt
1978-79,Rouletted,diagnostic,2,"EXCAVATION AT VAMULAPADU, DISTRICT KURNOOL",43,,"0 cm revealed the bedrock in all the ten trenches excepting two. The occupation deposit was found to belong to the 35 [[PAGE 42]] [[PAGE 43]] EXPLORATIONS AND EXCAVATIONS early historical times as evident from sherds of black-and-red ware comprising bowls, lid-cum-bowls, pots and dishes. A few sherds of the Rouletted Ware were also collected from the surface. Nearly 2 km north-east of the site, along the southern bank of the river Bhavanasi, a few patches of conglomerate bed with an average thickness of 50 cm and capped by a brown silt were noticed. The conglomerate yielded Lower Palaeolithic tools, including discoidal scraper, bifacial copper on a thick core and a sub-triangu",IAR_1978-79__indianarchaeology197879arevi.txt
1978-79,Rouletted,diagnostic,21,"EXCAVATION   AT   PAGIDIGUTTA,   DISTRICT   MAHBUBNAGAR",71,,"oorings belonging to semi-circular huts were exposed in different levels of this Period. Period III, represented by black-and-red and other associated wares, is marked by massive circular wall, 150 m in diameter. The enclosure having entrance on the north had housed many semi-circular huts. A solitary sherd of the Rouletted Ware was found in the upper level the Period. 22. EXCAVATION AT UPPALAPADU, DISTRICT MAHBUBNAGAR.—In continuation of the last year's (1977-78, p. 12) work, the Department of Archaeology and Museums, Government of Andhra Pradesh, resumed excavation to expose more megalithic burials. Out of six burials excavated this season, four burials (Megaliths I-IV",IAR_1978-79__indianarchaeology197879arevi.txt
1978-79,Rouletted,diagnostic,23,"EXCAVATION AT CALINGAPATNAM, DISTRICT SRIKAKULAM",72,,"glazed black ware, represented by shallow bowls with flat base, cups with wide mouth, of which the former is invariably provided with short pedestal. The other associated pottery with this ware is Black-and-red Ware of the megalithic fabric and pale-red ware. The basal layer on which the stupa was built yielded the Rouletted Ware, red polished ware and knobbed ware of Sisupalgarh type. On the basis of the datable ceramics and also from the brick sizes, the following chronology is suggested. Period I Pre-stupa level 300 B.G. to A.D. 100 Period II Main stupa A D- 100 to 200 Period III Later additions including square enclosure A.D. 200 to 400 wall. 66 [[PAGE 73]",IAR_1978-79__indianarchaeology197879arevi.txt
1978-79,Rouletted,diagnostic,35,"EXCAVATION AT ARNI, DISTRICT YAVATMAL",78,,"whereas the Black-and-red Ware and also red ware painted in black or white (occasionally) have been reported from several excavated sites in the Vidarbha region. The Black-and-red Ware occurs from the Megalithic period to the historical period (Period III). Mention may be made of the occurrence of a few sherds of Rouletted Ware and Kaolin ware. Besides, the excavation yielded a good number of copper and lead coins and a terracotta sealing. One of the coins bears the name of the Satavahana king Satakarni. Other finds recovered from the excavation include: ear-studs and beads of semi-precious stones, pearls, gold, glass, terracotta; shell and glass bangles; terracotta objects such as",IAR_1978-79__indianarchaeology197879arevi.txt
1978-79,Rouletted,diagnostic,8,"EARLY HISTORICAL SITES, DISTRICT NELLORE",99,,"doctor, discovered an extensive early historical mound at Duvvuru, a village 20 km north-west of Nellore on the right bank of the river Pennar. The site near Kotesvaralayam is nearly six acres in extent and the steeply cut earthen sections, nearly five metre thick, yielded: sherds of Black-and-red, red-slipped, Rouletted and Red Polished Wares; ruined brick structures; foundational courses of a fortification; and a series of silver, lead and copper coins. Most remarkable were coins, which by themselves afford a good sequence, the foremost among them being of silver punch-marked types. 9. MEGALITHS, DISTRICT RANGAREDDY.—Dr K. Krishna Murthy assisted by Shri G. V. Sreenivasa Rao of",IAR_1978-79__indianarchaeology197879arevi.txt
1979-80,amphora,diagnostic,28,"EXCAVATION AT VALABHI, DISTRICT BHAVNAGAR",31,,"ement may be dated in the time-bracket of second-third millennium B.C. Excavation of the site at Maya-no-Khado revealed occupation deposit of a single period divisible into three phases. Phase I (first century B.C../A.D. to fourth century A.D.), represented by pre-structural levels, is marked by the occurrence of amphora and red-polished ware. Other finds include bangles of conch shell, beads, votive tanks, miniature Siva-lingas, etc. Phase II (fourth-fifth century A.D.) is represented by the presence of structures built of bricks (size: 37.5 x 22.5 x 5/6 cm). Floorings made of rammed earth, hearths, broken and collapsed walls and traces of furnaces probably meant for smelting iron",IAR_1979-80__indianarchaeology197980arevi.txt
1979-80,amphora,diagnostic,28,"EXCAVATION AT VALABHI, DISTRICT BHAVNAGAR",31,,"lingas, etc. Phase II (fourth-fifth century A.D.) is represented by the presence of structures built of bricks (size: 37.5 x 22.5 x 5/6 cm). Floorings made of rammed earth, hearths, broken and collapsed walls and traces of furnaces probably meant for smelting iron were also unearthed. The ceramic industry includes amphora, red polished, crude black-and-red, plain and burnished red and black wares. Antiquities recovered include beads and bangles. Phase III (fifth-eighth century A.D.) is marked by some floors made of well beaten earth and structural remains of reused bricks. The important find of the phase is a gold ring with an intaglio, possibly imported from the Roman world. 29. EX",IAR_1979-80__indianarchaeology197980arevi.txt
1979-80,amphora,diagnostic,29,EXPLORATION IN DISTRICT JAMNAGAR,31,,"ly imported from the Roman world. 29. EXPLORATION IN DISTRICT JAMNAGAR.—The Department of Archaeology and Ancient History, M. S. University of Baroda, during the course of exploration noticed a Harappan site at Ambhiyapura and sites yielding microliths, burnished black-and-red, crude red and red-polished wares and amphora at Maspur (I, II and III) and Triveni. Further, Saiva and Vaishnava sculptures belonging to medieval period were noticed at Gumati and a navagraha-panel at Kalwar. Shri Kuldeep K. Bhan, a research student of the above mentioned institution, in the course of his exploration discovered the following sites of archaeological interest. District Taluk Village / site C",IAR_1979-80__indianarchaeology197980arevi.txt
1979-80,Rouletted,diagnostic,12,EXPLORATION IN DISTRICT PRAKASAM,18,,"ith pottery represented by red and grey', wares, were noticed. A Buddhist site was discovered near Mylavaram in the above-mentioned Taluk. Another habitation site, not far away from the above one yielding cultural remains belonging right from the neolithic to the early historical times, was noticed. A few pieces of Rouletted Ware were also collected. At Medarametla, in Ongole Taluk, was discovered an extensive but badly distrubed early historical habitation site. One of the interesting features is the presence of Rouletted Ware in black and orange shades. The South-Eastern Circle of the Survey, has brought to light the sites yielding neolithic and early historical pottery at Addanki,",IAR_1979-80__indianarchaeology197980arevi.txt
1979-80,Rouletted,diagnostic,12,EXPLORATION IN DISTRICT PRAKASAM,18,,"g cultural remains belonging right from the neolithic to the early historical times, was noticed. A few pieces of Rouletted Ware were also collected. At Medarametla, in Ongole Taluk, was discovered an extensive but badly distrubed early historical habitation site. One of the interesting features is the presence of Rouletted Ware in black and orange shades. The South-Eastern Circle of the Survey, has brought to light the sites yielding neolithic and early historical pottery at Addanki, Balliparu, Chodavaram, Pangalur, Polavaram, and sculptures datable to circa tenth-eleventh century A.D. at Aunavaram, Budanda, Govada, Kolalpudi, Nauchorapuram, Nayudipallam and Rajanpalle. 13. EXPLORA",IAR_1979-80__indianarchaeology197980arevi.txt
1980-81,amphora,diagnostic,31,EXPLORATION IN DISTRICT JUNAGADH,25,,"dieval -do- Savana early historical 31. EXPLORATION IN DISTRICT JUNAGADH.—The Department of Archaeology Government of Gujarat and the Department of Archaeology and Ancient History, M. S. University, Baroda, jointly in course of exploration along the bank of the river Sonarekh at Junagadh city discovered a few Roman amphora, Red Polished Ware and other ceramic types datable to the early historical period. Further exploration around Junagadh city revealed interesting evidence about the development and shifting pattern of the urban settlement. 32. EXCAVATION AT PABUMATH, DISTRICT KUTCH.—In continuation of last year's (1978-79, pp. 67-68) work, the Department of Archaeology, Government",IAR_1980-81__indianarchaeology198081arevi.txt
1980-81,Rouletted,diagnostic,14,EXPLORATION IN DISTRICT WARANGAL,16,,"six different structures were recorded. These structures belonged to ritualistic (temple) and secular architecture. 14. EXPLORATION IN DISTRICT WARANGAL.—The Registering Officer of the Department of Archaeology and Museums, Government of Andhra Pradesh, carried out exploration around the village Kotamita and found Rouletted Ware, besides a few other potter)-. ARUNACHAL PRADESH 15. EXPLORATION IN DISTRICT KAMENG.—D. K. Bora of the Directorate of Research (Archaeology), Government of Arunachal Pradesh, carried out exploration at the village Naksaparbat and found a number of carved pillars along with other remains. 16. EXPLORATION IN DISTRICT LOHIT.—D. K. Bora of the Directorate of",IAR_1980-81__indianarchaeology198081arevi.txt
1982-83,rouletted,diagnostic,,,148,,"Narayana Babu and P.R.K. Prasad of the Southern Circle of the Survey scraped a section of an highly disturbed ancient site situated in the midst of the village Melsathamangalam, 10 km west of the famous Arikamedu site. The results of the section scraping proved to be very interesting. In the upper levels it yielded rouletted wares, a few fragments of amphorae and arretine ware of thin section associated with black-and-red ware of typical Megalithic period, and black-and-red slipped wares. The floor levels composed of rammed earth were encountered in various levels indicating that it was essentially a habitational site. The cultural deposit was preceded by a deposit yielding hand-mad",IAR_1982-83__indianarchaeology198283arevi.txt
1983-84,Quilon,Nelkynda,,,56,,"Muttal koffe Narbail Navangeri Purudekeri Sanfrolli Tarakanehalli Tigni Unchalli Vaddinuop Vadhale Venkatapur Yasli Nirlgi Tehsil Village/Site Cultural Assemblage [[PAGE 56]] 48 Indian Archaeology 1983-84 — A Review KERALA 37. Excavation in Mesolithic Rockshelter at Tenmalai, District Quilon. — P. Rajan- dran, U.G.C. Research Associate, excavated a rock shelter site at Tenmalai, for determining the stratigraphical potentiality of the site. Several trenches were taken up within the shelter which revealed a total cultural deposit of 35 cm. It contained good amount of charcoal and mesolithic artifacts which started declining below 30 cm till the bed rock wa",IAR_1983-84__indianarchaeology198384arevi.txt
1983-84,Pattanam,Muziris,,,164,,"the endowment of 41/2 ma of land called Masilamani-vayakkal-parru as devadana to the deity Mukti-Vinayak- [[PAGE 164]] Epigraphy 157 pillaiyar, installed on the eastern bank of the tank Marakulam by Avudaiyan-nayan of Nara-singa-mangalam. The famous port-town Tondi is referred to as Pavittiramanikka-Pattanam while enumerating the common devadana lands of the temples. 49. Vatteluttu Inscription, Paraiyanpattu, District South Arcot.— Engraved on a rock called Sunaipparia in the village, this inscription, in Tamil language and Vatteluttu characters of the fourth-fifth century AD, records that ""this is the memorial(nisidikai)”of Aradan, the disciple of Va(ch) chanandi Acha",IAR_1983-84__indianarchaeology198384arevi.txt
1984-85,rouletted,diagnostic,,,13,,"ir Kumar, Rashid Khan and Ch. Venkateswarlu undertook excavations of a 2 m high mound, known as Yemampadu, at Ghantasala, with a view to know the cultural potentiality of the site. The excavation revealed three cultural periods: Period I (Satavahana): The characteristic ceramics were burnished black-and-red ware, rouletted ware and burnished red ware. A black-and-red ware fragment of convex sided deep bowl was found inscribed with the first century AD Brahmi characters (P1.2)» which reads swastika, as an auspicious beginning of a name Buddha matasa. A circular copper coin of Satavahana period was also recovered. Period II (Ikshvaku) : The period was represented by brick structures,",IAR_1984-85__indianarchaeology198485arevi.txt
1985-86,Rouletted,diagnostic,8,"EXCAVATION AT PEDDAVEGI, DISTRICT WEST GODAVARI",14,,"a person hailing from Ghantasala. From the characters of this record as well as the lotus-medallion over its mid-section, its association with the site, Phase-IA of Peddavegi stupa can be assigned to fourth century AD. This date gets confirmed by the absence of certain diagnostic pottery types like Black-and-Red, Rouletted and Russet Coated Andhra pottery. Hence a post-Ikshvaku date to the stupa is fully justified. The stupa complex appears to be the work of the Salankayana rulers, particularly Nandivarman-II (AD 400-430), who according to a pillar inscription from near-by Guntupalle (27km north), is reported to have caused some major donations to the Buddhist viharas while ruling f",IAR_1985-86__indianarchaeology198586arevi.txt
1985-86,rouletted,diagnostic,34,EXPLORATION IN DISTRICT GULBARGA,51,,"of the Department of Archaeology and Museums, Karnataka. At Roja in Shahpur taluk at the confluence of a stream and the river Bhima an ancient site with several potsherds belonging to neolithic, megalithic, early historical and medieval period were noticed. The noteworthy findings in the collection are a piece of rouletted ware and a black ware containing two letters in Brahmi script reading pu tha. 35. EXCAVATION AT YEDIYAPUR, DISTRICT GULBARGA.— In continuation of the previous inves- tigations (1984-85, pp.30-31) of Stone Age sites in the Baichbal valley of Shorapur taluk, K. Paddayya of the Deccan College, Postgraduate and Research Institute, Pune, excavated one of the Acheulian",IAR_1985-86__indianarchaeology198586arevi.txt
1986-87,rouletted,diagnostic,90,"EXCAVATION AT MANGALKOT, DISTRICT BARDHAMAN",106,,"A few of these were decorated with incised and stamped patterns. The types included vase, jar, handi, bowls with incurved rims, button-knobbed lids and lids like inkpots, lugged handle with punch design. Sprinklers in red ware and a few sherds of micaceous red ware were noteworthy. The occurrence of sherds of the rouletted ware signifies Mangalkot's connection with Indo-Roman trade. The other antiquities include a few significant terracotta figurines both moulded and modelled types among which may be mentioned the head of a female typical of the Sunga period, torso of a female figurine, mother and child and an image of Naigamesa. Other noteworthy finds recovered from the excavation w",IAR_1986-87__indianarchaeology198687arevi.txt
1987-88,Rouletted,diagnostic,3,"EXCAVATIONS AT MALLIPADU, DISTRICT GUNTUR",9,,"T MALLIPADU, DISTRICT GUNTUR.—The Department of Archaeology and Museums, Andhra Pradesh, conducted minor excavations at Mallipadu which revealed two cultural phases, I (iron age) and II (early historical). Phase I is characterized by typical megalithic Black-and-red Ware, and Phase II is marked by the occurrence of Rouletted Ware, coins of late Satavahana and Ikshvaku periods, beads and terracotta figurines. 4. EXPLORATION IN DISTRICT GUNTUR.—D. Hanumantha Rao of the Hyderabad Circle of the Archaeological Survey of India1 discovered several megaliths at Chityala village on the right bank of the river Krishna. These megaliths consist of dolmenoid cists having chambers protruding above",IAR_1987-88__indianarchaeology198788arevi.txt
1987-88,Rouletted,diagnostic,82,"EXCAVATION AT KUDIKADU, DISTRICT SOUTH ARCOT",111,,"urrounding plain. Two trenches (KDU-1 and KDU-2) were laid out on two different points of the mound. Both the cuttings were carried down to the natural soil at a depth of 2-5.m at KDU-1 and 3-2 m at KDU-2. The whole deposit represented a single cultural period and is characterized by the ceramic varieties like the Rouletted ware, amphorae pieces (both original and imitated), black-and-red ware, black ware, red polished ware, red slipped ware and large quantity of coarse red ware. Antiquities included large number of beads made of glass and various semiprecious stones like jasper, chal- cedony, agate, quartz, etc; terracotta human figurine, ear ornament, votive lamp, spindle whorl, gam",IAR_1987-88__indianarchaeology198788arevi.txt
1987-88,Rouletted,diagnostic,82,"EXCAVATION AT KUDIKADU, DISTRICT SOUTH ARCOT",111,,"the bricks (35 x 22 x 6 cm) used in this wall is similar to the bricks found in the excavations conducted in the places like Kaveripattinam, Uraiyur, Kanchipuram and Appukkallu in Tamil Nadu. In the same trench at a depth of 0-70 m a floor level with post-holes was also noticed. As evidenced by the discovery of the Rouletted Ware, amphorae pieces, Black-and-red ware, black ware and plenty of semiprecious stone beads, this site can tentatively be dated to first century BC to second century AD. UTTAR PRADESH 83. EXCAVATION AT FATEHPUR SIKRI, DISTRICT AGRA.—In continuation of the last year's work (1986-87, pp. 73-75) the Agra Circle of the survey, under the direction of Shankar Nath ass",IAR_1987-88__indianarchaeology198788arevi.txt
1988-89,Pattanam,Muziris,4,EXPLORATION IN DISTRICT MAHABUBNAGAR,9,,"Handaxe, .cleaver, — College Palaeolithic flakes Check Post -do- -do- — 4. EXPLORATION IN DISTRICT MAHABUBNAGAR.—K. Thimma Reddy, D.R. Raju and N. Chan- dramouli of the School of History, Culture and Archaeology, Telugu University, Srisailam, noticed prehistoric assemblages at Chakali Sela, Chandragupta Pattanam (16°7' 40"" N; 78° 53' 45"" E) and Gurrapu Cheruvu villages in Achampet taluk. The implements, made of quartzite, chert and chalceony, collected from these villages, are of the Lower, Middle and Upper Palaeolithic periods. The Department of Archaeology and Museums, Government of Andhra Pradesh, reported about thirty-five megalithic burials of various sizes scattered",IAR_1988-89__indianarchaeology198889arevi.txt
1988-89,Roman coin,diagnostic,9,"EXCAVATION AT THOTLAKONDA, DISTRICT VISHAKHAPATNAM",12,,"exposed. A rock-cut trough, oriented in east-west direction and elliptical in shape, with a flight of 7 steps in the southern side, was exposed while clearing the debris. The antiquities recovered include full-blown lotuses with petals in stucco, fragmentary iron nails from the cells of vihara, a Satavahana coin, a Roman coin of Tiberius and potsherds of various types and shapes. ARUNACHAL PRADESH 10. EXCAVATION AT NAKSAPARVAT, DISTRICT EAST KAMENG.—The Directorate of Research, Government of Arunachal Pradesh, under the direction of D.K. Bora, conducted excavation at Naksaparvat and brought to light the remains of a medieval settlement datable between the thirteenth and sixteenth ce",IAR_1988-89__indianarchaeology198889arevi.txt
1988-89,Rouletted,diagnostic,78,"EXCAVATION AT KUDIKADU, DISTRICT SOUTH ARCOT",87,,"ain, belongs to the SIPCOT Industrial Complex. Two trenches, KDU-1 and KDU-2, were laid out on two different points and cutting were carried down to the natural soil, at a depth of 2.5 m at KDU-1 and 3.2 m at KDU-2. The whole deposit represented a single cultural period, characterized by ceramic varieties like the Rouletted ware, amphorae pieces (both original and imitated), black-and-red ware, black ware, red polished ware, red-slipped ware and large quantity of coarse red ware. The antiquities recovered, included a large number of beads made of glass, paste and semiprecious stones (pl. XLI A), terracotta (pl. XLI B) human figurines, ear ornaments, votive lamp, spindle whorls, gamesm",IAR_1988-89__indianarchaeology198889arevi.txt
1989-90,Quilon,Nelkynda,38,"MEGALITIHIC BURIAL, VALIYAPADAM, DISTRICT QUILON",52,,"of the disturbed burials, bronze vessels notably jars, vases, bowls, lamps and knobbed lids could be noticed. Other important items in the grave furniture are sickles, javelin heads, knives of various sizes and a tripod. 38. MEGALITIHIC BURIAL, VALIYAPADAM, DISTRICT QUILON.— During an excavation at Valiyapadam in Quilon district P. Rajendran, a U.G.C. Research Scientist in the Department of History, Kerala University, discovered Megalithic pot burials, besides pottery and iron implements. During the excavation, two rock slabs measuring 85 x 85 cms were found three metres apart at a depth of 60 cms in the lateritic gravel. Several iron implements were found above the rock slabs and c",IAR_1989-90__indianarchaeology198990arevi.txt
1989-90,Roman coin,diagnostic,7,"EXCAVATIONS AT SRISADLAM, DISTRICT KURNOOL",13,,"outhernmost cell of the shorter axis running north-south). The sunken floor of this cell appears to be lower than the floor levels of the other cells. Two storage pots having globular body with thickened rim and rounded base were found in a crumbled state at the comers near the southern wall of this cell. A pair of Roman coins were found inside cell no. 11 near the dislodged entrance stone step. Two more Roman coins were found outside the 11th cell i.e., inside the third cell of the shorter axis from north to south. [[PAGE 14]] INDIAN ARCHAEOLOGY 1989-90-A REVIEW The northernmost cell i.e., cell No. 1, of the shorter axis, consists of a spacious bench (0.80 m) probably utilized as a",IAR_1989-90__indianarchaeology198990arevi.txt
1989-90,Roman coin,diagnostic,7,"EXCAVATIONS AT SRISADLAM, DISTRICT KURNOOL",13,,"ears to be lower than the floor levels of the other cells. Two storage pots having globular body with thickened rim and rounded base were found in a crumbled state at the comers near the southern wall of this cell. A pair of Roman coins were found inside cell no. 11 near the dislodged entrance stone step. Two more Roman coins were found outside the 11th cell i.e., inside the third cell of the shorter axis from north to south. [[PAGE 14]] INDIAN ARCHAEOLOGY 1989-90-A REVIEW The northernmost cell i.e., cell No. 1, of the shorter axis, consists of a spacious bench (0.80 m) probably utilized as a bed-cum-store room. The floor of the cells and the verandah, the walls and the back wall o",IAR_1989-90__indianarchaeology198990arevi.txt
1989-90,Roman coin,diagnostic,7,"EXCAVATIONS AT SRISADLAM, DISTRICT KURNOOL",15,,"and miniature bowls, Roman type sprinklers, etc. Besides, stucco forms having floral, full lotus and half-lotus medallions (pl. IIB), grooved and perforated tiles, specially outside the Vihara No. 5; one broken terracotta figurine in pralambapada posture with intact hand resting over the knee in Vihara No. 4; four Roman coins from Vihara No. [[PAGE 16]] INDIAN ARCHAEOLOGY 1989-90—A REVIEW 6; broken Buddha padas near the votive stupas were found. A pitcher-like stone pot having deep chiselled mortice for keeping a wooden pole was another important find. Mutilated pieces of Muchilinda naga figures were also recovered near the votive stupas. A slab depicting five-hooded naga in-betw",IAR_1989-90__indianarchaeology198990arevi.txt
1989-90,amphora,diagnostic,72,"EXCAVATION AT ARIKAMEDU, PONDICHERRY",93,,"ne of the pieces examined by her are later than the first century AD. It was also reported by her that several Greek Koan pieces at Arikamedu are covered with patches of what appears to be the water-resistant pozzolana cement, which was used by Romans in the construction of underwater installations; they also used amphora pieces as ""bricks"" in such- constructions. The excavations were limited to four small trenches, 2x3 metres each, one of which proved to be sterile. All trenches were located in the Northern Sector, an area which is much disturbed by the activities of the villagers and erosion of the bank along the Ariyankuppam river. In addition, a partially exposed brick structure",IAR_1989-90__indianarchaeology198990arevi.txt
1989-90,amphora,diagnostic,72,"EXCAVATION AT ARIKAMEDU, PONDICHERRY",94,,"ed due east of Wheeler's AKII and Casal's Group III was excavated to fresh water level but virgin soil was not reached during this season. No architectural features were discovered in situ but large quantities of brick fragments and pottery were recovered, including a few sherds of terra sigillata and Mediterranean amphora. Severe disturbance across the site noted by earlier excavators was evident here as well. In loci lower than 020 the pottery paralleled many forms and fabrics from Wheeler's ""Arretine"" and ""pre-Arretine"" levels of the Northern Sector. Trench AV90-II was plotted due south of Wheeler's AK II and Casal's Group III and as close to the river as possible in the hope of be",IAR_1989-90__indianarchaeology198990arevi.txt
1989-90,Rouletted,diagnostic,72,"EXCAVATION AT ARIKAMEDU, PONDICHERRY",94,,"were plotted in the northern sector in order to trace the extent of the port area. Section scraping was also done at a place near the exposed tank-like structure found on the southwestern side of the northern sector of the site. The trenches AV 90-1, AV 90-11 and AV 90-IV yielded pottery of different types such as Rouletted ware, Black-and-red ware, black ware and red ware. Few terra sigilatta sherds without stamps were picked up from AV 90-H. Besides these, there were also sherds of dull grey ware, urns, storage pots and pieces of conical jars and finger grooved tiles with a hole at the centre meant to tie them on the rafters supporting the roof. But the trench AV 90-111 is devoid o",IAR_1989-90__indianarchaeology198990arevi.txt
1989-90,rouletted,diagnostic,72,"EXCAVATION AT ARIKAMEDU, PONDICHERRY",93,,"iles, the present examples could not have been intended for mat purpose, for there are no indications of paved floors or drainage outlets. The pottery assemblage from the brick enclosures is comparable to that from the 'intermediary5 levels of Casal's trenches excavated in the Southern Sector between 1947-50, where rouletted ware and related ceramics are introduced into the predominantly ""Megalithic"" pottery tradition. According to present dating of Arikamadu, the pottery assemblage from the brick enclosures would be of the second to 86 [[PAGE 94]] EXPLORATIONS AND EXCAVATIONS early first century BC. If there were other structures related to these enclosures they would have been to",IAR_1989-90__indianarchaeology198990arevi.txt
1989-90,rouletted,diagnostic,72,"EXCAVATION AT ARIKAMEDU, PONDICHERRY",94,,"- over 10,000 sherds from trench A V90-I alone. The limited excavations have shown distinctive patterns of pottery assemblage in different trenches. Especially noticeable are differences in the ratio of specific pottery fabrics and forms, such as the so called ""Megalithic"" Black and red ware, chalky grey ware and rouletted ware, between Trench AV-90-I and the brick enclosures. Such differences could be significant for understanding the layout of the settlement, more specifically the organization of its space, but pottery from a larger area of excavations should be sampled before a convincing hypothesis can be proposed. The Department of Ancient History and Archaeology, University of",IAR_1989-90__indianarchaeology198990arevi.txt
1989-90,terra sigillata,diagnostic,72,"EXCAVATION AT ARIKAMEDU, PONDICHERRY",94,,"erile sand. Trench AV 90-1, plotted due east of Wheeler's AKII and Casal's Group III was excavated to fresh water level but virgin soil was not reached during this season. No architectural features were discovered in situ but large quantities of brick fragments and pottery were recovered, including a few sherds of terra sigillata and Mediterranean amphora. Severe disturbance across the site noted by earlier excavators was evident here as well. In loci lower than 020 the pottery paralleled many forms and fabrics from Wheeler's ""Arretine"" and ""pre-Arretine"" levels of the Northern Sector. Trench AV90-II was plotted due south of Wheeler's AK II and Casal's Group III and as close to the ri",IAR_1989-90__indianarchaeology198990arevi.txt
1991-92,Kollam,Nelkynda,30,"MESOLITHIC SITE, NIRMALAGIRI, DISTRICT KANNUR",134,,"ala, and it was obtained as river-worn pebbles from the bed of Peruvampipuzha which flows 1 -5 km away from the site. The implements are made on flakes, blades and nodules detached from the quartz pebbles and they have similarity with the mesolithic finds reported from various sites in Waynad, Malappuram, Palghat, Kollam and Thiruvananthapuram Districts. At Tenmal rock-shelter habitation site the mesolithic culture was dated by carbon 14 to 5210 ± 110 BP and more or less a similar date may be assigned to the mesolithic finds from Nirmalagiri in Kuthuparamba. Kuthuparamba being a riverine region with thick vegetation the mesolithic people might have exploited the rich faunal and floral",IAR_1991-92__indianarchaeology199192arevi.txt
1991-92,amphora,diagnostic,61,EXCAVATIONS AT ARIKAMEDU,97,,"The walls run parallel to the southern and eastern walls of the ""warehouse"" excavated by Mortimer Wheeler in 1945. At lower levels, in central and southeastern parts of the trench, was a sizeable quantity of animal bones associated with sherds of coarse brownish-grey ware with white slip, ""rouletted ware"", and Koan amphora pieces of c. first century BC. Deposits in these lower loci were relatively undisturbed and form the basis for defining relative chronological sequences for the first centrury BC and early first century AD in this part of the site. In the Southern Sector six trenches, five measuring 5 m square and one 8 X 3 m, were laid out along the water front, north of Sir Morti",IAR_1991-92__indianarchaeology199192arevi.txt
1991-92,amphora,diagnostic,61,EXCAVATIONS AT ARIKAMEDU,98,,"pottery. ""Megalithic"" graffiti was found on numerous pottery sherds including an in situ conical jar of Wheeler's Type 75, placed directly in the sand in the lowest loci of Trench AV92-XV. Although several pottery forms and fabrics overlap in the Northern and Southern Sectors, and both sectors yielded Mediterranean amphora and terra sigillata sherds, there is striking difference in the pottery assemblages of the two sectors, implying that different areas of the site were perhaps settled by different ethnic groups. As in the north, the Southern Sector also showed signs of drastic disturbances and reutilization of ancient architectural remains in later time. Several thousand examples of",IAR_1991-92__indianarchaeology199192arevi.txt
1991-92,rouletted,diagnostic,61,EXCAVATIONS AT ARIKAMEDU,97,,"le in the southern baulk. The walls run parallel to the southern and eastern walls of the ""warehouse"" excavated by Mortimer Wheeler in 1945. At lower levels, in central and southeastern parts of the trench, was a sizeable quantity of animal bones associated with sherds of coarse brownish-grey ware with white slip, ""rouletted ware"", and Koan amphora pieces of c. first century BC. Deposits in these lower loci were relatively undisturbed and form the basis for defining relative chronological sequences for the first centrury BC and early first century AD in this part of the site. In the Southern Sector six trenches, five measuring 5 m square and one 8 X 3 m, were laid out along the water",IAR_1991-92__indianarchaeology199192arevi.txt
1991-92,terra sigillata,diagnostic,61,EXCAVATIONS AT ARIKAMEDU,98,,"galithic"" graffiti was found on numerous pottery sherds including an in situ conical jar of Wheeler's Type 75, placed directly in the sand in the lowest loci of Trench AV92-XV. Although several pottery forms and fabrics overlap in the Northern and Southern Sectors, and both sectors yielded Mediterranean amphora and terra sigillata sherds, there is striking difference in the pottery assemblages of the two sectors, implying that different areas of the site were perhaps settled by different ethnic groups. As in the north, the Southern Sector also showed signs of drastic disturbances and reutilization of ancient architectural remains in later time. Several thousand examples of broken roof",IAR_1991-92__indianarchaeology199192arevi.txt
1992-93,Quilon,Nelkynda,19,"MENHIR, KAKKOTTUMULA, DISTRICT QUILON",119,,"one km south of the Mayyanad railway station on its right side in the lowlands. This laterite monolith facing north-east (90 X 60 cm) has a curved top with sides sloping vertically down. Mangad menhir site is also at about the same distance from Mayyanad and similar types are reported from various parts of district Quilon. 20. STONE SCULPTURE, DISTRICT THIRUVANANTHAPURAM.— P. Sreedharan of the Directorate of Archaeology, Government of Kerala, reported the discovery of stone image of Naga. 21. ROCK-CUT CAVES, KALLUMPURAM (KUNNAMKULAM), DISTRICT TRISSUR.— P. Sreedharan and P. Mohanan Nair of the Directorate of Archaeology, Government of Kerala during the course of exploration discovere",IAR_1992-93__indianarchaeology199293arevi.txt
1992-93,Roman coin,diagnostic,37,"EXCAVATION AT TALKAD, DISTRICT MYSORE",54,,"nd filled with ash was also exposed. The kiln has a small hole on one side to fix the blow pipe from the bellows. Small terracotta crucibles, lumps of ash were found strewn around the kiln. Just by the side of the kiln was discovered a terracotta coin mould (pl. XVIII A), bearing impression of the reverse side of a Roman coin. The mould (2.5 cm X 5 mm) bears the representation of lady Livia or Justitia, seated, holding in her left hand a sceptre and in the right, ears of corn. Two sides of the figure have the legend Maxim Pont (IF) which literally means the Head priest. Besides a magnificent stone sculpture of Mahishamardini with Pallava influence, datable to circa seventh century fo",IAR_1992-93__indianarchaeology199293arevi.txt
1992-93,Rouletted,diagnostic,6,"EXCAVATION AT GOPALAPATNAM, DISTRICT VISHAKHAPATNAM",11,,"enting two cultural periods, viz., Period-I (Satavahana) and Period-II (post-Satavahana). Excavations at Veeralametta also brought to light a terraced brick platform having the lower and upper pradakshinapathas. Antiquities recovered from the site include sherds of black and red ware, polished black ware, red ware, Rouletted ware, knobbed ware, beads and bangles. 7. EXCAVATION AT THOTLAKONDA, DISTRICT VISHAKHAPATNAM.— Excavations conducted by the Department of Archaeology and Museums, Government of Andhra Pradesh at the Buddhist settlement over the hill top, brought to light remains of a circular brick platform to the south-west of Vihara-V, a rectangular hall (9.65 X 4.10 cm) behind",IAR_1992-93__indianarchaeology199293arevi.txt
1992-93,Rouletted,diagnostic,44,"SHERDS OF ROULETTED WARE AND CHINESE POTTERY, DISTRICT MADRAS",122,,"m. However, definite purpose served by this structure and the period of construction can be ascertained only after exposing completely. 44. SHERDS OF ROULETTED WARE AND CHINESE POTTERY, DISTRICT MADRAS.— While examining the foundation pits dug out at various construction sites in Santhome (in Mylapore) a number of Rouletted sherds and Chinese sherds were collected by the Department of Ancient History and Archaeology, University of Madras. 45. ANCIENT MOUND, DISTRICT NORTH ARCOT-AMBEDKAR.— The Department of Ancient History and Archaeology, University of Madras collected the sherds of black-and-red ware, black-ware and red- slipped ware, semiprecious stone beads and terracotta spindle",IAR_1992-93__indianarchaeology199293arevi.txt
1993-94,Kollam,Nelkynda,23,"BURIAL INSCRIPTION, VEDALAI, DISTRICT RAMANATHAPURAM",134,Y,"rakesari-varman who is identified as Aditya Kavikala, the elder son of Sundara Chola. The date of the inscription is AD 963. 126 [[PAGE 134]] EPIGRAPHY 23. BURIAL INSCRIPTION, VEDALAI, DISTRICT RAMANATHAPURAM.—This Tamil inscription, engraved on a slab set up in the burial ground called Kuraippalli, is dated Kollam 863, Prabhava (AD 1688) and refers to the erection of a memorial (sannadi) over the mortal remains of Seku-Ivuraki-Maraikkayar, Periyatambi-Maraikkayar, Mamuni-Maraikkayar and Mala-Maraikkayar, accountant of Chellakutti-Maraikkayar on a Friday night. The record further refers to the burning, demolishing and reconstruction of the temples at Elukaraiturai by Nasurak",IAR_1993-94__indian-archaeology-1993-94-a.txt
1993-94,Rouletted,diagnostic,16,"EXCAVATION AT GOPALAPATNAM, DISTRICT VISHAKHAPATNAM",13,,"rrace is found decorated with kudu arches. The bricks used in the construction measure 54x27x7 cm and 56x28x7 cm. The Eastern Chalukyan coins and stone plaques are other important antiquities. The excavation also yielded brick structures, tiles, stucco pieces, black-and-red ware, black ware, red ware, knobbed ware, Rouletted Ware, stone fragments with Brahmi label inscriptions, chhatra pieces, moulded-bricks, purnakalasa motifs in brick, etc. 17. EXPLORATION IN DISTRICT VISHAKHAPATNAM. — The Directorate of Archaeology and Museums, Government of Andhra Pradesh, reported the discovery of the following sites in District Vishakhapatnam. Village Nature of remains Amalapuram Buddhist st",IAR_1993-94__indian-archaeology-1993-94-a.txt
1993-94,Rouletted,diagnostic,51,"EXCAVATION AT HASARGUNDIGI, SANNATI, DISTRICT GULBARGA",72,,"i where the Government of Karnataka proposed the construction of an irrigational barrage across river Bhima, a tributary of the river Krishna. In the course of excavation at Sannati, the Directorate of Archaeology and Museums, Karnataka under D.V. Devaraj, assisted by H.T. Talwar, brought to notice a clay pendant, Rouletted Ware, a stone-disc, beads of lapis-lazuli, jasper, carnelian, ivory, silver, punch-marked and lead coins, besides terracotta beads and figurines. The overwhelming vestiges of prehistoric, protohistoric, early historical and medieval cultural assemblages, found in some of the sites, prompted the Bangalore Circle of the Survey to undertake trial excavations at Hasarg",IAR_1993-94__indian-archaeology-1993-94-a.txt
1994-95,Rouletted,diagnostic,2,EXPLORATION IN DISTRICT KRISHNA,9,,"le-walls and mounds on a hillock. 2. EXPLORATION IN DISTRICT KRISHNA.— During the course of exploration, J.Vara Prasada Rao and R. Krishnaiah of the Hyderabad Circle of the Survey, noticed two early historical mounds at Jujjuru near Kanchikacherla in Nandigama taluk which yielded black-and-red ware, black ware and Rouletted Ware. 3. EXPLORATION IN DISTRICT MAHABOOBNAGAR.— In the course of village-to-village explora tion, R. Krishnaiah of the Hyderabad Circle of the Survey, discovered the following remains of archaeological importance. Village Taluk Nature of remains Anipur Maktal Medieval temple of Ramalingesvara, loose sculptures of Durga,Gq/a-Lakshmi and",IAR_1994-95__indianarchaeology199495arevi.txt
1994-95,Rouletted,diagnostic,4,"EXCAVATION AT PUDURU, DISTRICT NELLORE",10,,"h of 90 cm was noticed a floor- like structure paved with irregular brick-bats, approximately covering an area of 1.60 m, in north- south orientation. It was however, devoid of any plastering material. As far as pottery industry is concerned, three principal ceramic industries viz., red-slipped ware; a few sherds of Rouletted Ware and a number of fragments of conical bottomed amphorae in coarse red ware were found. Along with the pottery, a number of perforated tile and animal bone pieces, were also recovered. Other antiquities from the site included coins (tentatively datable to second-third century AD), beads and bone points. The semiprecious stone beads included carnelian, crystal,",IAR_1994-95__indianarchaeology199495arevi.txt
1994-95,Rouletted,diagnostic,23,"EXCAVATION AT SANNATI, DISTRICT GULBARGA",47,,"patches which also contained charcoal and ash; compact dark brown clay rammed with potsherds and compact ashy soil. Polished red ware, black-and-red ware, red ware and Black-slipped Ware (all black wares) formed the pottery types, recovered from layers 5 and 4. In addition to these Russett-coated Painted Ware and Rouletted Ware occurred in Strata 3. Two structures (h 0.40m) were found in the respective southern and western sections in Strata 2. Brick-built Structure 1 (h 0.45 m) measured 0.46 x 0.21 x 0.09 m. Structure 2 (h 0.62 m), also built of same bricks, contained seven courses. All the pottery reported earlier, occurred in Strata 2. Besides, varieties of beads made on semipreci",IAR_1994-95__indianarchaeology199495arevi.txt
1994-95,Rouletted,diagnostic,23,"EXCAVATION AT SANNATI, DISTRICT GULBARGA",48,,"Besides, varieties of beads made on semiprecious stones and terracotta, tracer beads made on shell and bone and the beads of lapis lazuli appeared in this period. 39 [[PAGE 48]] INDIAN ARCHAEOLOGY 1994-95-A REVIEW The lead and potin coins of Satavahana period were also found in relation to the polished red ware, Rouletted Ware and stamped pottery in red ware. Terracotta figurines found from these strata were all badly damaged. Excavation revealed that the fortified Ranamandala on the left bank of the river Bhima at Sannati, was in continuous occupation right from the prehistoric times to the early historic times. A systematic large-scale probe in the area would definitely provide a",IAR_1994-95__indianarchaeology199495arevi.txt
1994-95,Rouletted,diagnostic,24,"EXCAVATION AT BANAVASI, DISTRICT UTTARA KANNADA",48,,"e enclosure-wall (5.75 m x 2.50 m x 36 cm) was encountered. This wall (pl.XVI A) was made of bricks (41x18x8 cm) of well-levigated clay, with its foundation laid into the layers of Chutu period. The ceramic assemblage comprised polished red ware, Russet-coated Painted Ware, red- slipped ware, chocolate brown ware, Rouletted Ware, Micaceous Red Ware and imitated Arretine Ware. A brisk activity of copper smelting was evidenced from the floor level in Strata 7 in the form of encrusted coins in profusion. Perhaps this could be the mint (?) of Satavahana period. Antiquities such as, terracotta fragments, lead coin of Pulamavi, terracotta bullae with the impression of Roman Emperors,",IAR_1994-95__indianarchaeology199495arevi.txt
1995-96,Quilon,Nelkynda,76,"BUOY BAIDYA NATH TEMPLE, KALNA, DISTRICT BARDHAMAN",212,,", (viii) One sample from Mir Ashraf Khan, Jama Masjid Chowk, Patna, was analyzed. (ix) The nature of binding medium between two spherical glass pieces collected from the Sheesh Mahal, Mubarak Mandi, Jammu, was studied. (x) Analysis of two samples of iron slag belonging to megalithic culture from Tenwala, District Quilon, Kerala, were carried out. (xi) Three sandstone samples from Sun Temple, Modhera, Gujarat, were analyzed for their physical/chemical properties. (xii) Dust fall samples collected at Red Fort, Delhi, were qualitatively and quantitatively analyzed. (xiii) Three sandstone samples from Rani-ki-Vav, Patan, Gujarat, were analyzed for their chemical constituents. Certain",IAR_1995-96__indianarchaeology199596arevi.txt
1995-96,Rouletted,diagnostic,2,"EXCAVATION AT JUJJURU, DISTRICT KRISHNA",9,,"continuation of the last year's {Indian Archaeology 1994-95 — A Review, p.I)1 trial-dig, a small-scale excavation was taken up at Jujjuru, by the Hyderabad Circle of the Archaeological Survey of India,2 which revealed a few structural remains built of bricks, besides terracotta figurines and pottery represented by Rouletted Ware, red ware, black-and-red ware and a few coins of Sada kings, all datable to the first century BC/AD. The surface collection at the site consists of lead coins of the Ikshvakus, beads of lapis lazuli, agate, shell, and terracotta, besides fragments of shell bangles. 3. EXPLORATION IN DISTRICT MAHABOOBNAGAR.— In the course of village-to-village survey in Maktha",IAR_1995-96__indianarchaeology199596arevi.txt
1995-96,Rouletted,diagnostic,4,"EXCAVATION AT PUDURU, DISTRICT NELLORE",10,,"n measurements. There were indications of reuse of bricks to repair the collapsed walls due to cyclone or flood. However, the bricks from all the phases were well-burnt, and strong enough to sustain the vagaries of nature. There were six principal ceramic industries represented by red-slipped ware, a few sherds of Rouletted Ware; black-slipped ware, black-and-red ware; Red Polished Ware and a number of fragments of conical bottomed amphorae in coarse red fabric. Along with pottery, quite a number of perforated tile pieces and animal bone pieces were also found. Besides pottery, coins of lead having a standing bull inside a dotted circle on the obverse and blank on the reverse, assign",IAR_1995-96__indianarchaeology199596arevi.txt
1995-96,Rouletted,diagnostic,24,"EXCAVATION AT SANNATI, DISTRICT GULBARGA",48,,"nnati was conducted under the guidance of D. V. Devaraj, assisted by H. T. Talwar of the Directorate of Archaeology and Museums, in the Ranamandala area (war field). Although there appeared to be an early phase of occupation datable to circa third-second century BC, which was confirmed by the occurrence of NBP and Rouletted Wares. Further round and square granaries also point to the engineering skill and the system of storage during the Satavahana period. A good number of antiquities such as beads of various types, lapis lazuli, green and red jasper, carnelian and shell bangles, terracotta beads, punch-marked and lead coins have been collected. 25. EXCAVATION AT BUDIHAL, DISTRICT GU",IAR_1995-96__indianarchaeology199596arevi.txt
1995-96,Rouletted,diagnostic,27,"EXCAVATION AT BANAVASI, DISTRICT UTTARA KANNADA",51,,"ware with a short neck and a ware, the flat base, in addition to usual percentage of grey utilitarian types. Interestingly, the ware diminishes. exterior body of some of these Micaceous red ware, spheroid vessels have decoration like dull red ware, svastika, etc Russet-coated pottery, black-and-red ware, Rouletted Ware are the most significant ceramics III (Kadamba) 3,4 and 5 In addition to the Interesting types are conical ring- above, Red Polished based wide bowls, carinated vessels Ware, chocolate with decorated shoulder and large brown ware quantity of spouted vessels IV (post-Kadamba) 1 and 2 Red-slipped ware, Lids, wide-and small-mouthed grey wa",IAR_1995-96__indianarchaeology199596arevi.txt
1996-97,Kollam,Nelkynda,3,"STONE IMAGES OF SIVA, UMA",198,,"Rachadeva in eighth century Kannada script. This may refer to an individual by name Rachadeva perhaps Rachamalla, the Ganga king. 3. CIST BURIAL SITE, AEERAM, DISTRICT KOLLAM P. Rajendran of the Department of History, Kerala University, Kariavattom, found cist-burial at Aeeram in Pathanapuram taluk of District Kollam. They were exposed during a digging for the foundation work. The orthostats were found almost at one meter depth and the three chambers were seen adjacent to each other in north-south direction. Two chambers have same size having 2.9 m length and 1.5 m width while the third one has 2.7 m length and 1.5 m width. Slabs having 3 m and 2.9 m length, are also seen on",IAR_1996-97__indianarchaeology199697arevi.txt
1996-97,Roman coin,diagnostic,,,10,,"REVIEW 4. EXCAVATION AT PAVURALLAKONDA, DISTRICT VlSHAKHAPATNAM Excavations conducted by the Directorate of Archaeology and Museums, Government of Andhra Pradesh, brought to light three viharas ascribable to Satavahana epoch having spacious verandahs, circular chaitya-griha, votive stupas and a hall along with Roman coins and inscribed potsherds datable to circa third-second century BC. ARUNACHAL PRADESH 5. EXCAVATION AT GOMSI RANI, DISTRICT EAST SIANG The ancient site of Gomsi is located 15 km south- west of district headquarters of Pasighat and 19 km inside from Murkeng Selek Railway Station on Assam-Arunachal border. The site is spread in an area of 11.5 acres of land. Th",IAR_1996-97__indianarchaeology199697arevi.txt
1996-97,Roman coin,diagnostic,36,EXPLORATION IN DISTRICT AMRAVATI AND WARDHA       N,108,,"oin bearing the figure of an elephant on the obverse and a fish on the reverse. Period II witnessed the intrusion of pottery, amphorae pieces, pottery with protruding base and leaf motif in the interior, Rouletted ware, pottery with inscribed designs like ship and an elephant along with a considerable number of Roman coins. On the basis of these finds this period could be dated between circa 100 BC and fifth century AD. 46. EXCAVATION AT TIRUVERKADU, DISTRICT TlRUVELLORE The Department of Ancient Indian History, Culture and Archaeology, Madras University, Madras, resumed excavations at Tiruverkadu in Sriperumbudur taluk, situated 19 km west of Madras, under the direction of S",IAR_1996-97__indianarchaeology199697arevi.txt
1996-97,Rouletted,diagnostic,,,9,,"animal bones and carnelian beads. Probably the site was occupied from the Neolithic to the early historical times. 3. EXCAVATION AT KOTHAPATNAM, DISTRICT NELLORE Excavations conducted by the Directorate of Archaeology and Museums, Government of Andhra Pradesh, brought to light a series of granaries, China ware, Rouletted ware, Celadon ware, besides stone beads and bangle pieces, etc. This place served as a seaport and signifies maritime trade with China. 1 This publication is referred to in the following pages by the year only. [[PAGE 10]] INDIAN ARCHAEOLOGY 1996-97-A REVIEW 4. EXCAVATION AT PAVURALLAKONDA, DISTRICT VlSHAKHAPATNAM Excavations conducted by the Directorate of",IAR_1996-97__indianarchaeology199697arevi.txt
1996-97,Rouletted,diagnostic,36,EXPLORATION IN DISTRICT AMRAVATI AND WARDHA       N,108,,"nnai, conducted excavations at Alagankulam under the direction of Natana Kasinathan and A. Abdul Majeed, assisted by S. Vasanthy, D Thulasiraman, S. Selvaraj, M. Kalaivanan and N. Ganesan. The excavation established a two-fold cultural sequence viz., Period I, with a deposit comprising black-and-red ware, NBPW, Rouletted ware, grey ware, inscribed and graffiti bearing potsherds. This level is assignable to circa 400 to 100 BC. Other finds include a silver punch-marked coin, a Pandya square coin bearing the figure of an elephant on the obverse and a fish on the reverse. Period II witnessed the intrusion of pottery, amphorae pieces, pottery with protruding base and leaf motif in",IAR_1996-97__indianarchaeology199697arevi.txt
1996-97,Rouletted,diagnostic,36,EXPLORATION IN DISTRICT AMRAVATI AND WARDHA       N,108,,"level is assignable to circa 400 to 100 BC. Other finds include a silver punch-marked coin, a Pandya square coin bearing the figure of an elephant on the obverse and a fish on the reverse. Period II witnessed the intrusion of pottery, amphorae pieces, pottery with protruding base and leaf motif in the interior, Rouletted ware, pottery with inscribed designs like ship and an elephant along with a considerable number of Roman coins. On the basis of these finds this period could be dated between circa 100 BC and fifth century AD. 46. EXCAVATION AT TIRUVERKADU, DISTRICT TlRUVELLORE The Department of Ancient Indian History, Culture and Archaeology, Madras University, Madras, resum",IAR_1996-97__indianarchaeology199697arevi.txt
1997-98,Roman coin,diagnostic,21,EXCAVATION AT GURU BABA,170,,"ecimens. Perhaps this potsherd has been imported from outside, roughly datable to second-first century BC (pl. 122). The potsherd with ship design could be assignable to fourth-fifth century AD (pl. 123). A square copper coin of the Pandyas of Sangam Age and a few Roman copper coins were also collected. Of the Roman coins, three are identified to have been issued during the fifth century AD bearing the legend grdaroma narwam. 55. EXCAVATION AT TIRUVERKADU, DISTRICT TlRUVELLORE The Department of Ancient History, Culture and Archaeology, University of Madras, resumed excavation at Tiruverkadu, under the direction of S. Gurumurthy, assisted by R. Ponnusamy, M. Seran and P.D. Ba",IAR_1997-98__indianarchaeology199798arevi.txt
1997-98,Roman coin,diagnostic,10,MEMORIAL STONE,222,,"an record from Hasanpur Lohari, assigns the construction of a mosque, to one Nur Muhammad in AH 1261 (AD 1845). [[PAGE 222]] NUMISMATICS AND TREASURE TROVE GUJARAT 1. GADHAIYA AND ROMAN COINS, HATHAB, DISTRICT BHAVNAGAR The Department of Archaeology and Museums, Government of Gujarat, discovered Gadhaiya and Roman coins from the ancient port-town of Hathab. 2. SILVER COINS, DOODHRES, DISTRICT SURENDRANAGAR The Department of Archaeology and Museums, Government of Gujarat, reported the discovery of one hundred and fifty-five silver coins of sixth- seventh century (Valabhi period), bearing on one side bust of a king with Brahmi letters on the other. KERALA 3. GOLD AND C",IAR_1997-98__indianarchaeology199798arevi.txt
1997-98,Roman coin,diagnostic,10,MEMORIAL STONE,222,,"e copper coin along with a small ear-ring and an object of copper resembling a flower have been found during the renovation work of a very old Mahavishnu Temple by the Department of Ancient History, University of Kerala, Thiruvananthapuram. Similar gold coins were in use indigenously almost contemporary with the Roman coins in various parts of south India. These coins both of gold and copper do not contain any legend. However, symbols occur on both the sides (pls. 148-149). The coins are very small and thin. On the obverse of the gold coin there is an ankusa and twelve zodiacal signs representing the solar year while on the reverse there is a Vishnupada symbol with the zodiacal",IAR_1997-98__indianarchaeology199798arevi.txt
1997-98,Roman coin,diagnostic,10,MEMORIAL STONE,222,,"he solar year while on the reverse there is a Vishnupada symbol with the zodiacal signs. On the obverse of the copper coin there is the Sri vatsa symbol while on the reverse there are zodiacal signs. These coins have certain characteristics similar to that of Vijayanagara period. However, their presence with the Roman coins would indicate an earlier date. There are graffiti marks inside the wall of the garbhagriha of the temple. Around the plinth there are bold reliefs of Mahalakshmi, Ganapati, serpentine motif, Elephant, Narasimha etc. The conical form of the wooden roof is a unique one which is not prevalent now in the wooden architecture of Kerala. [[PAGE 223]] [[PAGE 224",IAR_1997-98__indianarchaeology199798arevi.txt
1997-98,Rouletted,diagnostic,21,EXCAVATION AT GURU BABA,88,,"per and lead datable to late Satavahana period were also found (pl. 68). The ceramic evidence retrieved from the excavation includes red ware of medium fabric, burnished red ware, micaceous red ware, dull grey ware and a large variety of fine Red Polished Ware besides a solitary evidence of imitation variety of Rouletted Ware. The Red Polished Ware is represented by flasks of different types with globular body and a long narrow [[PAGE 89]] [[PAGE 90]] [[PAGE 91]] [[PAGE 92]] [[PAGE 93]] [[PAGE 94]] [[PAGE 95]] [[PAGE 96]] [[PAGE 97]] [[PAGE 98]] [[PAGE 99]] [[PAGE 100]] [[PAGE 101]] EXPLORATIONS AND EXCAVATIONS neck with or without air vent hol",IAR_1997-98__indianarchaeology199798arevi.txt
1997-98,Rouletted,diagnostic,67,EXCAVATION AT NAI,211,,"ase has yet been traced. Because of the very disturbed nature of the site, the picture of transition from the Chalcolithic to the historic phase is still very hazy. But two pieces of NBPW and the predominant black-polished ware point to the flourishing stage of the site during the third century BC. The beautiful Rouletted Wares (pl. 144), stamped pottery (pl. 145), terracotta figurines show gradual development of the site around first century AD. But later developments cannot be traced at Bhairav-danga. From structural evidence unearthed, the process of development, however, could not be ascertained. Three floor levels have been obtained, two of them belong to the Chalcolithic",IAR_1997-98__indianarchaeology199798arevi.txt
1999-20,Rouletted,diagnostic,53,EXCAVATION AT UDAYGIKI,155,,"ind from layer 6 is a silk thread strand. The Period II (fourth-twelfth century AD) yielded terracotta beads, spindle whorls, iron nails, glass beads besides sherds of red-slipped ware, black-and-red-ware, black ware and Russet coated ware. In Period HI coarse red ware, red ware, a few red-slipped and immitated Rouletted sherds, a red ware sherd with graffiti showing peacock, were was also found along with a terracotta cuboid dice. The number of dots that noticed on the flat rolling faces are one, three, four and five. The 147 [[PAGE 156]] INDIAN ARCHAEOLOGY 1999-2000 - A REVIEW length breadth and thickness of the dice is 3.25 x 1.6 X 1.5 cm. The terracotta earlobes, beads, s",IAR_1999-20__indianarchaeology19992000are.txt
1999-20,Rouletted,diagnostic,61,EXCAVATION AT SHORE TEMPLE,157,,"gam and C. Chandravanan. During the systematic excavation seven trenches, measuring 5 X 4 m were laid in order to expose the cultural habitation of this region at a site called 'Colony Thidal' of that village. . The excavation revealed sherds of NBPW, coarse-red ware, black ware, black-and-red ware, grey ware, Rouletted ware, russet-coated ware, sherds with graffiti symbols offish. Besides this, six inscribed sherds with Brahmi script were also recovered. It is interesting to note that the per- sonal names Korran, Sattan, and Nedukilli appear on the sherds. Objects like lids, hopscotch, spout, terracotta ring-stand, iron pieces, terracotta lamp, shell bangles, sawed conches, ca",IAR_1999-20__indianarchaeology19992000are.txt
1999-20,Rouletted,diagnostic,68,EXCAVATION AT THAKIURANI  TILL,205,,"ettlement was limited with restricted number of potsherds and antiquities, characterized by black- polished ware, bone tools, terracotta figurines and beads. In the succeeding Period II (c. first-third cen- tury AD) there is an appreciable change noticed in the deposits; marked by the presence of stamped pottery, Rouletted ware, black-slipped ware, red ware, terracotta figurines, beads of semiprecious stones and clay, copper ornaments, etc. Period III (c. fourth-seventh century AD) is characterized by the presence of moulded pottery, red and grey wares, stone beads, terracotta balls, beads, toy cart-wheels and figurines. In Period IV (c. eighth century AD onwards), the site was",IAR_1999-20__indianarchaeology19992000are.txt
1999-20,Rouletted,diagnostic,68,EXCAVATION AT THAKIURANI  TILL,206,,"A REVIEW yielded the evidence of secondary burial, contain- ing mortal remains of human being. Mandible, oc- cipital bone and a few other bone fragments re- covered from the jar were sent for testing-the re- port is awaited. A pale red perforated jar was also found along with it. A few pieces of black-slipped ware, Rouletted ware, red ware recovered from the packing material. Digging continued down to 2.34 m. 84. EXPLORATION IN DISTRICT BANKI RA Subrata Chakrabarti of the Department of Ancient Indian History, Culture and Archaeology, University of Visva-Bharati, carried out explora- tion in Bankura, in south Bengal. This region is well known for its rich cultural heritage but its",IAR_1999-20__indianarchaeology19992000are.txt
1999-20,rouletted,diagnostic,53,EXCAVATION AT UDAYGIKI,155,,"' 3N; 79° 34' 57E) in Panrutti taluk of District Cuddalore. It is a village situated about 22 km from Villupuram. Total four Trenches MGM1, MGM2, MGM3 and MGM-4 were laid which revealed three cultural periods. Period I from layer 6 to 8 (2.45 m to 4.30 m) revealed black-and red-ware, red ware, black ware, black-rouletted and coarse red ware (300 BC-AD 500). Two inscribed pottery, copper coin with Ujjain symbol (obverse) and a humped bull (re- verse) were found. It is observed that this might be the coin issued by the Satavahana king who had their sway in this region. Other important finds are the sherds of NBPW, a copper anklet round in shape. Another noteworthy find from layer",IAR_1999-20__indianarchaeology19992000are.txt
2001-02,Kollam,Nelkynda,,,316,,"ya- nayanar at Kurumbalur in Vembamadu. 38. Taurl lNscRtprtoN, KlvumtINAM, Dtsrntcr TuuconrN This epigraph, found in a graveyard in Kayalpattinam is written in Tamil language and characters ofthe fifteenth centuryAD. It refers to the demise of SadhuNayinar,Sayyad Ahmad Nayinar, Vrapandya Mudaliyar and Kamal Nayinar in Kollam year825 (AD 1440). 39. Cnola INscnrptrorq, KoNG,TnAyAKURICHCHI, Drsrnrcr TurrcoRrN This inscription, engraved on the stepping-stone ofthe VinayagarTemple, is in Tamil language and Vatteluttu script of the tenth century. Dated in the twelfth regnal year ofthe king Rajaraja I (AD 987),it refers to the gift by a certain Kilavan forburning a lamp in the Munrurai-Mrapperumpal",IAR_2001-02__asi114.txt
2001-02,Rouletted,diagnostic,,,235,,"clay. This could suggest waterlogging in this locality during the early medieval period. The lowermost levels (layers 6 andT), i.e., Period I (300 BC to AD 200) revealed mostly black-and-red ware, usually found in similar other sites in Tamilnadu. Few pieces of the russet coated and painted ware and a broken piece of Rouletted Ware are the other important pottery types. The antiquities from this period include gamesmen, hopscotches, iron chisel and nails. In period II (AD 200 to 800), red-slipped ware and a few conical jarpieces were the types ofpottery collected from Period II. Ear ornaments and spindle whorls of terracotta were some of the antiquities collected. A few iron slags were noti",IAR_2001-02__asi114.txt
2001-02,rouletted,diagnostic,,,294,,"] INDIAN ARCHAEOLOGY 2OO1-02 - A REVIEW ---T r-- EXCAVATION AT PAKHANNA, DISTT. PAKHANNA DEPTT. OFARCHEOLOGY uNtv. oF CALCUTTA 2001-2002 \,fi 5 0 5 loCM lt. F 2 [[PAGE 294]] E -YP L O RATI ON S AN D EXC AVATI O N S other associated ceramics, black- polished ware, red \\-are sometimes with basket design, grey ware, rouletted ware, stamped pottery, moulded and decorated pottery, storage-jars, bowls, small and shallow vessels with out-tumed rims, shallow dishes, fboted-cups with inverted rims; clay pot; temacotta disc (perflorated and/ also without perforations), balV bead/l id/handles/spouVnet- sinker/game obj ect/sealing/ animal and human figurines, lamp/bangle/plaque (broken); copper ore",IAR_2001-02__asi114.txt
2002-03,Kollam,Nelkynda,,,354,Y,"Chokkanatha Nayaka ofrhe Kasyapa-gotra. This charter stands as a clear testimony to the religious catholicity ofthe Nayaka rulers ofMadura- 26. TAMrr- INscRrprtoN, Cteulr,rorvr, Drsrnrcr TIRUNfLtt:r.r This inscription, engraved on the west wall of lhe kitcher ofihe Bhaktvatsala ternple in the village, is dated in the Kollam era 565, conesponding toAD 1390. It is in Tamil language andcharacto$. Itrecords the voluntary dedication ofnine members ofa family consisling ofone Thmbirauiyar, daughter of Andali,'ar who was the gmnd&ughter ofvittakade\,?r. a weaver (kaikkolar'1of Viravanallur and others. as slabs (adimai) to (the temple of) Sri Bhaktapriya- mudaiyar, located in the northem part ofthe",IAR_2002-03__asi112.txt
2002-03,rouletted,diagnostic,,,19,,". 4-5). No relics were found as these were retrieved from tlre debri s of pradakshina-patha. T\e other antiquities include a few copprer coins, beads, rusted iron nailpieces, hopscotches and fi:agmentary terracotta and kaoline figudnes. Due to extensive robbing ofthe site, not many antiquities were found. However, one rouletted shallow bowl fragment, reported from the site contained a single line Brahmi inscription. On palaeographical grounds, the inscription can be dated lo second-third cenrury AD. In all eight copper coins were retrieved fiom the excavation which measue about 28 mm in dia wirh 3.5 mm in thickness. The surface ofthe coins is so eroded that no insignia or symbol could be tra",IAR_2002-03__asi112.txt
2002-03,rouletted,diagnostic,,,19,,"on of Buddha was noticed from thc site the Buddhist establislunent here might be of Hinayana period only. The expooed Bddhist establishmen! which once adomed the hill oflGpavaram, is a single culhue sit€. ln the absence of either sculptues or any other epigaphical records, there was reported a stray inscription on the rouletted ware and a lone copper coin. On tlle bosis ofwhictl lhe Buddhist establishment at the site could b€ dated to not later than th€ s€cond- third csnhryAD on palaeographical grormds and was probably in existence till the eighth century AD like other Buddhist sites in coastal Andhra. 4. ExpLoRATror rN DrsrRrcr KARTMNAGAR W.VS. Narasimham and Vijayanand, ofthe Hyderabad Cir",IAR_2002-03__asi112.txt
2003-04,Rouletted,diagnostic,,,139,,"argin of the house plan. The fire places with ash pits and charcoal along with iron slags especially lie outside the working floor indicating some sort of smelting and preparation of iron tools in this area. This area yielded the evidence of early historical habitation with coins along with Russet-coated painted ware, Rouletted Ware and Red Polished Ware. There are a number of lead and copper inscribed and uninscribed coins belonging to the Maharathis and Satavahanas recovered from the floor levels apart from beads of semiprecious stones and glass, iron and copper alloy implements. Locality 2 5x5m grid yielded exclusively scree along with a few pottery and bones and was not occupied by the i",IAR_2003-04__asi115.txt
2003-04,Rouletted,diagnostic,,,140,,"d to one season is incomplete. Hence precise dating is not possible to assign, unless further excavation is carried out. The absolute date cannot be ascribable to the excavated levels. As regards the dating of the early historical levels, the evidences like coins of the Maharathis and Satavahanas and the ceramics like Rouletted, Russet-coated painted and Red Polished Wares, etched carnelian beads are significant. These deposits could be safely datable to the first-third century AD. The early medieval locality yielded brick structures possibly of atemple with a sixteen plllared-mandapa.Two coins were found from this locality. The brick structures were encountered below the stone temples at Pa",IAR_2003-04__asi115.txt
2004-05,Kollam,Nelkynda,,,103,,"general. The discovery of fascinating relics of Buddhist culture in the heart of the southern Karnataka proves that Buddhism prevailed in this region as opulently as in any other part of the contemporary south India. 36. Expr,oRATroN lr,* DrsrRrcr Kor,r,xu During a recent exploration in Perumkulam near Kottarakkara in Kollam district P. Rajendran, of the Department of History Kerala University, discovered a large number of Um-burials and a few Cist burials in the laterite table land at Kallaravila. Cistburials are made of large gneissic rock slabs of 3 to 4 m long and a thickness of one foot. They are mostly disturbed due to earlier digging. Urn-burials consist of large jars having three to",IAR_2004-05__asi116.txt
2005-06,Kollam,Nelkynda,,,52,,"e related with the information gathered from the inscription as this could serve a stunning archaeological confirmation, with the horrifying description of the disastrous battle narrated in the inscription. 15. Expr,onATroN rN KularuupuzuA, DrsrRrcr Kollavr During a recent archaeological exploration in Kulathupuzha of Kollam district in South Kerala, P. Rajendran discovered a Cist-burial within a stone alignment at Kuvakkad. The site is situated at the foot-hills of the Western Ghats, and the region was thickly forested till recent times. The stone alignment is rectangularhaving 15 m length and 6.5 m breadth, in east-west direction. Stone slabs of 6 to 8 inches thickness, of various sizes, a",IAR_2005-06__asi113.txt
2006-07,Kollam,Nelkynda,35,"MUGHAL INSCRIPTION, KANNAUJ, DIS",161,,"the neolithic evidences in Kerala, found from all the three physiographical zones indicate that the region was well inhab- ited by the neolithic people during the late Ho- locene period. The present find from Mampallikunnam is the second evidence next to the one from Mantrothuruth discovered by Rajendran in 1989 from Kollam district. The implement measures 15x8x5cm in length, breadth and thickness respectively. The tool has a wide slightiy convex working edge at the dis- tal end and it retains pointed proximal end. The implement has an oval cross section and bilat- eral symmetry and is made by flaking, pecking, and grinding. 5. MESOLITHIC IMPLEMENTS FROM MURIKKATTUKUDIYL GOVERNMENT TRIBA",IAR_2006-07__asi22.txt
2006-07,Kollam,Nelkynda,35,"MUGHAL INSCRIPTION, KANNAUJ, DIS",166,,"lements. Their typology and morphology amply prove the technological ex- pertise on the quartz raw material by the stone age people who inhabited in this part of the country. 6. NEOLITHIC STONE AXE FROM PALARUVI, DISTRICT KOLLAM J.S. Deepu, UGC researcher in the Deptt. of History, Kerala University at Kariavattom, in Kollam district has discovered a broken neolithic stone axe from the down stream away from the Palaruvi water fall on the pebble bed in the highland region. The tool is made of gran- ite rock and it is a broken piece retaining the distal half end of the tool. The cutting edge of the tool is very much blunted definitely due to extensive use. It is for the first time a neolithic",IAR_2006-07__asi22.txt
2006-07,Kallada,Bakare,35,"MUGHAL INSCRIPTION, KANNAUJ, DIS",166,,"on the pebble bed in the highland region. The tool is made of gran- ite rock and it is a broken piece retaining the distal half end of the tool. The cutting edge of the tool is very much blunted definitely due to extensive use. It is for the first time a neolithic axe has been discovered from the higher reaches of the Kallada river basin. TAMILNADU 9. DISCOVERY OF BRONZE IDOLS, AIRVATESWARA TEMPLE, DARASURAM, DISTRICT THANJAVUR During the current year, the work of conservation of the dilapidated out of plumb corridor on the northwest corner of Airvateswara temple, Darasuram, district Thanjavur, thirteen bronze idols and one bronze bowl were unearthed from a depth varying from 1-2m. The type",IAR_2006-07__asi22.txt
2006-07,amphora,diagnostic,44,EXPLORATION/VILLAGE TO VILLAGE SUR,143,,"ith knife-tip-impressions, lotus-petal- impressions, etc. A circular dish like medallion with the design of full-blown lotus (red ware) is interesting. The common shapes are vase, vessel, storage jar, bowl with round-base, flat- base and ring-base, deep-bowl, carinated-vase, fry-pan, spouted-vase, sprinkler-type vase, amphora-type long-naked jar, tumbler-type cylindrical pot, etc. The miniature pot, bowls with round base, dishes with high neck and stamped designs on the inner surface, are predominantly grey in colour. Most of the potteries are well-fired, wheel-made and are of well-levigated clay, though the hand-made potteries with coarse-grained fabric are also available, though the number",IAR_2006-07__asi22.txt
2006-07,rouletted,diagnostic,44,EXPLORATION/VILLAGE TO VILLAGE SUR,143,,"ics of an urban settlement, including the trade relations with other places through the river Piyali, (a tributary of the Matla) and the Bay of Bengal. This is corroborated with the materials, recovered through the excavation, like copper, bronze and its alloys, iron, semiprecious stones (carnelian, chalcedony, agate) rouletted wares, etc. The study of the depositions indicate that the area was covered with the mangrove forest and was destroyed with the fire activities through natural process and subsequently it was flooded with the long- term fluvial activities with thick alluvium deposit in the region.The soil under the purview of Period III is characterised with the nature of salinity and",IAR_2006-07__asi22.txt
2006-07,rouletted,diagnostic,44,EXPLORATION/VILLAGE TO VILLAGE SUR,143,,"dominant varieties of the ceramic assemblage. Grey wares including dark-grey and grey with red patches are common varieties. Among the other varieties, black-slipped wares and black and red wares are also available at the site.The stamped-designs on the red and on the grey wares are commonly available. A few pieces of rouletted wares and NBPW have also been collected from the site through excavation. A grey sherd with the grafitti-mark like Brahmi ‘ka’ is an interesting finding of this year.Two grey sherds have been found with a figure of human and the mouth of a bird, deserves special mention,which was drawn with incised lines.Various incised designes and stamps on the sherds have been reco",IAR_2006-07__asi22.txt
2008-09,Pattanam,Muziris,,,82,,"a flake has also been discovered. Unifacial secondary flaking from the dorsal surface along the two margins is clear and the tool is slightly rolled. These palaeolithic implements are discovered for the first time from Kasargod district. 29. EXCAVATION AND EXPLORATION AT PATTANAM, DISTRICT ERANAKULAM: Pattanam (10° 09.434'; 76° 12.587') is a hamlet under Vadakkekkara revenue village in Paravur taluk of Ernakulam District. The site is located in the delta of the river Periyar, about 25km north of Ernakulam/Kochi. About one km south of the site, flows the Paravur Todu, a tributary of the river Periyar. The Arabian Sea is about 4km west of the site. About one km f",IAR_2008-09__asi20.txt
2008-09,Pattanam,Muziris,,,82,,"th of Ernakulam/Kochi. About one km south of the site, flows the Paravur Todu, a tributary of the river Periyar. The Arabian Sea is about 4km west of the site. About one km from the western boundary of the site is the Tattapally River or Munambam kayal, a backwater body that runs parallel to the Arabian Sea. Pattanam is densely populated and land is mostly owned by families. The site has been considerably disturbed by various activities like digging for wells, ponds, house construction and agricultural activities. Another noteworthy feature of the site is the network of canals linking the area with the Paravur Todu and the Tattappally River and many residents remember tha",IAR_2008-09__asi20.txt
2008-09,Pattanam,Muziris,,,83,,"of the site; study the spatio- temporal organization of the settlement, re- construct the palaeo-environment, understand the layout of the port-town; study its industrial output and technological legacy, unravel the cross cultural movements; map the maritime heritage of the west coast, evaluate the role of Pattanam in the Indian ocean trade, study the state and polity of the region, locate Muziris the ancient trade emporium on the west coast, and establish site museums and interpretation centers at Pattanam. The excavation adopted ‘locus methodology’ which distinguishes each layer/feature/pit/structure/activity (termed as locus) on the basis of colour (measured",IAR_2008-09__asi20.txt
2008-09,Pattanam,Muziris,,,83,,"acy, unravel the cross cultural movements; map the maritime heritage of the west coast, evaluate the role of Pattanam in the Indian ocean trade, study the state and polity of the region, locate Muziris the ancient trade emporium on the west coast, and establish site museums and interpretation centers at Pattanam. The excavation adopted ‘locus methodology’ which distinguishes each layer/feature/pit/structure/activity (termed as locus) on the basis of colour (measured by Munsell colour chart), texture and composition. Each locus was excavated as one unit. The top and bottom levels of each locus in relation to the trench datum point along with its other dimens",IAR_2008-09__asi20.txt
2008-09,Pattanam,Muziris,,,83,,"t. The top and bottom levels of each locus in relation to the trench datum point along with its other dimensions were measured. The top plan of each locus was drawn to scale. As excavation preceded, the Harris matrix, depicting the relationships between the different loci was prepared. The core area of the Pattanam site covers about 0.5sq.km (45 hectares). The northeastern part of the site was selected for digging. This choice was partially due to the unwillingness of local people to provide land for excavation. Five trenches (PT 08 VII, VIII, IX, X, XI) covering an area of ca. 160sq.m were excavated in the northeastern part of the site almost adjacent to the tren",IAR_2008-09__asi20.txt
2008-09,Pattanam,Muziris,,,83,,"tern part of the site almost adjacent to the trenches of 2007. In addition, in the northeastern part of the site at the Padamadathil house plot-three trenches (PT09-XII, XIII and XIV) measuring 5m x 3m was also dug. Towards the western side of the site, a fourth trench PT 09 XV measuring 4m x 2m was dug in the Pattanam Government LP School ground. A total area of ca. 60sq.m was excavated in 2009. Pattanam is a multi-cultural site that seems to have been occupied from the early centuries of the first millennium BCE. Based on the stratigraphic, artefactual, Accelerator Mass Spectrometry (AMS), radio carbon dating and other chronometric analyses, the ca 4m thick cultural dep",IAR_2008-09__asi20.txt
2008-09,Pattanam,Muziris,,,83,,"tern part of the site at the Padamadathil house plot-three trenches (PT09-XII, XIII and XIV) measuring 5m x 3m was also dug. Towards the western side of the site, a fourth trench PT 09 XV measuring 4m x 2m was dug in the Pattanam Government LP School ground. A total area of ca. 60sq.m was excavated in 2009. Pattanam is a multi-cultural site that seems to have been occupied from the early centuries of the first millennium BCE. Based on the stratigraphic, artefactual, Accelerator Mass Spectrometry (AMS), radio carbon dating and other chronometric analyses, the ca 4m thick cultural deposit can be divided into four cultural periods: Period I: The Iron Age-Early Historic Tra",IAR_2008-09__asi20.txt
2008-09,Pattanam,Muziris,,,83,,"ric occupation is marked by a plethora of imported Pottery. Roman Amphora, Terra Sigillata, WestAsian pottery and Turquoise Glazed Pottery (TGP) are the most important identified categories. Burnt bricks, triple- grooved tiles and huge quantities of local pottery including Indian Rouletted Ware suggest that Pattanam trading community [[PAGE 84]] INDIAN ARCHAEOLOGY 2008-09 – A REVIEW 78 had been engaging with emergent regional trade networks. The brick structures and post-holes are comparable to the Early Historic architectural features found at Arikamedu, Korkai, Azhakamkulam, Poompuhar (Kaveripattinam), Kodumanal and Porunthal excavation sites. Other interesting",IAR_2008-09__asi20.txt
2008-09,Pattanam,Muziris,,,85,,"and off-shore. The objective was to identify archeological remains like ancient shipwrecks and debris of structures. Rear Admiral HS Bhaktvatsala, VSM of Southern Naval Command flagged off the Survey and [[PAGE 85]] EXPLORATIONS AND EXCAVATIONS 79 Plate 37 Brick structure and toilet feature, Pattanam. [[PAGE 86]] INDIAN ARCHAEOLOGY 2008-09 – A REVIEW 80 Plate 38 Brick architecture, Pattanam. [[PAGE 87]] EXPLORATIONS AND EXCAVATIONS 81 Plate 39-40 Pattanam wharf, Eranakulam district, Pattanam. Brick architecture, Pattanam. [[PAGE 88]] INDIAN ARCHAEOLOGY 2008-09 – A REVIEW 82 Plate 41-42 Rope made out o",IAR_2008-09__asi20.txt
2008-09,Pattanam,Muziris,,,86,,"structures. Rear Admiral HS Bhaktvatsala, VSM of Southern Naval Command flagged off the Survey and [[PAGE 85]] EXPLORATIONS AND EXCAVATIONS 79 Plate 37 Brick structure and toilet feature, Pattanam. [[PAGE 86]] INDIAN ARCHAEOLOGY 2008-09 – A REVIEW 80 Plate 38 Brick architecture, Pattanam. [[PAGE 87]] EXPLORATIONS AND EXCAVATIONS 81 Plate 39-40 Pattanam wharf, Eranakulam district, Pattanam. Brick architecture, Pattanam. [[PAGE 88]] INDIAN ARCHAEOLOGY 2008-09 – A REVIEW 82 Plate 41-42 Rope made out of plant fibre, Pattanam. Northern section of the trench PT 08, VIII, Pattanam. [[PAGE 89]] EXPLORAT",IAR_2008-09__asi20.txt
2008-09,Pattanam,Muziris,,,87,,"the Survey and [[PAGE 85]] EXPLORATIONS AND EXCAVATIONS 79 Plate 37 Brick structure and toilet feature, Pattanam. [[PAGE 86]] INDIAN ARCHAEOLOGY 2008-09 – A REVIEW 80 Plate 38 Brick architecture, Pattanam. [[PAGE 87]] EXPLORATIONS AND EXCAVATIONS 81 Plate 39-40 Pattanam wharf, Eranakulam district, Pattanam. Brick architecture, Pattanam. [[PAGE 88]] INDIAN ARCHAEOLOGY 2008-09 – A REVIEW 82 Plate 41-42 Rope made out of plant fibre, Pattanam. Northern section of the trench PT 08, VIII, Pattanam. [[PAGE 89]] EXPLORATIONS AND EXCAVATIONS 83 Plates 43-44 Stone beads, Pattanam. Cameo",IAR_2008-09__asi20.txt
2008-09,Pattanam,Muziris,,,87,,"IONS AND EXCAVATIONS 79 Plate 37 Brick structure and toilet feature, Pattanam. [[PAGE 86]] INDIAN ARCHAEOLOGY 2008-09 – A REVIEW 80 Plate 38 Brick architecture, Pattanam. [[PAGE 87]] EXPLORATIONS AND EXCAVATIONS 81 Plate 39-40 Pattanam wharf, Eranakulam district, Pattanam. Brick architecture, Pattanam. [[PAGE 88]] INDIAN ARCHAEOLOGY 2008-09 – A REVIEW 82 Plate 41-42 Rope made out of plant fibre, Pattanam. Northern section of the trench PT 08, VIII, Pattanam. [[PAGE 89]] EXPLORATIONS AND EXCAVATIONS 83 Plates 43-44 Stone beads, Pattanam. Cameo blanks, Pattanam. [[PAGE 90]] INDI",IAR_2008-09__asi20.txt
2008-09,Pattanam,Muziris,,,87,,"37 Brick structure and toilet feature, Pattanam. [[PAGE 86]] INDIAN ARCHAEOLOGY 2008-09 – A REVIEW 80 Plate 38 Brick architecture, Pattanam. [[PAGE 87]] EXPLORATIONS AND EXCAVATIONS 81 Plate 39-40 Pattanam wharf, Eranakulam district, Pattanam. Brick architecture, Pattanam. [[PAGE 88]] INDIAN ARCHAEOLOGY 2008-09 – A REVIEW 82 Plate 41-42 Rope made out of plant fibre, Pattanam. Northern section of the trench PT 08, VIII, Pattanam. [[PAGE 89]] EXPLORATIONS AND EXCAVATIONS 83 Plates 43-44 Stone beads, Pattanam. Cameo blanks, Pattanam. [[PAGE 90]] INDIAN ARCHAEOLOGY 2008-09 – A REVIEW",IAR_2008-09__asi20.txt
2008-09,Pattanam,Muziris,,,88,,"Plate 38 Brick architecture, Pattanam. [[PAGE 87]] EXPLORATIONS AND EXCAVATIONS 81 Plate 39-40 Pattanam wharf, Eranakulam district, Pattanam. Brick architecture, Pattanam. [[PAGE 88]] INDIAN ARCHAEOLOGY 2008-09 – A REVIEW 82 Plate 41-42 Rope made out of plant fibre, Pattanam. Northern section of the trench PT 08, VIII, Pattanam. [[PAGE 89]] EXPLORATIONS AND EXCAVATIONS 83 Plates 43-44 Stone beads, Pattanam. Cameo blanks, Pattanam. [[PAGE 90]] INDIAN ARCHAEOLOGY 2008-09 – A REVIEW 84 Plate 45-46 Indian rouletted ware sherd, Pattanam. Early Chera coins, Pattanam. [[PAGE 91]] EXPL",IAR_2008-09__asi20.txt
2008-09,Pattanam,Muziris,,,88,,"7]] EXPLORATIONS AND EXCAVATIONS 81 Plate 39-40 Pattanam wharf, Eranakulam district, Pattanam. Brick architecture, Pattanam. [[PAGE 88]] INDIAN ARCHAEOLOGY 2008-09 – A REVIEW 82 Plate 41-42 Rope made out of plant fibre, Pattanam. Northern section of the trench PT 08, VIII, Pattanam. [[PAGE 89]] EXPLORATIONS AND EXCAVATIONS 83 Plates 43-44 Stone beads, Pattanam. Cameo blanks, Pattanam. [[PAGE 90]] INDIAN ARCHAEOLOGY 2008-09 – A REVIEW 84 Plate 45-46 Indian rouletted ware sherd, Pattanam. Early Chera coins, Pattanam. [[PAGE 91]] EXPLORATIONS AND EXCAVATIONS 85 Diving Operations at Ko",IAR_2008-09__asi20.txt
2008-09,Pattanam,Muziris,,,89,,"attanam. Brick architecture, Pattanam. [[PAGE 88]] INDIAN ARCHAEOLOGY 2008-09 – A REVIEW 82 Plate 41-42 Rope made out of plant fibre, Pattanam. Northern section of the trench PT 08, VIII, Pattanam. [[PAGE 89]] EXPLORATIONS AND EXCAVATIONS 83 Plates 43-44 Stone beads, Pattanam. Cameo blanks, Pattanam. [[PAGE 90]] INDIAN ARCHAEOLOGY 2008-09 – A REVIEW 84 Plate 45-46 Indian rouletted ware sherd, Pattanam. Early Chera coins, Pattanam. [[PAGE 91]] EXPLORATIONS AND EXCAVATIONS 85 Diving Operations at Kottapuram, Kodungallur. The survey was carried out using Digital Side Scan Sonar interfaced with D",IAR_2008-09__asi20.txt
2008-09,Pattanam,Muziris,,,89,,"ure, Pattanam. [[PAGE 88]] INDIAN ARCHAEOLOGY 2008-09 – A REVIEW 82 Plate 41-42 Rope made out of plant fibre, Pattanam. Northern section of the trench PT 08, VIII, Pattanam. [[PAGE 89]] EXPLORATIONS AND EXCAVATIONS 83 Plates 43-44 Stone beads, Pattanam. Cameo blanks, Pattanam. [[PAGE 90]] INDIAN ARCHAEOLOGY 2008-09 – A REVIEW 84 Plate 45-46 Indian rouletted ware sherd, Pattanam. Early Chera coins, Pattanam. [[PAGE 91]] EXPLORATIONS AND EXCAVATIONS 85 Diving Operations at Kottapuram, Kodungallur. The survey was carried out using Digital Side Scan Sonar interfaced with Differential GPS and Echo Sounde",IAR_2008-09__asi20.txt
2008-09,Pattanam,Muziris,,,90,,"fibre, Pattanam. Northern section of the trench PT 08, VIII, Pattanam. [[PAGE 89]] EXPLORATIONS AND EXCAVATIONS 83 Plates 43-44 Stone beads, Pattanam. Cameo blanks, Pattanam. [[PAGE 90]] INDIAN ARCHAEOLOGY 2008-09 – A REVIEW 84 Plate 45-46 Indian rouletted ware sherd, Pattanam. Early Chera coins, Pattanam. [[PAGE 91]] EXPLORATIONS AND EXCAVATIONS 85 Diving Operations at Kottapuram, Kodungallur. The survey was carried out using Digital Side Scan Sonar interfaced with Differential GPS and Echo Sounder. A Digital Side Scan Sonar makes use of the sound energy to locate the seabed/riverbed undulations, which get repr",IAR_2008-09__asi20.txt
2008-09,Pattanam,Muziris,,,90,,"ion of the trench PT 08, VIII, Pattanam. [[PAGE 89]] EXPLORATIONS AND EXCAVATIONS 83 Plates 43-44 Stone beads, Pattanam. Cameo blanks, Pattanam. [[PAGE 90]] INDIAN ARCHAEOLOGY 2008-09 – A REVIEW 84 Plate 45-46 Indian rouletted ware sherd, Pattanam. Early Chera coins, Pattanam. [[PAGE 91]] EXPLORATIONS AND EXCAVATIONS 85 Diving Operations at Kottapuram, Kodungallur. The survey was carried out using Digital Side Scan Sonar interfaced with Differential GPS and Echo Sounder. A Digital Side Scan Sonar makes use of the sound energy to locate the seabed/riverbed undulations, which get represented on the digital trace as subme",IAR_2008-09__asi20.txt
2008-09,Pattanam,Muziris,,,91,,"jects, etc. The Side Scan Sonar images were analyzed to locate the potential spots for underwater diving and photography. The findings were inconclusive, but important to understand the sedimentation pattern evolved over the centuries due to accretion. Field surveys were organized in the area around 10km of Pattanam site during weekends to identify Early Historic satellite sites and to collect archaeological, anthropological and topographical information. A boat survey of about 20km distance in the vicinity of Pattanam was conducted to identify the paleo-channels that connect Pattanam mound with Paravur Thodu and Cheraikayal or Pallipuram channel. MADHYA PRADES",IAR_2008-09__asi20.txt
2008-09,Pattanam,Muziris,,,91,,"ed over the centuries due to accretion. Field surveys were organized in the area around 10km of Pattanam site during weekends to identify Early Historic satellite sites and to collect archaeological, anthropological and topographical information. A boat survey of about 20km distance in the vicinity of Pattanam was conducted to identify the paleo-channels that connect Pattanam mound with Paravur Thodu and Cheraikayal or Pallipuram channel. MADHYA PRADESH 30. EXPOSITION OF LAL BAGH, MANDU, DISTRICT DHAR: During the period under review, debris clearance work was carried out which exposed the evidences of ancient/medieval water works in this area. The area posses",IAR_2008-09__asi20.txt
2008-09,Pattanam,Muziris,,,91,,"zed in the area around 10km of Pattanam site during weekends to identify Early Historic satellite sites and to collect archaeological, anthropological and topographical information. A boat survey of about 20km distance in the vicinity of Pattanam was conducted to identify the paleo-channels that connect Pattanam mound with Paravur Thodu and Cheraikayal or Pallipuram channel. MADHYA PRADESH 30. EXPOSITION OF LAL BAGH, MANDU, DISTRICT DHAR: During the period under review, debris clearance work was carried out which exposed the evidences of ancient/medieval water works in this area. The area possess a symmetrical arrangement of terraces (platforms) interspersed by",IAR_2008-09__asi20.txt
2008-09,Kodungallur,Muziris,,,84,,"tiles have also been reported. The maximum size of intact bricks measured 40cm x 20cm x 7cm. Local pottery sherds numbering over 4 lakh imply the density of habitation at the site. The Kerala Council for Historical Research under the direction of P.J. Cherian has also conducted exploration in and around Kodungallur during the period under review. The objective was to identify Early Historic satellite sites and to collect archaeological, anthropological and topographical information. Relevant bits of information could be gathered from Mathilakam (north of Kodungallur), regarding its archaeological potential through surface findings and features. Edavilangu,",IAR_2008-09__asi20.txt
2008-09,Kodungallur,Muziris,,,84,,"n has also conducted exploration in and around Kodungallur during the period under review. The objective was to identify Early Historic satellite sites and to collect archaeological, anthropological and topographical information. Relevant bits of information could be gathered from Mathilakam (north of Kodungallur), regarding its archaeological potential through surface findings and features. Edavilangu, Kodungallur. However, this could not be followed up. The Naval Hydrographic Team of Southern Naval Command of the Indian Navy organized underwater explorations in the rivers, backwaters and off-shore. The objective was to identify archeological r",IAR_2008-09__asi20.txt
2008-09,Kodungallur,Muziris,,,84,,"as to identify Early Historic satellite sites and to collect archaeological, anthropological and topographical information. Relevant bits of information could be gathered from Mathilakam (north of Kodungallur), regarding its archaeological potential through surface findings and features. Edavilangu, Kodungallur. However, this could not be followed up. The Naval Hydrographic Team of Southern Naval Command of the Indian Navy organized underwater explorations in the rivers, backwaters and off-shore. The objective was to identify archeological remains like ancient shipwrecks and debris of structures. Rear Admiral HS Bhaktvatsala, VSM of Southern Naval",IAR_2008-09__asi20.txt
2008-09,Kodungallur,Muziris,,,91,,"es 43-44 Stone beads, Pattanam. Cameo blanks, Pattanam. [[PAGE 90]] INDIAN ARCHAEOLOGY 2008-09 – A REVIEW 84 Plate 45-46 Indian rouletted ware sherd, Pattanam. Early Chera coins, Pattanam. [[PAGE 91]] EXPLORATIONS AND EXCAVATIONS 85 Diving Operations at Kottapuram, Kodungallur. The survey was carried out using Digital Side Scan Sonar interfaced with Differential GPS and Echo Sounder. A Digital Side Scan Sonar makes use of the sound energy to locate the seabed/riverbed undulations, which get represented on the digital trace as submerged objects, etc. The Side Scan Sonar images were analyzed to locate the potential spots for underw",IAR_2008-09__asi20.txt
2008-09,Mathilakam,Muziris,,,84,,"irection of P.J. Cherian has also conducted exploration in and around Kodungallur during the period under review. The objective was to identify Early Historic satellite sites and to collect archaeological, anthropological and topographical information. Relevant bits of information could be gathered from Mathilakam (north of Kodungallur), regarding its archaeological potential through surface findings and features. Edavilangu, Kodungallur. However, this could not be followed up. The Naval Hydrographic Team of Southern Naval Command of the Indian Navy organized underwater explorations in the rivers, backwaters and off-shore. The objective was to ide",IAR_2008-09__asi20.txt
2008-09,Paravur,Muziris,,,82,,"e along the two margins is clear and the tool is slightly rolled. These palaeolithic implements are discovered for the first time from Kasargod district. 29. EXCAVATION AND EXPLORATION AT PATTANAM, DISTRICT ERANAKULAM: Pattanam (10° 09.434'; 76° 12.587') is a hamlet under Vadakkekkara revenue village in Paravur taluk of Ernakulam District. The site is located in the delta of the river Periyar, about 25km north of Ernakulam/Kochi. About one km south of the site, flows the Paravur Todu, a tributary of the river Periyar. The Arabian Sea is about 4km west of the site. About one km from the western boundary of the site is the Tattapally River or Munambam kayal, a back",IAR_2008-09__asi20.txt
2008-09,Paravur,Muziris,,,82,,"EXPLORATION AT PATTANAM, DISTRICT ERANAKULAM: Pattanam (10° 09.434'; 76° 12.587') is a hamlet under Vadakkekkara revenue village in Paravur taluk of Ernakulam District. The site is located in the delta of the river Periyar, about 25km north of Ernakulam/Kochi. About one km south of the site, flows the Paravur Todu, a tributary of the river Periyar. The Arabian Sea is about 4km west of the site. About one km from the western boundary of the site is the Tattapally River or Munambam kayal, a backwater body that runs parallel to the Arabian Sea. Pattanam is densely populated and land is mostly owned by families. The site has been considerably disturbed by various activ",IAR_2008-09__asi20.txt
2008-09,Paravur,Muziris,,,82,,"abian Sea. Pattanam is densely populated and land is mostly owned by families. The site has been considerably disturbed by various activities like digging for wells, ponds, house construction and agricultural activities. Another noteworthy feature of the site is the network of canals linking the area with the Paravur Todu and the Tattappally River and many residents remember that these canals were used by boats until mid-20th century. The excavations were carried out under the direction of P.J. Cherian, Director, Kerala Council for Historical Reseach in collaboration with various research institutes and universities of India and foreign [[PAGE 83]] EXPLORATIONS AND E",IAR_2008-09__asi20.txt
2008-09,Paravur,Muziris,,,91,,"und 10km of Pattanam site during weekends to identify Early Historic satellite sites and to collect archaeological, anthropological and topographical information. A boat survey of about 20km distance in the vicinity of Pattanam was conducted to identify the paleo-channels that connect Pattanam mound with Paravur Thodu and Cheraikayal or Pallipuram channel. MADHYA PRADESH 30. EXPOSITION OF LAL BAGH, MANDU, DISTRICT DHAR: During the period under review, debris clearance work was carried out which exposed the evidences of ancient/medieval water works in this area. The area possess a symmetrical arrangement of terraces (platforms) interspersed by water channels besi",IAR_2008-09__asi20.txt
2008-09,Muziris,ancient name,,,83,,"the palaeo-environment, understand the layout of the port-town; study its industrial output and technological legacy, unravel the cross cultural movements; map the maritime heritage of the west coast, evaluate the role of Pattanam in the Indian ocean trade, study the state and polity of the region, locate Muziris the ancient trade emporium on the west coast, and establish site museums and interpretation centers at Pattanam. The excavation adopted ‘locus methodology’ which distinguishes each layer/feature/pit/structure/activity (termed as locus) on the basis of colour (measured by Munsell colour chart), texture and composition. Each locus was excavated as",IAR_2008-09__asi20.txt
2008-09,Roman coin,diagnostic,,,56,,"is the predominant form. A large number of antiquities including copper and silver coins, beads, bangles, figurines, dice, terracotta sealing and metal objects have been recovered from this cutting. Mention may be made of one terracotta sealing which bears a Brahmi legend on one side and an impression of a Roman coin on other side. It provides evidence of early historical trade links with the Roman Empire. 16. EXPLORATION ON THE JUNAGADH COAST: Field exploration was undertaken along the Junagadh coast in Gujarat by Arati Deshpande Mukherjee along with Sushama Deo of Deccan College, Pune. Investigation was mainly undertaken between Diu and Somnath. The basic object",IAR_2008-09__asi20.txt
2008-09,Rouletted,diagnostic,,,23,,"ds, leaves, rosettes etc (pls. 11-12) are stamped or impressed upon them. Most of these decorative designs appear on the pottery from the Kushan levels. Other types of incised decorations include ribbed, basket, quadruple, crosses and criss-cross designs, done with the help of beater. Besides, Arretine ware and Rouletted ware (first-second century CE), Chinese Celadon ware (tenth-twelth century CE) and green glazed ware (sixteenth-seventeenth century CE) have also been found. Among the notable antiquities of this season's excavation, mention may be made of one miniature terracotta Siva-linga (pl. 13), terracotta sealing impressed on a burnt- clay lump (pl. 14), and iron obje",IAR_2008-09__asi20.txt
2008-09,Rouletted,diagnostic,,,83,,"4th c. CE). The Early Historic occupation is marked by a plethora of imported Pottery. Roman Amphora, Terra Sigillata, WestAsian pottery and Turquoise Glazed Pottery (TGP) are the most important identified categories. Burnt bricks, triple- grooved tiles and huge quantities of local pottery including Indian Rouletted Ware suggest that Pattanam trading community [[PAGE 84]] INDIAN ARCHAEOLOGY 2008-09 – A REVIEW 78 had been engaging with emergent regional trade networks. The brick structures and post-holes are comparable to the Early Historic architectural features found at Arikamedu, Korkai, Azhakamkulam, Poompuhar (Kaveripattinam), Kodumanal and Porunthal excavat",IAR_2008-09__asi20.txt
2008-09,Rouletted,diagnostic,,,138,,"t fingernail and with a round butt or butt-end) along with iron slag and other materials possibly associated with metalwork. Clusters of artefacts continued to offer similar, if not the same, features at various depths of 4cm, 48cm, 54cm and 61cm, which were encountered at the upper levels. The appearance of Rouletted ware along with two sherds of black-slipped ware from the depth of 67cm is certainly an important evidence for the reconstruction of various issues of the early historic period. The core is compact grey and the surface is polished and smooth and black in colour. It may be noted here that two of the three sherds of the early historic ware were alsofound asso",IAR_2008-09__asi20.txt
2008-09,Rouletted,diagnostic,,,138,,"f 67cm is certainly an important evidence for the reconstruction of various issues of the early historic period. The core is compact grey and the surface is polished and smooth and black in colour. It may be noted here that two of the three sherds of the early historic ware were alsofound associated with this Rouletted sherd. Thus, the occurrence of red ware, BRW along with early historic pottery is helpful in dating the deposits of the exposed assemblage to the early centuries of the Christian era if not later. However, as we descended deeper, the amount/concentration of slag and other specimens related to metal work remained the same. So, we assessed the potential of the",IAR_2008-09__asi20.txt
2008-09,Rouletted,diagnostic,,,139,,t the striated impression without twists and knots are probably the result of the application of tortoise shell of different age groups as dabber. A large number of tortoise shells were obtained during the excavation. It may be noted that a steady occurrence of a red- slipped ware in association with BRW and a Rouletted ware at Manasatala mound among stratigraphic assemblages associated with early historic deposits is a feature of the BRW phase at Dihar. The Rouletted ware was represented by a single sherd recovered from a depth of 67cm. The core is compact grey and the surface is polished and smooth and black in colour. It may be noted here that two of the three sherds of,IAR_2008-09__asi20.txt
2008-09,Rouletted,diagnostic,,,139,,"arge number of tortoise shells were obtained during the excavation. It may be noted that a steady occurrence of a red- slipped ware in association with BRW and a Rouletted ware at Manasatala mound among stratigraphic assemblages associated with early historic deposits is a feature of the BRW phase at Dihar. The Rouletted ware was represented by a single sherd recovered from a depth of 67cm. The core is compact grey and the surface is polished and smooth and black in colour. It may be noted here that two of the three sherds of early historic ware were also found associated with this Rouletted ware sherd. The bone industry, as shown by artefacts prepared from worked bones an",IAR_2008-09__asi20.txt
2008-09,Rouletted,diagnostic,,,139,,"re of the BRW phase at Dihar. The Rouletted ware was represented by a single sherd recovered from a depth of 67cm. The core is compact grey and the surface is polished and smooth and black in colour. It may be noted here that two of the three sherds of early historic ware were also found associated with this Rouletted ware sherd. The bone industry, as shown by artefacts prepared from worked bones and antlers in Dihar is quite rich. Artefacts made of bones increased markedly in number and variety in the BRW phase. The classification of worked bone assemblages could mainly follow a functional theme. In general, the tools can be linked to hunting, sewing and weaving activit",IAR_2008-09__asi20.txt
2008-09,rouletted,diagnostic,,,90,,"Rope made out of plant fibre, Pattanam. Northern section of the trench PT 08, VIII, Pattanam. [[PAGE 89]] EXPLORATIONS AND EXCAVATIONS 83 Plates 43-44 Stone beads, Pattanam. Cameo blanks, Pattanam. [[PAGE 90]] INDIAN ARCHAEOLOGY 2008-09 – A REVIEW 84 Plate 45-46 Indian rouletted ware sherd, Pattanam. Early Chera coins, Pattanam. [[PAGE 91]] EXPLORATIONS AND EXCAVATIONS 85 Diving Operations at Kottapuram, Kodungallur. The survey was carried out using Digital Side Scan Sonar interfaced with Differential GPS and Echo Sounder. A Digital Side Scan Sonar makes use of the sound energy to locate the seabed/riverbed undul",IAR_2008-09__asi20.txt
2009-10,amphora,diagnostic,,,95,,"o limited seasonal water source. Another field work was carried out under the direction of B. C. Deotare accompanied by P. D. Sable and S. S. Naik in coastal region of Konkan area especially around Kuda and Mandad area. Some early Historic localities were found with the recovery of pottery containing pieces of amphora indicating trading contact with other region. There is enough scope to work for establishing correlation with inland sites. For palaeo-environmental point of view, it is quite interesting to have archaeological material remains to correlate with palynological data from the intact and controlled locations (pl. 33). During exploration indigenous wares lik",IAR_2009-10__asi19.txt
2009-10,Rouletted,diagnostic,,,12,,"y of finger grooved single and double holed backed tiles having rice husk impressions. The pottery shape includes storage jars; big, medium and small globular bodied vases and basins; small to big vases; lipped rim; flask and lota. Number of saddle and querns represents the kitchen items etc. A singular find of Rouletted ware sherd is a noteworthy find of this period (fig. 3). The antiquarian finds includes human and terracotta figurines, wheels, hopscotches, beads mostly representing the arecanut shape, semiprecious stone beads of which banded agate accounts for the most number, ivory dice, a good quantity of iron antiquities were unearthed in the form of nails, knife, ar",IAR_2009-10__asi19.txt
2009-10,Rouletted,diagnostic,,,13,,"h clockwise and anti-clockwise, star, floral, geometric and tri-ratna. Structurally, it has yielded burnt brick built rooms of various sizes, drain and walls. In association with these structures, bigger post holes dug through the brick and [[PAGE 13]] EXPLORATIONS AND EXCAVATIONS 7 Fig. 3 Malhar: Rouletted Ware sherd [[PAGE 14]] INDIAN ARCHAEOLOGY 2009-10 – A REVIEW 8 Fig.4 Malhar: Chhatrapa coin, Obv. and Rev. [[PAGE 15]] EXPLORATIONS AND EXCAVATIONS 9 Plate: 1 Malhar: stamped potsherds [[PAGE 16]] INDIAN ARCHAEOLOGY 2009-10 – A REVIEW 10 good numbers of grooved tiles were also found.",IAR_2009-10__asi19.txt
2012-13,Pattanam,Muziris,33,EXCAVATION AT MAHARAJ,148,,"13 - A REVIEW 107 Sawyerpuram : 106, layout plan for excavation; 107, test-pit II, See p.137 106 Plates 106-107 [[PAGE 147]] 141 EXPLORATIONS AND EXCAVATIONS 108 Plates 108-109 109 Arpakkam : 108-109, excavated structures, See p.139 [[PAGE 148]] 142 INDIAN ARCHAEOLOGY 2012-13 - A REVIEW on the east and the Muciri (Pattanam) on the west in Kerala coast. Four trenches were laid in middle part of the 15 hectares of habitation mound and two graves were opened in the 40 hectares of burial complex. The excavations yielded 185cm early historic cultural deposit. The people of the early phase were mostly arti- sans working on semiprecious stones particu- larly rock crystal and carnelian and the p",IAR_2012-13__asi16.txt
2013-14,Roman coin,diagnostic,,,154,,"ons datable to circa 10th century CE found earlier near the tank little away from the site refers the place as Tiruvadiyaputtur and donations to the Siva temple once stood here. Similar to that of Dombicheri, another site that receive attention is that of Uttamapuram in Teni district known for the discovery of Roman coin hoard in 1997. But again, re-visitation to the habitation mound reported earlier was found to be completely converted into residential complex inflicting major damage to the site. However, one may presume that the above sites coupled with the recent path breaking discovery of Tamil Brahmi inscribed hero stones at Thathappatti and Pulimankombai show that this",IAR_2013-14__asi15.txt
2013-14,Rouletted,diagnostic,,,156,,"ed for a longer period until and otherwise there existed much earlier active trade network in this area. To strengthen this fact, the sites of Valasai near Nayinar kovil and Landai near Ramanathapuram yielded much important evidence in the form of Roman rouletted and Arretine ware(?). The site of Landai yielded Rouletted ware along with Russet coated painted black and red ware. This is perhaps the first time that russet coated ware occurs in the southernmost tip of Tamil Nadu. In addition to the above, the site of Kizhsethai near Uttarakosamangai has also yielded Rouletted ware recently. All these evidences suggest that right from the early historic times these trade",IAR_2013-14__asi15.txt
2013-14,Rouletted,diagnostic,,,156,,"Arretine ware(?). The site of Landai yielded Rouletted ware along with Russet coated painted black and red ware. This is perhaps the first time that russet coated ware occurs in the southernmost tip of Tamil Nadu. In addition to the above, the site of Kizhsethai near Uttarakosamangai has also yielded Rouletted ware recently. All these evidences suggest that right from the early historic times these trade routes remained active on either side of Vaigai river connecting the port city of Alagankulam through hinterland centers upto the Pandyan capital city of Madurai and further beyond connecting the Chera country. Thus the above facts has proved beyond doubt that t",IAR_2013-14__asi15.txt
2013-14,Rouletted,diagnostic,,,173,,"N 09° 29’ 2 ” E 7 ° 32’ 05’’ Iron age cum historic habitation site Kizhkavanur Paramakudi Ramanatha puram N 09° 29’ 34” E 7 ° 34’ 17’’ Iron age cum historic habitation site Landai Ramanatha puram Ramanatha puram N 09° 29’ 40” E 7 ° 45’ 99’’ Iron age cum historic habitation site, Russet coated ware, Rouletted ware [[PAGE 174]] INDIAN ARCHAEOLOGY 2013-14 – A REVIEW 168 P.Siragikottai Paramakudi Ramanatha puram N 09° 29’ 6 ” E 7 ° 41’ 93’’ Iron age cum historic habitation site, c. 12th – 13th cent CE temple remains Chittur Ramanatha puram Ramanatha puram N 09° 29’ 0” E 7 ° 47’ 55’’ c. 12th – 13th cent CE image Kalliyadiyendal Paramakudi Ramanatha p",IAR_2013-14__asi15.txt
2013-14,Rouletted,diagnostic,,,175,,"EXCAVATIONS 169 puram E 7 ° 39’ 77’’ habitation site Kizayakkudi Ilayankudi Ramanatha puram N 09° 32’ 29” E 7 ° 3 ’ 91’’ Iron age cum historic habitation site, c. 18th – 19th cent CE inscription Valasai Ilayankudi Ramanatha puram N 09° 32’ 46” E 7 ° 39’ 64’’ Iron age cum historic habitation site, Rouletted, pot sherds Emaneswaram Paramakudi Ramanatha puram N 09° 32’ 57” E 7 ° 35’ 5 ’’ c. 12th – 13th cent CE Siva temple Pampuvilunthan Paramakudi Ramanatha puram N 09° 32’ 6 ” E 7 ° 34’ 62’’ Iron age cum historic habitation site Perumbacheri Ilayankudi Ramanatha puram N 09° 32’ 70” E 7 ° 37’ 34’’ c. 12th – 13th cent CE inscriptions, sculptures, Iron",IAR_2013-14__asi15.txt
2013-14,rouletted,diagnostic,,,156,,"excavation. These ancient settlements could have not thrived for a longer period until and otherwise there existed much earlier active trade network in this area. To strengthen this fact, the sites of Valasai near Nayinar kovil and Landai near Ramanathapuram yielded much important evidence in the form of Roman rouletted and Arretine ware(?). The site of Landai yielded Rouletted ware along with Russet coated painted black and red ware. This is perhaps the first time that russet coated ware occurs in the southernmost tip of Tamil Nadu. In addition to the above, the site of Kizhsethai near Uttarakosamangai has also yielded Rouletted ware recently. All these evidences s",IAR_2013-14__asi15.txt
?,Roman coin,diagnostic,27,COPPER,189,,"i (who is mentioned above with his dignified titles). 178 WEST BENGAL [[PAGE 189]] ANDHRA PRADESH 1. GOLD COINS, DISTRICT KRISHNA The Department of Archaeology and Museums, the Government of Andhra Pradesh, received from the office of the State Collectorate thirty-one coins as treasure trove. These are Roman coins, from Penuganchiprolu and Mandal villages, in gold. 2. BILLON COINS, SIRPUR, DISTRICT MAHASAMUND Two billon coins were received from A.K. Sharma, Director, Bodhi Satwa Nagarjuna Memorial Institute and Research Centre, Nagpur, for study and a report thereon by the Director (Epigraphy), Arabic and Persian Inscriptions, Nagpur. Two coins were known type of bil",IAR_indianarchaeology2__indianarchaeology20002001are.txt
