port,query,year,title,authors,venue,type,cited_by,doi,url,is_oa,oa_pdf,on_topic,strand
Rhapta,Rhapta Periplus,1834,SCYLACIS CARYANDENSIS PERIPLUS.,,Hecataei Milesii Fragmenta,book-chapter,0,10.1515/9783112665329-005,https://doi.org/10.1515/9783112665329-005,N,,,archaeology
Rhapta,Rhapta Periplus,2022,"Xenophon, Diodorus, Periplus Ponti Euxini, and Anonymous Periplus Ponti Euxini",,Who Were the Plunderers of Salmydessus?,book-chapter,0,10.2307/j.ctv2v14cg5.8,https://doi.org/10.2307/j.ctv2v14cg5.8,N,,,archaeology
Rhapta,Rhapta Periplus,2021,Rhapta,,Encyclopedic Dictionary of Archaeology,book-chapter,0,10.1007/978-3-030-58292-0_180277,https://doi.org/10.1007/978-3-030-58292-0_180277,N,,Y,other
Rhapta,Rhapta Periplus,2025,On Dachinabades and Limyrike in the Periplus Maris Erythraei,"Romanis, F.",Re-Evaluating the Periplus of the Erythraean Sea,book-chapter,0,10.1163/9789004752160_014,https://doi.org/10.1163/9789004752160_014,N,,,archaeology
Rhapta,Rhapta Periplus,,Periplus maris Erythraei (2036),,Jacoby Online,dataset,0,10.1163/1873-5363_fgrh.2036.bnjo-1-comm2-eng,https://doi.org/10.1163/1873-5363_fgrh.2036.bnjo-1-comm2-eng,N,,,archaeology
Rhapta,Rhapta Periplus,,Periplus,,Otherhood,book-chapter,0,10.2307/j.ctt7zw9h0.11,https://doi.org/10.2307/j.ctt7zw9h0.11,N,,,archaeology
Rhapta,Rhapta Periplus,,Periplus maris Erythraei (2036),,Jacoby Online,dataset,0,10.1163/1873-5363_fgrh.2036.bnjo-1-comm3-eng,https://doi.org/10.1163/1873-5363_fgrh.2036.bnjo-1-comm3-eng,N,,,archaeology
Rhapta,Rhapta Periplus,,Periplus maris Erythraei (2036),,Jacoby Online,dataset,0,10.1163/1873-5363_fgrh.2036.bnjo-1-comm1-eng,https://doi.org/10.1163/1873-5363_fgrh.2036.bnjo-1-comm1-eng,N,,,archaeology
Rhapta,Rhapta Periplus,2025,The Periplus Maris Erythraei The Geographical Scopes of a Compilation,"Arnaud, P.",Re-Evaluating the Periplus of the Erythraean Sea,book-chapter,0,10.1163/9789004752160_004,https://doi.org/10.1163/9789004752160_004,N,,,archaeology
Rhapta,Rhapta Periplus,,Periplus maris Erythraei (2036) Edition (FGrHist V),,Jacoby Online,dataset,0,10.1163/1873-5363_jcv_a2036,https://doi.org/10.1163/1873-5363_jcv_a2036,N,,,archaeology
Rhapta,Rhapta Periplus,2025,The Persian Gulf in the Periplus of the Erythraean Sea: Current Knowledge and Deficiencies,"Salles, J.",Re-Evaluating the Periplus of the Erythraean Sea,book-chapter,0,10.1163/9789004752160_013,https://doi.org/10.1163/9789004752160_013,N,,,archaeology
Rhapta,Rhapta Periplus,,Periplus,,Lexikon des gesamten Buchwesens Online,dataset,0,10.1163/9789004337862__com_160440,https://doi.org/10.1163/9789004337862__com_160440,N,,,archaeology
Rhapta,Rhapta Periplus,,Periplus,,Der Neue Pauly,dataset,0,10.1163/1574-9347_dnp_e914530,https://doi.org/10.1163/1574-9347_dnp_e914530,N,,,archaeology
Rhapta,Rhapta Periplus,2023,"periplus, n.",,Oxford English Dictionary,book-chapter,0,10.1093/oed/1056526416,https://doi.org/10.1093/oed/1056526416,N,,,archaeology
Rhapta,Rhapta Periplus,,Periplus maris Erythraei (2036),,Jacoby Online,dataset,0,10.1163/1873-5363_fgrh.2036.bnjo-1-tr1-eng,https://doi.org/10.1163/1873-5363_fgrh.2036.bnjo-1-tr1-eng,N,,,archaeology
Rhapta,Rhapta Periplus,2025,Reflections of the Periplus in Medieval Arab Sources: The Case of Trade Products,"Vallet, E.",Re-Evaluating the Periplus of the Erythraean Sea,book-chapter,0,10.1163/9789004752160_016,https://doi.org/10.1163/9789004752160_016,N,,,archaeology
Rhapta,Rhapta Periplus,,Periplus,,Lexikon des gesamten Buchwesens Online,dataset,0,10.1163/9789004337862_lgbo_com_160440,https://doi.org/10.1163/9789004337862_lgbo_com_160440,N,,,archaeology
Rhapta,Rhapta Periplus,2010,Scylacis Periplus,,Geographi Graeci minores,book-chapter,0,10.1017/cbo9780511711176.004,https://doi.org/10.1017/cbo9780511711176.004,N,,,archaeology
Rhapta,Rhapta Periplus,,Periplus maris Erythraei (2036),,Jacoby Online,dataset,0,10.1163/1873-5363_fgrh.2036.bnjo-1-ed-grc,https://doi.org/10.1163/1873-5363_fgrh.2036.bnjo-1-ed-grc,N,,,archaeology
Rhapta,Rhapta Periplus,2025,Introduction,"Boussac, M.; Salles, J.; Yon, J.",Re-Evaluating the Periplus of the Erythraean Sea,book-chapter,0,10.1163/9789004752160_002,https://doi.org/10.1163/9789004752160_002,N,,,other
Rhapta,Rhapta Periplus,2014,Tajemnice narracji pierwszoosobowej czyli periplus w Dziejach Apostolskich,"Wojciechowska, K.",Biblica et Patristica Thoruniensia,journal-article,0,10.12775/bpth.2008.002,https://doi.org/10.12775/bpth.2008.002,Y,https://apcz.umk.pl/BPTh/article/download/BPTh.2008.002/3676,,archaeology
Rhapta,Rhapta Periplus,2025,The Periplus of the Erythraean Sea as a Nautical Report and a Piece of Geographical Scholarship,"Marcotte, D.",Re-Evaluating the Periplus of the Erythraean Sea,book-chapter,0,10.1163/9789004752160_003,https://doi.org/10.1163/9789004752160_003,N,,,archaeology
Rhapta,Rhapta Periplus,2013,Remarks on an Error in the Periplus,,The Classical Journal,book-chapter,0,10.1017/cbo9781139566087.032,https://doi.org/10.1017/cbo9781139566087.032,N,,,archaeology
Rhapta,Rhapta Periplus,1834,Frontmatter,,Hecataei Milesii Fragmenta,book-chapter,0,10.1515/9783112665329-fm,https://doi.org/10.1515/9783112665329-fm,Y,https://www.degruyter.com/document/doi/10.1515/9783112665329-fm/pdf,,other
Rhapta,Rhapta Periplus,,Periplus maris erythraei,"Belfiore, S.",Die Fragmente der Griechischen Historiker Part V,dataset,0,10.1163/1873-5363_jc5_a2036,https://doi.org/10.1163/1873-5363_jc5_a2036,N,,,archaeology
Rhapta,Rhapta Azania metropolis,1986,"Rhapta, Metropolis of Azania","Kirwan, L.",Azania: Archaeological Research in Africa,journal-article,8,10.1080/00672708609511370,https://doi.org/10.1080/00672708609511370,N,,Y,other
Rhapta,Rhapta Azania metropolis,1970,Rhapta: the Location and Importance of East Africa's first Port,"Datoo, B.",Azania: Archaeological Research in Africa,journal-article,18,10.1080/00672707009511528,https://doi.org/10.1080/00672707009511528,N,,Y,archaeology
Rhapta,Rhapta Azania metropolis,2016,A GIS Approach to Finding the Metropolis of Rhapta,"Hughes, C.; Post, R.",Early Exchange between Africa and the Wider Indian Ocean World,book-chapter,1,10.1007/978-3-319-33822-4_6,https://doi.org/10.1007/978-3-319-33822-4_6,Y,,Y,other
Rhapta,Rhapta Azania metropolis,2021,"A Find of Transoceanic Pottery at Bwejuu Island of the Rufiji Delta and Mafia Island, Tanzania: More Clue to the Elusive Ancient Azania’s Metropolis of Rhapta","Peter Ryano, M.; Arkard Chami, F.",International Journal of Archaeology,journal-article,1,10.11648/j.ija.20210901.14,https://doi.org/10.11648/j.ija.20210901.14,Y,http://article.sciencepublishinggroup.com/pdf/10.11648.j.ija.20210901.14.pdf,Y,archaeology
Rhapta,Rhapta Azania metropolis,2023,Sociocultural and economic aspects of the ancient Roman reported metropolis of Rhapta on the coast of Tanzania: Some Archaeological and historical perspectives,"Bita, C.; Bushozi, P.; Chami, F.",International Journal of Environment and Geoinformatics,journal-article,0,10.30897/ijegeo.1119368,https://doi.org/10.30897/ijegeo.1119368,Y,https://dergipark.org.tr/en/download/article-file/2439351,Y,archaeology
Rhapta,Rhapta Azania metropolis,2008,A new future for Azania,"Mitchell, P.",Azania: Archaeological Research in Africa,journal-article,0,10.1080/00672700809480455,https://doi.org/10.1080/00672700809480455,N,,Y,other
Rhapta,Rhapta Azania metropolis,1968,"Index Azania, Volumes I, II and III",,Azania: Archaeological Research in Africa,journal-article,0,10.1080/00672706809511503,https://doi.org/10.1080/00672706809511503,N,,Y,other
Rhapta,Rhapta Azania metropolis,2022,The Phenomenology of Azania,,Mabogo P. More,other,0,10.5040/9798881813598.ch-2,https://doi.org/10.5040/9798881813598.ch-2,N,,Y,other
Rhapta,Rhapta Azania metropolis,2015,Editorial: <i>Azania</i> at Fifty,"Lane, P.; Reid, A.",Azania: Archaeological Research in Africa,journal-article,4,10.1080/0067270x.2015.1108050,https://doi.org/10.1080/0067270x.2015.1108050,Y,https://www.tandfonline.com/doi/pdf/10.1080/0067270X.2015.1108050?needAccess=true,Y,other
Rhapta,Rhapta Azania metropolis,1998,Preface,,Azania: Archaeological Research in Africa,journal-article,0,10.1080/00672709809511462,https://doi.org/10.1080/00672709809511462,N,,,other
Rhapta,Rhapta Azania metropolis,2022,Chapter 2: The Phenomenology of Azania,"Sithole, T.",Mabogo P. More,book-chapter,0,10.5771/9781538166123-47,https://doi.org/10.5771/9781538166123-47,N,,Y,other
Rhapta,Rhapta Azania metropolis,2005,"Comment on Greenfield and Van Schalkwyk's article on Ndondondwane,<i>Azania</i>, 2003","Whitelaw, G.",Azania: Archaeological Research in Africa,journal-article,5,10.1080/00672700509480418,https://doi.org/10.1080/00672700509480418,N,,Y,other
Rhapta,Rhapta Azania metropolis,,"Azanes, Azania",,Brill’s New Pauly,dataset,0,10.1163/1574-9347_bnp_e210860,https://doi.org/10.1163/1574-9347_bnp_e210860,N,,Y,other
Rhapta,Rhapta Azania metropolis,1975,Abbreviations,,Azania: Archaeological Research in Africa,journal-article,0,10.1080/00672707509511611,https://doi.org/10.1080/00672707509511611,N,,,other
Rhapta,Rhapta Azania metropolis,,"Azanes, Azania",,Der Neue Pauly,dataset,0,10.1163/1574-9347_dnp_e210860,https://doi.org/10.1163/1574-9347_dnp_e210860,N,,Y,other
Rhapta,Rhapta Azania metropolis,2013,Editorial,,Azania: Archaeological Research in Africa,journal-article,1,10.1080/0067270x.2013.771436,https://doi.org/10.1080/0067270x.2013.771436,N,,,other
Rhapta,Rhapta Azania metropolis,1977,Abbreviations,,Azania: Archaeological Research in Africa,journal-article,0,10.1080/00672707709511244,https://doi.org/10.1080/00672707709511244,N,,,other
Rhapta,Rhapta Azania metropolis,1999,Other titles received,,Azania: Archaeological Research in Africa,journal-article,0,10.1080/00672709909511480,https://doi.org/10.1080/00672709909511480,N,,,other
Rhapta,Rhapta Azania metropolis,1990,Index of Contents,,Azania: Archaeological Research in Africa,journal-article,0,10.1080/00672709009511419,https://doi.org/10.1080/00672709009511419,N,,,other
Rhapta,Rhapta Azania metropolis,1978,Abbreviations,,Azania: Archaeological Research in Africa,journal-article,0,10.1080/00672707809511628,https://doi.org/10.1080/00672707809511628,N,,,other
Rhapta,Rhapta Azania metropolis,1997,Contributors,,Azania: Archaeological Research in Africa,journal-article,0,10.1080/00672709709511584,https://doi.org/10.1080/00672709709511584,N,,,other
Rhapta,Rhapta Azania metropolis,1967,Abbreviations,,Azania: Archaeological Research in Africa,journal-article,0,10.1080/00672706709511436,https://doi.org/10.1080/00672706709511436,N,,,other
Rhapta,Rhapta Azania metropolis,1973,Editorial,,Azania: Archaeological Research in Africa,journal-article,0,10.1080/00672707309511569,https://doi.org/10.1080/00672707309511569,N,,,other
Rhapta,Rhapta Azania metropolis,1989,Preface,,Azania: Archaeological Research in Africa,journal-article,2,10.1080/00672708909511391,https://doi.org/10.1080/00672708909511391,N,,,other
Rhapta,Rufiji delta archaeology,2020,SWAMP Dataset-Mangrove soil carbon-Rufiji River Delta-2016,"Carl, T.; Zhaohua, D.; Mwita, M.; David, L.",SWAMP Dataset-Mangrove soil carbon-Rufiji River Delta-2016,dataset,2,10.17528/cifor/data.00221,https://doi.org/10.17528/cifor/data.00221,N,,Y,palaeoenvironment
Rhapta,Rufiji delta archaeology,2020,SWAMP Dataset-Mangrove biomass vegetation-Rufiji River Delta-2016,"Carl, T.; Zhaohua, D.; Mwita, M.; David, L.",SWAMP Dataset-Mangrove biomass vegetation-Rufiji River Delta-2016,dataset,0,10.17528/cifor/data.00219,https://doi.org/10.17528/cifor/data.00219,N,,Y,palaeoenvironment
Rhapta,Rufiji delta archaeology,2022,"Soil carbon within the mangrove landscape in Rufiji River Delta, Tanzania","Dai, Z.; Trettin, C.; Mangora, M.; Tang, W.",Research Square,posted-content,0,10.21203/rs.3.rs-1662545/v1,https://doi.org/10.21203/rs.3.rs-1662545/v1,Y,,Y,palaeoenvironment
Rhapta,Rufiji delta archaeology,1990,"Zooplankton and salinity in the Rufiji River delta, Tanzania","Tafe, D.",Hydrobiologia,journal-article,6,10.1007/bf00008451,https://doi.org/10.1007/bf00008451,N,,Y,other
Rhapta,Rufiji delta archaeology,1992,Physical processes in the Rufiji delta and their possible implications on the mangrove ecosystem,"Francis, J.",The Ecology of Mangrove and Related Ecosystems,book-chapter,1,10.1007/978-94-017-3288-8_18,https://doi.org/10.1007/978-94-017-3288-8_18,N,,Y,palaeoenvironment
Rhapta,Rufiji delta archaeology,2016,"L-Band Polarimetric Target Decomposition of Mangroves of the Rufiji Delta, Tanzania","Brown, I.; Mwansasu, S.; Westerberg, L.",Remote Sensing,journal-article,24,10.3390/rs8020140,https://doi.org/10.3390/rs8020140,Y,https://www.mdpi.com/2072-4292/8/2/140/pdf?version=1455682118,Y,palaeoenvironment
Rhapta,Rufiji delta archaeology,1992,Physical processes in the Rufiji delta and their possible implications on the mangrove ecosystem,"Francis, J.",Hydrobiologia,journal-article,6,10.1007/bf00008216,https://doi.org/10.1007/bf00008216,N,,Y,palaeoenvironment
Rhapta,Rufiji delta archaeology,2025,"Gender Disparities in Coastal Livelihoods: Climate Risks, Income Gaps, and Adaptation Barriers in Rufiji Delta, Tanzania","Msambichaka, S.",Journal of the Kenya National Commission for UNESCO,journal-article,0,10.62049/jkncu.v5i1.408,https://doi.org/10.62049/jkncu.v5i1.408,Y,https://journals.unesco.go.ke/index.php/jknatcom/article/download/408/238,,palaeoenvironment
Rhapta,Rufiji delta archaeology,1996,"Multivariable time series sediment dynamical model and its identification in Rufiji Delta, Tanzania","Chen, H.; Dyke, P.",Applied Mathematical Modelling,journal-article,2,10.1016/0307-904x(96)00080-7,https://doi.org/10.1016/0307-904x(96)00080-7,Y,https://www.sciencedirect.com/science/article/pii/0307904X96000807/pdf,Y,palaeoenvironment
Rhapta,Rufiji delta archaeology,2012,"Holocene mangrove dynamics and environmental change in the Rufiji Delta, Tanzania","Punwong, P.; Marchant, R.; Selby, K.",Vegetation History and Archaeobotany,journal-article,34,10.1007/s00334-012-0383-x,https://doi.org/10.1007/s00334-012-0383-x,N,,Y,palaeoenvironment
Rhapta,Rufiji delta archaeology,2019,"Carbon stocks in the mangrove ecosystem of Rufiji River Delta, Tanzania","LUPEMBE, I.; MUNISHI, P.",International Journal of Bonorowo Wetlands,journal-article,3,10.13057/bonorowo/w090104,https://doi.org/10.13057/bonorowo/w090104,Y,https://smujo.id/bw/article/download/9035/5032,Y,palaeoenvironment
Rhapta,Rufiji delta archaeology,2013,Environmental narratives and politics in Tanzania's Rufiji Delta: A reply to Burgess et al.,"Beymer-Farris, B.; Bassett, T.",Global Environmental Change,journal-article,8,10.1016/j.gloenvcha.2013.06.007,https://doi.org/10.1016/j.gloenvcha.2013.06.007,N,,Y,other
Rhapta,Rufiji delta archaeology,1999,"Roman Beads from the Rufiji Delta, Tanzania: First Incontrovertible Archaeological Link with the<i>Periplus</i>","Chami, F.",Current Anthropology,journal-article,47,10.1086/200009,https://doi.org/10.1086/200009,N,,Y,archaeology
Rhapta,Rufiji delta archaeology,1981,Archaeology in the Netherlands: Delta archaeology,"Waterbolk, H.",World Archaeology,journal-article,9,10.1080/00438243.1981.9979828,https://doi.org/10.1080/00438243.1981.9979828,N,,,archaeology
Rhapta,Rufiji delta archaeology,2003,"Challenges of coastal area management in coastal developing countries—lessons from the proposed Rufiji delta prawn farming project, Tanzania","Masalu, D.",Ocean &amp; Coastal Management,journal-article,15,10.1016/s0964-5691(02)00126-6,https://doi.org/10.1016/s0964-5691(02)00126-6,N,,Y,other
Rhapta,Rufiji delta archaeology,,BIBLIOGRAPHY,,Landscape Archaeology of the Western Nile Delta,book-chapter,0,10.2307/j.ctvvncw8.18,https://doi.org/10.2307/j.ctvvncw8.18,N,,,other
Rhapta,Rufiji delta archaeology,2021,"Geomorphology of a tropical river delta under pressure: the Rufiji delta, Tanzania—context, channel connectivity and alongshore morpho-sedimentary and hydrodynamic variability","Anthony, E.; Besset, M.; Zainescu, F.; Goichot, M.",Geo-Marine Letters,journal-article,6,10.1007/s00367-021-00695-7,https://doi.org/10.1007/s00367-021-00695-7,N,,Y,palaeoenvironment
Rhapta,Rufiji delta archaeology,,INTRODUCTION,,Landscape Archaeology of the Western Nile Delta,book-chapter,0,10.2307/j.ctvvncw8.7,https://doi.org/10.2307/j.ctvvncw8.7,N,,,other
Rhapta,Rufiji delta archaeology,,ABBREVIATIONS,,Landscape Archaeology of the Western Nile Delta,book-chapter,0,10.2307/j.ctvvncw8.6,https://doi.org/10.2307/j.ctvvncw8.6,N,,,other
Rhapta,Rufiji delta archaeology,,ACKNOWLEDGMENTS,,Landscape Archaeology of the Western Nile Delta,book-chapter,0,10.2307/j.ctvvncw8.3,https://doi.org/10.2307/j.ctvvncw8.3,N,,,other
Rhapta,Rufiji delta archaeology,2020,Distribution and sources of organic matter in the Rufiji Delta in Tanzania: Variability and environmental implications,"Minu, A.; Routh, J.; Machiwa, J.",Applied Geochemistry,journal-article,19,10.1016/j.apgeochem.2020.104733,https://doi.org/10.1016/j.apgeochem.2020.104733,N,,Y,other
Rhapta,Rufiji delta archaeology,2018,Mangrove cover change detection in the Rufiji Delta in Tanzania,"Monga, E.; Mangora, M.; Mayunga, J.",Western Indian Ocean Journal of Marine Science,journal-article,25,10.4314/wiojms.v17i2.1,https://doi.org/10.4314/wiojms.v17i2.1,Y,https://www.ajol.info/index.php/wiojms/article/download/174233/170291,Y,palaeoenvironment
Rhapta,Rufiji delta archaeology,,CONCLUDING REMARKS,,Landscape Archaeology of the Western Nile Delta,book-chapter,0,10.2307/j.ctvvncw8.12,https://doi.org/10.2307/j.ctvvncw8.12,N,,,other
Rhapta,Rufiji delta archaeology,,Front Matter,,Landscape Archaeology of the Western Nile Delta,book-chapter,0,10.2307/j.ctvvncw8.1,https://doi.org/10.2307/j.ctvvncw8.1,N,,,other
Rhapta,Mafia Island archaeology Roman,2013,Conclusions: ‘Island stories’,,Roman Officers and English Gentlemen,book-chapter,0,10.4324/9780203136508-21,https://doi.org/10.4324/9780203136508-21,N,,,other
Rhapta,Mafia Island archaeology Roman,2018,Review of Roman Crete: New Perspectives,"Ulrich, R.",The Journal of Island and Coastal Archaeology,journal-article,0,10.1080/15564894.2018.1443173,https://doi.org/10.1080/15564894.2018.1443173,N,,,archaeology
Rhapta,Mafia Island archaeology Roman,2021,"Island archaeology, identity and resilience in Menorca through the Roman Epoch","Amundson, M.",Island Studies Journal,journal-article,1,10.24043/isj.148,https://doi.org/10.24043/isj.148,Y,https://doi.org/10.24043/isj.148,,archaeology
Rhapta,Mafia Island archaeology Roman,2000,"Roman estates on the island of Brioni, Istria","Schrunk, I.; Begović, V.",Journal of Roman Archaeology,journal-article,3,10.1017/s1047759400018912,https://doi.org/10.1017/s1047759400018912,N,,,archaeology
Rhapta,Mafia Island archaeology Roman,2012,"The Roman Shipwreck of Antirhodos Island in the<i>Portus Magnus</i>of Alexandria, Egypt","Sandrin, P.; Belov, A.; Fabre, D.",International Journal of Nautical Archaeology,journal-article,5,10.1111/j.1095-9270.2012.00363.x,https://doi.org/10.1111/j.1095-9270.2012.00363.x,N,,,archaeology
Rhapta,Mafia Island archaeology Roman,2025,"Fossil brachiopods from the Roman site on Mogador Island (Essaouira, Morocco): Implications for past exchange of products","Lehmann, J.; Küchelmann, H.; Juhl, F.; Mutterlose, J.",Journal of Island and Coastal Archaeology,journal-article,1,10.1080/15564894.2025.2485939,https://doi.org/10.1080/15564894.2025.2485939,Y,https://www.tandfonline.com/doi/pdf/10.1080/15564894.2025.2485939?needAccess=true,,archaeology
Rhapta,Mafia Island archaeology Roman,2025,"Processional Routes, Orthopraxy and a Political Sacred Island: Exploring the Iron Age and Roman Religious Landscape of Hayling Island and the Chichester region","King, A.; Soffe, G.; Adcock, K.",Theoretical Roman Archaeology Journal,journal-article,0,10.16995/traj.17102,https://doi.org/10.16995/traj.17102,Y,,,archaeology
Rhapta,Mafia Island archaeology Roman,2019,An Island in Crisis? Reconsidering the Formation of Roman Crete,"Gallimore, S.",American Journal of Archaeology,journal-article,7,10.3764/aja.123.4.0589,https://doi.org/10.3764/aja.123.4.0589,N,,,archaeology
Rhapta,Mafia Island archaeology Roman,1954,"LOWER MIOCENE CHITONS FROM MAFIA ISLAND, EAST AFRICA",,Journal of Molluscan Studies,journal-article,0,10.1093/oxfordjournals.mollus.a064717,https://doi.org/10.1093/oxfordjournals.mollus.a064717,N,,Y,other
Rhapta,Mafia Island archaeology Roman,2001,"Roman Germany: Studies in Cultural Interaction. Edited by J D Creighton and R J A Wilson. 120mm. Pp 248, 112 figs. Portsmouth, Rhode Island: Journal of Roman Archaeology Supplementary Series, 32 (International Roman Arch","Manning, W.",The Antiquaries Journal,journal-article,0,10.1017/s0003581500072565,https://doi.org/10.1017/s0003581500072565,N,,,archaeology
Rhapta,Mafia Island archaeology Roman,,"Figure 3 from: Costa WJEM (2017) Redescription of Nothobranchius lucius and description of a new species from Mafia Island, eastern Tanzania (Cyprinodontiformes, Aplocheilidae). Zoosystematics and Evolution 93(1): 35-44.",,,component,0,10.3897/zse.93.11041.figure3,https://doi.org/10.3897/zse.93.11041.figure3,,,Y,other
Rhapta,Mafia Island archaeology Roman,2025,Island Populations and Visitors,,The Archaeology of the Cyclades in the Roman and Late Antique Periods,book-chapter,0,10.1017/9781009563505.005,https://doi.org/10.1017/9781009563505.005,N,,,other
Rhapta,Mafia Island archaeology Roman,2024,Punta Prima Project: In situ Preservation of an Early Roman Shipwreck Near Formentera Island (Spain): An Educational Experience,,Warsaw Studies in Archaeology,book-chapter,0,10.1484/m.wsa-eb.5.141423,https://doi.org/10.1484/m.wsa-eb.5.141423,N,,,archaeology
Rhapta,Mafia Island archaeology Roman,2019,Editor’s Corner: Island and Coastal Archaeology as Salvage Archaeology,,The Journal of Island and Coastal Archaeology,journal-article,2,10.1080/15564894.2019.1683657,https://doi.org/10.1080/15564894.2019.1683657,N,,,archaeology
Rhapta,Mafia Island archaeology Roman,2021,The praedia Philippianorum:,"Wilson, R.","Trinacria, 'An Island Outside Time'",book-chapter,3,10.2307/j.ctv24q4z4h.9,https://doi.org/10.2307/j.ctv24q4z4h.9,N,,,other
Rhapta,Mafia Island archaeology Roman,2017,The history and archaeology of the Mafia archipelago,"Christie, A.",The Swahili World,book-chapter,2,10.4324/9781315691459-23,https://doi.org/10.4324/9781315691459-23,N,,,archaeology
Rhapta,Mafia Island archaeology Roman,2009,San Clemente Island Archaeology and the Island Gabrielino,"Mark, R.",California Maritime Archaeology,other,0,10.5040/9798216418030.ch-003,https://doi.org/10.5040/9798216418030.ch-003,N,,,archaeology
Rhapta,Mafia Island archaeology Roman,1969,"Cognatic Descent Groups on Mafia Island, Tanzania","Caplan, P.",Man,journal-article,6,10.2307/2798116,https://doi.org/10.2307/2798116,N,,Y,other
Rhapta,Mafia Island archaeology Roman,2009,"Mammals of Mafia Island, Tanzania","Kock, D.; Stanley, W.",mammalia,journal-article,11,10.1515/mamm.2009.046,https://doi.org/10.1515/mamm.2009.046,N,,Y,other
Rhapta,Mafia Island archaeology Roman,2024,Island of Hope,"Erlandson, J.; Braje, T.; Gill, K.; Rick, T.",Sustainability in Ancient Island Societies,book-chapter,2,10.5744/florida/9780813069975.003.0002,https://doi.org/10.5744/florida/9780813069975.003.0002,N,,,other
Rhapta,Mafia Island archaeology Roman,2017,Michalis Karambinis. The island of Skyros from Late Roman to Early Modern times,"Intagliata, E.",Journal of Greek Archaeology,journal-article,0,10.32028/jga.v2i.629,https://doi.org/10.32028/jga.v2i.629,Y,https://archaeopresspublishing.com/ojs/index.php/JGA/article/download/629/276,,archaeology
Rhapta,Mafia Island archaeology Roman,2008,"Isolation, Interaction, and Island Archaeology","Erlandson, J.",The Journal of Island and Coastal Archaeology,journal-article,5,10.1080/15564890801999939,https://doi.org/10.1080/15564890801999939,N,,,archaeology
Rhapta,Mafia Island archaeology Roman,2020,Metaphor and theory in island archaeology,"Terrell, J.",The Journal of Island and Coastal Archaeology,journal-article,11,10.1080/15564894.2020.1830892,https://doi.org/10.1080/15564894.2020.1830892,N,,,archaeology
Rhapta,Mafia Island archaeology Roman,1993,Theory and Roman Archaeology,"Reece, R.",Theoretical Roman Archaeology Journal,journal-article,0,10.16995/trac1991_29_38,https://doi.org/10.16995/trac1991_29_38,Y,https://traj.openlibhums.org/article/3654/galley/5729/download/,,archaeology
Rhapta,Unguja Ukuu Zanzibar trade,2018,"Archaeological Fieldwork at Unguja Ukuu, Zanzibar, July 2017: Interim Report","Sulas, F.; Wynne-Jones, S.",Aarhus University,report,0,10.7146/aul.276.191,https://doi.org/10.7146/aul.276.191,N,,Y,archaeology
Rhapta,Unguja Ukuu Zanzibar trade,2017,"Understanding the layout of early coastal settlement at Unguja Ukuu, Zanzibar","Fitton, T.; Wynne-Jones, S.",Antiquity,journal-article,22,10.15184/aqy.2017.141,https://doi.org/10.15184/aqy.2017.141,Y,https://www.cambridge.org/core/services/aop-cambridge-core/content/view/A93E817CE0D498CB706CAFCB0DDB0308/S0003598X17001417a.pdf/div-class-title-understanding-the-layout-of-early-coastal-settlement-at-unguja-ukuu-zanzibar-div.pdf,Y,archaeology
Rhapta,Unguja Ukuu Zanzibar trade,2013,"Holocene mangrove dynamics from Unguja Ukuu, Zanzibar","Punwong, P.; Marchant, R.; Selby, K.",Quaternary International,journal-article,34,10.1016/j.quaint.2013.02.007,https://doi.org/10.1016/j.quaint.2013.02.007,N,,Y,palaeoenvironment
Rhapta,Unguja Ukuu Zanzibar trade,2018,Defining space in house contexts:,"SULAS, F.; WYNNE-JONES, S.",Urban Network Evolutions,book-chapter,1,10.2307/j.ctv34wmn9f.40,https://doi.org/10.2307/j.ctv34wmn9f.40,N,,,other
Rhapta,Unguja Ukuu Zanzibar trade,2022,"At Unguja Ukuu, human activity transformed the coast of Zanzibar more than 1,000 years ago","Kotarba-Morley, A.; Morley, M.; Boivin, N.; Crowther, A.",,posted-content,0,10.64628/aa.4fvxks4e9,https://doi.org/10.64628/aa.4fvxks4e9,N,,Y,other
Rhapta,Unguja Ukuu Zanzibar trade,2017,Unguja Ukuu,"Juma, A.",The Swahili World,book-chapter,2,10.4324/9781315691459-13,https://doi.org/10.4324/9781315691459-13,N,,Y,other
Rhapta,Unguja Ukuu Zanzibar trade,2022,Glass beads at Unguja Ukuu in the late 1st millennium CE:,"Sarathi, A.; Walz, J.; Dussubieux, L.",The Elemental Analysis of Glass Beads,book-chapter,6,10.2307/j.ctv2z9fzr0.19,https://doi.org/10.2307/j.ctv2z9fzr0.19,N,,Y,archaeology
Rhapta,Unguja Ukuu Zanzibar trade,2025,"The Impact of Environmental Factors on Sea Cucumber Growth in Unguja Ukuu and Fukuchani, Zanzibar","Ali, H.; Kai, K.; Amour, K.",American Journal of Climate Change,journal-article,1,10.4236/ajcc.2025.143025,https://doi.org/10.4236/ajcc.2025.143025,Y,https://www.scirp.org/pdf/ajcc_2361550.pdf,Y,other
Rhapta,Unguja Ukuu Zanzibar trade,2019,"Soil geochemistry, phytoliths and artefacts from an early Swahili daub house, Unguja Ukuu, Zanzibar","Sulas, F.; Kristiansen, S.; Wynne-Jones, S.",Journal of Archaeological Science,journal-article,39,10.1016/j.jas.2019.01.010,https://doi.org/10.1016/j.jas.2019.01.010,Y,,Y,both
Rhapta,Unguja Ukuu Zanzibar trade,2023,"Early Islamic glass (7th– 10th centuries AD) in Unguja Ukuu, Zanzibar: A microcosm of a globalised industry in the early ‘Abbasid period","Siu, I.; Cui, J.; Henderson, J.; Crowther, A.",PLOS ONE,journal-article,7,10.1371/journal.pone.0284867,https://doi.org/10.1371/journal.pone.0284867,Y,https://journals.plos.org/plosone/article/file?id=10.1371/journal.pone.0284867&type=printable,Y,other
Rhapta,Unguja Ukuu Zanzibar trade,2022,"Integrating spatial and legacy data to understand archaeological sites in their landscape. A case study from Unguja Ukuu, Zanzibar","Fitton, T.; Sulas, F.; Lisowski, M.; Alexander, M.",Archaeological Prospection,journal-article,3,10.1002/arp.1885,https://doi.org/10.1002/arp.1885,Y,https://onlinelibrary.wiley.com/doi/pdfdirect/10.1002/arp.1885,Y,archaeology
Rhapta,Unguja Ukuu Zanzibar trade,2022,"An Early Islamic Rock Crystal Amulet Seal from Unguja Ukuu, Zanzibar","Sarathi, A.; Kenoyer, J.; Walz, J.",Journal of African Archaeology,journal-article,5,10.1163/21915784-bja10013,https://doi.org/10.1163/21915784-bja10013,N,,Y,other
Rhapta,Unguja Ukuu Zanzibar trade,2023,"High-Resolution Multiproxy Record of Environmental Changes and Anthropogenic Activities at Unguja Ukuu, Zanzibar, Tanzania during the Last 5000 Years","Englong, A.; Punwong, P.; Marchant, R.; Seelanan, T.",Quaternary,journal-article,7,10.3390/quat6010021,https://doi.org/10.3390/quat6010021,Y,https://www.mdpi.com/2571-550X/6/1/21/pdf?version=1678710862,Y,other
Rhapta,Unguja Ukuu Zanzibar trade,2018,"Characterising marine mollusc exploitation in the eastern African Iron Age: Archaeomalacological evidence from Unguja Ukuu and Fukuchani, Zanzibar","Faulkner, P.; Harris, M.; Ali, A.; Haji, O.",Quaternary International,journal-article,18,10.1016/j.quaint.2017.08.051,https://doi.org/10.1016/j.quaint.2017.08.051,Y,https://research-information.bris.ac.uk/files/164919441/Faulkner_et_al_QUATINT_2017_Accepted.pdf,Y,archaeology
Rhapta,Unguja Ukuu Zanzibar trade,2023,Impact of Occupational Safety and Health on Employees’ Performance at Zanzibar Government Printing Press in Unguja-Zanzibar,", .; Mussa Vuai, H.; Haroonah, A.; , .",International Journal of Current Science Research and Review,journal-article,0,10.47191/ijcsrr/v6-i5-04,https://doi.org/10.47191/ijcsrr/v6-i5-04,Y,https://ijcsrr.org/wp-content/uploads/2023/05/04-03-2023.pdf,Y,other
Rhapta,Unguja Ukuu Zanzibar trade,2023,"An Investigation of Fish Processing and Preserving for Socio-Economic Development in North ""B"" District of Unguja - Zanzibar",", .; Muhsin Haroonah, I.; Haroonah, A.; , .",International Journal of Current Science Research and Review,journal-article,0,10.47191/ijcsrr/v6-i4-48,https://doi.org/10.47191/ijcsrr/v6-i4-48,Y,https://ijcsrr.org/wp-content/uploads/2023/04/48-28-2023.pdf,Y,other
Rhapta,Unguja Ukuu Zanzibar trade,2022,"Coastal landscape changes at Unguja Ukuu, Zanzibar: Contextualizing the archaeology of an early Islamic port of trade","Kotarba-Morley, A.; Kourampas, N.; Morley, M.; MacAdams, C.",The Journal of Island and Coastal Archaeology,journal-article,4,10.1080/15564894.2022.2030441,https://doi.org/10.1080/15564894.2022.2030441,Y,,Y,archaeology
Rhapta,Unguja Ukuu Zanzibar trade,2017,"Social, economic and trade characteristics of the elasmobranch fishery on Unguja Island, Zanzibar, East Africa","Barrowclift, E.; Temple, A.; Stead, S.; Jiddawi, N.",Marine Policy,journal-article,28,10.1016/j.marpol.2017.06.002,https://doi.org/10.1016/j.marpol.2017.06.002,Y,https://www.sciencedirect.com/science/article/pii/S0308597X17301276,,archaeology
Rhapta,Unguja Ukuu Zanzibar trade,1966,"UNGUJA UKUU: THE EARLIEST IMPORTED POTTERY, AND AN ABBASID DINAR","CHITTICK, N.",Azania: Archaeological Research in Africa,journal-article,10,10.1080/00672706609511352,https://doi.org/10.1080/00672706609511352,N,,Y,archaeology
Rhapta,Unguja Ukuu Zanzibar trade,2012,Study and implementation of urogenital schistosomiasis elimination in Zanzibar (Unguja and Pemba islands).,"Rollinson, D.",http://isrctn.org/&gt;,dataset,0,10.1186/isrctn48837681,https://doi.org/10.1186/isrctn48837681,N,,Y,other
Rhapta,Unguja Ukuu Zanzibar trade,2020,Impact of Traditional and Modern Clinics on Diabetes Control in Zanzibar: A Case of Urban West Region- Unguja,,"Journal of Health, Medicine and Nursing",journal-article,1,10.7176/jhmn/82-05,https://doi.org/10.7176/jhmn/82-05,Y,https://iiste.org/Journals/index.php/JHMN/article/download/54820/56633,Y,other
Rhapta,Unguja Ukuu Zanzibar trade,2024,Contribution of Sadaqah for Social Welfare Improvement in Zanzibar Society: A Case Study of Southern Region of Unguja,"Ali, A.; Hamad, A.",Research &amp; Development,journal-article,0,10.11648/rd.20240501.14,https://doi.org/10.11648/rd.20240501.14,Y,https://article.sciencepg.com/pdf/rd.20240501.14,Y,other
Rhapta,Unguja Ukuu Zanzibar trade,2022,"Impact of Health Insurance on Employees' Performance at Zanzibar Electricity Cooperation in Unguja, Tanzania","Haji, J.; Haji, H.",The International Journal of  Humanities &amp; Social Studies,journal-article,0,10.24940/theijhss/2022/v10/i11/hs2211-011,https://doi.org/10.24940/theijhss/2022/v10/i11/hs2211-011,Y,https://www.internationaljournalcorner.com/index.php/theijhss/article/download/172633/116867,Y,other
Rhapta,Unguja Ukuu Zanzibar trade,2015,"Use of Zanzibar copal (Hymenaea verrucosa Gaertn.) as incense at Unguja Ukuu, Tanzania in the 7–8th century CE: chemical insights into trade and Indian Ocean interactions","Crowther, A.; Veall, M.; Boivin, N.; Horton, M.",Journal of Archaeological Science,journal-article,43,10.1016/j.jas.2014.10.008,https://doi.org/10.1016/j.jas.2014.10.008,N,,Y,archaeology
Rhapta,Unguja Ukuu Zanzibar trade,2025,"EXAMINING THE STRATEGIES OF DISABLED PERSONS ORGANIZATIONS (DPOS) IN PROMOTING AN INCLUSIVE SOCIETY IN URBAN DISTRICT UNGUJA, ZANZIBAR. A CROSS-SECTIONAL STUDY OF ZANZIBAR FEDERATION OF PERSONS WITH DISABILITIES AND ZANZ","Jallow, M.",SJ Education Research Africa,journal-article,0,10.51168/7t6g8t50,https://doi.org/10.51168/7t6g8t50,Y,,Y,other
Rhapta,Tanzania coast early Iron Age Indian Ocean trade,2026,"Natural radioactivity and radiological hazards in sediments from the Lindi coast, Indian ocean, Tanzania","Mujuni, V.; Lugendo, I.",Tanzania Journal of Science,journal-article,0,10.65085/2507-7961.1236,https://doi.org/10.65085/2507-7961.1236,Y,https://commons.udsm.ac.tz/cgi/viewcontent.cgi?article=1236&context=tjs,,palaeoenvironment
Rhapta,Tanzania coast early Iron Age Indian Ocean trade,2022,"United Republic of Tanzania, Zanzibar, Indian Ocean Coast",,Journal of Coastal Research,journal-article,0,10.2112/jcr-si100-coralreef-009.1,https://doi.org/10.2112/jcr-si100-coralreef-009.1,N,,Y,other
Rhapta,Tanzania coast early Iron Age Indian Ocean trade,2013,Long and close distance trade and exchange beyond the Baltic Coast during the Early Iron Age,"Kneisel, J.",Exchange Networks and Local Transformations,book-chapter,2,10.2307/j.ctvh1dm19.18,https://doi.org/10.2307/j.ctvh1dm19.18,N,,,archaeology
Rhapta,Tanzania coast early Iron Age Indian Ocean trade,2019,Early Historic Gujarat and the Trading World of the Western Indian Ocean,"Ray, H.",Transregional Trade and Traders,book-chapter,3,10.1093/oso/9780199490684.003.0005,https://doi.org/10.1093/oso/9780199490684.003.0005,N,,,other
Rhapta,Tanzania coast early Iron Age Indian Ocean trade,2019,Gujarat and Long-Distance Trade in the Indian Ocean Region before the Sixteenth Century,"Beaujard, P.",Transregional Trade and Traders,book-chapter,0,10.1093/oso/9780199490684.003.0004,https://doi.org/10.1093/oso/9780199490684.003.0004,N,,,archaeology
Rhapta,Tanzania coast early Iron Age Indian Ocean trade,2013,Bronze Age maritime trade in the Indian Ocean: Harappan traits on the Oman peninsula,,Indian Ocean In Antiquity,book-chapter,0,10.4324/9780203038338-7,https://doi.org/10.4324/9780203038338-7,N,,,archaeology
Rhapta,Tanzania coast early Iron Age Indian Ocean trade,2019,Forty Years On,"Alpers, E.",Transregional Trade and Traders,book-chapter,2,10.1093/oso/9780199490684.003.0002,https://doi.org/10.1093/oso/9780199490684.003.0002,N,,,other
Rhapta,Tanzania coast early Iron Age Indian Ocean trade,2018,The Roman State and the Indian Ocean Trade,"Cobb, M.",Rome and the Indian Ocean Trade from Augustus to the Early Third Century CE,book-chapter,8,10.1163/9789004376571_005,https://doi.org/10.1163/9789004376571_005,N,,,archaeology
Rhapta,Tanzania coast early Iron Age Indian Ocean trade,2025,"The Legacy Embedded within the Assets of the Indian Ocean Trade Interconnections between the Traders of Tanzania’s Coast vs Hinterland Hunter Foragers Communities: A Case from Singida Region, Central Tanzania",", .; Itambu, M.",Journal of Indian Ocean Studies,journal-article,0,10.32381/jios.2024.32.03.7,https://doi.org/10.32381/jios.2024.32.03.7,N,,,archaeology
Rhapta,Tanzania coast early Iron Age Indian Ocean trade,2018,The Peak of Roman Trade in the Indian Ocean,"Cobb, M.",Rome and the Indian Ocean Trade from Augustus to the Early Third Century CE,book-chapter,0,10.1163/9789004376571_010,https://doi.org/10.1163/9789004376571_010,N,,,archaeology
Rhapta,Tanzania coast early Iron Age Indian Ocean trade,2019,Gujarat in the History of the Indian Ocean,"Subramanian, L.",Transregional Trade and Traders,book-chapter,0,10.1093/oso/9780199490684.003.0003,https://doi.org/10.1093/oso/9780199490684.003.0003,N,,,other
Rhapta,Tanzania coast early Iron Age Indian Ocean trade,2019,Migration and Creation of New Societies,"Sheriff, A.",Transregional Trade and Traders,book-chapter,2,10.1093/oso/9780199490684.003.0016,https://doi.org/10.1093/oso/9780199490684.003.0016,N,,,other
Rhapta,Tanzania coast early Iron Age Indian Ocean trade,2019,Transregional Trade and Traders,,Oxford University Press eBooks,edited-book,10,10.1093/oso/9780199490684.001.0001,https://doi.org/10.1093/oso/9780199490684.001.0001,N,,,archaeology
Rhapta,Tanzania coast early Iron Age Indian Ocean trade,2000,"Pottery Production, Iron Working, and Trade in the Early Iron Age: The case of Dakawa, east-central Tanzania","Håland, R.; Msuya, C.",Azania: Archaeological Research in Africa,journal-article,16,10.1080/00672700009511597,https://doi.org/10.1080/00672700009511597,N,,,archaeology
Rhapta,Tanzania coast early Iron Age Indian Ocean trade,,European Monopoly Strategies in the Early Modern Indian Ocean Spice Trade,", .; Berglez, A.",San Francisco State University,dissertation,0,10.46569/20.500.12680/gf06g787x,https://doi.org/10.46569/20.500.12680/gf06g787x,Y,http://scholarworks.calstate.edu/downloads/hh63t186h,,archaeology
Rhapta,Tanzania coast early Iron Age Indian Ocean trade,2020,Seafaring in the Bengal Coast: The Early Medieval Scenario,"Chakravarti, R.",Trade and Traders in Early Indian Society,book-chapter,0,10.4324/9781003084129-8,https://doi.org/10.4324/9781003084129-8,N,,,other
Rhapta,Tanzania coast early Iron Age Indian Ocean trade,2016,"Maritime Trade in the Indian Ocean, c. 1600-1800",,"Trade, Politics and Society",book-chapter,0,10.4324/9781315276748-9,https://doi.org/10.4324/9781315276748-9,N,,,archaeology
Rhapta,Tanzania coast early Iron Age Indian Ocean trade,2016,East Africa in the Early Indian Ocean World Slave Trade: The Zanj Revolt Reconsidered,"Campbell, G.",Early Exchange between Africa and the Wider Indian Ocean World,book-chapter,9,10.1007/978-3-319-33822-4_12,https://doi.org/10.1007/978-3-319-33822-4_12,Y,,,archaeology
Rhapta,Tanzania coast early Iron Age Indian Ocean trade,2003,"6 Early Iron working Communities on the East African Coast: Excavations at Kivinja, Tanzania",,East African Archaeology,book-chapter,2,10.9783/9781934536261.87,https://doi.org/10.9783/9781934536261.87,N,,,archaeology
Rhapta,Tanzania coast early Iron Age Indian Ocean trade,2018,Governing the Ocean: Perspectives from Tanzania,"Lunogelo, H.",Maritime Governance and South Asia,book-chapter,0,10.1142/9789813238237_0014,https://doi.org/10.1142/9789813238237_0014,N,,,other
Rhapta,Tanzania coast early Iron Age Indian Ocean trade,2019,Religion and Early Trade in the Western Indian Ocean: Ideology and Knowledge Exchanges Across the Indian Ocean World,"Seland, E.","Early Global Interconnectivity across the Indian Ocean World, Volume II",book-chapter,0,10.1007/978-3-319-97801-7_4,https://doi.org/10.1007/978-3-319-97801-7_4,N,,,archaeology
Rhapta,Tanzania coast early Iron Age Indian Ocean trade,2019,Introduction,"Alpers, E.; Goswami, C.",Transregional Trade and Traders,book-chapter,1,10.1093/oso/9780199490684.003.0001,https://doi.org/10.1093/oso/9780199490684.003.0001,N,,,other
Rhapta,Tanzania coast early Iron Age Indian Ocean trade,2025,Riding the monsoon: Geography and Iron Age trade in the Indian Ocean,"Copeland, C.",The Economic History Review,journal-article,0,10.1111/ehr.70016,https://doi.org/10.1111/ehr.70016,Y,https://onlinelibrary.wiley.com/doi/pdfdirect/10.1111/ehr.70016,,both
Rhapta,Tanzania coast early Iron Age Indian Ocean trade,2019,"Ratansi Purshottam, the Gujaratis of Muscat, and the Global Connectivity of Indian Ocean Transregional Markets","Allen, C.",Transregional Trade and Traders,book-chapter,0,10.1093/oso/9780199490684.003.0011,https://doi.org/10.1093/oso/9780199490684.003.0011,N,,,other
Rhapta,Tanzania coast early Iron Age Indian Ocean trade,2021,"Levels of selected toxic and essential elements in fish and oysters from Western Indian Ocean, Coast of Tanzania","Shilla, D.; Sawe, S.",Tanzania Journal of Science,journal-article,3,10.4314/tjs.v47i2.27,https://doi.org/10.4314/tjs.v47i2.27,Y,https://www.ajol.info/index.php/tjs/article/download/207482/195573,,other
Rhapta,Azania Periplus East Africa,1990,The Periplus and East Africa,"Horton, M.",Azania: Archaeological Research in Africa,journal-article,28,10.1080/00672709009511414,https://doi.org/10.1080/00672709009511414,N,,,archaeology
Rhapta,Azania Periplus East Africa,1997,<i>The</i>Periplus<i>and Related Matters</i>,"WRIGLEY, C.",Azania: Archaeological Research in Africa,journal-article,6,10.1080/00672709709511591,https://doi.org/10.1080/00672709709511591,N,,,archaeology
Rhapta,Azania Periplus East Africa,1981,The Periplus and the Spice Trade,"Chittkk, H.; Robertshaw, P.; Rottland, F.; Phillipson, D.",Azania: Archaeological Research in Africa,journal-article,0,10.1080/00672708109511293,https://doi.org/10.1080/00672708109511293,N,,,archaeology
Rhapta,Azania Periplus East Africa,1967,CONFERENCE: “EAST AFRICA AND THE ORIENT”,,Azania: Archaeological Research in Africa,journal-article,0,10.1080/00672706709511451,https://doi.org/10.1080/00672706709511451,N,,,other
Rhapta,Azania Periplus East Africa,2015,"Making metals in East Africa and beyond: archaeometallurgy in<i>Azania</i>, 1966–2015","Iles, L.; Lyaya, E.",Azania: Archaeological Research in Africa,journal-article,7,10.1080/0067270x.2015.1102941,https://doi.org/10.1080/0067270x.2015.1102941,N,,Y,other
Rhapta,Azania Periplus East Africa,2012,"Linking up East Africa: East Africa in the Indian Ocean World II, Oxford, 22–23 March 2012","Mitchell, P.",Azania: Archaeological Research in Africa,journal-article,0,10.1080/0067270x.2012.682773,https://doi.org/10.1080/0067270x.2012.682773,N,,,other
Rhapta,Azania Periplus East Africa,1969,SOME POLISHED AXES FROM EAST AFRICA,"BROWN, J.",Azania: Archaeological Research in Africa,journal-article,1,10.1080/00672706909511517,https://doi.org/10.1080/00672706909511517,N,,,other
Rhapta,Azania Periplus East Africa,1971,Early Iron Age Pottery Types from East Africa: Comparative Analysis,"Soper, R.",Azania: Archaeological Research in Africa,journal-article,37,10.1080/00672707109511546,https://doi.org/10.1080/00672707109511546,N,,,archaeology
Rhapta,Azania Periplus East Africa,2005,East African Publications of Ari Siiriäinen,,Azania: Archaeological Research in Africa,journal-article,0,10.1080/00672700509480423,https://doi.org/10.1080/00672700509480423,N,,,other
Rhapta,Azania Periplus East Africa,1969,"Fort Sites of East Bukusu, Kenya","Scully, R.",Azania: Archaeological Research in Africa,journal-article,7,10.1080/00672706909511510,https://doi.org/10.1080/00672706909511510,N,,,other
Rhapta,Azania Periplus East Africa,1983,Recent Work at Soba East in Central Sudan,"Welsby, D.",Azania: Archaeological Research in Africa,journal-article,2,10.1080/00672708309511320,https://doi.org/10.1080/00672708309511320,N,,,other
Rhapta,Azania Periplus East Africa,2003,"Islamization and Urbanization on the Coast of East Africa: recent excavations at Gedi, Kenya","Pradines, S.",Azania: Archaeological Research in Africa,journal-article,3,10.1080/00672700309480369,https://doi.org/10.1080/00672700309480369,N,,,archaeology
Rhapta,Azania Periplus East Africa,1977,Holocene Sites North-East of Lake Turkana: A Preliminary Report,"Barthelme, J.",Azania: Archaeological Research in Africa,journal-article,41,10.1080/00672707709511246,https://doi.org/10.1080/00672707709511246,N,,,both
Rhapta,Azania Periplus East Africa,1975,Meat-feasting Sites and Cattle Brands: Patterns of Rock-shelter Utilization in East Africa,"Gramly, R.",Azania: Archaeological Research in Africa,journal-article,26,10.1080/00672707509511616,https://doi.org/10.1080/00672707509511616,N,,,other
Rhapta,Azania Periplus East Africa,1989,Social and Political Aspects of Intensive Agriculture in East Africa: Some Models from Cultural Anthropology,"Hakansson, T.",Azania: Archaeological Research in Africa,journal-article,11,10.1080/00672708909511393,https://doi.org/10.1080/00672708909511393,N,,,other
Rhapta,Azania Periplus East Africa,2010,Diversity in East African foraging and food producing communities,"Prendergast, M.",Azania: Archaeological Research in Africa,journal-article,10,10.1080/00672700903291674,https://doi.org/10.1080/00672700903291674,N,,,other
Rhapta,Azania Periplus East Africa,1990,The Nineteenth-century Carved Wooden Doors of the East African Coast,"Aldrick, J.",Azania: Archaeological Research in Africa,journal-article,10,10.1080/00672709009511404,https://doi.org/10.1080/00672709009511404,N,,,other
Rhapta,Azania Periplus East Africa,2007,"East Africa, the Comoros Islands and Madagascar before the sixteenth century","Beaujard, P.",Azania: Archaeological Research in Africa,journal-article,33,10.1080/00672700709480448,https://doi.org/10.1080/00672700709480448,N,,,other
Rhapta,Azania Periplus East Africa,2010,An ethnoarchaeological framework for the identification and distinction of Late Holocene archaeological sites in East Africa,"Mutundu, K.",Azania: Archaeological Research in Africa,journal-article,21,10.1080/00672700903291724,https://doi.org/10.1080/00672700903291724,N,,,both
Rhapta,Azania Periplus East Africa,1994,Agriculture and settlement formation along the East African coast,"Abungu, G.",Azania: Archaeological Research in Africa,journal-article,11,10.1080/00672709409511680,https://doi.org/10.1080/00672709409511680,N,,,archaeology
Rhapta,Azania Periplus East Africa,1991,Gogo Falls,"Robertshaw, P.",Azania: Archaeological Research in Africa,journal-article,80,10.1080/00672709109511425,https://doi.org/10.1080/00672709109511425,N,,,other
Rhapta,Azania Periplus East Africa,2015,Historical archaeology in South Africa: material culture of the Dutch East India Company at the Cape,"Gilmore, R.",Azania: Archaeological Research in Africa,journal-article,0,10.1080/0067270x.2015.1104834,https://doi.org/10.1080/0067270x.2015.1104834,N,,,archaeology
Rhapta,Azania Periplus East Africa,1965,"‘Azania’, Journal of the British Institute of History and Archaeology in East Africa",,Africa,journal-article,0,10.1017/s0001972000066626,https://doi.org/10.1017/s0001972000066626,N,,Y,archaeology
Rhapta,Azania Periplus East Africa,2010,"Lithics use at Kansyore sites in East Africa: technological organisation at four recently excavated sites in Nyanza Province, Kenya","Seitsonen, O.",Azania: Archaeological Research in Africa,journal-article,23,10.1080/00672700903291740,https://doi.org/10.1080/00672700903291740,N,,,archaeology
Barbarikon,Barbarikon Periplus,2012,Barbarikon,"Gupta, S.",The Encyclopedia of Ancient History,other,0,10.1002/9781444338386.wbeah14060,https://doi.org/10.1002/9781444338386.wbeah14060,N,,Y,other
Barbarikon,Banbhore excavation Sindh,2003,Banbhore,"Ehnbom, D.",Oxford Art Online,reference-entry,0,10.1093/gao/9781884446054.article.t006080,https://doi.org/10.1093/gao/9781884446054.article.t006080,N,,Y,other
Barbarikon,Banbhore excavation Sindh,2022,"Beyond the Fortified Town: Preliminary Insights on Land Use and Occupation Strategies at Banbhore (Sindh, Pakistan)","Mantellini, S.; Fusaro, A.; Duva, F.; Quadri, Z.",South Asian Studies,journal-article,0,10.1080/02666030.2022.2111747,https://doi.org/10.1080/02666030.2022.2111747,Y,,Y,palaeoenvironment
Barbarikon,Banbhore excavation Sindh,,?,,SINDH UNIVERSITY RESEARCH JOURNAL -SCIENCE SERIES,journal-volume,0,10.26692/surj.v43,https://doi.org/10.26692/surj.v43,Y,,,other
Barbarikon,Banbhore excavation Sindh,,?,,SINDH UNIVERSITY RESEARCH JOURNAL -SCIENCE SERIES,journal-volume,0,10.26692/surjss.v57,https://doi.org/10.26692/surjss.v57,Y,,,other
Barbarikon,Banbhore excavation Sindh,,?,,SINDH UNIVERSITY RESEARCH JOURNAL -SCIENCE SERIES,journal-volume,0,10.26692/surj.v50,https://doi.org/10.26692/surj.v50,Y,https://sujo.usindh.edu.pk/index.php/SURJ/article/download/1116/915/2040,,other
Barbarikon,Banbhore excavation Sindh,,?,,SINDH UNIVERSITY RESEARCH JOURNAL -SCIENCE SERIES,journal-volume,0,10.26692/surj.v54,https://doi.org/10.26692/surj.v54,Y,,,other
Barbarikon,Banbhore excavation Sindh,,?,,SINDH UNIVERSITY RESEARCH JOURNAL -SCIENCE SERIES,journal-volume,0,10.26692/surj.v48,https://doi.org/10.26692/surj.v48,Y,,,other
Barbarikon,Banbhore excavation Sindh,2020,Morphological Spectrum of Gall Bladder Diseases at A Tertiary Care Hospital of Karachi,", .; Shabbir, A.; Irshad, Z.; , .",ANNALS of JINNAH SINDH MEDICAL UNIVERSITY,journal-article,3,10.46663/ajsmu.v6i1.24-28,https://doi.org/10.46663/ajsmu.v6i1.24-28,Y,http://www.ajsmu.com/index.php/AJSMU/article/download/105/75,,other
Barbarikon,Banbhore excavation Sindh,2018,Sindh University Research journal - Science Series,,SINDH UNIVERSITY RESEARCH JOURNAL -SCIENCE SERIES,journal-issue,0,10.26692/surj.v50i3d,https://doi.org/10.26692/surj.v50i3d,Y,,Y,other
Barbarikon,Banbhore excavation Sindh,,?,,SINDH UNIVERSITY RESEARCH JOURNAL -SCIENCE SERIES,journal-volume,0,10.26692/surj.v53,https://doi.org/10.26692/surj.v53,Y,,,other
Barbarikon,Banbhore excavation Sindh,2019,3D finite element analysis of pile responses to adjacent excavation in soft clay: Effects of different excavation depths systems relative to a floating pile,"Soomro, M.; Mangnejo, D.; Bhanbhro, R.; Memon, N.",Tunnelling and Underground Space Technology,journal-article,54,10.1016/j.tust.2019.01.012,https://doi.org/10.1016/j.tust.2019.01.012,Y,,,archaeology
Barbarikon,Banbhore excavation Sindh,2022,"Reproductive Aspects of Puntius ticto from Dafri Lake, Badin, Sindh, Southern Pakistan",,SINDH UNIVERSITY RESEARCH JOURNAL -SCIENCE SERIES,journal-article,0,10.26692/surj.v54i2.5804,https://doi.org/10.26692/surj.v54i2.5804,Y,https://sujo.usindh.edu.pk/index.php/SURJ/article/download/5804/3962,Y,other
Barbarikon,Banbhore excavation Sindh,2019,iFace Identification and Authentication Technology Based Collaborative Effort to Resolve the Security Problems,"Sayed, M.; Bhutto, A.; Bano, A.; Ujan, I.",Indian Journal of Science and Technology,journal-article,0,10.17485/ijst/2019/v12i21/145304,https://doi.org/10.17485/ijst/2019/v12i21/145304,Y,,,other
Barbarikon,Banbhore excavation Sindh,2022,"Genitalic Studies of Four Species of Family (Sphingidae: Lepidoptera) from Sindh, Pakistan",,SINDH UNIVERSITY RESEARCH JOURNAL -SCIENCE SERIES,journal-article,0,10.26692/surj.v54i2.5807,https://doi.org/10.26692/surj.v54i2.5807,Y,https://sujo.usindh.edu.pk/index.php/SURJ/article/download/5807/3966,Y,other
Barbarikon,Banbhore excavation Sindh,2022,Sindh University Research journal - Science Series,,SINDH UNIVERSITY RESEARCH JOURNAL -SCIENCE SERIES,journal-issue,0,10.26692/surj-ss.v54i04,https://doi.org/10.26692/surj-ss.v54i04,Y,,Y,other
Barbarikon,Banbhore excavation Sindh,2022,Sindh University Research journal - Science Series,,SINDH UNIVERSITY RESEARCH JOURNAL -SCIENCE SERIES,journal-issue,0,10.26692/surj.v54i1,https://doi.org/10.26692/surj.v54i1,Y,,Y,other
Barbarikon,Banbhore excavation Sindh,2016,Sindh University Research journal - Science Series,,SINDH UNIVERSITY RESEARCH JOURNAL -SCIENCE SERIES,journal-issue,2,10.26692/surj-ss.v48i2,https://doi.org/10.26692/surj-ss.v48i2,Y,,Y,other
Barbarikon,Banbhore excavation Sindh,2020,"Knowledge, Attitude and Practices of Pharmaceutical Waste Disposal in Community Pharmacies of Karachi",", .; Khan, A.; Jaffar, N.; , .",ANNALS of JINNAH SINDH MEDICAL UNIVERSITY,journal-article,8,10.46663/ajsmu.v6i2.54-59,https://doi.org/10.46663/ajsmu.v6i2.54-59,Y,http://ajsmu.com/index.php/AJSMU/article/download/116/93,,other
Barbarikon,Banbhore excavation Sindh,2022,Sindh University Research journal - Science Series,,SINDH UNIVERSITY RESEARCH JOURNAL -SCIENCE SERIES,journal-issue,0,10.26692/surj-ss.v54i3,https://doi.org/10.26692/surj-ss.v54i3,Y,https://sujo.usindh.edu.pk/index.php/SURJ/article/download/4169/4237/11388,Y,other
Barbarikon,Banbhore excavation Sindh,2024,Sindh University Research journal - Science Series,,SINDH UNIVERSITY RESEARCH JOURNAL -SCIENCE SERIES,journal-issue,0,10.26692/surj-ss.v56i1,https://doi.org/10.26692/surj-ss.v56i1,Y,,Y,other
Barbarikon,Banbhore excavation Sindh,,?,,SINDH UNIVERSITY RESEARCH JOURNAL -SCIENCE SERIES,journal-volume,0,10.26692/surj-ss.v56,https://doi.org/10.26692/surj-ss.v56,Y,https://sujo.usindh.edu.pk/index.php/SURJ/article/download/7462/4736/13969,,other
Barbarikon,Banbhore excavation Sindh,2021,Sindh University Research journal - Science Series,,SINDH UNIVERSITY RESEARCH JOURNAL -SCIENCE SERIES,journal-issue,0,10.26692/surj.v53i04,https://doi.org/10.26692/surj.v53i04,Y,,Y,other
Barbarikon,Banbhore excavation Sindh,2011,Sindh University Research journal - Science Series,,SINDH UNIVERSITY RESEARCH JOURNAL -SCIENCE SERIES,journal-issue,13,10.26692/surj-ss.v43i2,https://doi.org/10.26692/surj-ss.v43i2,Y,,Y,other
Barbarikon,Banbhore excavation Sindh,2025,Sindh University Research journal - Science Series,,SINDH UNIVERSITY RESEARCH JOURNAL -SCIENCE SERIES,journal-issue,0,10.26692/surjss.v57i1,https://doi.org/10.26692/surjss.v57i1,Y,,Y,other
Barbarikon,Banbhore excavation Sindh,2022,Sindh University Research journal - Science Series,,SINDH UNIVERSITY RESEARCH JOURNAL -SCIENCE SERIES,journal-issue,0,10.26692/surj.v54i2,https://doi.org/10.26692/surj.v54i2,Y,,Y,other
Barbarikon,Bhambore Indus delta,1895,The Indus-Delta Country. Review,"Goldsmid, F.; Haig, M.",The Geographical Journal,journal-article,2,10.2307/1774251,https://doi.org/10.2307/1774251,Y,,,other
Barbarikon,Bhambore Indus delta,,Irrigation and Field Patterns in the Indus Delta.,", .; Rahman, M.",Louisiana State University and Agricultural & Mechanical College,dissertation,0,10.31390/gradschool_disstheses.601,https://doi.org/10.31390/gradschool_disstheses.601,Y,https://repository.lsu.edu/cgi/viewcontent.cgi?article=1600&context=gradschool_disstheses,Y,other
Barbarikon,Bhambore Indus delta,2024,Indus River Delta,"Ahmed, W.; Kidwai, S.",Delta Sustainability,book-chapter,0,10.1007/978-981-97-7259-9_7,https://doi.org/10.1007/978-981-97-7259-9_7,N,,,other
Barbarikon,Bhambore Indus delta,2018,AUTOMATIC STAR DELTA STARTER.,", .; Jayswal, K.; Modi, J.; , .",International Journal of Advanced Research,journal-article,1,10.21474/ijar01/6965,https://doi.org/10.21474/ijar01/6965,Y,,,other
Barbarikon,Bhambore Indus delta,2012,In the Indus Delta it is No More the Mighty Indus,"Zafar Khan, M.; Akbar, G.",River Conservation and Management,other,8,10.1002/9781119961819.ch6,https://doi.org/10.1002/9781119961819.ch6,N,,Y,other
Barbarikon,Bhambore Indus delta,1837,"§.3. Erläuterung 6. Unterer Lauf, Indus - Delta",,Uebergang von Ost- nach West-Asien,book-chapter,0,10.1515/9783111571331-003,https://doi.org/10.1515/9783111571331-003,N,,,other
Barbarikon,Bhambore Indus delta,2005,Devastation of the Indus River Delta,"Memon, A.",Impacts of Global Climate Change,proceedings-article,7,10.1061/40792(173)500,https://doi.org/10.1061/40792(173)500,N,,,other
Barbarikon,Bhambore Indus delta,,?,,Supplemental Information 2: Incidence of bacterial wilt of chilies caused by <i>R. solanac,dataset,0,10.7287/peerj.preprints.26668/supp-2,https://doi.org/10.7287/peerj.preprints.26668/supp-2,Y,,,other
Barbarikon,Bhambore Indus delta,,?,,"Supplemental Information 1: Incidence of bacterial wilt of chilies caused by
             ",dataset,0,10.7287/peerj.preprints.26668v1/supp-1,https://doi.org/10.7287/peerj.preprints.26668v1/supp-1,Y,,,other
Barbarikon,Bhambore Indus delta,,?,,"Supplemental Information 2: Incidence of bacterial wilt of chilies caused by
             ",dataset,0,10.7287/peerj.preprints.26668v1/supp-2,https://doi.org/10.7287/peerj.preprints.26668v1/supp-2,Y,,,other
Barbarikon,Bhambore Indus delta,,?,,Supplemental Information 1: Incidence of bacterial wilt of chilies caused by <i>R. solanac,dataset,0,10.7287/peerj.preprints.26668/supp-1,https://doi.org/10.7287/peerj.preprints.26668/supp-1,Y,,,other
Barbarikon,Bhambore Indus delta,2018,"Land Use/Land Cover Changes Through Satellite Remote Sensing Approach: A Case Study of Indus Delta, Pakistan","Rehman, Z.; Hasan Kazmi, S.",Pakistan Journal of Scientific &amp; Industrial Research Series  A: Physical Sciences,journal-article,7,10.52763/pjsir.phys.sci.61.3.2018.156.162,https://doi.org/10.52763/pjsir.phys.sci.61.3.2018.156.162,Y,https://v3.pjsir.org/index.php/physical-sciences/article/download/309/216,Y,palaeoenvironment
Barbarikon,Bhambore Indus delta,2026,"Seasonal Length–Weight Relationships and Condition Factors of Penaeid Shrimps in the Indus Delta Creeks, Northern Arabian Sea","Khan, M.; Alatawi, G.",SSRN Electronic Journal,posted-content,0,10.2139/ssrn.6177147,https://doi.org/10.2139/ssrn.6177147,Y,,Y,other
Barbarikon,Bhambore Indus delta,2021,"Pakistan, Indus River Delta, Arabian Sea Coast","Finkl, C.; Makowski, C.",Journal of Coastal Research,journal-article,0,10.2112/jcr-si100-delta-092.1,https://doi.org/10.2112/jcr-si100-delta-092.1,N,,,other
Barbarikon,Bhambore Indus delta,2023,Microplastic Accumulation in Razor Clam (Solen Dactylus) During Winter Along the Indus Delta,"Moin, H.; Hadi, R.; Qamar, F.; Badar, R.",SSRN Electronic Journal,posted-content,0,10.2139/ssrn.4498610,https://doi.org/10.2139/ssrn.4498610,Y,,Y,other
Barbarikon,Bhambore Indus delta,2021,"Do Indus Delta mangroves and Indus River contribute to organic carbon in deltaic creeks and coastal waters (Northwest Indian Ocean, Pakistan)?","Ahmed, W.; Wu, Y.; Kidwai, S.; Li, X.",Continental Shelf Research,journal-article,7,10.1016/j.csr.2021.104601,https://doi.org/10.1016/j.csr.2021.104601,N,,Y,palaeoenvironment
Barbarikon,Bhambore Indus delta,2020,A Study of Use of Mobile Phone for Marketing Purpose by Fishermen of the Indus Delta,,Media Education (Mediaobrazovanie),journal-article,0,10.13187/me.2020.3.488,https://doi.org/10.13187/me.2020.3.488,Y,,Y,other
Barbarikon,Bhambore Indus delta,2015,Environmental Injustice in Pakistan: Impacts of Upstream Dams on Indus Delta and its Inhabitants,"Hadi, A.",Academic Journal of Interdisciplinary Studies,journal-article,1,10.5901/ajis.2015.v4n1s2p11,https://doi.org/10.5901/ajis.2015.v4n1s2p11,Y,https://www.mcser.org/journal/index.php/ajis/article/download/6327/6064,Y,other
Barbarikon,Bhambore Indus delta,2014,ON THE DELTA OF THE INDUS,,Travels into Bokhara,book-chapter,0,10.1017/cbo9781107589568.015,https://doi.org/10.1017/cbo9781107589568.015,N,,,other
Barbarikon,Bhambore Indus delta,2019,"Dams and Destruction: The Case Study of Indus Delta, Sindh, Pakistan","Hadi, A.",Environmental Justice,journal-article,6,10.1089/env.2018.0035,https://doi.org/10.1089/env.2018.0035,N,,Y,other
Barbarikon,Bhambore Indus delta,1999,Intertidal Mycoflora of Indus Delta Mangroves,"., F.; ., I.",Pakistan Journal of Biological Sciences,journal-article,0,10.3923/pjbs.1999.952.954,https://doi.org/10.3923/pjbs.1999.952.954,N,,Y,palaeoenvironment
Barbarikon,Bhambore Indus delta,1997,Management of the Indus Delta Mangroves,"Saifullah, S.",Coastal Systems and Continental Margins,book-chapter,10,10.1007/978-94-017-1066-4_18,https://doi.org/10.1007/978-94-017-1066-4_18,N,,Y,palaeoenvironment
Barbarikon,Bhambore Indus delta,2023,WITHDRAWN: Kinetics of microbial digestion of leachate generated from municipal solid waste,"Bhambore, N.; Kumar, M.",Research Square,posted-content,0,10.21203/rs.3.rs-3633124/v1,https://doi.org/10.21203/rs.3.rs-3633124/v1,Y,,,other
Barbarikon,Bhambore Indus delta,2025,"Climate Change, Migration and Local Vulnerabilities in the Indus Delta, Pakistan","Sandeelo, A.; Kumar, S.",Journal of Political Stability Archive,journal-article,0,10.63468/jpsa.3.2.84,https://doi.org/10.63468/jpsa.3.2.84,Y,https://journalpsa.com.pk/index.php/JPSA/article/download/596/592,Y,palaeoenvironment
Barbarikon,Bhambore Indus delta,2025,Degradation of Sindh Indus Delta and Proposal for Sustainable Rehabilitation of Habitat,"Sarah Hafeez, .; Asma Qayoom, .",Social Science Review Archives,journal-article,0,10.70670/sra.v3i3.1073,https://doi.org/10.70670/sra.v3i3.1073,Y,https://policyjournalofms.com/index.php/6/article/download/1073/1077,Y,other
Barbarikon,Indus delta ancient port archaeology,2024,Cities of the Indus valley civilization,"Gates, C.; Goldman, A.",Ancient Cities,book-chapter,0,10.4324/9780429278815-6,https://doi.org/10.4324/9780429278815-6,N,,,other
Barbarikon,Indus delta ancient port archaeology,2010,Chapter Five. Archaeology And Ethnography,"Meister, M.",Temples of the Indus,book-chapter,0,10.1163/ej.9789004186170.i-172.24,https://doi.org/10.1163/ej.9789004186170.i-172.24,N,,,archaeology
Barbarikon,Indus delta ancient port archaeology,2026,"Ancient Routes to Gandhāra Across the Upper Indus, Northern Areas of Pakistan","Nasim Khan, M.",Gandhāra,book-chapter,0,10.1007/978-981-96-6978-3_21,https://doi.org/10.1007/978-981-96-6978-3_21,N,,,other
Barbarikon,Indus delta ancient port archaeology,1991,Hydraulic Power in the Port of London,"Smith, T.",Industrial Archaeology Review,journal-article,0,10.1179/030907291787712502,https://doi.org/10.1179/030907291787712502,N,,,archaeology
Barbarikon,Indus delta ancient port archaeology,2015,The Indus Valley Script,,The Archaeology and Epigraphy of Indus Writing,book-chapter,0,10.2307/j.ctvr43jmf.9,https://doi.org/10.2307/j.ctvr43jmf.9,N,,,other
Barbarikon,Indus delta ancient port archaeology,2015,The Indus Sign List,,The Archaeology and Epigraphy of Indus Writing,book-chapter,0,10.2307/j.ctvr43jmf.10,https://doi.org/10.2307/j.ctvr43jmf.10,N,,,other
Barbarikon,Indus delta ancient port archaeology,2010,Chapter Three. Archaeology At Käfirkot And Problems Of Platform Extensions,"Meister, M.",Temples of the Indus,book-chapter,0,10.1163/ej.9789004186170.i-172.17,https://doi.org/10.1163/ej.9789004186170.i-172.17,N,,,archaeology
Barbarikon,Indus delta ancient port archaeology,2015,Proto-Dravidian and the Indus Script,,The Archaeology and Epigraphy of Indus Writing,book-chapter,0,10.2307/j.ctvr43jmf.14,https://doi.org/10.2307/j.ctvr43jmf.14,N,,,other
Barbarikon,Indus delta ancient port archaeology,2018,"Banbhore, a Major Trade Centre on the Indus’ Delta:","Felici, A.; Fusaro, A.; Ibrahim, A.; Lashari, K.",Proceedings of the 10th International Congress on the Archaeology of the Ancient Near East,book-chapter,0,10.2307/j.ctvcm4fnh.26,https://doi.org/10.2307/j.ctvcm4fnh.26,N,,Y,archaeology
Barbarikon,Indus delta ancient port archaeology,2007,The Indus Civilization Today,,The Ancient Indus Valley,other,0,10.5040/9798400612787.ch-012,https://doi.org/10.5040/9798400612787.ch-012,N,,,other
Barbarikon,Indus delta ancient port archaeology,1979,"The Engineers of a Minor Port—Peterhead, Scotland, 1772-1872","Buchan, A.",Industrial Archaeology Review,journal-article,0,10.1179/030907279786474016,https://doi.org/10.1179/030907279786474016,N,,,archaeology
Barbarikon,Indus delta ancient port archaeology,2010,Measuring the Harappan world: Insights into the Indus order and cosmology,"Mark Kenoyer, J.",The Archaeology of Measurement,book-chapter,24,10.1017/cbo9780511760822.013,https://doi.org/10.1017/cbo9780511760822.013,N,,,other
Barbarikon,Indus delta ancient port archaeology,2010,Architectural measurements in the Indus cities: The case study of Mohenjo-Daro,"Jansen, M.",The Archaeology of Measurement,book-chapter,1,10.1017/cbo9780511760822.015,https://doi.org/10.1017/cbo9780511760822.015,N,,,other
Barbarikon,Indus delta ancient port archaeology,2015,Numerals in the Indus Script and their Uses,,The Archaeology and Epigraphy of Indus Writing,book-chapter,0,10.2307/j.ctvr43jmf.13,https://doi.org/10.2307/j.ctvr43jmf.13,N,,,other
Barbarikon,Indus delta ancient port archaeology,2015,Appendix II:,"Fuls, A.",The Archaeology and Epigraphy of Indus Writing,book-chapter,0,10.2307/j.ctvr43jmf.16,https://doi.org/10.2307/j.ctvr43jmf.16,N,,,other
Barbarikon,Indus delta ancient port archaeology,2015,Appendix I:,"Fuls, A.",The Archaeology and Epigraphy of Indus Writing,book-chapter,0,10.2307/j.ctvr43jmf.15,https://doi.org/10.2307/j.ctvr43jmf.15,N,,,other
Barbarikon,Indus delta ancient port archaeology,2015,Dedication,,The Archaeology and Epigraphy of Indus Writing,book-chapter,0,10.2307/j.ctvr43jmf.2,https://doi.org/10.2307/j.ctvr43jmf.2,N,,,other
Barbarikon,Indus delta ancient port archaeology,2017,Engineering Feats and Consequences: Workers in the Night and the Indus Civilization,"Wright, R.; Garrett, Z.",Archaeology of the Night: Life After Dark in the Ancient World,book-chapter,5,10.5876/9781607326786.c014,https://doi.org/10.5876/9781607326786.c014,N,,,other
Barbarikon,Indus delta ancient port archaeology,2013,"The shell middens of Las Bela coast and the Indus delta (Arabian Sea, Pakistan)","Biagi, P.",Arabian Archaeology and Epigraphy,journal-article,19,10.1111/aae.12013,https://doi.org/10.1111/aae.12013,Y,https://onlinelibrary.wiley.com/doi/pdfdirect/10.1111/aae.12013,Y,other
Barbarikon,Indus delta ancient port archaeology,2007,"Origins, Growth, and Decline of the Indus Civilization",,The Ancient Indus Valley,other,0,10.5040/9798400612787.ch-004,https://doi.org/10.5040/9798400612787.ch-004,N,,,other
Barbarikon,Indus delta ancient port archaeology,2016,"Ancient Water Supply System in Tall Tanis, Archaeological Area Northeastern Nile Delta Region, Port Said, Egypt","Zaghloul, E.",The Handbook of Environmental Chemistry,book-chapter,1,10.1007/698_2016_63,https://doi.org/10.1007/698_2016_63,N,,,archaeology
Barbarikon,Indus delta ancient port archaeology,2016,The archaeology of the western Antiochene,,Ancient Antioch,book-chapter,0,10.1017/cbo9781316442630.006,https://doi.org/10.1017/cbo9781316442630.006,N,,,archaeology
Barbarikon,Indus delta ancient port archaeology,1973,An ancient Roman port in the Archipelago Toscano,"Bruno, V.",International Journal of Nautical Archaeology,journal-article,2,10.1111/j.1095-9270.1973.tb00523.x,https://doi.org/10.1111/j.1095-9270.1973.tb00523.x,N,,,archaeology
Barbarikon,Daybul Debal port,,Daybul,,Encyclopédie de l’Islam,dataset,0,10.1163/9789004206106_eifo_sim_1764,https://doi.org/10.1163/9789004206106_eifo_sim_1764,N,,Y,other
Barbarikon,Daybul Debal port,,Daybul,,"Encyclopaedia of Islam, Second Edition",dataset,0,10.1163/1573-3912_islam_sim_1764,https://doi.org/10.1163/1573-3912_islam_sim_1764,N,,Y,other
Barbarikon,Daybul Debal port,2023,"Biodiversity, Anthropogenic","Deb, D.",Qeios,posted-content,0,10.32388/cwbmg2,https://doi.org/10.32388/cwbmg2,Y,https://www.qeios.com/read/CWBMG2/pdf,,other
Barbarikon,Daybul Debal port,2026,An Archeology of Development,"Deb, D.",SSRN Electronic Journal,posted-content,0,10.2139/ssrn.6509658,https://doi.org/10.2139/ssrn.6509658,Y,,,other
Barbarikon,Daybul Debal port,2026,Joint Forest Management.,"Deb, D.",SSRN Electronic Journal,posted-content,0,10.2139/ssrn.6659739,https://doi.org/10.2139/ssrn.6659739,Y,,,other
Barbarikon,Daybul Debal port,2012,Beyond Developmentality,"Deb, D.",,book,2,10.4324/9781849770545,https://doi.org/10.4324/9781849770545,N,,,other
Barbarikon,Daybul Debal port,2026,Sacred Ecosystems of West Bengal,"Deb, D.",SSRN Electronic Journal,posted-content,0,10.2139/ssrn.6661579,https://doi.org/10.2139/ssrn.6661579,Y,,,other
Barbarikon,Daybul Debal port,2026,Joint Forest Management in West Bengal,"Deb, D.",SSRN Electronic Journal,posted-content,0,10.2139/ssrn.6659520,https://doi.org/10.2139/ssrn.6659520,Y,,,other
Barbarikon,Daybul Debal port,2023,The Dual Role of Culture in Evolutionary Play: Anthropogenic Expansion Vss Destruction of Biodiversity,"Deb, D.",Qeios,posted-content,0,10.32388/cwbmg2.2,https://doi.org/10.32388/cwbmg2.2,Y,https://www.qeios.com/read/CWBMG2.2/pdf,,other
Barbarikon,Daybul Debal port,2026,Anthropogenic Expansion of Biodiversity and its Erosion by Agricultural Development,"Deb, D.",SSRN Electronic Journal,posted-content,0,10.2139/ssrn.6509738,https://doi.org/10.2139/ssrn.6509738,Y,,,palaeoenvironment
Barbarikon,Daybul Debal port,1997,Trophic Uncertainty vs Parsimony in Food Web Research,"Deb, D.",Oikos,journal-article,24,10.2307/3545816,https://doi.org/10.2307/3545816,N,,,other
Barbarikon,Daybul Debal port,2026,From The Mob To The Community: The Alternative To Developmentality,"Deb, D.",SSRN Electronic Journal,posted-content,0,10.2139/ssrn.5974414,https://doi.org/10.2139/ssrn.5974414,Y,,,other
Barbarikon,Daybul Debal port,2021,Peasant mobilisations in India,"SinghaRoy, D.",The Routledge International Handbook of Public Sociology,book-chapter,1,10.4324/9781003055594-18,https://doi.org/10.4324/9781003055594-18,N,,,other
Barbarikon,Daybul Debal port,2021,Rice Cultures of Bengal,"Deb, D.",Gastronomica,journal-article,8,10.1525/gfc.2021.21.3.91,https://doi.org/10.1525/gfc.2021.21.3.91,N,,,other
Barbarikon,Daybul Debal port,2014,Towards a Knowledge Society,"SinghaRoy, D.",Cambridge University Press eBooks,monograph,3,10.1017/cbo9781107588349,https://doi.org/10.1017/cbo9781107588349,N,,,other
Barbarikon,Daybul Debal port,2014,Sacred Groves of West Bengal: A Model of Community Forest Management,"Deb, D.",SSRN Electronic Journal,posted-content,8,10.2139/ssrn.2403540,https://doi.org/10.2139/ssrn.2403540,Y,,,other
Barbarikon,Daybul Debal port,2024,The Dual Role of Culture in Evolutionary Play: Anthropogenic Expansion vs. Destruction of Biodiversity,"Deb, D.",Qeios,posted-content,0,10.32388/cwbmg2.4,https://doi.org/10.32388/cwbmg2.4,Y,https://www.qeios.com/read/CWBMG2.4/pdf,,other
Barbarikon,Daybul Debal port,2024,Dependency and Protest,"SinghaRoy, D.",Sociology of Rationality,book-chapter,1,10.4324/9781003536031-10,https://doi.org/10.4324/9781003536031-10,N,,,other
Barbarikon,Daybul Debal port,2023,"Patriotism, Partition and the Persecuted","SinghaRoy, D.",,monograph,0,10.4324/9781003425618,https://doi.org/10.4324/9781003425618,N,,,other
Barbarikon,Daybul Debal port,2022,Peasant Movements,"SinghaRoy, D.",The Wiley-Blackwell Encyclopedia of Social and Political Movements,other,0,10.1002/9780470674871.wbespm363.pub2,https://doi.org/10.1002/9780470674871.wbespm363.pub2,N,,,other
Barbarikon,Daybul Debal port,2023,Introduction,"Singharoy, D.","Patriotism, Partition and the Persecuted",book-chapter,0,10.4324/9781003425618-1,https://doi.org/10.4324/9781003425618-1,N,,,other
Barbarikon,Daybul Debal port,2019,Restoring Rice Biodiversity,"Deb, D.",Scientific American,journal-article,12,10.1038/scientificamerican1019-54,https://doi.org/10.1038/scientificamerican1019-54,N,,,other
Barbarikon,Daybul Debal port,2024,The Dual Role of Culture in Evolutionary Play: Anthropogenic Expansion Vs Destruction of Biodiversity,"Deb, D.",Qeios,posted-content,0,10.32388/cwbmg2.3,https://doi.org/10.32388/cwbmg2.3,Y,https://www.qeios.com/read/CWBMG2.3/pdf,,other
Barbarikon,Daybul Debal port,2020,Sauver les riz traditionnels indiens,"Deb, D.",Pour la Science,journal-article,0,10.3917/pls.511.0042,https://doi.org/10.3917/pls.511.0042,N,,,other
Barbarikon,Daybul Debal port,1976,Unusually High Pacemaker Threshold in Severe Myxedema,"Basu, D.; Chatterjee, K.",Chest,journal-article,16,10.1378/chest.70.5.677,https://doi.org/10.1378/chest.70.5.677,N,,,other
Leuke Kome,Leuke Kome,,Leuke Kome,,Der Neue Pauly,dataset,0,10.1163/1574-9347_dnp_e702620,https://doi.org/10.1163/1574-9347_dnp_e702620,N,,Y,other
Leuke Kome,Leuke Kome,,Leuke Kome,,Brill’s New Pauly,dataset,0,10.1163/1574-9347_bnp_e702620,https://doi.org/10.1163/1574-9347_bnp_e702620,N,,Y,other
Leuke Kome,Leuke Kome,,"SEG 64-956. Mylasa (area of). Location of Trobalissos, Leuke Kome and Omba.",,Supplementum Epigraphicum Graecum,dataset,0,10.1163/1874-6772_seg_a64_956,https://doi.org/10.1163/1874-6772_seg_a64_956,N,,Y,other
Leuke Kome,Leuke Kome,2010,On the location of Leuke Kome,"Nappo, D.",Journal of Roman Archaeology,journal-article,15,10.1017/s1047759400002439,https://doi.org/10.1017/s1047759400002439,Y,http://hdl.handle.net/2318/137740,Y,other
Leuke Kome,Leuke Kome,2018,The port of Aynuna in pre-Islamic period. Nautical and topographical considerations on the location of Leuke Kome,"Juchniewicz, K.",Polish Archaeology in the Mediterranean,journal-article,3,10.5604/01.3001.0012.1819,https://doi.org/10.5604/01.3001.0012.1819,Y,,Y,archaeology
Leuke Kome,Leuke Kome,2018,Looking for Leuke Kome,"Gawlikowski, M.",Stories of Globalisation: The Red Sea and the Persian Gulf from Late Prehistory to Early M,book-chapter,3,10.1163/9789004362321_015,https://doi.org/10.1163/9789004362321_015,Y,,Y,other
Leuke Kome,Leuke Kome,2002,Leuke Kome and Egra,"SHITOMI, Y.",Bulletin of the Society for Near Eastern Studies in Japan,journal-article,0,10.5356/jorient.45.2_192,https://doi.org/10.5356/jorient.45.2_192,Y,https://www.jstage.jst.go.jp/article/jorient1962/45/2/45_2_192/_pdf,Y,other
Leuke Kome,Leuke Kome,,KOME,,KOME,journal,0,10.17646/kome,https://doi.org/10.17646/kome,Y,https://folyoirat.ludovika.hu/index.php/kome/article/download/8484/6562/42318,,other
Leuke Kome,Leuke Kome,2014,Mediation and Trust,"Nagy, K.",KOME,journal-article,0,10.17646/kome.2014.11,https://doi.org/10.17646/kome.2014.11,Y,https://doi.org/10.17646/kome.2014.11,,other
Leuke Kome,Leuke Kome,2019,"Mar Adentro: Haunting Ability, Masculinity, and Human Rights","Flynn, S.",KOME,journal-article,0,10.17646/kome.2019.11,https://doi.org/10.17646/kome.2019.11,Y,https://doi.org/10.17646/kome.2019.11,,other
Leuke Kome,Leuke Kome,2022,2022 Reviewer Thank You,"Editors, .",KOME,journal-article,0,10.17646/kome.2022.94,https://doi.org/10.17646/kome.2022.94,Y,https://doi.org/10.17646/kome.2022.94,,other
Leuke Kome,Leuke Kome,,Leuke. Graffiti.,,Supplementum Epigraphicum Graecum,dataset,0,10.1163/1874-6772_seg_a30_966,https://doi.org/10.1163/1874-6772_seg_a30_966,N,,,other
Leuke Kome,Leuke Kome,2012,Mediated Communities in the Age of Electronic Communication,"Szécsi, G.",KOME,journal-article,0,10.17646/kome.2012.15,https://doi.org/10.17646/kome.2012.15,Y,https://doi.org/10.17646/kome.2012.15,,other
Leuke Kome,Leuke Kome,2017,2017 Reviewer Thank You,,KOME,journal-article,0,10.17646/kome.2017.28,https://doi.org/10.17646/kome.2017.28,Y,https://doi.org/10.17646/kome.2017.28,,other
Leuke Kome,Leuke Kome,,"Graffiti from Leuke, Berezan and Olbia.",,Supplementum Epigraphicum Graecum,dataset,0,10.1163/1874-6772_seg_a30_958_c27,https://doi.org/10.1163/1874-6772_seg_a30_958_c27,N,,,other
Leuke Kome,Leuke Kome,2017,Author’s index,"Sorooshian, S.",KOME,journal-article,4,10.17646/kome.75692.91,https://doi.org/10.17646/kome.75692.91,Y,https://doi.org/10.17646/kome.75692.91,,other
Leuke Kome,Leuke Kome,,Leuke,,Der Neue Pauly,dataset,0,10.1163/1574-9347_dnp_e702600,https://doi.org/10.1163/1574-9347_dnp_e702600,N,,,other
Leuke Kome,Leuke Kome,2016,2016 Reviewer Thank You,"Editorial, N.",KOME,journal-article,0,10.17646/kome.2016.28,https://doi.org/10.17646/kome.2016.28,Y,https://doi.org/10.17646/kome.2016.28,,other
Leuke Kome,Leuke Kome,2012,On Analysis and its Role in Communication Theories,"Demeter, M.",KOME,journal-article,2,10.17646/kome.2012.14,https://doi.org/10.17646/kome.2012.14,Y,https://doi.org/10.17646/kome.2012.14,,other
Leuke Kome,Leuke Kome,2012,Permutations of Theory – Open Channels then and now,"Briel, H.",KOME,journal-article,0,10.17646/kome.2012.12,https://doi.org/10.17646/kome.2012.12,Y,https://doi.org/10.17646/kome.2012.12,,other
Leuke Kome,Leuke Kome,,Leuke Akte,,Der Neue Pauly,dataset,0,10.1163/1574-9347_dnp_e702610,https://doi.org/10.1163/1574-9347_dnp_e702610,N,,,other
Leuke Kome,Leuke Kome,,"Graffiti from Leuke, Berezan and Olbia.",,Supplementum Epigraphicum Graecum,dataset,0,10.1163/1874-6772_seg_a30_958,https://doi.org/10.1163/1874-6772_seg_a30_958,N,,,other
Leuke Kome,Leuke Kome,,"Graffiti from Leuke, Berezan and Olbia.",,Supplementum Epigraphicum Graecum,dataset,0,10.1163/1874-6772_seg_a30_958_c37,https://doi.org/10.1163/1874-6772_seg_a30_958_c37,N,,,other
Leuke Kome,Leuke Kome,,"Graffiti from Leuke, Berezan and Olbia.",,Supplementum Epigraphicum Graecum,dataset,0,10.1163/1874-6772_seg_a30_959_d,https://doi.org/10.1163/1874-6772_seg_a30_959_d,N,,,other
Leuke Kome,Leuke Kome,,Akra Leuke,,Der Neue Pauly,dataset,0,10.1163/1574-9347_dnp_e112050,https://doi.org/10.1163/1574-9347_dnp_e112050,N,,,other
Leuke Kome,Aynuna Nabataean port Red Sea,2020,Aynuna on the Red Sea,"Gawlikowski, M.",Polish Archaeology in the Mediterranean,journal-article,2,10.31338/uw.2083-537x.pam29.1.03,https://doi.org/10.31338/uw.2083-537x.pam29.1.03,Y,,Y,other
Leuke Kome,Aynuna Nabataean port Red Sea,2003,A Nabataean and Roman Domestic Area at the Red Sea Port of Aila,"Retzleff, A.",Bulletin of the American Schools of Oriental Research,journal-article,9,10.2307/1357759,https://doi.org/10.2307/1357759,N,,Y,archaeology
Leuke Kome,Aynuna Nabataean port Red Sea,2023,?,,,grant,0,10.61686/asykj64315,https://doi.org/10.61686/asykj64315,,,,other
Leuke Kome,Aynuna Nabataean port Red Sea,2020,Burying the dead on the Red Sea coast: Bioarchaeological research in Lower Aynuna in the 2015–2017 seasons of fieldwork,"Ciesielska, J.",Polish Archaeology in the Mediterranean,journal-article,0,10.31338/uw.2083-537x.pam29.1.04,https://doi.org/10.31338/uw.2083-537x.pam29.1.04,Y,,Y,archaeology
Leuke Kome,Aynuna Nabataean port Red Sea,2018,Appendix Three:,"Manzo, A.","Egyptian and Imported Pottery from the Red Sea port of Mersa Gawsis, Egypt",book-chapter,1,10.2307/j.ctv170x4mk.19,https://doi.org/10.2307/j.ctv170x4mk.19,N,,,other
Leuke Kome,Aynuna Nabataean port Red Sea,2021,Lost port of the Red Sea,"Woźniak, M.",Academia Letters,journal-article,1,10.20935/al213,https://doi.org/10.20935/al213,N,,,archaeology
Leuke Kome,Aynuna Nabataean port Red Sea,2007,Roman Rigging Material from the Red Sea Port of Myos Hormos,"Whitewright, J.",International Journal of Nautical Archaeology,journal-article,29,10.1111/j.1095-9270.2007.00150.x,https://doi.org/10.1111/j.1095-9270.2007.00150.x,N,,,archaeology
Leuke Kome,Aynuna Nabataean port Red Sea,2018,Suakin and Al Khandaq: The Influence of a Sea Port on a River Port,"Adam, A.; Taha Elatta, H.",Stories of Globalisation: The Red Sea and the Persian Gulf from Late Prehistory to Early M,book-chapter,0,10.1163/9789004362321_022,https://doi.org/10.1163/9789004362321_022,N,,,archaeology
Leuke Kome,Aynuna Nabataean port Red Sea,2016,The content of some selected metabolites of Hypnea valentiae (Turner) Montagne from the Red Sea coast of Sudan,", .; Osman, N.; Alhassan, M.; , .",Journal of Coastal Life Medicine,journal-article,3,10.12980/jclm.4.2016j6-49,https://doi.org/10.12980/jclm.4.2016j6-49,Y,,,other
Leuke Kome,Aynuna Nabataean port Red Sea,2018,Front Matter,,"Egyptian and Imported Pottery from the Red Sea port of Mersa Gawsis, Egypt",book-chapter,0,10.2307/j.ctv170x4mk.1,https://doi.org/10.2307/j.ctv170x4mk.1,N,,,other
Leuke Kome,Aynuna Nabataean port Red Sea,2004,The Red Sea Commerce at Quseir,"Guo, L.","Commerce, Culture, and Community in a Red Sea Port in the Thirteenth Century",book-chapter,0,10.1163/9789047404972_006,https://doi.org/10.1163/9789047404972_006,N,,,other
Leuke Kome,Aynuna Nabataean port Red Sea,2018,Plates,,"Egyptian and Imported Pottery from the Red Sea port of Mersa Gawsis, Egypt",book-chapter,0,10.2307/j.ctv170x4mk.16,https://doi.org/10.2307/j.ctv170x4mk.16,N,,,other
Leuke Kome,Aynuna Nabataean port Red Sea,2018,Bibliography,,"Egyptian and Imported Pottery from the Red Sea port of Mersa Gawsis, Egypt",book-chapter,0,10.2307/j.ctv170x4mk.21,https://doi.org/10.2307/j.ctv170x4mk.21,N,,,other
Leuke Kome,Aynuna Nabataean port Red Sea,2024,Somaliland-Ethiopia port deal: international opposition flags complex Red Sea politics,"Bakonyi, J.",,posted-content,1,10.64628/aaj.ak6xj9up3,https://doi.org/10.64628/aaj.ak6xj9up3,N,,,archaeology
Leuke Kome,Aynuna Nabataean port Red Sea,2018,Index,,"Egyptian and Imported Pottery from the Red Sea port of Mersa Gawsis, Egypt",book-chapter,0,10.2307/j.ctv170x4mk.22,https://doi.org/10.2307/j.ctv170x4mk.22,N,,,other
Leuke Kome,Aynuna Nabataean port Red Sea,2017,The Geographical Nature of the Red Sea Area and Its Impact on the Material Culture,"Adam, A.",Human Interaction with the Environment in the Red Sea,book-chapter,2,10.1163/9789004330825_012,https://doi.org/10.1163/9789004330825_012,N,,,other
Leuke Kome,Aynuna Nabataean port Red Sea,2026,Geoeconomic Imperatives of Ethiopia's Quest for Red Sea Port Access: An Institutional Economics Perspective,"Kiniso, A.",SSRN Electronic Journal,posted-content,0,10.2139/ssrn.6179418,https://doi.org/10.2139/ssrn.6179418,Y,,,archaeology
Leuke Kome,Aynuna Nabataean port Red Sea,2018,Pottery technology,,"Egyptian and Imported Pottery from the Red Sea port of Mersa Gawsis, Egypt",book-chapter,0,10.2307/j.ctv170x4mk.9,https://doi.org/10.2307/j.ctv170x4mk.9,N,,,archaeology
Leuke Kome,Aynuna Nabataean port Red Sea,2018,"Egyptian and Imported Pottery from the Red Sea port of Mersa Gawsis, Egypt","Wallace-Jones, S.",Archaeopress Publishing Ltd eBooks,monograph,0,10.2307/j.ctv170x4mk,https://doi.org/10.2307/j.ctv170x4mk,N,,,archaeology
Leuke Kome,Aynuna Nabataean port Red Sea,2018,Bead Trade in Roman Ports: A View from the Red Sea Port of Marsa Nakari,"Then-Obłuska, J.",Stories of Globalisation: The Red Sea and the Persian Gulf from Late Prehistory to Early M,book-chapter,3,10.1163/9789004362321_014,https://doi.org/10.1163/9789004362321_014,N,,,archaeology
Leuke Kome,Aynuna Nabataean port Red Sea,2015,"Arsinoë (2), Egyptian port city on the Red Sea","Thompson, D.",Oxford Classical Dictionary,reference-entry,0,10.1093/acrefore/9780199381135.013.807,https://doi.org/10.1093/acrefore/9780199381135.013.807,N,,,archaeology
Leuke Kome,Aynuna Nabataean port Red Sea,2021,Aegean Sea,,Antichistica,book-chapter,0,10.30687/978-88-6969-507-0/006,https://doi.org/10.30687/978-88-6969-507-0/006,Y,,,other
Leuke Kome,Aynuna Nabataean port Red Sea,2018,Table of Contents,,"Egyptian and Imported Pottery from the Red Sea port of Mersa Gawsis, Egypt",book-chapter,0,10.2307/j.ctv170x4mk.2,https://doi.org/10.2307/j.ctv170x4mk.2,N,,,other
Leuke Kome,Aynuna Nabataean port Red Sea,2018,Foreword and acknowledgements,,"Egyptian and Imported Pottery from the Red Sea port of Mersa Gawsis, Egypt",book-chapter,0,10.2307/j.ctv170x4mk.4,https://doi.org/10.2307/j.ctv170x4mk.4,N,,,other
Leuke Kome,Aynuna Nabataean port Red Sea,2018,List of Figures,,"Egyptian and Imported Pottery from the Red Sea port of Mersa Gawsis, Egypt",book-chapter,0,10.2307/j.ctv170x4mk.3,https://doi.org/10.2307/j.ctv170x4mk.3,N,,,other
Leuke Kome,al-Wajh survey Saudi Arabia,,"Supplemental Information 1: Ras Alshabaan-Umluj (Umluj), and Almunibrah-Al-Wajh (Al-Wajh) Tabuk region, Saudi Arabia.",,,component,0,10.7717/peerj.18282/supp-1,https://doi.org/10.7717/peerj.18282/supp-1,,,Y,other
Leuke Kome,al-Wajh survey Saudi Arabia,1983,"Landsat image map of the Al Wajh quadrangle, sheet 26B, Kingdom of Saudi Arabia",", .; , .",Open-File Report,report-component,0,10.3133/ofr271,https://doi.org/10.3133/ofr271,N,,Y,other
Leuke Kome,al-Wajh survey Saudi Arabia,2020,"A Nabatean port on the Red Sea: note on the pottery finds from al-Qusayr (al-Wajh, Saudi Arabia)","Durand, C.",Polish Archaeology in the Mediterranean,journal-article,0,10.31338/uw.2083-537x.pam29.1.23,https://doi.org/10.31338/uw.2083-537x.pam29.1.23,Y,,Y,archaeology
Leuke Kome,al-Wajh survey Saudi Arabia,2025,"Evaporation, fractional crystallization, and reverse ion exchange variables governing the chemistry of the groundwater in Al-Wajh Region, Saudi Arabia",,Global NEST Journal,journal-article,1,10.30955/gnj.06807,https://doi.org/10.30955/gnj.06807,Y,https://journal.gnest.org/system/files/2025-05/gnest_06807_in%20press.pdf,Y,other
Leuke Kome,al-Wajh survey Saudi Arabia,1982,"Landsat image map of the Wādī as Sirhān quadrangle, Kingdom of Saudi Arabia",", .; , .; , .; , .",Open-File Report,report-component,0,10.3133/ofr232,https://doi.org/10.3133/ofr232,N,,,other
Leuke Kome,al-Wajh survey Saudi Arabia,2022,"Paragenesis of a Pleistocene Carbonate Island in the African-Arabian Desert Belt (Al-Wajh Carbonate Platform Lagoon, NE Red Sea, Saudi-Arabia)","Chirakal, T.; Petrovic, A.; Oyinloye, M.; Vahrenkamp, V.",,posted-content,0,10.5194/egusphere-egu22-8522,https://doi.org/10.5194/egusphere-egu22-8522,Y,,Y,palaeoenvironment
Leuke Kome,al-Wajh survey Saudi Arabia,2024,"Assessing the Coral Reef Fish Biodiversity in the Al-Wajh Region of the Northern Red Sea, Saudi Arabia","Alsaaq, F.",Pakistan Journal of Zoology,journal-article,1,10.17582/journal.pjz/20230801061958,https://doi.org/10.17582/journal.pjz/20230801061958,Y,,,other
Leuke Kome,al-Wajh survey Saudi Arabia,2022,"Techno-Economic Performance Optimization of Hydrothermal Doublet Systems: Application to the Al Wajh Basin, Western Saudi Arabia","Ezekiel, J.; Ebigbo, A.; Arifianto, I.; Daniilidis, A.",SSRN Electronic Journal,posted-content,0,10.2139/ssrn.4109958,https://doi.org/10.2139/ssrn.4109958,Y,,Y,other
Leuke Kome,al-Wajh survey Saudi Arabia,2012,"Hyperspectral Remote Sensing of the Geomorphic Features and Habitats of the Al Wajh Bank Reef System, Saudi Arabia, Red Sea","Hamylton, S.",Seafloor Geomorphology as Benthic Habitat,book-chapter,0,10.1016/b978-0-12-385140-6.00023-2,https://doi.org/10.1016/b978-0-12-385140-6.00023-2,N,,Y,palaeoenvironment
Leuke Kome,al-Wajh survey Saudi Arabia,1987,"Some dextral Spirorbidae (Polychaeta from Al-Wajh (Red Sea), Saudi Arabia)","Al-Ogaily, S.; Hussain, A.",Journal of Natural History,journal-article,2,10.1080/00222938700770361,https://doi.org/10.1080/00222938700770361,N,,Y,other
Leuke Kome,al-Wajh survey Saudi Arabia,1982,"Landsat image map of the northeastern Ḩijāz quadrangle, Kingdom of Saudi Arabia",", .; , .; , .",Open-File Report,report-component,0,10.3133/ofr234,https://doi.org/10.3133/ofr234,N,,,other
Leuke Kome,al-Wajh survey Saudi Arabia,2022,"Late Pleistocene to Holocene Architecture of a Land-attached Carbonate Platform Lagoon in the African-Arabian Desert Belt (Al Wajh platform, N Red Sea, Saudi Arabia).","Putri, I.; Petrovic, A.; Sifontes, R.; Vahrenkamp, V.",,posted-content,0,10.5194/egusphere-egu22-12421,https://doi.org/10.5194/egusphere-egu22-12421,Y,,Y,palaeoenvironment
Leuke Kome,al-Wajh survey Saudi Arabia,2022,"Radiological Effectual and Mineral Salts Measurements of Sandstone Used in the Construction from Al Wajh, Al Ula and North Al Ula, Az Zabirah-Saudi Arabia","Hamidalddin, S.",Journal of Geoscience and Environment Protection,journal-article,2,10.4236/gep.2022.109005,https://doi.org/10.4236/gep.2022.109005,Y,http://www.scirp.org/journal/PaperDownload.aspx?paperID=119979,Y,other
Leuke Kome,al-Wajh survey Saudi Arabia,2022,First Aid for Burns and Burn-Related Nutrition among 2437 Inhabitants: A Nationwide Survey in Saudi Arabia,"Alyahya, T.; , .; Al Jabr, F.; , .",WORLD JOURNAL OF PLASTIC SURGERY,journal-article,7,10.52547/wjps.11.1.64,https://doi.org/10.52547/wjps.11.1.64,Y,http://wjps.ir/files/site1/user_files_c1050c/faisalaljabr-A-10-705-2-361e173.pdf,,other
Leuke Kome,al-Wajh survey Saudi Arabia,1995,"Structure, vein paragenesis, and alteration in the Al Wajh gold district, Saudi Arabia","LeAnderson, P.; Yoldash, M.; Johnson, P.; Offield, T.",Economic Geology,journal-article,5,10.2113/gsecongeo.90.8.2262,https://doi.org/10.2113/gsecongeo.90.8.2262,N,,Y,other
Leuke Kome,al-Wajh survey Saudi Arabia,2021,"Red Sea Holocene carbonates: Windward platform margin and lagoon near Al-Wajh, northern Saudi Arabia","Steinhauff, D.; Abubshait, A.; Purkis, S.",Journal of Sedimentary Research,journal-article,4,10.2110/jsr.2021.04,https://doi.org/10.2110/jsr.2021.04,N,,Y,palaeoenvironment
Leuke Kome,al-Wajh survey Saudi Arabia,2008,"GEOCHEMISTRY OF SOME RECENT SURFACE SEDIMENTS NORTH AL WAJH, NW SAUDI ARABIA","Moufti, A.; Arafa, I.",Delta Journal of Science,journal-article,1,10.21608/djs.2008.152959,https://doi.org/10.21608/djs.2008.152959,Y,https://djs.journals.ekb.eg/article_152959_0ed83106a26a63ccb4a58891b3c839f9.pdf,Y,palaeoenvironment
Leuke Kome,al-Wajh survey Saudi Arabia,2019,"Reservoir Heterogeneity and Quality of Wajh Formation: Outcrop Analog Study, Red Sea Region, Saudi Arabia","Abdullatif, O.; Osman, M.",81st EAGE Conference and Exhibition 2019,proceedings-article,0,10.3997/2214-4609.201901468,https://doi.org/10.3997/2214-4609.201901468,N,,Y,other
Leuke Kome,al-Wajh survey Saudi Arabia,1981,"Landsat image map of the Al Qunfudhah quadrangle, sheet 19E, Kingdom of Saudi Arabia",", .; , .",Open-File Report,report-component,0,10.3133/ofr81589,https://doi.org/10.3133/ofr81589,Y,https://pubs.usgs.gov/of/1981/0589/plate-1.pdf,,other
Leuke Kome,al-Wajh survey Saudi Arabia,1983,"Landsat image map of the Al Musannah quadrangle, sheet 28I, Kingdom of Saudi Arabia",", .; , .",Open-File Report,report-component,1,10.3133/70160420,https://doi.org/10.3133/70160420,N,,,other
Leuke Kome,al-Wajh survey Saudi Arabia,1983,"Landsat image map of the Al Mishʻāb quadrangle, sheet 28J, Kingdom of Saudi Arabia",", .; , .",Open-File Report,report-component,0,10.3133/70160418,https://doi.org/10.3133/70160418,N,,,other
Leuke Kome,al-Wajh survey Saudi Arabia,1983,"Landsat image map of the Al Qayşumah quadrangle, sheet 28H, Kingdom of Saudi Arabia",", .; , .",Open-File Report,report-component,0,10.3133/70160429,https://doi.org/10.3133/70160429,N,,,other
Leuke Kome,al-Wajh survey Saudi Arabia,1982,"Landsat image map of the Jibal al Qahr Quadrangle, sheet 19G, Kingdom of Saudi Arabia",", .; , .",Open-File Report,report-component,1,10.3133/ofr82212,https://doi.org/10.3133/ofr82212,Y,https://pubs.usgs.gov/of/1982/0212/plate-1.pdf,,other
Leuke Kome,al-Wajh survey Saudi Arabia,1981,"Landsat image map of the Abha Quadrangle, sheet 18F, Kingdom of Saudi Arabia",", .; , .",Open-File Report,report-component,0,10.3133/ofr81592,https://doi.org/10.3133/ofr81592,Y,https://pubs.usgs.gov/of/1981/0592/plate-1.pdf,,other
Leuke Kome,al-Wajh survey Saudi Arabia,1982,"Landsat image map of the Najran Quadrangle, sheet 17G, Kingdom of Saudi Arabia",", .; , .",Open-File Report,report-component,0,10.3133/ofr82215,https://doi.org/10.3133/ofr82215,Y,https://pubs.usgs.gov/of/1982/0215/plate-1.pdf,,other
Leuke Kome,Nabataean Red Sea harbour,2021,"Red Sea, Arabian Sea, South China Sea: The Maritime Silk Road",,A World History of the Seas,book-chapter,0,10.5040/9781350269064.ch-3,https://doi.org/10.5040/9781350269064.ch-3,N,,,other
Leuke Kome,Nabataean Red Sea harbour,2018,Mersa/Wadi Gawasis: Organisation of an Egyptian Bronze Age Harbour on the Red Sea Coast,"Bard, K.; Fattovich, R.",Stories of Globalisation: The Red Sea and the Persian Gulf from Late Prehistory to Early M,book-chapter,0,10.1163/9789004362321_002,https://doi.org/10.1163/9789004362321_002,N,,,archaeology
Leuke Kome,Nabataean Red Sea harbour,2018,Marsa Matruh Revisited: Modelling Interaction at a Late Bronze Age Harbour on the Egyptian Coast,"Hulin, L.",Stories of Globalisation: The Red Sea and the Persian Gulf from Late Prehistory to Early M,book-chapter,2,10.1163/9789004362321_005,https://doi.org/10.1163/9789004362321_005,Y,https://brill.com/downloadpdf/book/edcoll/9789004362321/BP000013.pdf,,archaeology
Leuke Kome,Nabataean Red Sea harbour,2018,Exotic Cults in Roman Berenike? An Investigation into Two Temples in the Harbour Temenos,"Rądkowska, J.; Zych, I.",Stories of Globalisation: The Red Sea and the Persian Gulf from Late Prehistory to Early M,book-chapter,2,10.1163/9789004362321_012,https://doi.org/10.1163/9789004362321_012,N,,,archaeology
Leuke Kome,Nabataean Red Sea harbour,2026,Impact of the Sea on Mumbai and Its Harbour,"Arunachalam, B.",Mumbai by the Sea,book-chapter,0,10.4324/9781003717485-19,https://doi.org/10.4324/9781003717485-19,N,,,archaeology
Leuke Kome,Nabataean Red Sea harbour,1959,The Nabataean Bitumen Industry at the Dead Sea,"Hammond, P.",The Biblical Archaeologist,journal-article,12,10.2307/3209307,https://doi.org/10.2307/3209307,N,,Y,archaeology
Leuke Kome,Nabataean Red Sea harbour,2014,sea harbour,,Dictionary Geotechnical Engineering/Wörterbuch GeoTechnik,book-chapter,0,10.1007/978-3-642-41714-6_191150,https://doi.org/10.1007/978-3-642-41714-6_191150,N,,,archaeology
Leuke Kome,Nabataean Red Sea harbour,2021,"North Sea, Baltic Sea and Black Sea: The Vikings",,A World History of the Seas,book-chapter,0,10.5040/9781350269064.ch-2,https://doi.org/10.5040/9781350269064.ch-2,N,,,other
Leuke Kome,Nabataean Red Sea harbour,2022,From Sea to Square to Sea,"Goehr, L.",Red Sea-Red Square-Red Thread,book-chapter,0,10.1093/oso/9780197572443.003.0003,https://doi.org/10.1093/oso/9780197572443.003.0003,N,,,other
Leuke Kome,Nabataean Red Sea harbour,2025,"Impact of Contaminants in Marine Sediment Assemblages in El-Hamrawein Harbour, Red Sea Coast, Egypt","Attar, R.; Assran, B.",IOSR Journal of Applied Geology and Geophysic,journal-article,0,10.9790/0990-1303020112,https://doi.org/10.9790/0990-1303020112,Y,https://doi.org/10.9790/0990-1303020112,,both
Leuke Kome,Nabataean Red Sea harbour,2020,Linguistic Variation In The Nabataean Aramaic Of The Nabataean Period,"هيلي, ج.",المجلة الأردنية للتاريخ والآثار,journal-article,0,10.35516/0437-014-004-010,https://doi.org/10.35516/0437-014-004-010,N,,Y,archaeology
Leuke Kome,Nabataean Red Sea harbour,,Nabataean,,Brill’s New Pauly,dataset,0,10.1163/1574-9347_bnp_e815630,https://doi.org/10.1163/1574-9347_bnp_e815630,N,,Y,archaeology
Leuke Kome,Nabataean Red Sea harbour,,?,,,grant,0,10.61686/tptfv38011,https://doi.org/10.61686/tptfv38011,N,,,other
Leuke Kome,Nabataean Red Sea harbour,2025,Wreck dispersal. Harbour clearance,"Forsberg, G.",Salvage from the Sea,book-chapter,0,10.4324/9781003612643-7,https://doi.org/10.4324/9781003612643-7,N,,,archaeology
Leuke Kome,Nabataean Red Sea harbour,2022,Sea Scenes,"Goehr, L.",Red Sea-Red Square-Red Thread,book-chapter,0,10.1093/oso/9780197572443.003.0007,https://doi.org/10.1093/oso/9780197572443.003.0007,N,,,other
Leuke Kome,Nabataean Red Sea harbour,2026,Mumbai Harbour and Docks,"Arunachalam, B.",Mumbai by the Sea,book-chapter,0,10.4324/9781003717485-12,https://doi.org/10.4324/9781003717485-12,N,,,archaeology
Leuke Kome,Nabataean Red Sea harbour,2007,Locating the Harbour: Myos Hormos/Quseir al-Qadim: a Roman and Islamic Port on the Red Sea Coast of Egypt,"Blue, L.",International Journal of Nautical Archaeology,journal-article,12,10.1111/j.1095-9270.2007.00151.x,https://doi.org/10.1111/j.1095-9270.2007.00151.x,N,,,archaeology
Leuke Kome,Nabataean Red Sea harbour,2007,Red dwarfs could harbour life,"Brumfiel, G.",Nature,journal-article,0,10.1038/news070528-1,https://doi.org/10.1038/news070528-1,N,,,archaeology
Leuke Kome,Nabataean Red Sea harbour,2022,A regional and international hub of trade,"el‑Raziq, M.; Marchand, J.; Somaglino, C.",Networked spaces,book-chapter,3,10.4000/books.momeditions.16361,https://doi.org/10.4000/books.momeditions.16361,Y,,,archaeology
Leuke Kome,Nabataean Red Sea harbour,,Corrosion and fouling in heat exchangers cooled by sea water from Hong Kong harbour,"Wu, S.",The University of Hong Kong,dissertation,0,10.5353/th_b3120801,https://doi.org/10.5353/th_b3120801,Y,,,archaeology
Leuke Kome,Nabataean Red Sea harbour,2025,Advanced Logging Techniques for Characterizing a Complex Turbidite Reservoir in the Norwegian Sea,", .; Ben Mansour, W.; , .; Datir, H.",SPWLA 66th Annual Symposium Transactions,proceedings-article,0,10.30632/spwla-2025-0044,https://doi.org/10.30632/spwla-2025-0044,N,,,other
Leuke Kome,Nabataean Red Sea harbour,1966,"Zooplankton of Wellington Harbour, New Zealand",,Deep Sea Research and Oceanographic Abstracts,journal-article,0,10.1016/0011-7471(76)91167-0,https://doi.org/10.1016/0011-7471(76)91167-0,N,,,archaeology
Leuke Kome,Leuke Kome location Periplus,,SEG 64-930. Hiera Kome (Ortaköy). Location.,,Supplementum Epigraphicum Graecum,dataset,0,10.1163/1874-6772_seg_a64_930,https://doi.org/10.1163/1874-6772_seg_a64_930,N,,,other
Leuke Kome,Leuke Kome location Periplus,1986,The location of Tabai (<i>Periplus Maris Erythraei</i> 12–13),"Casson, L.",The Journal of Hellenic Studies,journal-article,2,10.2307/629652,https://doi.org/10.2307/629652,N,,,archaeology
Leuke Kome,Leuke Kome location Periplus,2022,About the Location of Ptolemais Thêrôn (Ptolemais of the Hunts) in the Periplus of the Erythraean Sea: A Short Note,"Schneider, P.",Dialogues d'histoire ancienne,journal-article,0,10.3917/dha.hs25.0213,https://doi.org/10.3917/dha.hs25.0213,Y,https://www.cairn.info/load_pdf.php?ID_ARTICLE=DHA_HS25_0213&download=1,,archaeology
Tyndis,Tyndis Periplus Malabar,2017,Malabar cattle,", .",CABI Compendium,dataset,0,10.1079/cabicompendium.76243,https://doi.org/10.1079/cabicompendium.76243,N,,Y,other
Tyndis,Tyndis Periplus Malabar,2006,Agricultural Scenario in North Malabar,,Indigenous Knowledge of Farming in North Malabar,book-chapter,0,10.1017/upo9788175968820.004,https://doi.org/10.1017/upo9788175968820.004,N,,Y,other
Tyndis,Tyndis Periplus Malabar,,Malabar Farm,,Postscripts,book-chapter,0,10.2307/j.ctt1d9nqk0.13,https://doi.org/10.2307/j.ctt1d9nqk0.13,N,,Y,other
Tyndis,Ponnani ancient port Kerala,2021,"The Architectural Tradition of Ponnani, Kerala: A Historic Malabar Port Town","Subramanian, S.","Journal of Traditional Building, Architecture and Urbanism",journal-article,0,10.51303/jtbau.vi2.526,https://doi.org/10.51303/jtbau.vi2.526,Y,https://www.traditionalarchitecturejournal.com/index.php/home/article/download/526/97,Y,archaeology
Tyndis,Ponnani ancient port Kerala,2026,Kerala Constituency Factbook™: Ponnani Parliamentary Constituency,,,monograph,0,10.66889/ponnani_parliamentary_constituency,https://doi.org/10.66889/ponnani_parliamentary_constituency,N,,Y,other
Tyndis,Ponnani ancient port Kerala,2017,"Temporal Changes on Erosion Process along Ponnani Coast, Kerala Multi-Temporal Remote Sensing Image Assessment and GIS",,International Journal of Modern Trends in Engineering &amp; Research,journal-article,0,10.21884/ijmter.2017.4363.dx593,https://doi.org/10.21884/ijmter.2017.4363.dx593,Y,,Y,palaeoenvironment
Tyndis,Ponnani ancient port Kerala,2025,"Integrated Spectroscopic and Petrographic Analysis of Metamorphic Rocks from the Attappadi Valley, Kerala, Southern India",", .; Mullassery, N.",Geological Society of America Abstracts with Programs,proceedings-article,0,10.1130/abs/2025am-5765,https://doi.org/10.1130/abs/2025am-5765,N,,,other
Tyndis,Ponnani ancient port Kerala,2011,"Gold in the Beach Placer Sands of Chavakkad-Ponnani, Kerala Coast, India","Nayak, B.",Journal of the Geological Society of India,journal-article,3,10.1007/s12594-011-0099-z,https://doi.org/10.1007/s12594-011-0099-z,N,,Y,other
Tyndis,Ponnani ancient port Kerala,2018,A histomorphological study of trichilemmal cysts: a rural hospital experience,", .; Ranjan. D, D.; Kishan Goud, D.; , .",Tropical Journal of Pathology and Microbiology,journal-article,1,10.17511/jopm.2018.i01.21,https://doi.org/10.17511/jopm.2018.i01.21,Y,https://pathology.medresearch.in/index.php/jopm/article/download/129/255,,other
Tyndis,Ponnani ancient port Kerala,2025,Rabies Death after Complete Post-exposure Prophylaxis,", .; T, B.",Journal of Communicable Diseases,journal-article,0,10.24321/0019.5138.202589,https://doi.org/10.24321/0019.5138.202589,Y,https://medical.advancedresearchpublications.com/index.php/Journal-CommunicableDiseases/article/download/4660/2120,,other
Tyndis,Ponnani ancient port Kerala,2021,Geomorphologic Impact of Construction of Breakwaters at Ponnani Fishery Harbour in Kerala,"Paravath, K.; Parth, J.; Nasar, T.",IOP Conference Series: Earth and Environmental Science,journal-article,2,10.1088/1755-1315/809/1/012016,https://doi.org/10.1088/1755-1315/809/1/012016,Y,https://iopscience.iop.org/article/10.1088/1755-1315/809/1/012016/pdf,,both
Tyndis,Ponnani ancient port Kerala,2012,Impact of Aerobic Training and Elastic Strength Training on Cardiorespiratory Endurance Among College Male Students,", .; Ahamed E. K, A.; Abraham, D.",International Journal of Scientific Research,journal-article,0,10.15373/22778179/july2014/180,https://doi.org/10.15373/22778179/july2014/180,Y,,,other
Tyndis,Ponnani ancient port Kerala,2012,"Heavy Minerals and the Characters of Ilmenite in the Beach Placer Sands of Chavakkad-Ponnani, Kerala Coast, India","Nayak, B.; Mohanty, S.; Bhattacharyya, P.",Journal of the Geological Society of India,journal-article,12,10.1007/s12594-012-0046-7,https://doi.org/10.1007/s12594-012-0046-7,N,,Y,other
Tyndis,Ponnani ancient port Kerala,2022,Assessment of Salt Water Intrusion from Ponnani to Tavanur along the Banks of River Bharathapuzha in Kerala,"HASNA AMEENA, P.; VARUGHESE, A.; GILSHA BAI, E.; SAJEENA, S.",Journal of the Indian Society of Coastal Agricultural Research,journal-article,2,10.54894/jiscar.40.2.2022.128473,https://doi.org/10.54894/jiscar.40.2.2022.128473,Y,https://epubs.icar.org.in/index.php/JISCAR/article/download/128473/49783,Y,other
Tyndis,Ponnani ancient port Kerala,2017,Construction project performance analysis using fuzzy logic for Ponnani taluk,,International Journal of Recent Trends in Engineering and Research,journal-article,0,10.23883/ijrter.2017.3210.azr5u,https://doi.org/10.23883/ijrter.2017.3210.azr5u,Y,,Y,other
Tyndis,Ponnani ancient port Kerala,2017,Construction project performance analysis using GIS for Ponnani taluk,,International Journal of Recent Trends in Engineering and Research,journal-article,0,10.23883/ijrter.2017.3209.wh54i,https://doi.org/10.23883/ijrter.2017.3209.wh54i,Y,,Y,other
Tyndis,Ponnani ancient port Kerala,2008,The port of Osaka: From ancient times to today TOWAO SAKAEHARA,,Port Cities in Asia and Europe,book-chapter,0,10.4324/9780203884515-6,https://doi.org/10.4324/9780203884515-6,N,,,archaeology
Tyndis,Ponnani ancient port Kerala,2023,GIS Based Mapping for a Better Crop Planning for Perumpadappu Block of Ponnani Kole Lands in Kerala,"Sunil, V.; Nandan, A.; Krishna, R.; Benny, A.","Asian Journal of Agricultural Extension, Economics &amp; Sociology",journal-article,1,10.9734/ajaees/2023/v41i71945,https://doi.org/10.9734/ajaees/2023/v41i71945,Y,https://journalajaees.com/index.php/AJAEES/article/download/1945/3871,Y,other
Tyndis,Ponnani ancient port Kerala,2006,TIBER ISLAND AND THE ANCIENT PORT,,Rome from the Ground Up,book-chapter,0,10.2307/j.ctv1c7zfqb.4,https://doi.org/10.2307/j.ctv1c7zfqb.4,N,,,archaeology
Tyndis,Ponnani ancient port Kerala,2025,"Evaluating environmental influence onAcromitus flagellatus Maas, 1903 (Cnidaria: Scyphozoa) blooms in the tropical estuaries and backwaters along southwest India",", .; Riyas, A.; Krishnan, K.; Kumar, A.",Journal of the Marine Biological Association of India,journal-article,0,10.6024/jmbai.2025.67.2.2627-08,https://doi.org/10.6024/jmbai.2025.67.2.2627-08,N,,,palaeoenvironment
Tyndis,Ponnani ancient port Kerala,2013,"OA02.03. Healers in the context of culture: The ashtavaidya tradition of Kerala, South India.","Leela, P.",Ancient Science of Life,journal-article,2,10.4103/0257-7941.123821,https://doi.org/10.4103/0257-7941.123821,Y,,,other
Tyndis,Ponnani ancient port Kerala,2022,Ancient Port Structures,"De Graauw, A.",Méditerranée,journal-article,10,10.4000/mediterranee.12715,https://doi.org/10.4000/mediterranee.12715,Y,,,archaeology
Tyndis,Ponnani ancient port Kerala,2012,Port of trade,"Möller, A.",The Encyclopedia of Ancient History,other,0,10.1002/9781444338386.wbeah06254,https://doi.org/10.1002/9781444338386.wbeah06254,N,,,archaeology
Tyndis,Ponnani ancient port Kerala,2020,"Ancient Maya ports, port facilities, and navigation","Andrews, A.",The Maya World,book-chapter,4,10.4324/9781351029582-18,https://doi.org/10.4324/9781351029582-18,N,,,archaeology
Tyndis,Ponnani ancient port Kerala,2021,PORTS AND PORT CITIES,,The Children of Noah,book-chapter,0,10.2307/j.ctv19fvzs0.19,https://doi.org/10.2307/j.ctv19fvzs0.19,N,,,archaeology
Tyndis,Ponnani ancient port Kerala,2007,The ancient shoreline and maritime landscape,"Blue, L.; Peacock, D.","The Ancient Red Sea Port of Adulis, Eritrea",book-chapter,1,10.2307/j.ctvh1dpst.9,https://doi.org/10.2307/j.ctvh1dpst.9,N,,,palaeoenvironment
Tyndis,Ponnani ancient port Kerala,2009,Indian Trigonometry: From Ancient Beginnings to Nilakantha*,,A Passage to Infinity: Medieval Indian Mathematics from Kerala and its Impact,book-chapter,0,10.4135/9788132108085.n5,https://doi.org/10.4135/9788132108085.n5,N,,,other
Tyndis,Ponnani ancient port Kerala,2020,Searching for the Port of Ancient Rhizon. Past Research and Future Perspectives,"Bajtler, M.; Trusz, K.",Honor Frost Foundation,report,0,10.33583/utm2020.01,https://doi.org/10.33583/utm2020.01,Y,https://doi.org/10.33583/utm2020.01,,archaeology
Tyndis,Malabar coast Roman trade ports,2024,GOA AND THE MALABAR COAST,,The Spice Ports,book-chapter,0,10.2307/jj.20206619.6,https://doi.org/10.2307/jj.20206619.6,N,,Y,other
Tyndis,Malabar coast Roman trade ports,2025,Impact of the Portuguese Trade on the Malabar Coast,"Mathew, K.",Maritime Trade of the Malabar Coast and the Portuguese in the Sixteenth Century,book-chapter,0,10.1163/9789004753488_013,https://doi.org/10.1163/9789004753488_013,N,,Y,archaeology
Tyndis,Malabar coast Roman trade ports,2025,Sea-borne Trade on the Malabar Coast in the Second Half of the Sixteenth Century,"Mathew, K.",Maritime Trade of the Malabar Coast and the Portuguese in the Sixteenth Century,book-chapter,0,10.1163/9789004753488_011,https://doi.org/10.1163/9789004753488_011,N,,Y,archaeology
Tyndis,Malabar coast Roman trade ports,,Index,,Monsoon Islam,book-chapter,0,10.1017/9781108334860.008,https://doi.org/10.1017/9781108334860.008,N,,,other
Tyndis,Malabar coast Roman trade ports,,Bibliography,,Monsoon Islam,other,0,10.1017/9781108334860.007,https://doi.org/10.1017/9781108334860.007,N,,,other
Tyndis,Malabar coast Roman trade ports,2025,Arrival of the Portuguese and their Establishments on the Malabar Coast,"Mathew, K.",Maritime Trade of the Malabar Coast and the Portuguese in the Sixteenth Century,book-chapter,0,10.1163/9789004753488_006,https://doi.org/10.1163/9789004753488_006,N,,Y,archaeology
Tyndis,Malabar coast Roman trade ports,,The Palace,,Monsoon Islam,book-chapter,0,10.1017/9781108334860.004,https://doi.org/10.1017/9781108334860.004,N,,,other
Tyndis,Malabar coast Roman trade ports,,The Mosque,,Monsoon Islam,book-chapter,0,10.1017/9781108334860.003,https://doi.org/10.1017/9781108334860.003,N,,,other
Tyndis,Malabar coast Roman trade ports,,The Sea,,Monsoon Islam,book-chapter,0,10.1017/9781108334860.005,https://doi.org/10.1017/9781108334860.005,N,,,other
Tyndis,Malabar coast Roman trade ports,,The Port,,Monsoon Islam,book-chapter,0,10.1017/9781108334860.002,https://doi.org/10.1017/9781108334860.002,N,,,archaeology
Tyndis,Malabar coast Roman trade ports,,Conclusion,,Monsoon Islam,book-chapter,0,10.1017/9781108334860.006,https://doi.org/10.1017/9781108334860.006,N,,,other
Tyndis,Malabar coast Roman trade ports,,Introduction,,Monsoon Islam,book-chapter,0,10.1017/9781108334860.001,https://doi.org/10.1017/9781108334860.001,N,,,other
Tyndis,Malabar coast Roman trade ports,2016,Maritime Trade of the Malabar Coast and the Portuguese in the Sixteenth Century,"Mathew, K.",Manohar Publishers & Distributors eBooks,monograph,0,10.1163/9789004753488,https://doi.org/10.1163/9789004753488,N,,Y,archaeology
Tyndis,Malabar coast Roman trade ports,2025,Organisation of Trade,"Mathew, K.",Maritime Trade of the Malabar Coast and the Portuguese in the Sixteenth Century,book-chapter,0,10.1163/9789004753488_008,https://doi.org/10.1163/9789004753488_008,N,,,archaeology
Tyndis,Malabar coast Roman trade ports,2018,Monsoon Islam,"Prange, S.",Cambridge University Press eBooks,monograph,104,10.1017/9781108334860,https://doi.org/10.1017/9781108334860,N,,,palaeoenvironment
Tyndis,Malabar coast Roman trade ports,2025,Diplomacy of the Portuguese Trade,"Mathew, K.",Maritime Trade of the Malabar Coast and the Portuguese in the Sixteenth Century,book-chapter,0,10.1163/9789004753488_007,https://doi.org/10.1163/9789004753488_007,N,,,archaeology
Tyndis,Malabar coast Roman trade ports,2025,Abbreviations,"Mathew, K.",Maritime Trade of the Malabar Coast and the Portuguese in the Sixteenth Century,book-chapter,0,10.1163/9789004753488_004,https://doi.org/10.1163/9789004753488_004,N,,,other
Tyndis,Malabar coast Roman trade ports,2025,Finances of the Portuguese Trade,"Mathew, K.",Maritime Trade of the Malabar Coast and the Portuguese in the Sixteenth Century,book-chapter,0,10.1163/9789004753488_010,https://doi.org/10.1163/9789004753488_010,N,,,archaeology
Tyndis,Malabar coast Roman trade ports,2025,Introduction,"Mathew, K.",Maritime Trade of the Malabar Coast and the Portuguese in the Sixteenth Century,book-chapter,0,10.1163/9789004753488_005,https://doi.org/10.1163/9789004753488_005,N,,,other
Tyndis,Malabar coast Roman trade ports,2025,Preface,"Mathew, K.",Maritime Trade of the Malabar Coast and the Portuguese in the Sixteenth Century,book-chapter,0,10.1163/9789004753488_002,https://doi.org/10.1163/9789004753488_002,N,,,other
Tyndis,Malabar coast Roman trade ports,2025,Acknowledgements,"Mathew, K.",Maritime Trade of the Malabar Coast and the Portuguese in the Sixteenth Century,book-chapter,0,10.1163/9789004753488_003,https://doi.org/10.1163/9789004753488_003,N,,,other
Tyndis,Malabar coast Roman trade ports,2025,Index,"Mathew, K.",Maritime Trade of the Malabar Coast and the Portuguese in the Sixteenth Century,book-chapter,0,10.1163/9789004753488_021,https://doi.org/10.1163/9789004753488_021,N,,,other
Tyndis,Malabar coast Roman trade ports,2025,Conclusion,"Mathew, K.",Maritime Trade of the Malabar Coast and the Portuguese in the Sixteenth Century,book-chapter,0,10.1163/9789004753488_014,https://doi.org/10.1163/9789004753488_014,N,,,other
Tyndis,Malabar coast Roman trade ports,2025,"Volume, Commodity Composition and Export Trade Centres","Mathew, K.",Maritime Trade of the Malabar Coast and the Portuguese in the Sixteenth Century,book-chapter,0,10.1163/9789004753488_009,https://doi.org/10.1163/9789004753488_009,N,,,archaeology
Tyndis,Malabar coast Roman trade ports,2025,Bibliography,"Mathew, K.",Maritime Trade of the Malabar Coast and the Portuguese in the Sixteenth Century,book-chapter,0,10.1163/9789004753488_020,https://doi.org/10.1163/9789004753488_020,N,,,other
Nelkynda,Nelkynda Periplus,,Nelkynda,,Der Neue Pauly,dataset,0,10.1163/1574-9347_dnp_e819530,https://doi.org/10.1163/1574-9347_dnp_e819530,N,,Y,other
Nelkynda,Nelcynda Malabar port,,Nelcynda,,Brill’s New Pauly,dataset,0,10.1163/1574-9347_bnp_e819530,https://doi.org/10.1163/1574-9347_bnp_e819530,N,,Y,other
Nelkynda,Nelcynda Malabar port,2016,"THE STUDY OF BHARATHANATYAM IN PROMOTING CULTURE AND IDENTITY AMONG ADOLESCENT LEARNERS IN MALABAR, PORT ELIZABETH, SOUTH AFRICA","Govender, L.",EDULEARN proceedings,proceedings-article,0,10.21125/edulearn.2016.0052,https://doi.org/10.21125/edulearn.2016.0052,N,,Y,archaeology
Nelkynda,Nelcynda Malabar port,,(754) Malabar,,SpringerReference,reference-entry,0,10.1007/springerreference_125678,https://doi.org/10.1007/springerreference_125678,N,,Y,other
Nelkynda,Nelcynda Malabar port,2023,The Genizah India Traders in Malabar,,"Judaism in South India, 849-1489",other,0,10.1017/9781802701715.004,https://doi.org/10.1017/9781802701715.004,N,,Y,archaeology
Nelkynda,Nelcynda Malabar port,2009,SYRO-MALABAR RITE,,The Syro-Malabar Rite,book-chapter,0,10.31826/9781463217068-001,https://doi.org/10.31826/9781463217068-001,N,,Y,other
Nelkynda,Nelcynda Malabar port,2023,THE GENIZAH INDIA TRADERS IN MALABAR,,"Judaism in South India, 849–1489",book-chapter,0,10.2307/jj.8948645.9,https://doi.org/10.2307/jj.8948645.9,N,,Y,archaeology
Nelkynda,Nelcynda Malabar port,,Documentation of Curug Malabar,,,component,0,10.17510/wacana.v23i1.1063.s336,https://doi.org/10.17510/wacana.v23i1.1063.s336,,,Y,other
Nelkynda,Nelcynda Malabar port,2017,Malabar grouper nervous necrosis virus,", .",CABI Compendium,dataset,0,10.1079/cabicompendium.76245,https://doi.org/10.1079/cabicompendium.76245,N,,Y,other
Nelkynda,Nelcynda Malabar port,,MALABAR,,Encyclopédie de l’Islam,dataset,0,10.1163/_eifo_sim_4846,https://doi.org/10.1163/_eifo_sim_4846,N,,Y,other
Nelkynda,Nelcynda Malabar port,,Malabar,,Encyclopédie de l’Islam,dataset,0,10.1163/9789004206106_eifo_sim_4846,https://doi.org/10.1163/9789004206106_eifo_sim_4846,N,,Y,other
Nelkynda,Nelcynda Malabar port,2025,The Portuguese Factories and Fortress in Malabar,"Mathew, K.",The Portuguese Presence in India,book-chapter,0,10.1163/9789004753471_012,https://doi.org/10.1163/9789004753471_012,N,,Y,archaeology
Nelkynda,Nelcynda Malabar port,2025,Historical Background of Malabar,"More, L.",History of Kannur and North Malabar,book-chapter,0,10.1163/9789004753440_007,https://doi.org/10.1163/9789004753440_007,N,,Y,archaeology
Nelkynda,Nelcynda Malabar port,1943,Land en Volk van Malabar. Vreemde handelaars.,"Antoinette, M.; Roelofsz, P.",De vestiging der Nederlanders ter kuste Malabar,book-chapter,0,10.1163/9789004286252_002,https://doi.org/10.1163/9789004286252_002,Y,https://brill.com/downloadpdf/book/9789004286252/BP000002.pdf,Y,other
Nelkynda,Nelcynda Malabar port,2025,Coastal Malabar on the Arrival of the Portuguese,"Mathew, K.",The Portuguese Presence in India,book-chapter,0,10.1163/9789004753471_003,https://doi.org/10.1163/9789004753471_003,N,,Y,archaeology
Nelkynda,Nelcynda Malabar port,,"Powdered Malabar-Nut-Tree, Leaf",,,standard,0,10.31003/uspnf_m3543_01_01,https://doi.org/10.31003/uspnf_m3543_01_01,N,,Y,other
Nelkynda,Nelcynda Malabar port,2023,The Genizah India Traders in Malabar,,"Judaism in South India, 849–1489",other,0,10.5040/9781802701692.ch-003,https://doi.org/10.5040/9781802701692.ch-003,N,,Y,archaeology
Nelkynda,Nelcynda Malabar port,2023,Jewish History in Malabar 849–1954 C.E.: An Overview,,"Judaism in South India, 849-1489",other,0,10.1017/9781802701715.002,https://doi.org/10.1017/9781802701715.002,N,,Y,other
Nelkynda,Nelcynda Malabar port,2023,JEWISH HISTORY IN MALABAR 849–1954 C.E.:,,"Judaism in South India, 849–1489",book-chapter,0,10.2307/jj.8948645.7,https://doi.org/10.2307/jj.8948645.7,N,,Y,other
Nelkynda,Nelcynda Malabar port,,Malabar,,"Encyclopaedia of Islam, Second Edition",dataset,0,10.1163/1573-3912_islam_sim_4846,https://doi.org/10.1163/1573-3912_islam_sim_4846,N,,Y,other
Nelkynda,Nelcynda Malabar port,2023,Jewish History in Malabar 849–1954 C.E.: An Overview,,"Judaism in South India, 849–1489",other,0,10.5040/9781802701692.ch-001,https://doi.org/10.5040/9781802701692.ch-001,N,,Y,other
Nelkynda,Niranam Kerala archaeology,2021,Ethno Archaeology as Embedded History: The Kerala Experience,"Poyil, D.",SMART MOVES JOURNAL IJELLH,journal-article,0,10.24113/ijellh.v9i3.10948,https://doi.org/10.24113/ijellh.v9i3.10948,Y,,,archaeology
Nelkynda,Niranam Kerala archaeology,2010,"A Clench-Fastened Boat in Kerala, India","Pedersen, R.",International Journal of Nautical Archaeology,journal-article,2,10.1111/j.1095-9270.2009.00232.x,https://doi.org/10.1111/j.1095-9270.2009.00232.x,N,,,other
Nelkynda,Niranam Kerala archaeology,2006,Public Archaeology in India: Perspectives from Kerala,"Selvakumar, V.",India Review,journal-article,6,10.1080/14736480600939256,https://doi.org/10.1080/14736480600939256,N,,,archaeology
Nelkynda,Niranam Kerala archaeology,2005,"An Indo-Arabian Type of Stone Anchor from Kannur, Kerala, West Coast of India",,International Journal of Nautical Archaeology,journal-article,3,10.1111/j.1095-9270.2005.0049c.x,https://doi.org/10.1111/j.1095-9270.2005.0049c.x,N,,,other
Nelkynda,Niranam Kerala archaeology,2020,"Cultural Resource Management of the Dying Ivory Craftsmanship as Reflected in the Wood Carving of Thiruvananthapuram, Kerala","Saha, S.",Journal of Indo-Pacific Archaeology,journal-article,0,10.7152/jipa.v43i0.14744,https://doi.org/10.7152/jipa.v43i0.14744,Y,https://journals.lib.washington.edu/index.php/JIPA/article/download/14744/13083,,other
Nelkynda,Niranam Kerala archaeology,2023,KAU Pournami (MO 23): A High Yielding Red Rice Variety,", .; S, L.; AK, A.; , .",Journal of Rice Research,journal-article,0,10.58297/vzrt9733,https://doi.org/10.58297/vzrt9733,Y,https://sarr.co.in/wp-content/uploads/KAU-Pournami-MO-23-A-High-16.pdf,,other
Nelkynda,Niranam Kerala archaeology,2025,INDUSTRIALIZATION AND URBAN GROWTH: THE HISTORY OF ALAPPUZHA THROUGH COIR INDUSTRY,", .; PADATH, P.",Vestigia Indica: BSSS Journal of History and Archaeology,journal-article,0,10.51767/jha0306,https://doi.org/10.51767/jha0306,N,,,other
Nelkynda,Niranam Kerala archaeology,2010,In Response to Pedersen's ‘A Clench-Fastened Boat in Kerala’: a revealing boat narrative not a ‘new’ type of boat,"Ransley, J.",International Journal of Nautical Archaeology,journal-article,1,10.1111/j.1095-9270.2010.00282.x,https://doi.org/10.1111/j.1095-9270.2010.00282.x,N,,,other
Nelkynda,Niranam Kerala archaeology,2025,KAU Aadhya (MO 24): A High Yielding White Kernelled Rice Variety for Kerala,", .; Babu, H.; S, L.; , .",Journal of Rice Research,journal-article,0,10.58297/hszg4683,https://doi.org/10.58297/hszg4683,Y,https://sarr.co.in/wp-content/uploads/15-KAU-Aadhya-MO-24-A-High-Yielding-White-Kernelled-Rice-Variety-for-Kerala.pdf,,other
Nelkynda,Niranam Kerala archaeology,2025,KAU Punya (MO 25): A High Yielding Red Kernelled Rice Variety for Kuttanad,", .; Babu, H.; S, L.; , .",Journal of Rice Research,journal-article,0,10.58297/veme7404,https://doi.org/10.58297/veme7404,Y,https://sarr.co.in/wp-content/uploads/14-KAU-Punya-MO-25-A-High-Yielding-Red-Kernelled-Rice-Variety-for-Kuttanad.pdf,,other
Nelkynda,Niranam Kerala archaeology,2016,Urine total glutathione levels as a potential marker of increased oxidative stress in autism,", .; John, D.; Pulikkan, J.; , .",Pediatric Review: International Journal of Pediatric Research,journal-article,2,10.17511/ijpr.2016.i08.13,https://doi.org/10.17511/ijpr.2016.i08.13,Y,https://pediatrics.medresearch.in/index.php/ijpr/article/download/165/326,,other
Nelkynda,Niranam Kerala archaeology,2025,Genetic diversity analysis of rambutan (Nephelium lappaceum L.) collections from Kerala using microsatellite molecular markers,", .; Gaddafi, G.; Krishnan, A.; , .",Journal of Applied Horticulture,journal-article,0,10.37855/jah.2025.v27i03.83,https://doi.org/10.37855/jah.2025.v27i03.83,N,,,palaeoenvironment
Nelkynda,Niranam Kerala archaeology,2025,Response of banana variety Nendran (Musa spp.) under different sourcesand levels of nutrients in open field precision farming conditions,", .; Abraham, M.; E. K., K.; , .",Journal of Tropical Agriculture,journal-article,0,10.63599/jta.2025.1555,https://doi.org/10.63599/jta.2025.1555,Y,https://jtropag.kau.in/index.php/ojs2/article/download/1555/844,,other
Nelkynda,Niranam Kerala archaeology,2025,Changing Facets in Mulching Technology,", .; A., A.; M.A., N.; , .","Ecology, Environment and Conservation",journal-article,1,10.53550/eec.2025.v31i04s.041,https://doi.org/10.53550/eec.2025.v31i04s.041,N,,,other
Nelkynda,Niranam Kerala archaeology,2021,"Nonlinear signal processing, spectral, and fractal based stridor auscultation: A machine learning approach",", .; Raj, V.; Renjini, A.; , .",Kuwait Journal of Science,journal-article,1,10.48129/kjs.11363,https://doi.org/10.48129/kjs.11363,Y,https://journalskuwait.org/kjs/index.php/KJS/article/download/11363/783,,other
Nelkynda,Niranam Kerala archaeology,2018,Suitability of Kitchen Waste Water in Agriculture,", .; Abraham, M.; E. K., K.; , .",International Journal of Economic Plants,journal-article,4,10.23910/ijep/2018.5.4.0270,https://doi.org/10.23910/ijep/2018.5.4.0270,Y,https://www.pphouse.org/upload_article/83702309_5_IJEP_November_2018_Abraham_et_al.pdf,,other
Nelkynda,Niranam Kerala archaeology,2025,Growing media and biofertilizer for Nephrolepis cordifolia (L.) K. Presl. invertical garden system,", .; Gireesh S., C.; Kumari I., P.; , .",Journal of Tropical Agriculture,journal-article,0,10.63599/jta.2025.1547,https://doi.org/10.63599/jta.2025.1547,Y,https://jtropag.kau.in/index.php/ojs2/article/download/1547/852,,other
Nelkynda,Niranam Kerala archaeology,2025,Inheritance of corolla shape and fruit shape at blossom end in chilli (Capsicumannuum L.),", .; Vasudev, M.; Edakkalathur, A.; , .",Journal of Tropical Agriculture,journal-article,0,10.63599/jta.2025.1506,https://doi.org/10.63599/jta.2025.1506,Y,https://jtropag.kau.in/index.php/ojs2/article/download/1506/851,,other
Nelkynda,Niranam Kerala archaeology,2025,Scanning electron microscopy analysis of pollen grains of Hibiscus rosa-sinensis cultivars ‘Playboy’ and ‘Gelia Castillo’,", .; Raj, S.; Sheena, A.; , .",Journal of Applied Horticulture,journal-article,0,10.37855/jah.2025.v27i02.29,https://doi.org/10.37855/jah.2025.v27i02.29,N,,,palaeoenvironment
Nelkynda,Niranam Kerala archaeology,2025,"Variation in the susceptibility to insecticides in rice leaffolder, Cnaphalocrocismedinalis (Guenee) populations from Kerala, India",", .; R. Subhagan, S.; Pathrose, B.; , .",Journal of Tropical Agriculture,journal-article,0,10.63599/jta.2025.1559,https://doi.org/10.63599/jta.2025.1559,Y,https://jtropag.kau.in/index.php/ojs2/article/download/1559/846,,other
Nelkynda,Niranam Kerala archaeology,2017,Indexing Kerala Journal of Ophthalmology,"Nataraj, A.",Kerala Journal of Ophthalmology,journal-article,1,10.4103/kjo.kjo_63_17,https://doi.org/10.4103/kjo.kjo_63_17,Y,,,other
Nelkynda,Niranam Kerala archaeology,2025,SOCIAL CONSTRAINT FACTORS AFFECTING ENTREPRENEURSHIP AMONG RICE FARMERS IN KUTTANAD KERALA INDIA,", .; K., K.; M., E.; , .",Plant Archives,journal-article,0,10.51470/plantarchives.2026.v26.supplement-1.228,https://doi.org/10.51470/plantarchives.2026.v26.supplement-1.228,Y,https://doi.org/10.51470/plantarchives.2026.v26.supplement-1.228,,other
Nelkynda,Niranam Kerala archaeology,2025,Performance of grain sorghum in summer rice fallows of Southern Kerala,", .; R., A.; C. Thomas, U.; , .",Journal of Tropical Agriculture,journal-article,1,10.63599/jta.2025.1529,https://doi.org/10.63599/jta.2025.1529,Y,https://jtropag.kau.in/index.php/ojs2/article/download/1529/849,,other
Nelkynda,Niranam Kerala archaeology,2025,Fungal root endophyte Piriformospora indica mitigates the residues of systemic fungicide in vegetable cowpea,", .; Amrutha, P.; Jojy, E.; , .",Journal of Applied Horticulture,journal-article,0,10.37855/jah.2025.v27i03.67,https://doi.org/10.37855/jah.2025.v27i03.67,N,,,other
Nelkynda,Niranam Kerala archaeology,2020,"RUNGIA REMADEVIAE (ACANTHACEAE), A NEW SPECIES FROM THE WESTERN GHATS OF KERALA, INDIA",", .; Jithin, K.; Sanil, M.; , .",International Journal of Advanced Research,journal-article,3,10.21474/ijar01/11540,https://doi.org/10.21474/ijar01/11540,Y,,,other
Bakare,Purakkad Kerala port history,2025,An Economic Analysis of Kerala?s Budget History,"PU, N.",International Journal of Science and Research (IJSR),journal-article,0,10.21275/sr251226093405,https://doi.org/10.21275/sr251226093405,Y,https://www.ijsr.net/archive/v14i12/SR251226093405.pdf,,other
Bakare,Purakkad Kerala port history,2018,"Report on the Impact of Asian Agri�History Foundation (AAHF) in Popularizing Vrikshayurveda in Kerala, with Special Emphasis to Kannur District, Kerala, India","Jidesh, C.; , .",Asian Agri-History,journal-article,0,10.18311/aah/2018/v22i2/20884,https://doi.org/10.18311/aah/2018/v22i2/20884,N,,,archaeology
Bakare,Purakkad Kerala port history,2025,Moonlight Over the History of Psychiatry In Kerala,"Tharayil, H.",Kerala Journal of Psychiatry,journal-article,0,10.30834/kjp.38.1.2025.543,https://doi.org/10.30834/kjp.38.1.2025.543,Y,https://kjponline.com/index.php/kjp/article/download/543/477,,other
Bakare,Purakkad Kerala port history,2016,Writing Social History: A General Perspective.,", .; CK, S.; Muhammedali., D.; , .",International Journal of Advanced Research,journal-article,0,10.21474/ijar01/1109,https://doi.org/10.21474/ijar01/1109,Y,,,other
Bakare,Purakkad Kerala port history,,Port,,Encyclopedia of Early Modern History Online,dataset,0,10.1163/2352-0272_emho_sim_020559,https://doi.org/10.1163/2352-0272_emho_sim_020559,N,,,archaeology
Bakare,Purakkad Kerala port history,2021,HISTORY OF COINS IN KERALA,", .; A., R.",International Journal of Advanced Research,journal-article,0,10.21474/ijar01/12815,https://doi.org/10.21474/ijar01/12815,Y,,,archaeology
Bakare,Purakkad Kerala port history,2020,Sir Harold Ridley and the intraocular foreign body that made history,"John, C.",Kerala Journal of Ophthalmology,journal-article,2,10.4103/kjo.kjo_160_20,https://doi.org/10.4103/kjo.kjo_160_20,Y,,,other
Bakare,Purakkad Kerala port history,,Treaty port,,Encyclopedia of Early Modern History Online,dataset,0,10.1163/2352-0272_emho_com_029701,https://doi.org/10.1163/2352-0272_emho_com_029701,N,,,archaeology
Bakare,Purakkad Kerala port history,2023,13 Geological History,,Geology and Mineral Resources of Kerala,book-chapter,0,10.17491/bgsi.2023.986717,https://doi.org/10.17491/bgsi.2023.986717,N,,,other
Bakare,Purakkad Kerala port history,,Hanseatic port,,Encyclopedia of Early Modern History Online,dataset,0,10.1163/2352-0272_emho_dum_020673,https://doi.org/10.1163/2352-0272_emho_dum_020673,N,,,archaeology
Bakare,Purakkad Kerala port history,2009,"Population dynamics of wetland birds in the Kole Wetlands of Kerala, India",", .; Sivaperuman, C.; Jayson, E.; , .",Scientific Transactions in Enviornment and Technovation,journal-article,1,10.20894/stet.116.002.003.007,https://doi.org/10.20894/stet.116.002.003.007,N,,,other
Bakare,Purakkad Kerala port history,1999,The Christians of Kerala,"Viswanathan, S.",Oxford University Press eBooks,monograph,5,10.1093/acprof:oso/9780195647990.001.0001,https://doi.org/10.1093/acprof:oso/9780195647990.001.0001,N,,,other
Bakare,Purakkad Kerala port history,1996,"Book Reviews : RAJAN GURUKKAL, The Kerala Temple and the Early Medieval Agrarian System, Vallathol Vidyapeetham, Sukapuram (Kerala), pp. iii + 121, Rs. 50","Veluthat, K.",Studies in History,journal-article,0,10.1177/025764309601200107,https://doi.org/10.1177/025764309601200107,N,,,other
Bakare,Purakkad Kerala port history,2021,A SHORT HISTORY OF PORT ARTHUR,,Recovering Convict Lives,book-chapter,0,10.2307/j.ctv21wj5z4.8,https://doi.org/10.2307/j.ctv21wj5z4.8,N,,,archaeology
Bakare,Purakkad Kerala port history,2013,?,,,grant,0,10.35802/101258,https://doi.org/10.35802/101258,N,,,other
Bakare,Purakkad Kerala port history,2024,A Gendered History of the Rise of the Neo-Savarna in Twentieth-Century Kerala,"Devika, J.",Hindu Nationalism in South India,book-chapter,2,10.4324/9781003179115-9,https://doi.org/10.4324/9781003179115-9,N,,,other
Bakare,Purakkad Kerala port history,2020,Analysing the role of Kollam Port in the maritime intercourse of Kerala,"Adabiya, H.",ADVANCE RESEARCH JOURNAL OF SOCIAL SCIENCE,journal-article,0,10.15740/has/arjss/11.2/87-90,https://doi.org/10.15740/has/arjss/11.2/87-90,Y,https://doi.org/10.15740/has/arjss/11.2/87-90,,archaeology
Bakare,Purakkad Kerala port history,,The Birth of A Modern Port,,A Community Enterprise,book-chapter,0,10.2307/j.ctt21pxj7q.11,https://doi.org/10.2307/j.ctt21pxj7q.11,N,,,archaeology
Bakare,Purakkad Kerala port history,1968,I. A Port Fifty Miles from the Sea,,The Port of Houston,book-chapter,0,10.7560/736191-004,https://doi.org/10.7560/736191-004,N,,,archaeology
Bakare,Purakkad Kerala port history,1997,"A Community Enterprise: The History of the Port of Freemantle, 1897 to 1997","Tull, M.",Liverpool University Press eBooks,monograph,5,10.5949/liverpool/9780968128824.001.0001,https://doi.org/10.5949/liverpool/9780968128824.001.0001,N,,,archaeology
Bakare,Purakkad Kerala port history,2001,Researching Port Jews and Port Jewries: Trieste and Beyond,"DUBIN, L.",Jewish Culture and History,journal-article,8,10.1080/1462169x.2001.10512229,https://doi.org/10.1080/1462169x.2001.10512229,N,,,archaeology
Bakare,Purakkad Kerala port history,2021,Risk Factors of Port-Site Infections in Laparoscopic Surgeries,"Sheeba Mariyam, V.; Salim, J.; Raj, R.; Sheriff, R.",Kerala Surgical Journal,journal-article,0,10.4103/ksj.ksj_35_21,https://doi.org/10.4103/ksj.ksj_35_21,Y,,,archaeology
Bakare,Purakkad Kerala port history,2014,History of Single-Port Laparoscopic Surgery,"Kitashiro, S.; Okushiba, S.; Kawarada, Y.",Reduced Port Laparoscopic Surgery,book-chapter,0,10.1007/978-4-431-54601-6_1,https://doi.org/10.1007/978-4-431-54601-6_1,N,,,archaeology
Bakare,Purakkad Kerala port history,2017,Port Politics:,"Milne, G.",Harbours and Havens,book-chapter,0,10.2307/j.ctt21pxhr0.7,https://doi.org/10.2307/j.ctt21pxhr0.7,N,,,archaeology
Muziris,Muziris location,,Muziris,,Der Neue Pauly,dataset,0,10.1163/1574-9347_dnp_e813630,https://doi.org/10.1163/1574-9347_dnp_e813630,N,,Y,other
Muziris,Muziris location,,Muziris,,Brill’s New Pauly,dataset,0,10.1163/1574-9347_bnp_e813630,https://doi.org/10.1163/1574-9347_bnp_e813630,N,,Y,other
Muziris,Muziris location,2020,Contrasts,"De Romanis, F.",The Indo-Roman Pepper Trade and the Muziris Papyrus,book-chapter,0,10.1093/oso/9780198842347.003.0015,https://doi.org/10.1093/oso/9780198842347.003.0015,N,,,other
Muziris,Muziris location,2020,Three Minor Cargoes,"De Romanis, F.",The Indo-Roman Pepper Trade and the Muziris Papyrus,book-chapter,0,10.1093/oso/9780198842347.003.0013,https://doi.org/10.1093/oso/9780198842347.003.0013,N,,,other
Muziris,Muziris location,2020,Bridging Disconnected Seas,"De Romanis, F.",The Indo-Roman Pepper Trade and the Muziris Papyrus,book-chapter,0,10.1093/oso/9780198842347.003.0005,https://doi.org/10.1093/oso/9780198842347.003.0005,N,,,other
Muziris,Muziris location,2019,Muziris papyrus,"Rathbone, D.",Oxford Classical Dictionary,reference-entry,0,10.1093/acrefore/9780199381135.013.8258,https://doi.org/10.1093/acrefore/9780199381135.013.8258,N,,Y,other
Muziris,Muziris location,2020,Epilogue,"De Romanis, F.",The Indo-Roman Pepper Trade and the Muziris Papyrus,book-chapter,0,10.1093/oso/9780198842347.003.0018,https://doi.org/10.1093/oso/9780198842347.003.0018,N,,,other
Muziris,Muziris location,2020,Riding the Monsoons,"De Romanis, F.",The Indo-Roman Pepper Trade and the Muziris Papyrus,book-chapter,0,10.1093/oso/9780198842347.003.0006,https://doi.org/10.1093/oso/9780198842347.003.0006,N,,,palaeoenvironment
Muziris,Muziris location,2020,Maris Rubri Vectigal,"De Romanis, F.",The Indo-Roman Pepper Trade and the Muziris Papyrus,book-chapter,0,10.1093/oso/9780198842347.003.0016,https://doi.org/10.1093/oso/9780198842347.003.0016,N,,,other
Muziris,Muziris location,2020,Deadline and Whereabouts,"De Romanis, F.",The Indo-Roman Pepper Trade and the Muziris Papyrus,book-chapter,0,10.1093/oso/9780198842347.003.0010,https://doi.org/10.1093/oso/9780198842347.003.0010,N,,,other
Muziris,Muziris location,2020,Introduction and Synopsis,"De Romanis, F.",The Indo-Roman Pepper Trade and the Muziris Papyrus,book-chapter,0,10.1093/oso/9780198842347.003.0001,https://doi.org/10.1093/oso/9780198842347.003.0001,N,,,other
Muziris,Muziris location,2020,South Indian Perspectives,"De Romanis, F.",The Indo-Roman Pepper Trade and the Muziris Papyrus,book-chapter,0,10.1093/oso/9780198842347.003.0008,https://doi.org/10.1093/oso/9780198842347.003.0008,N,,,other
Muziris,Muziris location,2020,The Indo-Roman Pepper Trade and the Muziris Papyrus,"De Romanis, F.",Oxford University Press eBooks,edited-book,27,10.1093/oso/9780198842347.001.0001,https://doi.org/10.1093/oso/9780198842347.001.0001,N,,Y,archaeology
Muziris,Muziris location,2020,Introductory Notes,"De Romanis, F.",The Indo-Roman Pepper Trade and the Muziris Papyrus,book-chapter,0,10.1093/oso/9780198842347.003.0002,https://doi.org/10.1093/oso/9780198842347.003.0002,N,,,other
Muziris,Muziris location,2020,Loan and Logistics,"De Romanis, F.",The Indo-Roman Pepper Trade and the Muziris Papyrus,book-chapter,0,10.1093/oso/9780198842347.003.0012,https://doi.org/10.1093/oso/9780198842347.003.0012,N,,,other
Muziris,Muziris location,2020,Selling and Repaying,"De Romanis, F.",The Indo-Roman Pepper Trade and the Muziris Papyrus,book-chapter,0,10.1093/oso/9780198842347.003.0011,https://doi.org/10.1093/oso/9780198842347.003.0011,N,,,other
Muziris,Muziris location,2020,The Other Cargo Items,"De Romanis, F.",The Indo-Roman Pepper Trade and the Muziris Papyrus,book-chapter,0,10.1093/oso/9780198842347.003.0014,https://doi.org/10.1093/oso/9780198842347.003.0014,N,,,other
Muziris,Muziris location,2020,Supporting Sources,"De Romanis, F.",The Indo-Roman Pepper Trade and the Muziris Papyrus,book-chapter,0,10.1093/oso/9780198842347.003.0009,https://doi.org/10.1093/oso/9780198842347.003.0009,N,,,archaeology
Muziris,Muziris location,2016,"Imperial Rome, Indian Ocean Regions and Muziris",,,monograph,4,10.4324/9781315276823,https://doi.org/10.4324/9781315276823,N,,Y,other
Muziris,Muziris location,2020,Content (and Hypothetical Content) of the Extant and Missing Columns,"De Romanis, F.",The Indo-Roman Pepper Trade and the Muziris Papyrus,book-chapter,0,10.1093/oso/9780198842347.003.0004,https://doi.org/10.1093/oso/9780198842347.003.0004,N,,,other
Muziris,Muziris location,2017,3rd Kochi-Muziris Biennale,"Deturk, S.",Afterimage,journal-article,0,10.1525/aft.2017.44.5.2,https://doi.org/10.1525/aft.2017.44.5.2,N,,Y,other
Muziris,Muziris location,2020,Pepper Lands,"De Romanis, F.",The Indo-Roman Pepper Trade and the Muziris Papyrus,book-chapter,0,10.1093/oso/9780198842347.003.0007,https://doi.org/10.1093/oso/9780198842347.003.0007,N,,,other
Muziris,Muziris location,2020,Dramatis Personae,"De Romanis, F.",The Indo-Roman Pepper Trade and the Muziris Papyrus,book-chapter,0,10.1093/oso/9780198842347.003.0017,https://doi.org/10.1093/oso/9780198842347.003.0017,N,,,other
Muziris,Muziris location,2020,Text and Translation of the Extant Columns,"De Romanis, F.",The Indo-Roman Pepper Trade and the Muziris Papyrus,book-chapter,0,10.1093/oso/9780198842347.003.0003,https://doi.org/10.1093/oso/9780198842347.003.0003,N,,,other
Muziris,Muziris location,2024,From the <i>sthala purana</i> to the novel: Sethu’s <i>The Saga of Muziris</i> as a narrative geography of the ancient Indian port city of Muziris,"Alias, J.; Wadhwa, S.",City,journal-article,0,10.1080/13604813.2024.2419788,https://doi.org/10.1080/13604813.2024.2419788,N,,Y,archaeology
Muziris,Pattanam excavation Kerala,2024,"Report on the Stone Beads, Debitage and Raw Materials from the 2007 and 2008 Excavation Seasons at Pattanam, Kerala","Kelly, G.",BEADS: Journal of the Society of Bead Researchers,journal-article,0,10.7264/x0p2vy06,https://doi.org/10.7264/x0p2vy06,Y,https://journals.uoregon.edu/beads/article/download/6111/7959,Y,archaeology
Muziris,Pattanam excavation Kerala,2025,"Museum as Mediators: Integrating Local Histories within Archaeological Narratives at the Muziris Children's Museum, Pattanam, Kerala","Prasad, N.",Asia’s Maritime History and Identity at Cultural Crossroads,book-chapter,0,10.4324/9781003725152-23,https://doi.org/10.4324/9781003725152-23,N,,Y,archaeology
Muziris,Pattanam excavation Kerala,2021,"A Review of Selected Glass Bead Types from the 2007–2009 Seasons of Excavation at Pattanam, India","Abraham, S.",Ancient Glass of South Asia,book-chapter,3,10.1007/978-981-16-3656-1_14,https://doi.org/10.1007/978-981-16-3656-1_14,N,,Y,archaeology
Muziris,Pattanam excavation Kerala,2016,Focal choroidal excavation associated with choroidal neovascular membrane,"Shah, V.; Manayath, G.; Narendran, V.",Kerala Journal of Ophthalmology,journal-article,0,10.4103/kjo.kjo_28_17,https://doi.org/10.4103/kjo.kjo_28_17,Y,,,archaeology
Muziris,Pattanam excavation Kerala,2019,Focal choroidal excavation on spectral domain-optical coherence tomography,"Goyal, A.; Giridhar, A.; Gopalakrishnan, M.",Kerala Journal of Ophthalmology,journal-article,3,10.4103/kjo.kjo_23_19,https://doi.org/10.4103/kjo.kjo_23_19,Y,,,archaeology
Muziris,Pattanam excavation Kerala,2010,A low power design and verification API,"Kalil, N.; Pattanam, S.",2010 International Conference on Energy Aware Computing,proceedings-article,0,10.1109/iceac.2010.5702282,https://doi.org/10.1109/iceac.2010.5702282,N,,,other
Muziris,Pattanam excavation Kerala,,The Verilog Procedural Interface for the Verilog Hardware Description Language,"Dawson, C.; Pattanam, S.; Roberts, D.",Proceedings. IEEE International Verilog HDL Conference,proceedings-article,14,10.1109/ivc.1996.496013,https://doi.org/10.1109/ivc.1996.496013,N,,,other
Muziris,Pattanam excavation Kerala,2026,A rare case of pulmonary adenocarcinoma in Pattanam sheep,"K. Thilagavathi, .",Indian Journal of Veterinary Pathology,journal-article,0,10.56093/7k8p0449,https://doi.org/10.56093/7k8p0449,Y,https://epubs.icar.org.in/index.php/IJVP/article/download/183267/67604,Y,other
Muziris,Pattanam excavation Kerala,2017,Clinical study and management of hollow viscus perforation of abdomen,"Velappan, D.; Kaveri, S.",International Surgery Journal,journal-article,3,10.18203/2349-2902.isj20171638,https://doi.org/10.18203/2349-2902.isj20171638,Y,https://www.ijsurgery.com/index.php/isj/article/download/1242/1163,,other
Muziris,Pattanam excavation Kerala,2020,Characterization and Evaluation of Pattanam Sheep of Tamilnadu,"Ravimurugan, T.; Pavithra, P.",International Journal of Current Microbiology and Applied Sciences,journal-article,0,10.20546/ijcmas.2020.906.344,https://doi.org/10.20546/ijcmas.2020.906.344,Y,https://www.ijcmas.com/9-6-2020/T. Ravimurugan and P. Pavithra.pdf,Y,other
Muziris,Pattanam excavation Kerala,2025,The Sphinx of Pattanam. A Game-Changing Workshop in India,", .; Surís, A.",Acta Asiatica Varsoviensia,journal-article,0,10.60018/acasva.tmnx3233,https://doi.org/10.60018/acasva.tmnx3233,Y,http://www.aav.iksiopan.pl/images/AAV_38/aav_2025_38_01_Bosch.pdf,Y,other
Muziris,Pattanam excavation Kerala,2003,The Processes of Excavation,,Techniques of Archaeological Excavation,book-chapter,0,10.4324/9780203442173-16,https://doi.org/10.4324/9780203442173-16,N,,,archaeology
Muziris,Pattanam excavation Kerala,,Pre-Excavation Research,,Techniques of ARCHAEOLOGICAL EXCAVATION,book-chapter,0,10.4324/9780203442173_chapter_4,https://doi.org/10.4324/9780203442173_chapter_4,N,,,archaeology
Muziris,Pattanam excavation Kerala,2003,Pre-Excavation Research,,Techniques of Archaeological Excavation,book-chapter,0,10.4324/9780203442173-14,https://doi.org/10.4324/9780203442173-14,N,,,archaeology
Muziris,Pattanam excavation Kerala,2026,Excavation method,"Gerrets, D.",The Excavation Near Wijnaldum,book-chapter,0,10.1201/9781003761266-2,https://doi.org/10.1201/9781003761266-2,N,,,archaeology
Muziris,Pattanam excavation Kerala,,The Processes of Excavation,,Techniques of ARCHAEOLOGICAL EXCAVATION,book-chapter,0,10.4324/9780203442173_chapter_6,https://doi.org/10.4324/9780203442173_chapter_6,N,,,archaeology
Muziris,Pattanam excavation Kerala,,Rescue and Salvage Excavation,,Techniques of ARCHAEOLOGICAL EXCAVATION,book-chapter,0,10.4324/9780203442173_chapter_7,https://doi.org/10.4324/9780203442173_chapter_7,N,,,archaeology
Muziris,Pattanam excavation Kerala,,The Development of Excavation Techniques,,Techniques of ARCHAEOLOGICAL EXCAVATION,book-chapter,0,10.4324/9780203442173_chapter_3,https://doi.org/10.4324/9780203442173_chapter_3,N,,,archaeology
Muziris,Muziris papyrus,2020,The Organization of India-to-Rome Trade,"Harris, R.",Roman Law and Economics,book-chapter,0,10.1093/oso/9780198787204.003.0007,https://doi.org/10.1093/oso/9780198787204.003.0007,N,,,archaeology
Muziris,Muziris papyrus,2022,"Frederico De Romanis, The Indo-Roman Pepper Trade and the Muziris Papyrus. (Oxford Studies on the Roman Economy.) Oxford, Oxford University Press 2020","Schulz, R.",Historische Zeitschrift,journal-article,0,10.1515/hzhz-2022-1110,https://doi.org/10.1515/hzhz-2022-1110,N,,Y,archaeology
Muziris,Muziris papyrus,2021,"Frederico De Romanis, The Indo-Roman Pepper Trade and the Muziris Papyrus, Oxford (Oxford University Press) 2020; 51 s/w Abb., 416 S., ISBN 978-0-19-884234-7 (geb.), £ 85,–","Fauconnier, B.",Klio,journal-article,0,10.1515/klio-2021-2031,https://doi.org/10.1515/klio-2021-2031,Y,,Y,archaeology
Muziris,Periyar delta archaeology Muziris,2001,In search of Muziris,"Gurukkal, R.; Whittaker, D.",Journal of Roman Archaeology,journal-article,8,10.1017/s1047759400019978,https://doi.org/10.1017/s1047759400019978,N,,Y,other
Muziris,Periyar delta archaeology Muziris,2004,Locating the ancient port of Muziris: fresh findings from Pattanam,"Shajan, K.; Tomber, R.; Selvakumar, V.; Cherian, P.",Journal of Roman Archaeology,journal-article,27,10.1017/s1047759400008278,https://doi.org/10.1017/s1047759400008278,N,,Y,archaeology
Muziris,Periyar delta archaeology Muziris,2025,Periyar and the Vaikom Satyagraha,"Athiyaman, P.",The Cambridge Companion to Periyar,other,0,10.1017/9781009605342.003,https://doi.org/10.1017/9781009605342.003,N,,Y,other
Berenike,Berenike Red Sea excavation,2019,Excavation of the small animal cemetery at the Roman Red Sea harbor of Berenike in 2018 and 2019,"Osypiński, P.; Osypińska, M.",Polish Archaeology in the Mediterranean,journal-article,0,10.31338/uw.2083-537x.pam28.2.11,https://doi.org/10.31338/uw.2083-537x.pam28.2.11,Y,https://doi.org/10.31338/uw.2083-537x.pam28.2.11,Y,archaeology
Berenike,Berenike Red Sea excavation,2019,8. NILE–RED SEA ROADS,,Berenike and the Ancient Maritime Spice Route,book-chapter,0,10.1525/9780520948389-011,https://doi.org/10.1525/9780520948389-011,N,,,other
Berenike,Berenike Red Sea excavation,2000,"Berenike on the Red Sea and its hinterland - STEVEN SIDEBOTHAM and WILLEMINA WENDRICH (edd.), BERENIKE ’94: PRELIMINARY REPORT OF THE EXCAVATIONS AT BERENIKE (EGYPTIAN RED SEA COAST) AND THE SURVEY OF THE EASTERN DESERT ","Maxfield, V.",Journal of Roman Archaeology,journal-article,0,10.1017/s1047759400019528,https://doi.org/10.1017/s1047759400019528,N,,Y,archaeology
Berenike,Berenike Red Sea excavation,2011,Nile-Red Sea Roads,"Sidebotham, S.",Berenike and the Ancient Maritime Spice Route,book-chapter,0,10.1525/california/9780520244306.003.0008,https://doi.org/10.1525/california/9780520244306.003.0008,N,,,other
Berenike,Berenike Red Sea excavation,2018,"Overview of Fieldwork at Berenike (Red Sea Coast), Egypt, and in the Eastern Desert: 2011–2015","Sidebotham, S.",Stories of Globalisation: The Red Sea and the Persian Gulf from Late Prehistory to Early M,book-chapter,0,10.1163/9789004362321_011,https://doi.org/10.1163/9789004362321_011,N,,Y,other
Berenike,Berenike Red Sea excavation,2018,The Great Temple of Berenike,"Hense, M.",Stories of Globalisation: The Red Sea and the Persian Gulf from Late Prehistory to Early M,book-chapter,0,10.1163/9789004362321_013,https://doi.org/10.1163/9789004362321_013,N,,Y,other
Berenike,Berenike Red Sea excavation,2025,"Results of Fieldwork at Berenike on the Red Sea Coast of Egypt, 2008-2010","Sidebotham, S.; Zych, I.",Re-Evaluating the Periplus of the Erythraean Sea,book-chapter,0,10.1163/9789004752160_008,https://doi.org/10.1163/9789004752160_008,N,,Y,other
Berenike,Berenike Red Sea excavation,2016,"Pet cats at the Early Roman Red Sea port of Berenike, Egypt","Osypińska, M.",Antiquity,journal-article,2,10.15184/aqy.2016.181,https://doi.org/10.15184/aqy.2016.181,Y,https://www.cambridge.org/core/services/aop-cambridge-core/content/view/3E9F9F08ABB32E00E56595C8D1187B0B/S0003598X16001812a.pdf/div-class-title-pet-cats-at-the-early-roman-red-sea-port-of-berenike-egypt-div.pdf,Y,archaeology
Berenike,Berenike Red Sea excavation,2018,"Berenike Trogodytika: a Hellenistic fortress on the Red Sea coast, Egypt","Woźniak, M.; Rądkowska, J.",Antiquity,journal-article,0,10.15184/aqy.2018.252,https://doi.org/10.15184/aqy.2018.252,Y,https://www.cambridge.org/core/services/aop-cambridge-core/content/view/D815A772801F3CAE73555CE6726DD8E9/S0003598X18002521a.pdf/div-class-title-berenike-trogodytika-a-hellenistic-fortress-on-the-red-sea-coast-egypt-div.pdf,Y,other
Berenike,Berenike Red Sea excavation,2018,"Ancient Ports of Trade on the Red Sea Coasts—The ‘Parameters of Attractiveness’ of Site Locations and Human Adaptations to Fluctuating Land- and Sea-Scapes. Case Study Berenike Troglodytica, Southeastern Egypt","Kotarba-Morley, A.","Geological Setting, Palaeoenvironment and Archaeology of the Red Sea",book-chapter,7,10.1007/978-3-319-99408-6_34,https://doi.org/10.1007/978-3-319-99408-6_34,N,,Y,archaeology
Berenike,Berenike Red Sea excavation,1999,"Trade and Subsistence at the Roman Port of Berenike, Red Sea Coast, Egypt","Cappers, R.",The Exploitation of Plant Resources in Ancient Africa,book-chapter,9,10.1007/978-1-4757-6730-8_15,https://doi.org/10.1007/978-1-4757-6730-8_15,N,,Y,archaeology
Berenike,Berenike Red Sea excavation,2000,Berenike 1996: Report on the 1996 Excavations at Berenike (Egyptian Red Sea Coast) and the Survey of the Eastern Desert,"Vorderstrasse, T.; Sidebotham, S.; Wendrich, W.",Journal of the American Oriental Society,journal-article,0,10.2307/606042,https://doi.org/10.2307/606042,N,,Y,archaeology
Berenike,Berenike Red Sea excavation,1999,"(S.E.) Sidebotham and (W.Z.) Wendrich <i>Eds.</i>Berenike 1994, Preliminary Report of the 1994 Excavations at Berenike (Egyptian Red Sea Coast) and the Survey of the Eastern Desert. (<i>CNWS Publications. Special Series<","Adams, C.",The Journal of Hellenic Studies,journal-article,10,10.2307/632377,https://doi.org/10.2307/632377,N,,Y,archaeology
Berenike,Berenike Red Sea excavation,2022,A Blocked-Out Capital from Berenike (Egyptian Red Sea Coast),"Popławski, S.; Kraśniewska, U.; Mi, F.",Open Archaeology,journal-article,1,10.1515/opar-2022-0245,https://doi.org/10.1515/opar-2022-0245,Y,https://www.degruyter.com/document/doi/10.1515/opar-2022-0245/pdf,Y,other
Berenike,Berenike Red Sea excavation,2018,Beyond the Boundaries of the Periplus: The Persian Gulf Route in the Supply to Myos Hormos and Berenike,"Tomber, R.",Stories of Globalisation: The Red Sea and the Persian Gulf from Late Prehistory to Early M,book-chapter,0,10.1163/9789004362321_020,https://doi.org/10.1163/9789004362321_020,N,,Y,archaeology
Berenike,Berenike Red Sea excavation,2020,Empress and African: Two female images on terracotta oil lamps from the Red Sea port of Berenike,"Zych, I.",Ex Oriente Lux. Studies in Honour of Jolanta Młynarczyk,book-chapter,2,10.31338/uw.9788323541073.pp.97-104,https://doi.org/10.31338/uw.9788323541073.pp.97-104,N,,Y,archaeology
Berenike,Berenike Red Sea excavation,1999,<i>Berenike 1995: Preliminary Report of the Excavations at Berenike (Egyptian Red Sea Coast) and the Survey of the Eastern Desert</i>. By S. E. Sidebotham and W. Z. Wendrich.,"Lund, J.",American Journal of Archaeology,journal-article,0,10.2307/506999,https://doi.org/10.2307/506999,N,,Y,archaeology
Berenike,Berenike Red Sea excavation,1999,"The Use of Imported and Local Wood Species at the Roman Port of Berenike, Red Sea Coast, Egypt","Vermeeren, C.",The Exploitation of Plant Resources in Ancient Africa,book-chapter,5,10.1007/978-1-4757-6730-8_16,https://doi.org/10.1007/978-1-4757-6730-8_16,N,,Y,archaeology
Berenike,Berenike Red Sea excavation,2014,"Religion and Burial at the Ptolemaic-Roman Red Sea Emporium of Berenike, Egypt","Sidebotham, S.",African Archaeological Review,journal-article,9,10.1007/s10437-014-9175-2,https://doi.org/10.1007/s10437-014-9175-2,N,,Y,archaeology
Berenike,Berenike Red Sea excavation,2016,"Cross-cultural bead encounters at the Red Sea port site of Berenike, Egypt. preliminary assessment (seasons 2009–2012)","Then-Obłuska, J.",Polish Archaeology in the Mediterranean,journal-article,17,10.5604/01.3001.0010.0126,https://doi.org/10.5604/01.3001.0010.0126,Y,,Y,archaeology
Berenike,Berenike Red Sea excavation,2022,Berenike – why there?,"Woźniak, M.",Networked spaces,book-chapter,2,10.4000/books.momeditions.16351,https://doi.org/10.4000/books.momeditions.16351,Y,,Y,other
Berenike,Berenike Red Sea excavation,2018,"Beads and pendants from the Hellenistic to Early Byzantine Red Sea port of Berenike, Egypt, Season 2014 and 2015","Then-Obłuska, J.",Polish Archaeology in the Mediterranean,journal-article,11,10.5604/01.3001.0013.2001,https://doi.org/10.5604/01.3001.0013.2001,Y,,Y,archaeology
Berenike,Berenike Red Sea excavation,2021,"""Barbarians"" and Blemmyes: Who Was in Control of the Red Sea Port of Berenike in the Late Antique Period?","Cobb, M.",Journal of Late Antiquity,journal-article,7,10.1353/jla.2021.0029,https://doi.org/10.1353/jla.2021.0029,Y,https://muse.jhu.edu/article/820347/pdf,Y,archaeology
Berenike,Berenike Red Sea excavation,2022,An early Roman burial ground in the port of Berenike on the Red Sea coast of Egypt,"Zych, I.; Woźniak, M.",Polish Archaeology in the Mediterranean,journal-article,2,10.37343/uw.2083-537x.pam31.11,https://doi.org/10.37343/uw.2083-537x.pam31.11,Y,,Y,archaeology
Berenike,Berenike Egypt Indian Ocean trade,2006,Rome’s Eastern Trade,,Roman Foodprints at Berenike,book-chapter,0,10.2307/j.ctvdjrqwh.7,https://doi.org/10.2307/j.ctvdjrqwh.7,N,,,archaeology
Berenike,Berenike Egypt Indian Ocean trade,2017,The Spice Trade in Mamluk Egypt,,Spices in the Indian Ocean World,book-chapter,0,10.4324/9781315242637-9,https://doi.org/10.4324/9781315242637-9,N,,,archaeology
Berenike,Berenike Egypt Indian Ocean trade,2006,Introduction,,Roman Foodprints at Berenike,book-chapter,0,10.2307/j.ctvdjrqwh.6,https://doi.org/10.2307/j.ctvdjrqwh.6,N,,,other
Berenike,Berenike Egypt Indian Ocean trade,2006,Bibliography,,Roman Foodprints at Berenike,book-chapter,0,10.2307/j.ctvdjrqwh.14,https://doi.org/10.2307/j.ctvdjrqwh.14,N,,,other
Berenike,Berenike Egypt Indian Ocean trade,2006,Natural Vegetation,,Roman Foodprints at Berenike,book-chapter,0,10.2307/j.ctvdjrqwh.8,https://doi.org/10.2307/j.ctvdjrqwh.8,N,,,other
Berenike,Berenike Egypt Indian Ocean trade,2006,Acknowledgments,,Roman Foodprints at Berenike,book-chapter,0,10.2307/j.ctvdjrqwh.4,https://doi.org/10.2307/j.ctvdjrqwh.4,N,,,other
Berenike,Berenike Egypt Indian Ocean trade,2006,General Index,,Roman Foodprints at Berenike,book-chapter,0,10.2307/j.ctvdjrqwh.16,https://doi.org/10.2307/j.ctvdjrqwh.16,N,,,other
Berenike,Berenike Egypt Indian Ocean trade,2006,Archaeobotanical Research,,Roman Foodprints at Berenike,book-chapter,0,10.2307/j.ctvdjrqwh.10,https://doi.org/10.2307/j.ctvdjrqwh.10,N,,,other
Berenike,Berenike Egypt Indian Ocean trade,2006,Back Matter,,Roman Foodprints at Berenike,book-chapter,0,10.2307/j.ctvdjrqwh.17,https://doi.org/10.2307/j.ctvdjrqwh.17,N,,,other
Berenike,Berenike Egypt Indian Ocean trade,2006,List of Figures,,Roman Foodprints at Berenike,book-chapter,0,10.2307/j.ctvdjrqwh.5,https://doi.org/10.2307/j.ctvdjrqwh.5,N,,,other
Berenike,Berenike Egypt Indian Ocean trade,2006,Catalogue of Taxa,,Roman Foodprints at Berenike,book-chapter,0,10.2307/j.ctvdjrqwh.13,https://doi.org/10.2307/j.ctvdjrqwh.13,N,,,other
Berenike,Berenike Egypt Indian Ocean trade,2006,Front Matter,,Roman Foodprints at Berenike,book-chapter,0,10.2307/j.ctvdjrqwh.1,https://doi.org/10.2307/j.ctvdjrqwh.1,N,,,other
Berenike,Berenike Egypt Indian Ocean trade,2006,Living in the Desert,,Roman Foodprints at Berenike,book-chapter,0,10.2307/j.ctvdjrqwh.9,https://doi.org/10.2307/j.ctvdjrqwh.9,N,,,other
Berenike,Berenike Egypt Indian Ocean trade,2018,Between Egypt and India,"Palone, M.",The Indian Ocean Trade in Antiquity,book-chapter,0,10.4324/9781315184876-11,https://doi.org/10.4324/9781315184876-11,N,,,other
Berenike,Berenike Egypt Indian Ocean trade,2006,Peaches in the Desert,,Roman Foodprints at Berenike,book-chapter,0,10.2307/j.ctvdjrqwh.11,https://doi.org/10.2307/j.ctvdjrqwh.11,N,,,other
Berenike,Berenike Egypt Indian Ocean trade,2006,Table of Contents,,Roman Foodprints at Berenike,book-chapter,0,10.2307/j.ctvdjrqwh.2,https://doi.org/10.2307/j.ctvdjrqwh.2,N,,,other
Berenike,Berenike Egypt Indian Ocean trade,2006,Interpretative Summary and Conclusion,,Roman Foodprints at Berenike,book-chapter,0,10.2307/j.ctvdjrqwh.12,https://doi.org/10.2307/j.ctvdjrqwh.12,N,,,other
Berenike,Berenike Egypt Indian Ocean trade,2006,Roman Foodprints at Berenike,"CAPPERS, R.",,monograph,116,10.2307/j.ctvdjrqwh,https://doi.org/10.2307/j.ctvdjrqwh,N,,Y,archaeology
Berenike,Berenike Egypt Indian Ocean trade,2006,Preface,"SIDEBOTHAM, S.; WENDRICH, W.",Roman Foodprints at Berenike,book-chapter,0,10.2307/j.ctvdjrqwh.3,https://doi.org/10.2307/j.ctvdjrqwh.3,N,,,other
Berenike,Berenike Egypt Indian Ocean trade,2011,"Berenike and the Indian Ocean trade - STEVEN E. SIDEBOTHAM, BERENIKE AND THE ANCIENT MARITIME SPICE ROUTE (The California World History Library 18; University of California Press, Berkeley2011). Pp. xvii + 434, figs. 50.","Whitewright, J.",Journal of Roman Archaeology,journal-article,0,10.1017/s1047759400004050,https://doi.org/10.1017/s1047759400004050,N,,Y,archaeology
Berenike,Berenike Egypt Indian Ocean trade,,"Egypt, Berenike. Dedications, Imperial period",,Supplementum Epigraphicum Graecum Online,dataset,0,10.1163/1874-6772_seg_a69_1272,https://doi.org/10.1163/1874-6772_seg_a69_1272,N,,Y,other
Berenike,Berenike Egypt Indian Ocean trade,2006,"Index to Scientific Names of Bacteria, Fungi and Plants",,Roman Foodprints at Berenike,book-chapter,0,10.2307/j.ctvdjrqwh.15,https://doi.org/10.2307/j.ctvdjrqwh.15,N,,,other
Berenike,Berenike Egypt Indian Ocean trade,2018,Indian Ocean trade,"Gregoratti, L.",The Indian Ocean Trade in Antiquity,book-chapter,7,10.4324/9781315184876-3,https://doi.org/10.4324/9781315184876-3,N,,,archaeology
Berenike,Berenike Egypt Indian Ocean trade,2019,12. TRADE IN ROMAN BERENIKE,,Berenike and the Ancient Maritime Spice Route,book-chapter,0,10.1525/9780520948389-015,https://doi.org/10.1525/9780520948389-015,N,,Y,archaeology
Myos Hormos,Myos Hormos Quseir al-Qadim,1996,Quseir al-Qadim and the location of Myos Hormos,"Whitcomb, D.",Topoi,journal-article,10,10.3406/topoi.1996.1693,https://doi.org/10.3406/topoi.1996.1693,N,,Y,other
Myos Hormos,Myos Hormos Quseir al-Qadim,2007,"The Red Sea port of Quseir al-Qadim (Myos Hormos) - DAVID PEACOCK and LUCY BLUE (edd.), MYOS HORMOS - QUSEIR AL-QADIM. ROMAN AND ISLAMIC PORTS ON THE RED SEA. Volume 1: <i>SURVEY AND EXCAVATIONS 1999-2003</i> (Oxbow Book","Sidebotham, S.",Journal of Roman Archaeology,journal-article,4,10.1017/s1047759400006036,https://doi.org/10.1017/s1047759400006036,N,,Y,archaeology
Myos Hormos,Myos Hormos Quseir al-Qadim,2007,<i>Myos Hormos-Quseir al-Qadim: Roman and Islamic Ports on the Red Sea. Survey and Excavations 1999-2003</i>. By David Peacock and Lucy Blue.,"Burke, K.",American Journal of Archaeology,journal-article,0,10.1086/ajs40027101,https://doi.org/10.1086/ajs40027101,N,,Y,archaeology
Myos Hormos,Myos Hormos Quseir al-Qadim,2013,"D. Peacock &amp; L. Blue (eds.), Myos Hormos – Quseir al-Qadim Roman and Islamic Ports on the Red Sea, Volume 2: Finds from the Excavations 1999-2003","Zazzaro, C.",Journal of Ancient Egyptian Interconnections,journal-article,0,10.2458/azu_jaei_v05i1_zazzaro,https://doi.org/10.2458/azu_jaei_v05i1_zazzaro,Y,http://journals.librarypublishing.arizona.edu/jaei/article/id/1048/download/pdf/,Y,archaeology
Myos Hormos,Myos Hormos Quseir al-Qadim,2006,Myos Hormos?Quseir al Qadim: Roman and Islamic Ports on the Red Sea. Survey and Excavations 1999?2003 - Edited by DAVID PEACOCK and LUCY BLUE,"WARD, C.",International Journal of Nautical Archaeology,journal-article,0,10.1111/j.1095-9270.2006.126_4.x,https://doi.org/10.1111/j.1095-9270.2006.126_4.x,N,,Y,archaeology
Myos Hormos,Myos Hormos Quseir al-Qadim,2011,Myos Hormos – Quseir al-Qadim: Roman and Islamic Ports on the Red Sea. Volume 2: Finds from the excavations 1999-2003,,University of Michigan Press eBooks,monograph,55,10.30861/9781407308630,https://doi.org/10.30861/9781407308630,N,,Y,archaeology
Myos Hormos,Myos Hormos Quseir al-Qadim,,"Myos Hormos (area of tomb of sheik ‘Abd al- ‘Al). Rock-cut inscription, undated.",,Supplementum Epigraphicum Graecum,dataset,0,10.1163/1874-6772_seg_a45_2098,https://doi.org/10.1163/1874-6772_seg_a45_2098,N,,Y,archaeology
Myos Hormos,Myos Hormos Quseir al-Qadim,,Myos Hormos,,Brill’s New Pauly,dataset,0,10.1163/1574-9347_bnp_e814220,https://doi.org/10.1163/1574-9347_bnp_e814220,N,,Y,other
Myos Hormos,Myos Hormos Quseir al-Qadim,,Myos Hormos,,Der Neue Pauly,dataset,0,10.1163/1574-9347_dnp_e814220,https://doi.org/10.1163/1574-9347_dnp_e814220,N,,Y,other
Myos Hormos,Myos Hormos Quseir al-Qadim,,"Myos Hormos. Vessels stoppers, 1st cent.A.D.",,Supplementum Epigraphicum Graecum Online,dataset,0,10.1163/1874-6772_seg_a53_1992,https://doi.org/10.1163/1874-6772_seg_a53_1992,N,,Y,other
Myos Hormos,Myos Hormos Quseir al-Qadim,2016,Myos Hormos,"Cockle, W.",Oxford Classical Dictionary,reference-entry,0,10.1093/acrefore/9780199381135.013.4307,https://doi.org/10.1093/acrefore/9780199381135.013.4307,N,,Y,other
Myos Hormos,Myos Hormos Quseir al-Qadim,2022,Cultural and Architectural Heritage Values of the Qift-Quseir “Myos Hormos” Road,"Othman, A.","Advances in Science, Technology &amp; Innovation",book-chapter,1,10.1007/978-3-030-74482-3_11,https://doi.org/10.1007/978-3-030-74482-3_11,N,,Y,other
Myos Hormos,Myos Hormos Quseir al-Qadim,,Egypt. Rock-cut inscriptions along the road from Koptos to Myos Hormos.,,Supplementum Epigraphicum Graecum,dataset,0,10.1163/1874-6772_seg_a45_2040,https://doi.org/10.1163/1874-6772_seg_a45_2040,N,,Y,archaeology
Myos Hormos,Myos Hormos Quseir al-Qadim,,"Myos Hormos. Sealings on vessel stoppers, 1st/2nd cent. A.D.",,Supplementum Epigraphicum Graecum Online,dataset,0,10.1163/1874-6772_seg_a61_1524,https://doi.org/10.1163/1874-6772_seg_a61_1524,N,,Y,other
Myos Hormos,Myos Hormos Quseir al-Qadim,2012,Myos Hormos,"Cuvigny, H.",The Encyclopedia of Ancient History,other,0,10.1002/9781444338386.wbeah07065,https://doi.org/10.1002/9781444338386.wbeah07065,N,,Y,other
Myos Hormos,Myos Hormos Quseir al-Qadim,,"Myos Hormos. Rock-cut inscriptions (names and proskynemata), 1st/2nd cent. A.D.",,Supplementum Epigraphicum Graecum Online,dataset,0,10.1163/1874-6772_seg_a53_1984-1991,https://doi.org/10.1163/1874-6772_seg_a53_1984-1991,N,,Y,archaeology
Myos Hormos,Myos Hormos Quseir al-Qadim,2008,Quseir al-Qadim : a Hoard of Islamic Coins from the Ayyubid period,"Bresc, C.",Revue numismatique,journal-article,0,10.3406/numi.2008.2858,https://doi.org/10.3406/numi.2008.2858,N,,Y,archaeology
Myos Hormos,Myos Hormos Quseir al-Qadim,1977,De Kénah À Myos Hormos,"Bernand, A.",Pan du désert,book-chapter,0,10.1163/9789004675803_007,https://doi.org/10.1163/9789004675803_007,N,,Y,other
Myos Hormos,Myos Hormos Quseir al-Qadim,1987,"Two Children's Galabiyehs from Quseir al-Qadim, Egypt","Vogelsang-Eastwood, G.",Textile History,journal-article,1,10.1179/004049687793700745,https://doi.org/10.1179/004049687793700745,N,,Y,other
Myos Hormos,Myos Hormos Quseir al-Qadim,1994,Glass from Quseir al-Qadim and the Indian Ocean Trade,"Auth, S.; Meyer, C.",Journal of the American Research Center in Egypt,journal-article,0,10.2307/40000687,https://doi.org/10.2307/40000687,N,,Y,archaeology
Myos Hormos,Myos Hormos Quseir al-Qadim,1997,Glass from Quseir al-Qadim and the Indian Ocean Trade,"Nicholson, P.; Meyer, C.",The Journal of Egyptian Archaeology,journal-article,0,10.2307/3822477,https://doi.org/10.2307/3822477,N,,Y,archaeology
Myos Hormos,Myos Hormos Quseir al-Qadim,1956,The Myos Hormos Road : Inscriptions and Ostraca,"Meredith, D.",Chronique d'Egypte,journal-article,0,10.1484/j.cde.2.307809,https://doi.org/10.1484/j.cde.2.307809,N,,Y,archaeology
Myos Hormos,Myos Hormos Quseir al-Qadim,2018,Some Topographical Problems around Myos Hormos: Philotera-Philoteris,"Rengen, W.",The Eastern Desert of Egypt during the Greco-Roman Period: Archaeological Reports,book-chapter,0,10.4000/books.cdf.5253,https://doi.org/10.4000/books.cdf.5253,Y,,Y,other
Myos Hormos,Quseir al-Qadim Roman port,2012,"Review: <i>Consumption, Trade and Innovation: Exploring the Botanical Remains from the Roman and Islamic Ports at Quseir al-Qadim, Egypt</i>, by Marijke van der Veen",,Gastronomica,journal-article,1,10.1525/gfc.2012.12.3.108,https://doi.org/10.1525/gfc.2012.12.3.108,N,,Y,archaeology
Myos Hormos,Quseir al-Qadim Roman port,2008,"Changing foodways: watermelon (Citrullus lanatus) consumption in Roman and Islamic Quseir al-Qadim, Egypt","Cox, A.; van der Veen, M.",Vegetation History and Archaeobotany,journal-article,17,10.1007/s00334-008-0164-8,https://doi.org/10.1007/s00334-008-0164-8,N,,Y,archaeology
Myos Hormos,Quseir al-Qadim Roman port,2011,"Review of M. van der Veen. Consumption, Trade and Innovation. Exploring the Botanical Remains from the Roman and Islamic Ports at Quseir al-Qadim, Egypt","Fahmy, A.",Journal of African Archaeology,journal-article,0,10.3213/2191-5784-10195,https://doi.org/10.3213/2191-5784-10195,N,,Y,archaeology
Myos Hormos,Quseir al-Qadim Roman port,2012,"MARIJKE VAN DER VEEN, Consumption, Trade and Innovation: Exploring the Botanical Remains from the Roman and Islamic Ports at Quseir al-Qadim, Egypt","Varisco, D.",Journal of Semitic Studies,journal-article,0,10.1093/jss/fgs021,https://doi.org/10.1093/jss/fgs021,N,,Y,archaeology
Myos Hormos,Quseir al-Qadim Roman port,1985,Quseir al-Qadim 1980. Preliminary Report,"Bailey, D.; Whitcomb, D.; Johnson, J.; Holladay, J.",The Journal of Egyptian Archaeology,journal-article,0,10.2307/3821687,https://doi.org/10.2307/3821687,N,,Y,archaeology
Myos Hormos,Quseir al-Qadim Roman port,1988,Quseir al-Qadim 1980,"Withcomb, D.; Johnson, J.",Journal of the Economic and Social History of the Orient,journal-article,0,10.2307/3631773,https://doi.org/10.2307/3631773,N,,Y,other
Myos Hormos,Quseir al-Qadim Roman port,1997,Book Review: Glass from Quseir Al-Qadim and the Indian Ocean Trade,"Nicholson, P.",The Journal of Egyptian Archaeology,journal-article,0,10.1177/030751339708300123,https://doi.org/10.1177/030751339708300123,N,,Y,archaeology
Myos Hormos,Quseir al-Qadim Roman port,1995,"Quseir Al-Qadim, Egypt, and the Potential of Archaeological Pollen Analysis in the Near East","Kelso, G.; Good, I.",Journal of Field Archaeology,journal-article,3,10.1179/009346995791547804,https://doi.org/10.1179/009346995791547804,N,,Y,both
Myos Hormos,Quseir al-Qadim Roman port,2013,"Marijke Van der Veen, Consumption, Trade and Innovation. Exploring the Botanical Remains from the Roman and Islamic Ports at Quseir al-Qadim, Egypt (Journal of African Archaeology Monograph Series 6)","Bouchaud, C.",Syria,journal-article,0,10.4000/syria.2032,https://doi.org/10.4000/syria.2032,Y,http://journals.openedition.org/syria/2032,Y,archaeology
Myos Hormos,Quseir al-Qadim Roman port,1982,"<i>Quseir al-Qadim 1978: Preliminary Report</i>. Donald S. Whitcomb , Janet H. Johnson","Wright, H.",Journal of Near Eastern Studies,journal-article,0,10.1086/372972,https://doi.org/10.1086/372972,N,,Y,archaeology
Myos Hormos,Quseir al-Qadim Roman port,2012,"Consumption, trade and innovation. Exploring the botanical remains from the Roman and Islamic Ports at Quseir a-Qadim, Egypt by Marijke van der Veen","Young, R.",Azania: Archaeological Research in Africa,journal-article,0,10.1080/0067270x.2012.648975,https://doi.org/10.1080/0067270x.2012.648975,N,,Y,archaeology
Myos Hormos,Quseir al-Qadim Roman port,2012,"Consumption, Trade, and Innovation: Exploring the Botanical Remains from the Roman and Islamic Ports at Quseir al-Qadim, Egypt. Edited by Marijke van der Veen. Journal of African Archaeology Monograph Series 6. Frankfurt","BOONE, J.",The Journal of Economic History,journal-article,1,10.1017/s0022050712000204,https://doi.org/10.1017/s0022050712000204,N,,Y,archaeology
Myos Hormos,Quseir al-Qadim Roman port,2017,"Food Globalisation and the Red Sea: New Evidence from the Ancient Ports at Quseir al-Qadim, Egypt","van der Veen, M.; Morales, J.",Human Interaction with the Environment in the Red Sea,book-chapter,9,10.1163/9789004330825_013,https://doi.org/10.1163/9789004330825_013,N,,Y,archaeology
Myos Hormos,Quseir al-Qadim Roman port,2013,"Book reviews - Marijke van der Veen. Consumption, trade and innovation: exploring the botanical remains from the Roman and Islamic ports at Quseir al-Qadim, Egypt (Journal of African Archaeology Monograph Series 6). xiv+","Mercuri, A.",Antiquity,journal-article,0,10.1017/s0003598x00048894,https://doi.org/10.1017/s0003598x00048894,N,,Y,archaeology
Kane / Qana,Qana Hadramawt port,2011,"Qāni’. Le port antique du Hadramawt entre la Méditerranée, l’Afrique et l’Inde. Fouilles russes 1972, 1985-1989, 1991, 1993-1994","Allibert, C.",Études Océan Indien,journal-article,0,10.4000/oceanindien.1370,https://doi.org/10.4000/oceanindien.1370,Y,http://journals.openedition.org/oceanindien/pdf/1370,Y,archaeology
Kane / Qana,Qana Hadramawt port,,Hadramawt,,Encyclopedia of Jews in the Islamic World,dataset,0,10.1163/1878-9781_ejiw_com_0008850,https://doi.org/10.1163/1878-9781_ejiw_com_0008850,N,,Y,other
Kane / Qana,Qana Hadramawt port,2008,"La préhistoire du Yémen: Diffusions et diversités locales, à travers l’étude d’industries lithiques du Hadramawt","Crassard, R.",University of Michigan Press eBooks,monograph,28,10.30861/9781407303277,https://doi.org/10.30861/9781407303277,N,,Y,other
Kane / Qana,Qana Hadramawt port,2013,"Qana, War Crimes, and the Pending UN Resolution on Lebanon","D'Amato, A.",SSRN Electronic Journal,posted-content,0,10.2139/ssrn.2330587,https://doi.org/10.2139/ssrn.2330587,Y,,Y,other
Kane / Qana,Qana Hadramawt port,2000,Chants du Hadramawt,"Lambert, J.",Chroniques yéménites,journal-article,0,10.4000/cy.38,https://doi.org/10.4000/cy.38,Y,,Y,other
Kane / Qana,Qana Hadramawt port,,"Khoraïbé (prope Qana, or. versus a Tyro). Dedicatio Ptolemaeo IV, a. 219/17a.",,Supplementum Epigraphicum Graecum,dataset,0,10.1163/1874-6772_seg_a7_326,https://doi.org/10.1163/1874-6772_seg_a7_326,N,,Y,other
Kane / Qana,Qana Hadramawt port,2007,Tel Qana,", .; van den Brink, E.",Hadashot Arkheologiyot - Excavations and Surveys in Israel,journal-article,0,10.69704/jhaesi.116.2004.672,https://doi.org/10.69704/jhaesi.116.2004.672,N,,Y,other
Kane / Qana,Qana Hadramawt port,2020,Back Matter,,Landscape History of Hadramawt,book-chapter,0,10.2307/j.ctvzgb8n3.31,https://doi.org/10.2307/j.ctvzgb8n3.31,N,,,other
Kane / Qana,Qana Hadramawt port,2019,Map of Hadramawt,,The Hadrami Awakening,book-chapter,0,10.7591/9781501732522-002,https://doi.org/10.7591/9781501732522-002,N,,Y,other
Kane / Qana,Qana Hadramawt port,2020,Table of Contents,,Landscape History of Hadramawt,book-chapter,0,10.2307/j.ctvzgb8n3.2,https://doi.org/10.2307/j.ctvzgb8n3.2,N,,,other
Kane / Qana,Qana Hadramawt port,2020,Front Matter,,Landscape History of Hadramawt,book-chapter,0,10.2307/j.ctvzgb8n3.1,https://doi.org/10.2307/j.ctvzgb8n3.1,N,,,other
Kane / Qana,Qana Hadramawt port,1995,Bi'r Hamad: a pre‐Islamic settlement in the western Wādī Hadramawt,"SEDOV, A.",Arabian Archaeology and Epigraphy,journal-article,4,10.1111/j.1600-0471.1995.tb00080.x,https://doi.org/10.1111/j.1600-0471.1995.tb00080.x,N,,Y,archaeology
Kane / Qana,Qana Hadramawt port,2021,"Mukalla, Hadramawt","Walker, I.",The Journal of Indian Ocean World Studies,journal-article,0,10.26443/jiows.v4i2.86,https://doi.org/10.26443/jiows.v4i2.86,Y,https://jiows.mcgill.ca/article/download/86/51,Y,other
Kane / Qana,Qana Hadramawt port,2020,Index,,Landscape History of Hadramawt,book-chapter,0,10.2307/j.ctvzgb8n3.30,https://doi.org/10.2307/j.ctvzgb8n3.30,N,,,other
Kane / Qana,Qana Hadramawt port,2020,List of Figures,,Landscape History of Hadramawt,book-chapter,0,10.2307/j.ctvzgb8n3.3,https://doi.org/10.2307/j.ctvzgb8n3.3,N,,,other
Kane / Qana,Qana Hadramawt port,2020,Editors and Contributors,,Landscape History of Hadramawt,book-chapter,0,10.2307/j.ctvzgb8n3.8,https://doi.org/10.2307/j.ctvzgb8n3.8,N,,,other
Kane / Qana,Qana Hadramawt port,2011,"Gazetteer of small-scale monuments in prehistoric Hadramawt, Yemen: a radiocarbon chronology from the RASA-AHSD Project research 1996-2008","McCorriston, J.; Steimer-Herbet, T.; Harrower, M.; Williams, K.",Arabian Archaeology and Epigraphy,journal-article,19,10.1111/j.1600-0471.2011.00333.x,https://doi.org/10.1111/j.1600-0471.2011.00333.x,N,,Y,palaeoenvironment
Kane / Qana,Qana Hadramawt port,2012,"Horbat Qana, Survey",", .; Lerer, Y.",Hadashot Arkheologiyot - Excavations and Surveys in Israel,journal-article,0,10.69704/jhaesi.116.2004.2048,https://doi.org/10.69704/jhaesi.116.2004.2048,N,,Y,other
Kane / Qana,Qana Hadramawt port,2023,XCI. Cana (mod. Ḥ. Qana),,Galilaea and Northern Regions: 5876-6924,book-chapter,0,10.1515/9783110715774-099,https://doi.org/10.1515/9783110715774-099,N,,Y,other
Kane / Qana,Qana Hadramawt port,1995,Forerunners of Umayyad Art: Sculptural Stone from the Hadramawt,"Keall, E.",Muqarnas,journal-article,1,10.2307/1523220,https://doi.org/10.2307/1523220,N,,Y,other
Kane / Qana,Qana Hadramawt port,2020,Glossary,,Landscape History of Hadramawt,book-chapter,0,10.2307/j.ctvzgb8n3.29,https://doi.org/10.2307/j.ctvzgb8n3.29,N,,,other
Kane / Qana,Qana Hadramawt port,2020,Acknowledgments,,Landscape History of Hadramawt,book-chapter,0,10.2307/j.ctvzgb8n3.7,https://doi.org/10.2307/j.ctvzgb8n3.7,N,,,other
Kane / Qana,Qana Hadramawt port,2016,Chapter 14 Qana–ts of Syria,"Wessels, J.",Underground Aqueducts Handbook,book-chapter,2,10.1201/9781315368566-15,https://doi.org/10.1201/9781315368566-15,N,,Y,other
Kane / Qana,Qana Hadramawt port,2022,Qana – a Town of two Tragedies,"Brylew, M.",Faces of War (Oblicza Wojny) Volume 6 City and War,book-chapter,0,10.18778/8331-012-1.15,https://doi.org/10.18778/8331-012-1.15,Y,http://dspace.uni.lodz.pl:8080/xmlui/bitstream/11089/44655/1/263-285_Brylew.pdf,Y,other
Kane / Qana,Qana Hadramawt port,2020,List of Tables,,Landscape History of Hadramawt,book-chapter,0,10.2307/j.ctvzgb8n3.4,https://doi.org/10.2307/j.ctvzgb8n3.4,N,,,other
Kane / Qana,Kane Periplus South Arabia,2025,"The Coastal Arabia and the Adjacent Sea-Basins in the Periplus of the Erythraean Sea (Trade, Geography and Navigation","Bukharin, M.",Re-Evaluating the Periplus of the Erythraean Sea,book-chapter,0,10.1163/9789004752160_010,https://doi.org/10.1163/9789004752160_010,N,,,archaeology
Kane / Qana,Kane Periplus South Arabia,2012,"APPENDIX 3. THE VOYAGES TO AFRICA, ARABIA, AND INDIA",,The Periplus Maris Erythraei,book-chapter,0,10.1515/9781400843206.283,https://doi.org/10.1515/9781400843206.283,N,,,other
Kane / Qana,Kane Periplus South Arabia,2012,APPENDIX 3.,,The Periplus Maris Erythraei,book-chapter,0,10.2307/j.ctt7t6tp.15,https://doi.org/10.2307/j.ctt7t6tp.15,N,,,other
Kane / Qana,Kane Periplus South Arabia,2025,Southern Arabia and the Sea from the Third Century BC to the Sixth Century AD,"Schiettecatte, J.",Re-Evaluating the Periplus of the Erythraean Sea,book-chapter,0,10.1163/9789004752160_011,https://doi.org/10.1163/9789004752160_011,N,,,other
Kane / Qana,Kane Periplus South Arabia,1995,"The <i>Periplus</i>, Pliny and Arabia","GROOM, N.",Arabian Archaeology and Epigraphy,journal-article,3,10.1111/aae.1995.6.3.180,https://doi.org/10.1111/aae.1995.6.3.180,N,,,archaeology
Kane / Qana,Kane Periplus South Arabia,2019,Why proposals to sell nuclear reactors to Saudi Arabia raise red flags,"Kane, C.",,posted-content,0,10.64628/aai.n4e4jhh4r,https://doi.org/10.64628/aai.n4e4jhh4r,N,,,other
Kane / Qana,Kane Periplus South Arabia,2011,South Arabia in 1967,,Yemen Divided,other,0,10.5040/9780755608171.ch-001,https://doi.org/10.5040/9780755608171.ch-001,N,,,other
Kane / Qana,Kane Periplus South Arabia,2025,Exotic Commodities of the <i>Periplus</i> and Indian Forest-Dwellers in Indo-Roman Exchange Networks (First Century BCE to Third Century CE),"Gupta, S.",South Asia: Journal of South Asian Studies,journal-article,0,10.1080/00856401.2025.2508643,https://doi.org/10.1080/00856401.2025.2508643,N,,,archaeology
Kane / Qana,Bir Ali Qani excavation,2025,Afganistan Medeni Kanunu’nun Kaynakları Üzerine Bir İnceleme,"Qani, B.; Yıldız, K.",İhya Uluslararası İslam Araştırmaları Dergisi,journal-article,0,10.69576/ihya.1539102,https://doi.org/10.69576/ihya.1539102,Y,https://dergipark.org.tr/tr/download/article-file/4171380,,other
Kane / Qana,Bir Ali Qani excavation,2020,"Ostraka and Other Inscribed Material from Bir Shawish, Small Oasis","Dospel, M.",,monograph,0,10.3998/mpub.11614525,https://doi.org/10.3998/mpub.11614525,N,,,other
Kane / Qana,Bir Ali Qani excavation,2019,The glass from the excavation at Bir Messaouda,"Fünfschilling, S.",The Bir Messaouda Basilica,book-chapter,0,10.2307/j.ctv138ws7d.13,https://doi.org/10.2307/j.ctv138ws7d.13,N,,,archaeology
Kane / Qana,Bir Ali Qani excavation,,"Kana (Qani; Yemen). Jewish (?) prayer of Kosmas?, ca. 350-400 A.D.",,Supplementum Epigraphicum Graecum Online,dataset,0,10.1163/1874-6772_seg_a62_1722,https://doi.org/10.1163/1874-6772_seg_a62_1722,N,,Y,other
Kane / Qana,Bir Ali Qani excavation,1980,Ali İçin Bir Şans,"Kavcar, C.",Education and Science,journal-article,0,10.15390/es.1980.2184,https://doi.org/10.15390/es.1980.2184,Y,https://educationandscience.ted.org.tr/article/download/2184/3039,,other
Kane / Qana,Bir Ali Qani excavation,2024,"Bir Oluşum, Bir Nesne, Şiirsel Bir Anlatı “Selcan Kalın”","Büyükparmaksız, M.",Plastik Sanatlar Alanında Resim Sanatçı Seçkileri-1,book-chapter,0,10.37609/akya.3391.c8810,https://doi.org/10.37609/akya.3391.c8810,N,,,other
Kane / Qana,Bir Ali Qani excavation,2021,Bir Tarihi Vesika: Ali İlhami Dede'nin Bilinmeyen Divanı,"nazlı, a.",Uluslararasi Kibris Universitesi Fen-Edebiyat Fakultesi,journal-article,0,10.22559/folklor.1558,https://doi.org/10.22559/folklor.1558,Y,,,other
Kane / Qana,Bir Ali Qani excavation,2016,Grabungsvorberichte/Preliminary Excavation Reports: Preliminary Report on the SCA Excavation at Tell el-Yahudia Season 2010–2011,"A. Ashmawy, A.",Ägypten und Levante,journal-article,0,10.1553/aeundl26s17,https://doi.org/10.1553/aeundl26s17,Y,https://www.austriaca.at/0xc1aa5576_0x0034ae90.pdf,,archaeology
Kane / Qana,Bir Ali Qani excavation,2018,Bir Etkinlik Olarak Matematiksel Modelleme,"ÇELİK, D.; TEMURTAŞ, A.",Matematiksel Modellemeye Disiplinler Arası Bakış: Bir STEM Yaklaşımı,book-chapter,0,10.14527/9786052414712.05,https://doi.org/10.14527/9786052414712.05,N,,,other
Kane / Qana,Bir Ali Qani excavation,2023,Kırgız Destanlarında Hz. Ali: Bir Kült ve Bir Bahadır,"CİCİOĞLU, M.",Akademik Dil ve Edebiyat Dergisi,journal-article,0,10.34083/akaded.1321438,https://doi.org/10.34083/akaded.1321438,Y,,,other
Kane / Qana,Bir Ali Qani excavation,2016,Karina Rezeksiyonları: Genel Bir Bakış,"Ali Bedirhan, M.",Tracheal Book,book-chapter,0,10.4328/derman.4234,https://doi.org/10.4328/derman.4234,N,,,other
Kane / Qana,Bir Ali Qani excavation,2018,Didaktik Bir Bakış Açısıyla Hz. Muhammed,"Yılmaz, A.",,edited-book,1,10.14527/9786052414088,https://doi.org/10.14527/9786052414088,N,,,other
Kane / Qana,Bir Ali Qani excavation,2026,Leadership in Transformation,,,monograph,0,10.3726/b23456,https://doi.org/10.3726/b23456,N,,,other
Kane / Qana,Bir Ali Qani excavation,2026,Toplumsal Bir Sorun Olarak Kültürel Yozlaşma: Ayet ve Hadisler Işığında Güncel Bir Değerlendirme,"Çalgan, M.",Bilimname,journal-article,0,10.28949/bilimname.1815108,https://doi.org/10.28949/bilimname.1815108,Y,https://dergipark.org.tr/tr/download/article-file/5381441,,other
Kane / Qana,Bir Ali Qani excavation,2024,SİYASİ BİR KAVRAM OLAN HALİFELİĞİN DİNİLEŞTİRİLME SÜRECİNE DAİR BİR DEĞERLENDİRME,"Yılmaz, A.",Kilis 7 December University Journal of Theology,journal-article,1,10.46353/k7auifd.1432534,https://doi.org/10.46353/k7auifd.1432534,Y,,,other
Kane / Qana,Bir Ali Qani excavation,2019,Karşılaştırmalı Bir Çalışma: Jean Paul Sartre'ın Çıkış Yok ve Hasan Ali Toptaş',"Kaya, H.",Uluslararasi Kibris Universitesi Fen-Edebiyat Fakultesi,journal-article,0,10.22559/folklor.986,https://doi.org/10.22559/folklor.986,Y,,,other
Kane / Qana,Bir Ali Qani excavation,2025,Sivas Arkeoloji Müzesi’nden Bir Grup Balta/Keski,"Özcan, A.; Alkan, A.",PROPONTICA,journal-article,0,10.56170/propontica.1615542,https://doi.org/10.56170/propontica.1615542,Y,,,other
Kane / Qana,Bir Ali Qani excavation,2023,Teknoloji Şirketlerinin Hisse Senedi Fiyatlarıyla Kriptoparaların Değerleri Arasında Herhangi Bir İlişki Var Mı : Pandemi Öncesi ve Sonrasına Yönelik Bir Analiz,"SAYAR, A.; ALSHAMALI, J.",Turk Turizm Arastirmalari Dergisi,journal-article,0,10.26677/tr1010.2023.1204,https://doi.org/10.26677/tr1010.2023.1204,Y,https://isakder.org/index.php/isakder/article/download/88/116/89,,other
Kane / Qana,Bir Ali Qani excavation,2024,Kızıl Deli (Seyyid Ali) Sultan zaviyesi hakkında bir değerlendirme,"Bilgili, A.; Tozlu, S.",Rumeli'nin Gözcüsü Seyyid Ali Sultan,book-chapter,0,10.59402/eeb01202401,https://doi.org/10.59402/eeb01202401,N,,,other
Kane / Qana,Bir Ali Qani excavation,2024,Türk Din Psikolojisinde Öncü Bir İsim: Ali Murat Daryal Üzerine Biyografik Bir Araştırma,"Koç, M.",Türk Din Psikolojisi Dergisi,journal-article,4,10.59379/tdpd.1479037,https://doi.org/10.59379/tdpd.1479037,Y,https://dergipark.org.tr/tr/download/article-file/3908133,,other
Kane / Qana,Bir Ali Qani excavation,2025,Yeni Bir Mehdîlik İddiasının İzinde: Türkiye’de Osman Aydoğdu Hareketi Üzerine Mukayeseli Bir İnceleme,"Durmuş, A.",Hitit İlahiyat Dergisi,journal-article,0,10.14395/hid.1743210,https://doi.org/10.14395/hid.1743210,Y,https://dergipark.org.tr/tr/download/article-file/5058319,,other
Kane / Qana,Bir Ali Qani excavation,2016,Türk illerini bir kalem altında toplayan şair: Ali Şir Nevâi,"Meydan, A.",Türk kültüründe coğrafya - II,book-chapter,0,10.14527/9786053185918.06,https://doi.org/10.14527/9786053185918.06,N,,,other
Kane / Qana,Bir Ali Qani excavation,2017,Osmanlı Saray Hayatından Bir Kesit: Ali Akyıldız ve Mümin ve Müsrif Bir Padişah Kızı Refia Sultan,"KOLAY, A.",Mavi Atlas,journal-article,0,10.18795/gumusmaviatlas.357963,https://doi.org/10.18795/gumusmaviatlas.357963,Y,https://dergipark.org.tr/en/download/article-file/370747,,other
Kane / Qana,Bir Ali Qani excavation,2018,Kaçkarlar`dan Berlin’e “Bir eğitim gönüllüsünün yaşam öyküsü”,"Uzun, A.",Ankara Pegem Akademi Yayıncılık eBooks,book,0,10.14527/9786053641513,https://doi.org/10.14527/9786053641513,N,,,other
Kane / Qana,Bir Ali Qani excavation,2023,Kobilerin Finansmanında Bankaların Kredilendirme Süreci: Bir İmalat İş,"Kazan, A.",,monograph,0,10.58830/yp.pub-2023-10.0001,https://doi.org/10.58830/yp.pub-2023-10.0001,N,,,other
Moscha / Sumhuram,Sumhuram Khor Rori,2021,"New about the South Arabian port of Sumhuram (Sumhuram. The Becoming of the Town. Khor Rori Report 4 / Ed. V. Buffa. Roma; Bristol: “L’Erma” di Bretschneider, 2019. 292 p., ill., tabl. [Arabia Antica. 16])",", .; Vinogradov, Y.",Archaeological News,journal-article,0,10.31600/1817-6976-2021-32-447-451,https://doi.org/10.31600/1817-6976-2021-32-447-451,Y,https://doi.org/10.31600/1817-6976-2021-32-447-451,Y,archaeology
Moscha / Sumhuram,Sumhuram Khor Rori,2024,After the Fall of the Caravan Kingdoms. Notes about the Occupation of Sumhuram and the Area of Khor Rori (Oman) from the Fifth Century AD to the Islamic Period,"Pavan, A.",Études et Travaux,journal-article,0,10.12775/etudtrav.36.006,https://doi.org/10.12775/etudtrav.36.006,Y,https://apcz.umk.pl/ET/article/download/48989/37838,Y,other
Moscha / Sumhuram,Sumhuram Khor Rori,2012,Archaeological Consolidation of UNESCO Masonry Structures in Oman: The Sumhuram Citadel of Khor Rori and the Al Balid Fortress,"Sassu, M.; Andreini, M.; Casapulla, C.; De Falco, A.",International Journal of Architectural Heritage,journal-article,30,10.1080/15583058.2012.665146,https://doi.org/10.1080/15583058.2012.665146,N,,Y,archaeology
Moscha / Sumhuram,Sumhuram Khor Rori,2025,"Investigating the shell microstructure and mineralogy of three Upper Holocene mollusc species from the Khor Rori Archaeological Park (Dhofar, Oman)","Chiari, A.; Dapiaggi, M.; Crippa, G.",,posted-content,0,10.5194/egusphere-egu25-3699,https://doi.org/10.5194/egusphere-egu25-3699,Y,,Y,both
Moscha / Sumhuram,Sumhuram Khor Rori,2009,"Alessandra Avanzini éd., Khor Rori Report 1.","Breton, J.",Syria,journal-article,0,10.4000/syria.594,https://doi.org/10.4000/syria.594,Y,,Y,archaeology
Moscha / Sumhuram,Sumhuram Khor Rori,1960,Some Imported Pottery at Khor Rori (Dhofar),"Comfort, H.",Bulletin of the American Schools of Oriental Research,journal-article,6,10.2307/1355643,https://doi.org/10.2307/1355643,N,,Y,archaeology
Moscha / Sumhuram,Sumhuram Khor Rori,1959,The Sacred Stone Circle of Khor Rori (Dhofar),"Cleveland, R.",Bulletin of the American Schools of Oriental Research,journal-article,3,10.2307/1355672,https://doi.org/10.2307/1355672,N,,Y,other
Moscha / Sumhuram,Sumhuram Khor Rori,2009,"The Final Passages in two Hadramitic Inscriptions from Dhofar (Khor Rori 3 and 4), What do They Really Mean?","Frantsouzoff, S.",Semitica et Classica,journal-article,0,10.1484/j.sec.1.100514,https://doi.org/10.1484/j.sec.1.100514,N,,Y,archaeology
Moscha / Sumhuram,Sumhuram Khor Rori,2024,"Investigating the Upper Holocene palaeoenvironment and human subsistence strategy in the Khor Rori coastal area by studying mollusc remains from the Inqitat plateau (Dhofar, Sultanate of Oman)","Crippa, G.; Lischi, S.; Cremaschi, M.",Journal of Quaternary Science,journal-article,6,10.1002/jqs.3610,https://doi.org/10.1002/jqs.3610,Y,https://onlinelibrary.wiley.com/doi/pdfdirect/10.1002/jqs.3610,Y,palaeoenvironment
Moscha / Sumhuram,Sumhuram Khor Rori,2010,ANCIENT METALLURGY AT SUMHURAM (SULTANATE OF OMAN): TECHNICAL ASPECTS OF RAISED INSCRIPTIONS ON SOUTH ARABIAN BRONZES,"CHIAVARI, C.; DEGLI ESPOSTI, M.; GARAGNANI, G.; MARTINI, C.",Archaeometry,journal-article,5,10.1111/j.1475-4754.2010.00541.x,https://doi.org/10.1111/j.1475-4754.2010.00541.x,N,,Y,archaeology
Moscha / Sumhuram,Sumhuram Khor Rori,2020,,"Nofianri, R.; Hasti Hasmira, M.",Jurnal Perspektif,journal-article,0,10.24036/perspektif.v3i1.215,https://doi.org/10.24036/perspektif.v3i1.215,Y,http://perspektif.ppj.unp.ac.id/index.php/perspektif/article/download/215/126,,other
Moscha / Sumhuram,Sumhuram Khor Rori,2010,"A. Avanzini (ed.) A PORT IN ARABIA BETWEEN ROME AND THE INDIAN OCEAN (3RD C. BC–5TH C. AD). KHOR RORI REPORT 2 (Arabia Antica 5). Rome: ‘L’Erma’ di Bretschneider, 2008. Pp. 742, 6 pls, illus. ISBN 978-88-8265-469-6. €450","Schenk, H.",Journal of Roman Studies,journal-article,1,10.1017/s0075435810000961,https://doi.org/10.1017/s0075435810000961,N,,Y,archaeology
Moscha / Sumhuram,Sumhuram Khor Rori,2024,Closure of Khor Al Balid and Khor Rori harbours/estuaries with coastal uplift and aridity in the 12th – 15th c. CE and evidence for an extreme overwash event in the 18th – 19th c. CE: Implications for ancient port sites ,"Steele, R.; Reinhardt, E.; Boyce, J.; Gabriel, J.",Marine Geology,journal-article,0,10.1016/j.margeo.2024.107282,https://doi.org/10.1016/j.margeo.2024.107282,N,,Y,both
Moscha / Sumhuram,Sumhuram Khor Rori,2020,Tugas mp2 oktavina rori,"Lai, K.",,posted-content,0,10.31219/osf.io/tmgc2,https://doi.org/10.31219/osf.io/tmgc2,Y,,,other
Moscha / Sumhuram,Sumhuram Khor Rori,,Table 3: Skull measurements (in mm) of <i>Hulkepholis rori</i> .,,,component,0,10.7717/peerj.7911/table-3,https://doi.org/10.7717/peerj.7911/table-3,,,,other
Moscha / Sumhuram,Sumhuram Khor Rori,2005,"The use of marine shells at Sumhuram, Oman","Wilkens, B.",Archaeomalacology,book-chapter,4,10.2307/j.ctt1kw2959.19,https://doi.org/10.2307/j.ctt1kw2959.19,N,,Y,other
Moscha / Sumhuram,Sumhuram Khor Rori,2020,ASPEK HUKUM PERJANJIAN INTERNASIONAL DALAM EKSPOR IMPOR BARANG,"Rori, J.",LEX ET SOCIETATIS,journal-article,0,10.35796/les.v8i4.30911,https://doi.org/10.35796/les.v8i4.30911,Y,https://ejournal.unsrat.ac.id/index.php/lexetsocietatis/article/download/30911/29680,,other
Moscha / Sumhuram,Sumhuram Khor Rori,,Jewish Views of World Religions:,"BRILL, A.; Neiss, R.",Jewish Theology and World Religions,book-chapter,0,10.2307/j.ctv1rmkpn.6,https://doi.org/10.2307/j.ctv1rmkpn.6,N,,,other
Moscha / Sumhuram,Sumhuram Khor Rori,2021,Playing with Dolls in Old Regime Fairy Tales,"Bloom, R.",Modes of Play in Eighteenth-Century France,book-chapter,0,10.2307/j.ctv2v55bw0.4,https://doi.org/10.2307/j.ctv2v55bw0.4,Y,,,other
Moscha / Sumhuram,Sumhuram Khor Rori,2014,Phylogenetic ANOVA: The Expression Variance and Evolution (EVE) model for quantitative trait evolution,"Rohlfs, R.; Nielsen, R.",bioRxiv (Cold Spring Harbor Laboratory),posted-content,0,10.1101/004374,https://doi.org/10.1101/004374,Y,https://www.biorxiv.org/content/biorxiv/early/2015/06/02/004374.full.pdf,,other
Moscha / Sumhuram,Sumhuram Khor Rori,2025,Navigating EMRs,"Dajao, R.",An Obstetrician/Gynecologist’s Path,book-chapter,0,10.1007/978-3-031-87098-9_23,https://doi.org/10.1007/978-3-031-87098-9_23,N,,,other
Moscha / Sumhuram,Sumhuram Khor Rori,,Sociolinguistic sketch of Ban Khor and Ban Khor Sign Language,"Nonaka, A.",Sign Languages in Village Communities,book-chapter,2,10.1515/9781614511496.373,https://doi.org/10.1515/9781614511496.373,N,,,other
Moscha / Sumhuram,Sumhuram Khor Rori,2025,Quantifying CAHOOTS: Mobile crisis response program diverts and prevents police response,"Burton, N.; Herbert, C.; Rohlfs, R.",,posted-content,0,10.31235/osf.io/8u5wp_v1,https://doi.org/10.31235/osf.io/8u5wp_v1,Y,https://osf.io/8u5wp_v1/download,,other
Moscha / Sumhuram,Sumhuram Khor Rori,2017,Subfunctionalization versus neofunctionalization after whole-genome duplication,"Sandve, S.; Rohlfs, R.; Hvidsten, T.",bioRxiv (Cold Spring Harbor Laboratory),posted-content,1,10.1101/190090,https://doi.org/10.1101/190090,Y,https://www.biorxiv.org/content/biorxiv/early/2017/09/21/190090.full.pdf,,other
Moscha / Sumhuram,Sumhuram Khor Rori,2013,Sinistra e destra in Grecia dal XX al XXI secolo,"Marantzidis, N.; Lamprini, R.",MEMORIA E RICERCA,journal-article,3,10.3280/mer2012-041005,https://doi.org/10.3280/mer2012-041005,N,,,other
Moscha / Sumhuram,Moscha Limen frankincense port,,Moscha,,Der Neue Pauly,dataset,0,10.1163/1574-9347_dnp_e810270,https://doi.org/10.1163/1574-9347_dnp_e810270,N,,Y,other
Moscha / Sumhuram,Moscha Limen frankincense port,,Moscha,,Brill’s New Pauly,dataset,0,10.1163/1574-9347_bnp_e810270,https://doi.org/10.1163/1574-9347_bnp_e810270,N,,Y,other
Moscha / Sumhuram,Moscha Limen frankincense port,2023,Evaluation of Volatile Organic Pollutants in Water Samples from Durres`S Port by Using the HS/SPME Technique,"Halo, E.; Murtaj, B.; Nuro, A.","LIMEN - International Scientific-Business Conference - Leadership, Innovation, Management ",proceedings-article,0,10.31410/limen.2023.373,https://doi.org/10.31410/limen.2023.373,Y,,,archaeology
Moscha / Sumhuram,Moscha Limen frankincense port,2021,7th LIMEN Selected Papers (part of LIMEN conference collection),,"LIMEN - International Scientific-Business Conference - Leadership, Innovation, Management ",proceedings,1,10.31410/limen.s.p.2021,https://doi.org/10.31410/limen.s.p.2021,Y,,,other
Moscha / Sumhuram,Moscha Limen frankincense port,2020,6th LIMEN Selected Papers (part of LIMEN conference collection),,"LIMEN - International Scientific-Business Conference - Leadership, Innovation, Management ",proceedings,0,10.31410/limen.s.p.2020,https://doi.org/10.31410/limen.s.p.2020,Y,,,other
Moscha / Sumhuram,Moscha Limen frankincense port,2020,6th LIMEN Conference Proceedings (part of LIMEN conference collection),,"LIMEN - International Scientific-Business Conference - Leadership, Innovation, Management ",proceedings,0,10.31410/limen.2020,https://doi.org/10.31410/limen.2020,Y,,,other
Moscha / Sumhuram,Moscha Limen frankincense port,2019,5th LIMEN Selected Papers (part of LIMEN conference collection),,"LIMEN - International Scientific-Business Conference - Leadership, Innovation, Management ",proceedings,2,10.31410/limen.s.p.2019,https://doi.org/10.31410/limen.s.p.2019,Y,,,other
Moscha / Sumhuram,Moscha Limen frankincense port,2019,5th LIMEN Book of Abstracts (part of LIMEN conference collection),,"LIMEN - International Scientific-Business Conference - Leadership, Innovation, Management ",proceedings,0,10.31410/limen.boa.2019,https://doi.org/10.31410/limen.boa.2019,Y,,,other
Moscha / Sumhuram,Moscha Limen frankincense port,2019,"Indian Frankincense Tree, Indian Olibanum or Salai Guggul, Frankincense Tree",,Major Flowering Trees of Tropical Gardens,book-chapter,0,10.1017/9781108680646.045,https://doi.org/10.1017/9781108680646.045,N,,,other
Moscha / Sumhuram,Moscha Limen frankincense port,2019,5th LIMEN Conference Proceedings (part of LIMEN conference collection),,"LIMEN - International Scientific-Business Conference - Leadership, Innovation, Management ",proceedings,0,10.31410/limen.2019,https://doi.org/10.31410/limen.2019,Y,,,other
Moscha / Sumhuram,Moscha Limen frankincense port,2021,7th LIMEN Conference Proceedings (part of LIMEN conference collection),,"LIMEN - International Scientific-Business Conference - Leadership, Innovation, Management ",proceedings,1,10.31410/limen.2021,https://doi.org/10.31410/limen.2021,Y,,,other
Moscha / Sumhuram,Moscha Limen frankincense port,2023,Caron limen / Portus Caria,"Totev, B.; Varbanov, V.; Todorova, S.; Juhász, L.",Dissertationes Archaeologicae,journal-article,1,10.17204/dissarch.2022.301,https://doi.org/10.17204/dissarch.2022.301,Y,https://ojs.elte.hu/dissarch/article/download/4954/4368,,archaeology
Moscha / Sumhuram,Moscha Limen frankincense port,2019,PLANNING IN CONTEMPORARY MANAGEMENT CONDITIONS,", .; Bracanović, S.","LIMEN - International Scientific-Business Conference - Leadership, Innovation, Management ",proceedings-article,0,10.31410/limen.2019.15,https://doi.org/10.31410/limen.2019.15,Y,https://mediacontent.limen-conference.com/2020/08/LIMEN.2019.15.pdf,,other
Moscha / Sumhuram,Moscha Limen frankincense port,,Frankincense Road,,Religion Past and Present,dataset,0,10.1163/1877-5888_rpp_sim_224103,https://doi.org/10.1163/1877-5888_rpp_sim_224103,N,,,other
Moscha / Sumhuram,Moscha Limen frankincense port,,Argoos Limen,,Der Neue Pauly,dataset,0,10.1163/1574-9347_dnp_e134620,https://doi.org/10.1163/1574-9347_dnp_e134620,N,,,other
Moscha / Sumhuram,Moscha Limen frankincense port,,Pelodes limen,,Der Neue Pauly,dataset,0,10.1163/1574-9347_dnp_e912610,https://doi.org/10.1163/1574-9347_dnp_e912610,N,,,other
Moscha / Sumhuram,Moscha Limen frankincense port,2023,Trade and Commerce of Frankincense,"Pullaiah, T.",Frankincense – Gum Olibanum,book-chapter,2,10.1201/9781003348016-12,https://doi.org/10.1201/9781003348016-12,N,,,archaeology
Moscha / Sumhuram,Moscha Limen frankincense port,,Leukos Limen,,Brill’s New Pauly,dataset,0,10.1163/1574-9347_bnp_e702940,https://doi.org/10.1163/1574-9347_bnp_e702940,N,,,other
Moscha / Sumhuram,Moscha Limen frankincense port,,Leukos Limen,,Der Neue Pauly,dataset,0,10.1163/1574-9347_dnp_e702940,https://doi.org/10.1163/1574-9347_dnp_e702940,N,,,other
Moscha / Sumhuram,Moscha Limen frankincense port,,Pelodes limen,,Brill’s New Pauly,dataset,0,10.1163/1574-9347_bnp_e912610,https://doi.org/10.1163/1574-9347_bnp_e912610,N,,,other
Moscha / Sumhuram,Moscha Limen frankincense port,,Argoos Limen,,Brill’s New Pauly,dataset,0,10.1163/1574-9347_bnp_e134620,https://doi.org/10.1163/1574-9347_bnp_e134620,N,,,other
Moscha / Sumhuram,Moscha Limen frankincense port,2023,"limen, n.",,Oxford English Dictionary,book-chapter,0,10.1093/oed/1864586185,https://doi.org/10.1093/oed/1864586185,N,,,other
Moscha / Sumhuram,Moscha Limen frankincense port,2019,Book of Abstracts,"Bevanda, V.","LIMEN - International Scientific-Business Conference - Leadership, Innovation, Management ",proceedings-article,0,10.31410/limen.boa.2019.1,https://doi.org/10.31410/limen.boa.2019.1,Y,,,other
Moscha / Sumhuram,Moscha Limen frankincense port,2023,"frankincense, n.",,Oxford English Dictionary,book-chapter,0,10.1093/oed/3588507363,https://doi.org/10.1093/oed/3588507363,N,,,other
Moscha / Sumhuram,Moscha Limen frankincense port,2025,International Scientific-Business Conference – LIMEN 2024: Vol 10. Conference Proceedings,,"LIMEN - International Scientific-Business Conference - Leadership, Innovation, Management ",proceedings,0,10.31410/limen.2024,https://doi.org/10.31410/limen.2024,Y,,,other
Barygaza,Barygaza Bharuch ancient port,2005,Abbreviations,,First Voyage of the Apostle Thomas to India,book-chapter,0,10.2307/j.ctvxrpznw.5,https://doi.org/10.2307/j.ctvxrpznw.5,N,,,other
Barygaza,Barygaza Bharuch ancient port,2005,Back Matter,,First Voyage of the Apostle Thomas to India,book-chapter,0,10.2307/j.ctvxrpznw.16,https://doi.org/10.2307/j.ctvxrpznw.16,N,,,other
Barygaza,Barygaza Bharuch ancient port,2005,Bibliography,,First Voyage of the Apostle Thomas to India,book-chapter,0,10.2307/j.ctvxrpznw.13,https://doi.org/10.2307/j.ctvxrpznw.13,N,,,other
Barygaza,Barygaza Bharuch ancient port,2005,Front Matter,,First Voyage of the Apostle Thomas to India,book-chapter,0,10.2307/j.ctvxrpznw.1,https://doi.org/10.2307/j.ctvxrpznw.1,N,,,other
Barygaza,Barygaza Bharuch ancient port,2005,General Introduction,,First Voyage of the Apostle Thomas to India,book-chapter,0,10.2307/j.ctvxrpznw.7,https://doi.org/10.2307/j.ctvxrpznw.7,N,,,other
Barygaza,Barygaza Bharuch ancient port,2005,Preface,"Kurikilamkatt, J.",First Voyage of the Apostle Thomas to India,book-chapter,0,10.2307/j.ctvxrpznw.2,https://doi.org/10.2307/j.ctvxrpznw.2,N,,,other
Barygaza,Barygaza Bharuch ancient port,2005,Acknowledgement,,First Voyage of the Apostle Thomas to India,book-chapter,0,10.2307/j.ctvxrpznw.3,https://doi.org/10.2307/j.ctvxrpznw.3,N,,,other
Barygaza,Barygaza Bharuch ancient port,2005,General Conclusion,,First Voyage of the Apostle Thomas to India,book-chapter,0,10.2307/j.ctvxrpznw.12,https://doi.org/10.2307/j.ctvxrpznw.12,N,,,other
Barygaza,Barygaza Bharuch ancient port,2005,Foreword,"Vadakel, M.",First Voyage of the Apostle Thomas to India,book-chapter,0,10.2307/j.ctvxrpznw.4,https://doi.org/10.2307/j.ctvxrpznw.4,N,,,other
Barygaza,Barygaza Bharuch ancient port,2005,Index of Authors,,First Voyage of the Apostle Thomas to India,book-chapter,0,10.2307/j.ctvxrpznw.15,https://doi.org/10.2307/j.ctvxrpznw.15,N,,,other
Barygaza,Barygaza Bharuch ancient port,2005,First Voyage of the Apostle Thomas to India,"Kurikilamkatt, J.",ATF Press eBooks,monograph,0,10.2307/j.ctvxrpznw,https://doi.org/10.2307/j.ctvxrpznw,N,,,other
Barygaza,Barygaza Bharuch ancient port,2005,Table of Contents,,First Voyage of the Apostle Thomas to India,book-chapter,0,10.2307/j.ctvxrpznw.6,https://doi.org/10.2307/j.ctvxrpznw.6,N,,,other
Barygaza,Barygaza Bharuch ancient port,2005,Verification of Traditions in History,,First Voyage of the Apostle Thomas to India,book-chapter,0,10.2307/j.ctvxrpznw.10,https://doi.org/10.2307/j.ctvxrpznw.10,N,,,other
Barygaza,Barygaza Bharuch ancient port,2005,Index of Place Names,,First Voyage of the Apostle Thomas to India,book-chapter,0,10.2307/j.ctvxrpznw.14,https://doi.org/10.2307/j.ctvxrpznw.14,N,,,other
Barygaza,Barygaza Bharuch ancient port,2005,Scene and Setting of Traditions,,First Voyage of the Apostle Thomas to India,book-chapter,0,10.2307/j.ctvxrpznw.9,https://doi.org/10.2307/j.ctvxrpznw.9,N,,,other
Barygaza,Barygaza Bharuch ancient port,2005,Merging of Traditions and History,,First Voyage of the Apostle Thomas to India,book-chapter,0,10.2307/j.ctvxrpznw.11,https://doi.org/10.2307/j.ctvxrpznw.11,N,,,other
Barygaza,Barygaza Bharuch ancient port,2023,Barygaza/Bharukaccha: A Long-Range History of the Port,"Ghosh, S.",The Economic History of India,other,0,10.5040/9789356401860.ch-014,https://doi.org/10.5040/9789356401860.ch-014,N,,Y,archaeology
Barygaza,Barygaza Bharuch ancient port,,Barygaza,,Der Neue Pauly,dataset,0,10.1163/1574-9347_dnp_e212980,https://doi.org/10.1163/1574-9347_dnp_e212980,N,,Y,other
Barygaza,Barygaza Bharuch ancient port,,Barygaza,,Brill’s New Pauly,dataset,0,10.1163/1574-9347_bnp_e212980,https://doi.org/10.1163/1574-9347_bnp_e212980,N,,Y,other
Barygaza,Barygaza Bharuch ancient port,2005,History of Tradition and Traditions of History,,First Voyage of the Apostle Thomas to India,book-chapter,0,10.2307/j.ctvxrpznw.8,https://doi.org/10.2307/j.ctvxrpznw.8,N,,,other
Barygaza,Barygaza Bharuch ancient port,2003,Bharuch,"Possehl, G.",Oxford Art Online,reference-entry,0,10.1093/gao/9781884446054.article.t008596,https://doi.org/10.1093/gao/9781884446054.article.t008596,N,,Y,other
Barygaza,Barygaza Bharuch ancient port,2023,KNOWLEDGE AND ADOPTION OF RECOMMENDED CULTIVATION PRACTICES OF PIGEON PEA GROWERS,", .; S, A.; Vyas, H.; , .",Gujarat Journal of Extension Education,journal-article,0,10.56572/gjoee.2023.36.1.0007,https://doi.org/10.56572/gjoee.2023.36.1.0007,Y,https://www.gjoee.org/papers/1470.pdf,,other
Barygaza,Barygaza Bharuch ancient port,1993,The religious geography of an ancient town‐Bharuch,"Desai, R.",South Asia: Journal of South Asian Studies,journal-article,2,10.1080/00856409308723192,https://doi.org/10.1080/00856409308723192,N,,Y,other
Barygaza,Barygaza Bharuch ancient port,2015,Barygaza,"Warmington, E.; Thapar, R.",Oxford Classical Dictionary,reference-entry,1,10.1093/acrefore/9780199381135.013.1057,https://doi.org/10.1093/acrefore/9780199381135.013.1057,N,,Y,other
Barygaza,Gujarat Roman trade Barygaza,2026,"Medieaval Gujarat – Ports, Hinterland and Trade (500 AD – 1500 AD)","Edward, M.","Maritime Heritage of Gujarat, Kathiawad and Kutch",book-chapter,0,10.4324/9781003732037-9,https://doi.org/10.4324/9781003732037-9,N,,Y,archaeology
Barygaza,Gujarat Roman trade Barygaza,2025,Masstige Branding in Semi-Urban Gujarat: Perceived Luxury vs Price Trade-offs,"Sathvavwala, M.",International Journal of Science and Research (IJSR),journal-article,0,10.21275/sr25709102121,https://doi.org/10.21275/sr25709102121,Y,,Y,archaeology
Barygaza,Gujarat Roman trade Barygaza,2019,The Commercial Network of Gujarat in the Light of the Jewish Documentary Geniza (Eleventh–Twelfth Centuries),"Chakravarti, R.",Transregional Trade and Traders,book-chapter,0,10.1093/oso/9780199490684.003.0006,https://doi.org/10.1093/oso/9780199490684.003.0006,N,,Y,other
Barygaza,Gujarat Roman trade Barygaza,2009,Chapter Three. Asian Merchants Of Gujarat And Indian Ocean Trade,"Nadri, G.",Eighteenth-Century Gujarat,book-chapter,0,10.1163/ej.9789004172029.i-242.30,https://doi.org/10.1163/ej.9789004172029.i-242.30,N,,Y,archaeology
Barygaza,Gujarat Roman trade Barygaza,2019,Adjusting Output to Demand,"Manzar, N.",Transregional Trade and Traders,book-chapter,0,10.1093/oso/9780199490684.003.0012,https://doi.org/10.1093/oso/9780199490684.003.0012,N,,,other
Barygaza,Gujarat Roman trade Barygaza,2019,Surat,"Chaiklin, M.",Transregional Trade and Traders,book-chapter,2,10.1093/oso/9780199490684.003.0009,https://doi.org/10.1093/oso/9780199490684.003.0009,N,,,other
Barygaza,Gujarat Roman trade Barygaza,2009,Chapter Four. Gujarat In Asian And Euro–Asian Trade: The Dutch East India Company,"Nadri, G.",Eighteenth-Century Gujarat,book-chapter,0,10.1163/ej.9789004172029.i-242.37,https://doi.org/10.1163/ej.9789004172029.i-242.37,N,,Y,archaeology
Barygaza,Gujarat Roman trade Barygaza,2019,Merchants and Marts,"Seshan, R.",Transregional Trade and Traders,book-chapter,0,10.1093/oso/9780199490684.003.0015,https://doi.org/10.1093/oso/9780199490684.003.0015,N,,,other
Barygaza,Gujarat Roman trade Barygaza,2012,Wheat Prices and Trade in the Early Roman Empire,"Temin, P.",The Roman Market Economy,book-chapter,0,10.23943/princeton/9780691147680.003.0002,https://doi.org/10.23943/princeton/9780691147680.003.0002,N,,,archaeology
Barygaza,Gujarat Roman trade Barygaza,2022,Aspects of the Origins of Roman Maritime Trade,"Cifani, G.",Roman Law and Maritime Commerce,book-chapter,0,10.3366/edinburgh/9781474478144.003.0002,https://doi.org/10.3366/edinburgh/9781474478144.003.0002,N,,,archaeology
Barygaza,Gujarat Roman trade Barygaza,2017,Communication and Roman Long-Distance Trade,"Terpstra, T.",Oxford Scholarship Online,book,1,10.1093/acprof:oso/9780195386844.003.0004,https://doi.org/10.1093/acprof:oso/9780195386844.003.0004,N,,,archaeology
Barygaza,Gujarat Roman trade Barygaza,1986,"White Collar Trade Unionism Bank Officers’ Trade Unions in Ahmedabad, Gujarat","Kanhere, U.",Sociological Bulletin,journal-article,0,10.1177/0038022919860207,https://doi.org/10.1177/0038022919860207,N,,Y,archaeology
Barygaza,Gujarat Roman trade Barygaza,2010,The Eastern Iron Trade of The Roman Empire,"Schoff, W.",The Eastern Iron Trade of the Roman Empire,book-chapter,0,10.31826/9781463229566-001,https://doi.org/10.31826/9781463229566-001,N,,,archaeology
Barygaza,Gujarat Roman trade Barygaza,2013,The Sarcophagus Trade,"Russell, B.",The Economics of the Roman Stone Trade,book-chapter,0,10.1093/acprof:oso/9780199656394.003.0007,https://doi.org/10.1093/acprof:oso/9780199656394.003.0007,N,,,archaeology
Barygaza,Gujarat Roman trade Barygaza,2015,Impact of Fiscal Incentives on SEZs’ Performance in Gujarat,"Pandya, F.; Joshi, Y.",Foreign Trade Review,journal-article,4,10.1177/0015732515589442,https://doi.org/10.1177/0015732515589442,N,,Y,other
Adulis,Adulis Eritrea excavation,2025,Adulis:,"Castiglia, G.",Early Christianity on the Margins (?),book-chapter,0,10.2307/jj.35079616.8,https://doi.org/10.2307/jj.35079616.8,N,,Y,other
Adulis,Adulis Eritrea excavation,2025,Architectural Models in Adulis and the Kingdom of Aksum,"Maletić, B.",Early Christianity on the Margins (?),book-chapter,0,10.2307/jj.35079616.11,https://doi.org/10.2307/jj.35079616.11,N,,Y,other
Adulis,Adulis Eritrea excavation,2025,The Cathedral (?) of Adulis:,"Castiglia, G.",Early Christianity on the Margins (?),book-chapter,0,10.2307/jj.35079616.10,https://doi.org/10.2307/jj.35079616.10,N,,Y,other
Adulis,Adulis Eritrea excavation,2025,The Discovery of Adulis and the British Museum Excavations (1868),"Ciliberti, M.",Early Christianity on the Margins (?),book-chapter,0,10.2307/jj.35079616.9,https://doi.org/10.2307/jj.35079616.9,N,,Y,archaeology
Adulis,Adulis Eritrea excavation,2025,Bibliography,,Early Christianity on the Margins (?),book-chapter,0,10.2307/jj.35079616.15,https://doi.org/10.2307/jj.35079616.15,N,,,other
Adulis,Adulis Eritrea excavation,2025,The Stone Specimens from the PIAC Archaeological Research in Adulis,"Pola, M.",Early Christianity on the Margins (?),book-chapter,0,10.2307/jj.35079616.12,https://doi.org/10.2307/jj.35079616.12,N,,Y,archaeology
Adulis,Adulis Eritrea excavation,2025,Front Matter,,Early Christianity on the Margins (?),book-chapter,0,10.2307/jj.35079616.1,https://doi.org/10.2307/jj.35079616.1,N,,,other
Adulis,Adulis Eritrea excavation,2007,Table of Contents,,"The Ancient Red Sea Port of Adulis, Eritrea",book-chapter,0,10.2307/j.ctvh1dpst.2,https://doi.org/10.2307/j.ctvh1dpst.2,N,,,other
Adulis,Adulis Eritrea excavation,2025,Early Christianity on the Margins (?),,Archaeopress Publishing Ltd eBooks,monograph,0,10.2307/jj.35079616,https://doi.org/10.2307/jj.35079616,N,,,other
Adulis,Adulis Eritrea excavation,2007,Front Matter,,"The Ancient Red Sea Port of Adulis, Eritrea",book-chapter,0,10.2307/j.ctvh1dpst.1,https://doi.org/10.2307/j.ctvh1dpst.1,N,,,other
Adulis,Adulis Eritrea excavation,2025,Concluding Remarks,"Castiglia, G.",Early Christianity on the Margins (?),book-chapter,0,10.2307/jj.35079616.14,https://doi.org/10.2307/jj.35079616.14,N,,,other
Adulis,Adulis Eritrea excavation,2007,Bibliography,,"The Ancient Red Sea Port of Adulis, Eritrea",book-chapter,0,10.2307/j.ctvh1dpst.16,https://doi.org/10.2307/j.ctvh1dpst.16,N,,,other
Adulis,Adulis Eritrea excavation,2025,Table of Contents,,Early Christianity on the Margins (?),book-chapter,0,10.2307/jj.35079616.2,https://doi.org/10.2307/jj.35079616.2,N,,,other
Adulis,Adulis Eritrea excavation,2025,Preface,"Castiglia, G.; Pergola, P.",Early Christianity on the Margins (?),book-chapter,0,10.2307/jj.35079616.4,https://doi.org/10.2307/jj.35079616.4,N,,,other
Adulis,Adulis Eritrea excavation,2007,Preface,"Peacock, D.; Blue, L.","The Ancient Red Sea Port of Adulis, Eritrea",book-chapter,0,10.2307/j.ctvh1dpst.4,https://doi.org/10.2307/j.ctvh1dpst.4,N,,,other
Adulis,Adulis Eritrea excavation,2025,Forewords,"Heid, S.; Gollnisch, P.; Freland, V.",Early Christianity on the Margins (?),book-chapter,0,10.2307/jj.35079616.3,https://doi.org/10.2307/jj.35079616.3,N,,,other
Adulis,Adulis Eritrea excavation,2025,The Eastern Church,"Castiglia, G.",Early Christianity on the Margins (?),book-chapter,0,10.2307/jj.35079616.13,https://doi.org/10.2307/jj.35079616.13,N,,,other
Adulis,Adulis Eritrea excavation,2007,List of illustrations,,"The Ancient Red Sea Port of Adulis, Eritrea",book-chapter,0,10.2307/j.ctvh1dpst.3,https://doi.org/10.2307/j.ctvh1dpst.3,N,,,other
Adulis,Adulis Eritrea excavation,2007,Introduction,"Peacock, D.; Blue, L.","The Ancient Red Sea Port of Adulis, Eritrea",book-chapter,2,10.2307/j.ctvh1dpst.5,https://doi.org/10.2307/j.ctvh1dpst.5,N,,,other
Adulis,Adulis Eritrea excavation,2007,The Galala Hills,"Peacock, D.; Blue, L.","The Ancient Red Sea Port of Adulis, Eritrea",book-chapter,2,10.2307/j.ctvh1dpst.8,https://doi.org/10.2307/j.ctvh1dpst.8,N,,,other
Adulis,Adulis Eritrea excavation,2007,"The Ancient Red Sea Port of Adulis, Eritrea",,Oxbow Books,monograph,12,10.2307/j.ctvh1dpst,https://doi.org/10.2307/j.ctvh1dpst,N,,Y,archaeology
Adulis,Adulis Eritrea excavation,2007,Pottery from the survey,"Peacock, D.","The Ancient Red Sea Port of Adulis, Eritrea",book-chapter,5,10.2307/j.ctvh1dpst.12,https://doi.org/10.2307/j.ctvh1dpst.12,N,,,archaeology
Adulis,Adulis Eritrea excavation,2007,Stone artefacts from the survey,"Peacock, D.","The Ancient Red Sea Port of Adulis, Eritrea",book-chapter,0,10.2307/j.ctvh1dpst.13,https://doi.org/10.2307/j.ctvh1dpst.13,N,,,archaeology
Adulis,Adulis Eritrea excavation,2007,Samidi,"Glazier, D.; Whitewright, J.; Peacock, D.","The Ancient Red Sea Port of Adulis, Eritrea",book-chapter,0,10.2307/j.ctvh1dpst.11,https://doi.org/10.2307/j.ctvh1dpst.11,N,,,other
Adulis,Adulis Eritrea excavation,2007,"Review, discussion and conclusion","Peacock, D.; Blue, L.; Glazier, D.","The Ancient Red Sea Port of Adulis, Eritrea",book-chapter,1,10.2307/j.ctvh1dpst.14,https://doi.org/10.2307/j.ctvh1dpst.14,N,,,other
Adulis,Adulis Aksum Red Sea port,2013,The Ancient Red Sea Port of Adulis and the Eritrean Coastal Region: Previous investigations and museum collections,"Zazzaro, C.",University of Michigan Press eBooks,monograph,44,10.30861/9781407311906,https://doi.org/10.30861/9781407311906,N,,Y,archaeology
Adulis,Adulis Aksum Red Sea port,2007,Historical background and previous investigations,"Glazier, D.; Peacock, D.","The Ancient Red Sea Port of Adulis, Eritrea",book-chapter,1,10.2307/j.ctvh1dpst.6,https://doi.org/10.2307/j.ctvh1dpst.6,N,,,archaeology
Adulis,Adulis Aksum Red Sea port,2007,Survey on the island of Dese,"Blue, L.; Peacock, D.","The Ancient Red Sea Port of Adulis, Eritrea",book-chapter,0,10.2307/j.ctvh1dpst.10,https://doi.org/10.2307/j.ctvh1dpst.10,N,,,other
Adulis,Adulis Aksum Red Sea port,2009,"The Ancient Red Sea Port of Adulis, Eritrea - edited by D. Peacock and L. Blue","WARD, C.",International Journal of Nautical Archaeology,journal-article,0,10.1111/j.1095-9270.2008.220_8.x,https://doi.org/10.1111/j.1095-9270.2008.220_8.x,N,,Y,archaeology
Adulis,Adulis Aksum Red Sea port,2007,The Topographic and geophysical survey,"Glazier, D.; Whitewright, J.; Earl, G.","The Ancient Red Sea Port of Adulis, Eritrea",book-chapter,1,10.2307/j.ctvh1dpst.7,https://doi.org/10.2307/j.ctvh1dpst.7,N,,,other
Adulis,Adulis Aksum Red Sea port,2007,Appendix,"Peacock, D.; Blue, L.","The Ancient Red Sea Port of Adulis, Eritrea",book-chapter,0,10.2307/j.ctvh1dpst.15,https://doi.org/10.2307/j.ctvh1dpst.15,N,,,other
Adulis,Adulis Aksum Red Sea port,2017,Adulis and the Sea,"Zazzaro, C.",Human Interaction with the Environment in the Red Sea,book-chapter,2,10.1163/9789004330825_009,https://doi.org/10.1163/9789004330825_009,N,,Y,other
Adulis,Adulis Aksum Red Sea port,2014,Towards a Chronology of the Eritrean Red Sea Port of Adulis (1st – Early 7th Century AD),"Zazzaro, C.; Cocca, E.; Manzo, A.",Journal of African Archaeology,journal-article,18,10.3213/2191-5784-10253,https://doi.org/10.3213/2191-5784-10253,N,,Y,archaeology
Adulis,Adulis Aksum Red Sea port,2015,The ancient Red Sea port of Adulis and the Eritrean coastal region: previous investigations and museum collections,"Walz, J.",Azania: Archaeological Research in Africa,journal-article,0,10.1080/0067270x.2015.1073914,https://doi.org/10.1080/0067270x.2015.1073914,N,,Y,archaeology
Adulis,Adulis Aksum Red Sea port,2009,"David Peacock &amp; Lucy Blue (eds): The Ancient Red Sea port of Adulis, Eritrea: results of the Eritro-British expedition, 2004-5","Phillipson, D.",Azania: Archaeological Research in Africa,journal-article,0,10.1080/00671990902795855,https://doi.org/10.1080/00671990902795855,N,,Y,archaeology
Adulis,Adulis Aksum Red Sea port,2009,"<i>The Ancient Red Sea Port of Adulis, Eritrea: Results of the Eritro-British Expedition, 2004-5</i>. By David Peacock and Lucy Blue.","Sidebotham, S.",American Journal of Archaeology,journal-article,0,10.1086/ajs20627610,https://doi.org/10.1086/ajs20627610,N,,Y,archaeology
Arikamedu,Arikamedu excavation Roman,1993,New investigations at the port of Arikamedu,"Begley, V.",Journal of Roman Archaeology,journal-article,4,10.1017/s104775940001148x,https://doi.org/10.1017/s104775940001148x,N,,Y,archaeology
Arikamedu,Arikamedu excavation Roman,,Arikamedu,,Der Neue Pauly,dataset,0,10.1163/1574-9347_dnp_e134980,https://doi.org/10.1163/1574-9347_dnp_e134980,N,,Y,other
Arikamedu,Arikamedu excavation Roman,,Arikamedu,,Brill’s New Pauly,dataset,0,10.1163/1574-9347_bnp_e134980,https://doi.org/10.1163/1574-9347_bnp_e134980,N,,Y,other
Arikamedu,Arikamedu excavation Roman,2023,POST-EXCAVATION FINDS PROCESSING,,"Venta Belgarum: Prehistoric, Roman, and Post-Roman Winchester",book-chapter,0,10.2307/jj.9992389.25,https://doi.org/10.2307/jj.9992389.25,N,,,archaeology
Arikamedu,Arikamedu excavation Roman,2014,The Excavation of Roman and Mediaeval London,"Grimes, W.",,book,2,10.4324/9781315748085,https://doi.org/10.4324/9781315748085,N,,,archaeology
Arikamedu,Arikamedu excavation Roman,2021,Arikamedu,,Encyclopedic Dictionary of Archaeology,book-chapter,0,10.1007/978-3-030-58292-0_10814,https://doi.org/10.1007/978-3-030-58292-0_10814,N,,Y,other
Arikamedu,Arikamedu excavation Roman,2021,CIRCUMSTANCES OF EXCAVATION,,The Roman Cemetery at Lankhills,book-chapter,0,10.2307/jj.14638123.11,https://doi.org/10.2307/jj.14638123.11,N,,,archaeology
Arikamedu,Arikamedu excavation Roman,2014,Excavation and survey of the principia and the gateways,,Housesteads Roman Fort - the Grandest Station,book-chapter,0,10.2307/j.ctvxcr8fp.16,https://doi.org/10.2307/j.ctvxcr8fp.16,N,,,archaeology
Arikamedu,Arikamedu excavation Roman,2014,An Archaeological Excavation of a Roman Bath Complex,"Allison Smith, A.",,report,0,10.18258/2089,https://doi.org/10.18258/2089,N,,,archaeology
Arikamedu,Arikamedu excavation Roman,1983,"The Excavation of the Roman Villa at La Befa, Italy",,BAR Publishing eBooks,monograph,0,10.30861/9780860542063,https://doi.org/10.30861/9780860542063,N,,,archaeology
Arikamedu,Arikamedu excavation Roman,2021,GENERAL CHARACTER OF THE EXCAVATION,,The Roman Cemetery at Lankhills,book-chapter,0,10.2307/jj.14638123.13,https://doi.org/10.2307/jj.14638123.13,N,,,archaeology
Arikamedu,Arikamedu excavation Roman,1983,"The Roman Villas of Buccino: Wesleyan University Excavation in Buccino, Italy 1969 - 1972","Dyson, S.",University of Michigan Press eBooks,monograph,5,10.30861/9780860542391,https://doi.org/10.30861/9780860542391,N,,,archaeology
Arikamedu,Arikamedu excavation Roman,2014,Hadrian’s Wall and pre-Roman agricultural activity,,Housesteads Roman Fort - the Grandest Station,book-chapter,0,10.2307/j.ctvxcr8fp.9,https://doi.org/10.2307/j.ctvxcr8fp.9,N,,,archaeology
Arikamedu,Arikamedu excavation Roman,2012,The Roman villa at Borg. Excavation and reconstruction,"Birkenhagen, B.",Villa Landscapes in the Roman North,book-chapter,0,10.1515/9789048514830-017,https://doi.org/10.1515/9789048514830-017,N,,,archaeology
Arikamedu,Arikamedu excavation Roman,1932,"Report on the Excavation of the Prehistoric, Roman, and post-Roman Site in Lydney Park, Gloucestershire","Wheeler, R.; Wheeler, T.",Society of Antiquaries of London eBooks,monograph,44,10.26530/20.500.12657/50813,https://doi.org/10.26530/20.500.12657/50813,Y,https://library.oapen.org/bitstream/20.500.12657/50813/1/9780854312191.pdf,,archaeology
Arikamedu,Arikamedu excavation Roman,2014,[Illustrations],,Housesteads Roman Fort - the Grandest Station,book-chapter,0,10.2307/j.ctvxcr8fp.20,https://doi.org/10.2307/j.ctvxcr8fp.20,N,,,other
Arikamedu,Arikamedu excavation Roman,2013,[Illustrations],,"Excavation of the Iron Age, Roman and Medieval settlement at Gorhambury, St Albans",book-chapter,0,10.2307/j.ctvxbphtx.24,https://doi.org/10.2307/j.ctvxbphtx.24,N,,,other
Arikamedu,Arikamedu excavation Roman,2018,Appendix 1,,Durovigutum: Roman Godmanchester,book-chapter,0,10.2307/j.ctvndv6kk.18,https://doi.org/10.2307/j.ctvndv6kk.18,Y,,,other
Arikamedu,Arikamedu excavation Roman,2025,Excavation in the Roman Legionary Fortress at Caerleon,"Peter, G.; Andrew, G.",Archaeopress Archaeology eBooks,monograph,1,10.32028/9781803276908,https://doi.org/10.32028/9781803276908,N,,,archaeology
Arikamedu,Arikamedu excavation Roman,1955,"J. M. Casal, Fouilles de Virampatnam-Arikamedu. Paris: Klinsieck, 1949. Pp. 71, with 24 plates and 23 figures. 1200 fr.","Wheeler, R.",Journal of Roman Studies,journal-article,0,10.2307/298782,https://doi.org/10.2307/298782,N,,Y,other
Arikamedu,Arikamedu excavation Roman,2025,The Roman villa at Borg. Excavation and reconstruction,"Birkenhagen, B.",Villa Landscapes in the Roman North,book-chapter,0,10.4324/9781003709107-22,https://doi.org/10.4324/9781003709107-22,N,,,archaeology
Arikamedu,Arikamedu excavation Roman,2026,"Highway 3: Late Persian, Hellenistic and Roman Pottery","Peretz, I.",Qadum: Journal of Excavation Reports from Israel,journal-article,0,10.70967/3078-8528.1060,https://doi.org/10.70967/3078-8528.1060,N,,,archaeology
Arikamedu,Arikamedu excavation Roman,2014,Post-Roman occupation in the north-east quarter,,Housesteads Roman Fort - the Grandest Station,book-chapter,0,10.2307/j.ctvxcr8fp.15,https://doi.org/10.2307/j.ctvxcr8fp.15,N,,,archaeology
Arikamedu,Arikamedu excavation Roman,2011,The Roman Villa at Borg. Excavation and Reconstruction,"Birkenhagen, B.",Villa Landscapes in the Roman North,other,1,10.1017/9789048514830.017,https://doi.org/10.1017/9789048514830.017,N,,,archaeology
Arikamedu,Arikamedu excavation Roman,2013,Back Matter,,"Excavation of the Iron Age, Roman and Medieval settlement at Gorhambury, St Albans",book-chapter,0,10.2307/j.ctvxbphtx.25,https://doi.org/10.2307/j.ctvxbphtx.25,N,,,other
Arikamedu,Arikamedu rouletted ware,1988,Rouletted Ware at Arikamedu: A New Approach,"Begley, V.",American Journal of Archaeology,journal-article,19,10.2307/505557,https://doi.org/10.2307/505557,N,,Y,other
Arikamedu,Arikamedu rouletted ware,2010,Revisiting Indian Rouletted Ware and the impact of Indian Ocean trade in Early Historic south Asia,"Magee, P.",Antiquity,journal-article,13,10.1017/s0003598x00067065,https://doi.org/10.1017/s0003598x00067065,N,,Y,archaeology
Arikamedu,Arikamedu rouletted ware,2023,"rouletted, adj.",,Oxford English Dictionary,book-chapter,0,10.1093/oed/6784040639,https://doi.org/10.1093/oed/6784040639,N,,Y,other
Arikamedu,Arikamedu rouletted ware,2010,Romano-Indian Rouletted Pottery in Indonesia,"WALKER, M.; SANTOSO, S.",Mankind,journal-article,0,10.1111/j.1835-9310.1977.tb01160.x,https://doi.org/10.1111/j.1835-9310.1977.tb01160.x,Y,https://scholarspace.manoa.hawaii.edu/bitstreams/f17e015a-6dd9-477f-bf9b-422f26de16ac/download,Y,archaeology
Arikamedu,Arikamedu rouletted ware,1983,Arikamedu Reconsidered,"Begley, V.",American Journal of Archaeology,journal-article,26,10.2307/504104,https://doi.org/10.2307/504104,N,,Y,other
Arikamedu,Arikamedu rouletted ware,1995,Indonésie. The link between Arikamedu and Sembiran,"Ardika, I.",Bulletin de l'Ecole française d'Extrême-Orient,journal-article,1,10.3406/befeo.1995.3313,https://doi.org/10.3406/befeo.1995.3313,N,,Y,other
Arikamedu,Arikamedu rouletted ware,2002,Mortimer Wheeler's science of order: the tradition of accuracy at Arikamedu,"Boast, R.",Antiquity,journal-article,7,10.1017/s0003598x00089948,https://doi.org/10.1017/s0003598x00089948,N,,Y,other
Arikamedu,Arikamedu rouletted ware,1991,Beadmaking at Arikamedu and beyond,"Francis, P.",World Archaeology,journal-article,45,10.1080/00438243.1991.9980157,https://doi.org/10.1080/00438243.1991.9980157,N,,Y,archaeology
Arikamedu,Arikamedu rouletted ware,2025,The Urbanisation of Arikamedu and its Sub- Industrial Centres,"Ravitchandirane, P.",HuSS: International Journal of Research in Humanities and Social Sciences,journal-article,0,10.15613/hijrh/2025/v12i1/51073,https://doi.org/10.15613/hijrh/2025/v12i1/51073,Y,,Y,other
Arikamedu,Arikamedu rouletted ware,2025,Traditions and Changes in the Practice of Rouletted Decoration on Late Medieval and Post-Medieval Pottery in South and West Bohemia,"Čapek, L.",Europa Postmediaevalis 2024,book-chapter,0,10.2307/jj.29556567.4,https://doi.org/10.2307/jj.29556567.4,N,,Y,archaeology
Arikamedu,Arikamedu rouletted ware,,"Specification for limits of metal release from ceramic ware, glassware, glass ceramic ware and vitreous enamel ware",,,standard,0,10.3403/30240642,https://doi.org/10.3403/30240642,N,,,archaeology
Arikamedu,Arikamedu rouletted ware,,"Specification for limits of metal release from ceramic ware, glassware, glass ceramic ware and vitreous enamel ware",,,standard,0,10.3403/00158636u,https://doi.org/10.3403/00158636u,N,,,archaeology
Arikamedu,Arikamedu rouletted ware,,"Specification for limits of metal release from ceramic ware, glassware, glass ceramic ware and vitreous enamel ware",,,standard,0,10.3403/00158636,https://doi.org/10.3403/00158636,N,,,archaeology
Arikamedu,Arikamedu rouletted ware,1949,Les fouilles de Virapatnam-Arikamedu,"Casal, J.",Comptes-rendus des séances de l année - Académie des inscriptions et belles-lettres,journal-article,7,10.3406/crai.1949.78389,https://doi.org/10.3406/crai.1949.78389,N,,Y,other
Arikamedu,Arikamedu rouletted ware,,"Coarse ware lids, coarse ware and Pompeian Red Slip pans, and a coarse ware cooking stand",,,component,0,10.3998/mpub.9231782.cmp.77,https://doi.org/10.3998/mpub.9231782.cmp.77,,,,other
Arikamedu,Arikamedu rouletted ware,2018,Enhancement of Heat Transfer in a Rouletted Copper Tube Employing Delta Winglet Twirled Type Insert,"Hossain, M.; Ali, N.; Karim, M.",European Journal of Engineering Research and Science,journal-article,0,10.24018/ejers.2018.3.5.743,https://doi.org/10.24018/ejers.2018.3.5.743,Y,,,other
Arikamedu,Arikamedu rouletted ware,2005,A geochemical investigation of the origin of Rouletted and other related South Asian fine wares,"Ford, L.; Pollard, A.; Coningham, R.; Stern, B.",Antiquity,journal-article,17,10.1017/s0003598x00115030,https://doi.org/10.1017/s0003598x00115030,Y,https://www.cambridge.org/core/services/aop-cambridge-core/content/view/F404F2B8D1D818313B6CDC352B928B5A/S0003598X00115030a.pdf/div-class-title-a-geochemical-investigation-of-the-origin-of-rouletted-and-other-related-south-asian-fine-wares-div.pdf,Y,other
Arikamedu,Arikamedu rouletted ware,2024,Jemma Spiers-Ware of PVH,,Jemma Spiers-Ware of PVH,other,0,10.5040/9781350887374,https://doi.org/10.5040/9781350887374,N,,,other
Arikamedu,Arikamedu rouletted ware,,Syro/Cilician Ware and Khabur Ware Compared to LPW,,Tell el-Dab`a XXIII,book-chapter,0,10.2307/j.ctt1vw0r25.14,https://doi.org/10.2307/j.ctt1vw0r25.14,N,,,other
Arikamedu,Arikamedu rouletted ware,2005,"Athens, Aden, Arikamedu: Essays on the Interrelation between India, Arabia and the Eastern Mediterranean","Mishra, A.",Indian Historical Review,journal-article,0,10.1177/037698360503200112,https://doi.org/10.1177/037698360503200112,N,,Y,other
Arikamedu,Arikamedu rouletted ware,2008,Combed ware,"Campbell, G.",Oxford Art Online,reference-book,0,10.1093/gao/9781884446054.article.t2071502,https://doi.org/10.1093/gao/9781884446054.article.t2071502,N,,,other
general,Periplus Maris Erythraei,2012,The Periplus Maris Erythraei,,Princeton University Press eBooks,monograph,0,10.2307/j.ctt7t6tp,https://doi.org/10.2307/j.ctt7t6tp,N,,Y,archaeology
general,Periplus Maris Erythraei,2012,ABBREVIATIONS,,The Periplus Maris Erythraei,book-chapter,0,10.1515/9781400843206.xii,https://doi.org/10.1515/9781400843206.xii,N,,,other
general,Periplus Maris Erythraei,2012,The Periplus Maris Erythraei,"Casson, L.",Princeton University Press eBooks,monograph,21,10.1515/9781400843206,https://doi.org/10.1515/9781400843206,N,,Y,archaeology
general,Periplus Maris Erythraei,2012,INDEX,,The Periplus Maris Erythraei,book-chapter,0,10.1515/9781400843206.301,https://doi.org/10.1515/9781400843206.301,N,,,other
general,Periplus Maris Erythraei,2012,GENERAL COMMENTARY,,The Periplus Maris Erythraei,book-chapter,0,10.1515/9781400843206.94,https://doi.org/10.1515/9781400843206.94,N,,,other
general,Periplus Maris Erythraei,2012,TEXT AND TRANSLATION,,The Periplus Maris Erythraei,book-chapter,0,10.2307/j.ctt7t6tp.10,https://doi.org/10.2307/j.ctt7t6tp.10,N,,,other
general,Periplus Maris Erythraei,2012,PREFACE,,The Periplus Maris Erythraei,book-chapter,0,10.1515/9781400843206.x,https://doi.org/10.1515/9781400843206.x,N,,,other
general,Periplus Maris Erythraei,2012,CONTENTS,,The Periplus Maris Erythraei,book-chapter,0,10.1515/9781400843206.toc,https://doi.org/10.1515/9781400843206.toc,N,,,other
general,Periplus Maris Erythraei,2012,Frontmatter,,The Periplus Maris Erythraei,book-chapter,0,10.1515/9781400843206.fm,https://doi.org/10.1515/9781400843206.fm,N,,,other
general,Periplus Maris Erythraei,2012,TEXT AND AUTHOR,,The Periplus Maris Erythraei,book-chapter,0,10.2307/j.ctt7t6tp.7,https://doi.org/10.2307/j.ctt7t6tp.7,N,,,other
general,Periplus Maris Erythraei,2012,INDEX,,The Periplus Maris Erythraei,book-chapter,0,10.2307/j.ctt7t6tp.18,https://doi.org/10.2307/j.ctt7t6tp.18,N,,,other
general,Periplus Maris Erythraei,2012,ABBREVIATIONS,,The Periplus Maris Erythraei,book-chapter,0,10.2307/j.ctt7t6tp.5,https://doi.org/10.2307/j.ctt7t6tp.5,N,,,other
general,Periplus Maris Erythraei,2012,Table of Contents,,The Periplus Maris Erythraei,book-chapter,0,10.2307/j.ctt7t6tp.2,https://doi.org/10.2307/j.ctt7t6tp.2,N,,,other
general,Periplus Maris Erythraei,2012,PREFACE,,The Periplus Maris Erythraei,book-chapter,0,10.2307/j.ctt7t6tp.4,https://doi.org/10.2307/j.ctt7t6tp.4,N,,,other
general,Periplus Maris Erythraei,1990,"The <i>Periplus Maris Erythraei</i> - LIONEL CASSON , THE PERIPLUS MARIS ERYTHRAEI (Princeton University Press, 1989). Pp. xvii + 320, 17 maps. ISBN 0-691-04060-5. $49.95.","Whitehouse, D.",Journal of Roman Archaeology,journal-article,1,10.1017/s1047759400011399,https://doi.org/10.1017/s1047759400011399,N,,Y,archaeology
general,Periplus Maris Erythraei,2012,III. POLITICAL GEOGRAPHY,,The Periplus Maris Erythraei,book-chapter,0,10.1515/9781400843206.45,https://doi.org/10.1515/9781400843206.45,N,,,other
general,Indo-Roman trade ceramics,2016,Rethinking Classical Indo-Roman Trade,"Gurukkal, R.",Oxford University Press eBooks,monograph,21,10.1093/acprof:oso/9780199460854.001.0001,https://doi.org/10.1093/acprof:oso/9780199460854.001.0001,N,,Y,archaeology
general,Indo-Roman trade ceramics,2026,1 Beyond Indo-Roman Trade,,Sea of Treasures,book-chapter,0,10.1515/9780691280158-004,https://doi.org/10.1515/9780691280158-004,N,,Y,archaeology
general,Indo-Roman trade ceramics,2016,Afterword,"Gurukkal, R.",Rethinking Classical Indo-Roman Trade,book-chapter,0,10.1093/acprof:oso/9780199460854.003.0007,https://doi.org/10.1093/acprof:oso/9780199460854.003.0007,N,,,other
general,Indo-Roman trade ceramics,2016,Introduction,"Gurukkal, R.",Rethinking Classical Indo-Roman Trade,book-chapter,0,10.1093/acprof:oso/9780199460854.003.0001,https://doi.org/10.1093/acprof:oso/9780199460854.003.0001,N,,,other
general,Indo-Roman trade ceramics,2017,Turning the tables on Indo-Roman trade,,Worlds Apart Trading Together: The organisation of long-distance trade between Rome and In,book-chapter,0,10.2307/j.ctv17db2t2.9,https://doi.org/10.2307/j.ctv17db2t2.9,N,,Y,archaeology
general,Indo-Roman trade ceramics,,Introduction,,Hispania and the Roman Mediterranean ad 100–700 : Ceramics and Trade,book-chapter,0,10.5040/9781472540737.0005,https://doi.org/10.5040/9781472540737.0005,N,,,other
general,Roman Red Sea trade archaeology,,Economy: Roman trade in the Red Sea.,,Supplementum Epigraphicum Graecum,dataset,0,10.1163/1874-6772_seg_a36_1504,https://doi.org/10.1163/1874-6772_seg_a36_1504,N,,Y,archaeology
general,Roman Red Sea trade archaeology,2022,The Roman state and Red Sea trade revenue,"Cobb, M.; Wilkinson, T.",Networked spaces,book-chapter,0,10.4000/books.momeditions.16401,https://doi.org/10.4000/books.momeditions.16401,Y,,Y,archaeology
general,Roman Red Sea trade archaeology,2017,The Maritime Context of the Trans-Mediterranean—Indian Ocean Trade: Critical Review of Roman Era Vessels of the Red Sea,"Kotarba-Morley, A.",Human Interaction with the Environment in the Red Sea,book-chapter,4,10.1163/9789004330825_010,https://doi.org/10.1163/9789004330825_010,N,,Y,archaeology
general,Roman Red Sea trade archaeology,2018,The Indian trade between the Gulf and the Red Sea,"Gawlikowski, M.",Polish Archaeology in the Mediterranean,journal-article,6,10.5604/01.3001.0012.1818,https://doi.org/10.5604/01.3001.0012.1818,Y,,Y,archaeology
general,Roman Red Sea trade archaeology,2023,Late Roman fine and coarse wares from Larinum:,"Zentilini, E.","LRCW 6: Late Roman Coarse Wares, Cooking Wares and Amphorae in the Mediterranean: Archaeol",book-chapter,0,10.2307/jj.7193896.55,https://doi.org/10.2307/jj.7193896.55,N,,,archaeology
general,Roman Red Sea trade archaeology,2015,MERSA/WADI GAWASIS AND ANCIENT EGYPTIAN MARITIME TRADE IN THE RED SEA,"Bard, K.; Fattovich, R.",Near Eastern Archaeology,journal-article,2,10.5615/neareastarch.78.1.0004,https://doi.org/10.5615/neareastarch.78.1.0004,N,,Y,archaeology
general,Roman Red Sea trade archaeology,2011,"The Persian Gulf or the Red Sea? Two axes in ancient Indian Ocean trade, where to go and why","Heldaas Seland, E.",World Archaeology,journal-article,30,10.1080/00438243.2011.605844,https://doi.org/10.1080/00438243.2011.605844,N,,Y,archaeology
general,Roman Red Sea trade archaeology,2015,4 Roman Policy on the Red Sea in the Second Century ce,"Nappo, D.",Across the Ocean: Nine Essays on Indo-Mediterranean Trade,book-chapter,5,10.1163/9789004289536_006,https://doi.org/10.1163/9789004289536_006,Y,https://brill.com/downloadpdf/book/edcoll/9789004289536/B9789004289536_006.pdf,Y,archaeology
general,Roman Red Sea trade archaeology,2014,Red Sea: Maritime Archaeology,"Blue, L.",Encyclopedia of Global Archaeology,book-chapter,2,10.1007/978-1-4419-0465-2_617,https://doi.org/10.1007/978-1-4419-0465-2_617,N,,Y,archaeology
general,Roman Red Sea trade archaeology,2020,Red Sea: Maritime Archaeology,"Blue, L.",Encyclopedia of Global Archaeology,book-chapter,0,10.1007/978-3-030-30018-0_617,https://doi.org/10.1007/978-3-030-30018-0_617,N,,Y,archaeology
general,Roman Red Sea trade archaeology,2018,Red Sea: Maritime Archaeology,"Blue, L.",Encyclopedia of Global Archaeology,book-chapter,0,10.1007/978-3-319-51726-1_617-2,https://doi.org/10.1007/978-3-319-51726-1_617-2,N,,Y,archaeology
general,Roman Red Sea trade archaeology,2008,"<i>Trade and Travel in the Red Sea Region: Proceedings of Red Sea Project I Held in the British Museum, October 2002. Society for Arabian Studies Monographs No. 2</i>. Paul Lunde, Alexandra Porter, D. Kennet, and St. J. ","Lewis, K.",Near Eastern Archaeology,journal-article,1,10.1086/nea20697197,https://doi.org/10.1086/nea20697197,N,,Y,archaeology
general,Roman Red Sea trade archaeology,2005,Trans-Saharan and Red Sea Slave Trade,"Nave, A.",African American Studies Center,reference-entry,0,10.1093/acref/9780195301731.013.43657,https://doi.org/10.1093/acref/9780195301731.013.43657,N,,Y,archaeology
general,Roman Red Sea trade archaeology,2021,"Marine Shell Working at Harlaa, Ethiopia, and the Implications for Red Sea Trade","Insoll, T.",Journal of African Archaeology,journal-article,13,10.1163/21915784-20210001,https://doi.org/10.1163/21915784-20210001,Y,https://brill.com/downloadpdf/journals/jaa/19/1/article-p1_1.pdf,Y,archaeology
general,Roman Red Sea trade archaeology,2022,The archaeology of the medieval trade networks in western Somaliland,"de Torres, J.",Networked spaces,book-chapter,1,10.4000/books.momeditions.16516,https://doi.org/10.4000/books.momeditions.16516,Y,,,archaeology
general,Roman Red Sea trade archaeology,2017,Money and Flows of Coinage in the Red Sea Trade,"Nappo, D.",Oxford Scholarship Online,book,1,10.1093/oso/9780198790662.003.0017,https://doi.org/10.1093/oso/9780198790662.003.0017,N,,Y,archaeology
general,Roman Red Sea trade archaeology,2018,The Multi-disciplinary Search for Underwater Archaeology in the Southern Red Sea,"Momber, G.; Sakellariou, D.; Rousakis, G.; Bailey, G.","Geological Setting, Palaeoenvironment and Archaeology of the Red Sea",book-chapter,3,10.1007/978-3-319-99408-6_27,https://doi.org/10.1007/978-3-319-99408-6_27,N,,Y,archaeology
general,Roman Red Sea trade archaeology,2022,"From the sea, to the river, through the desert","Oller Guzmán, J.",Networked spaces,book-chapter,3,10.4000/books.momeditions.16441,https://doi.org/10.4000/books.momeditions.16441,Y,,,other
general,Roman Red Sea trade archaeology,2005,The impact of the Roman amphora trade on pre-Roman Britain,,Centre and Periphery,book-chapter,0,10.4324/9780203985151-17,https://doi.org/10.4324/9780203985151-17,N,,,archaeology
general,Roman Red Sea trade archaeology,2018,"Manganese Mineralization Related to the Red Sea Rift System: Examples from the Red Sea Coast and Sinai, Egypt","El Agami, N.","Geological Setting, Palaeoenvironment and Archaeology of the Red Sea",book-chapter,1,10.1007/978-3-319-99408-6_21,https://doi.org/10.1007/978-3-319-99408-6_21,N,,Y,other
general,monsoon Indian Ocean Roman navigation,2019,Indian Ocean World,,Monsoon Postcards,book-chapter,1,10.2307/j.ctv224v02k.5,https://doi.org/10.2307/j.ctv224v02k.5,N,,Y,other
general,monsoon Indian Ocean Roman navigation,2021,Indian and Atlantic Ocean – Indian Summer Monsoon teleconnections,,Indian Summer Monsoon Variability,book-chapter,0,10.1016/b978-0-12-822402-1.00060-0,https://doi.org/10.1016/b978-0-12-822402-1.00060-0,N,,Y,palaeoenvironment
general,monsoon Indian Ocean Roman navigation,2019,Notes,,Monsoon Postcards,book-chapter,0,10.2307/j.ctv224v02k.17,https://doi.org/10.2307/j.ctv224v02k.17,N,,,other
general,monsoon Indian Ocean Roman navigation,2019,Index,,Monsoon Postcards,book-chapter,0,10.2307/j.ctv224v02k.18,https://doi.org/10.2307/j.ctv224v02k.18,N,,,other
general,monsoon Indian Ocean Roman navigation,2019,Acknowledgments,,Monsoon Postcards,book-chapter,0,10.2307/j.ctv224v02k.16,https://doi.org/10.2307/j.ctv224v02k.16,N,,,other
general,monsoon Indian Ocean Roman navigation,2019,Front Matter,,Monsoon Postcards,book-chapter,0,10.2307/j.ctv224v02k.1,https://doi.org/10.2307/j.ctv224v02k.1,N,,,other
general,monsoon Indian Ocean Roman navigation,2019,Improbable Indonesia,,Monsoon Postcards,book-chapter,0,10.2307/j.ctv224v02k.14,https://doi.org/10.2307/j.ctv224v02k.14,N,,,other
general,monsoon Indian Ocean Roman navigation,2019,Inexplicable India,,Monsoon Postcards,book-chapter,0,10.2307/j.ctv224v02k.8,https://doi.org/10.2307/j.ctv224v02k.8,N,,,other
general,monsoon Indian Ocean Roman navigation,2019,Table of Contents,,Monsoon Postcards,book-chapter,0,10.2307/j.ctv224v02k.2,https://doi.org/10.2307/j.ctv224v02k.2,N,,,other
general,monsoon Indian Ocean Roman navigation,2019,Swimming to Bangladesh,,Monsoon Postcards,book-chapter,0,10.2307/j.ctv224v02k.12,https://doi.org/10.2307/j.ctv224v02k.12,N,,,other
general,monsoon Indian Ocean Roman navigation,2019,East of Boston,,Monsoon Postcards,book-chapter,0,10.2307/j.ctv224v02k.15,https://doi.org/10.2307/j.ctv224v02k.15,N,,,other
general,monsoon Indian Ocean Roman navigation,2019,List of Illustrations,,Monsoon Postcards,book-chapter,0,10.2307/j.ctv224v02k.3,https://doi.org/10.2307/j.ctv224v02k.3,N,,,other
general,monsoon Indian Ocean Roman navigation,2023,Response of the Indian monsoon to a warming Indian ocean,"Goswami, B.",,posted-content,0,10.5194/egusphere-egu23-6151,https://doi.org/10.5194/egusphere-egu23-6151,Y,,Y,palaeoenvironment
general,monsoon Indian Ocean Roman navigation,2019,The Seven Sisters,,Monsoon Postcards,book-chapter,0,10.2307/j.ctv224v02k.10,https://doi.org/10.2307/j.ctv224v02k.10,N,,,other
general,monsoon Indian Ocean Roman navigation,2019,Land of the Merina,,Monsoon Postcards,book-chapter,0,10.2307/j.ctv224v02k.6,https://doi.org/10.2307/j.ctv224v02k.6,N,,,other
general,monsoon Indian Ocean Roman navigation,2019,Traveling with a Purpose,,Monsoon Postcards,book-chapter,0,10.2307/j.ctv224v02k.4,https://doi.org/10.2307/j.ctv224v02k.4,N,,,other
general,monsoon Indian Ocean Roman navigation,2019,Monsoon Postcards,"Mould, D.",Ohio University Press eBooks,monograph,1,10.2307/j.ctv224v02k,https://doi.org/10.2307/j.ctv224v02k,N,,Y,palaeoenvironment
general,monsoon Indian Ocean Roman navigation,2003,Impact of precession on monsoon characteristics from coupled ocean atmosphere experiments: changes in Indian monsoon and Indian ocean climatology,"Braconnot, P.; Marti, O.",Marine Geology,journal-article,37,10.1016/s0025-3227(03)00206-8,https://doi.org/10.1016/s0025-3227(03)00206-8,N,,Y,palaeoenvironment
general,monsoon Indian Ocean Roman navigation,2022,Contrasting ocean-atmosphere response to the north Indian Ocean cyclones during the pre-monsoon and the post-monsoon seasons,"Kumar Singh, V.; Mathew Koll, R.; Deshpande, M.",,posted-content,0,10.5194/egusphere-egu22-1045,https://doi.org/10.5194/egusphere-egu22-1045,Y,,Y,palaeoenvironment
general,monsoon Indian Ocean Roman navigation,2025,BIBLIOGRAPHY,,Monsoon Voyagers,book-chapter,0,10.2307/jj.33382229.28,https://doi.org/10.2307/jj.33382229.28,N,,,other
general,monsoon Indian Ocean Roman navigation,2025,Monsoon Voyagers,"Bishara, F.",,monograph,0,10.2307/jj.33382229,https://doi.org/10.2307/jj.33382229,N,,Y,palaeoenvironment
general,monsoon Indian Ocean Roman navigation,2021,Influence of South Tropical Indian Ocean dynamics on the Indian summer monsoon,"Du, Y.; Chen, Z.; Zhang, Y.; Hu, K.",Indian Summer Monsoon Variability,book-chapter,2,10.1016/b978-0-12-822402-1.00013-2,https://doi.org/10.1016/b978-0-12-822402-1.00013-2,N,,Y,palaeoenvironment
general,monsoon Indian Ocean Roman navigation,2025,Bombay,,Monsoon Voyagers,book-chapter,0,10.2307/jj.33382229.15,https://doi.org/10.2307/jj.33382229.15,N,,,other
general,monsoon Indian Ocean Roman navigation,2025,Crossings,,Monsoon Voyagers,book-chapter,0,10.2307/jj.33382229.19,https://doi.org/10.2307/jj.33382229.19,N,,,other
general,monsoon Indian Ocean Roman navigation,2025,Malabar,,Monsoon Voyagers,book-chapter,0,10.2307/jj.33382229.17,https://doi.org/10.2307/jj.33382229.17,N,,,other
general,Roman coins India distribution,2016,The historical significance of Roman coins found in India,,Roman Coins from India,book-chapter,0,10.4324/9781315420691-9,https://doi.org/10.4324/9781315420691-9,N,,,archaeology
general,Roman coins India distribution,2016,Map to show location of finds of Roman coins in India,,Roman Coins from India,book-chapter,0,10.4324/9781315420691-14,https://doi.org/10.4324/9781315420691-14,N,,,archaeology
general,Roman coins India distribution,2016,Slashed coins and imitations,,Roman Coins from India,book-chapter,0,10.4324/9781315420691-10,https://doi.org/10.4324/9781315420691-10,N,,,archaeology
general,Roman coins India distribution,2016,Conclusions,,Roman Coins from India,book-chapter,0,10.4324/9781315420691-11,https://doi.org/10.4324/9781315420691-11,N,,,other
general,Roman coins India distribution,2016,Appendices:,,Roman Coins from India,book-chapter,0,10.4324/9781315420691-12,https://doi.org/10.4324/9781315420691-12,N,,,other
general,Roman coins India distribution,2016,Roman Coins from India,"Turner, P.",,monograph,2,10.4324/9781315420691,https://doi.org/10.4324/9781315420691,N,,,archaeology
general,Roman coins India distribution,2016,Tables,,Roman Coins from India,book-chapter,0,10.4324/9781315420691-17,https://doi.org/10.4324/9781315420691-17,N,,,other
general,Roman coins India distribution,2016,Plates,,Roman Coins from India,book-chapter,0,10.4324/9781315420691-18,https://doi.org/10.4324/9781315420691-18,N,,,other
general,Roman coins India distribution,2016,Historical introduction,,Roman Coins from India,book-chapter,0,10.4324/9781315420691-7,https://doi.org/10.4324/9781315420691-7,N,,,archaeology
general,Roman coins India distribution,2016,Julio-Claudian finds,,Roman Coins from India,book-chapter,0,10.4324/9781315420691-15,https://doi.org/10.4324/9781315420691-15,N,,,other
general,Roman coins India distribution,2016,Post-Julio-Claudian finds,,Roman Coins from India,book-chapter,0,10.4324/9781315420691-16,https://doi.org/10.4324/9781315420691-16,N,,,other
general,Roman coins India distribution,2016,Analysis of the coin finds,,Roman Coins from India,book-chapter,0,10.4324/9781315420691-8,https://doi.org/10.4324/9781315420691-8,N,,,archaeology
general,Roman coins India distribution,2026,Hoards of Roman Coins and Imitations in India,"Smagur, E.",Roman Coin Hoards Across Frontiers,book-chapter,0,10.1093/9780198986478.003.0011,https://doi.org/10.1093/9780198986478.003.0011,N,,,archaeology
general,Roman coins India distribution,2021,Regulated Roman Coins and Their Imitations from India: Did Roman Coins Circulate as Money in the Subcontinent?,"Smagur, E.",Notae Numismaticae - Numismatic Notes,journal-article,1,10.52800/ajst.1.a.11,https://doi.org/10.52800/ajst.1.a.11,Y,https://media.mnk.pl/images/upload/o-muzeum/wydawnictwa/Notae/Tom_XV/11--Smagur_regulated%20roman coins-e.pdf,,archaeology
general,Roman coins India distribution,2022,How centralized is decentralized? Comparison of wealth distribution in coins and tokens,"Kusmierz, B.; Overko, R.",2022 IEEE International Conference on Omni-layer Intelligent Systems (COINS),proceedings-article,21,10.1109/coins54846.2022.9854972,https://doi.org/10.1109/coins54846.2022.9854972,N,,,archaeology
general,Roman coins India distribution,2023,On Some Roman Coins Found at Nelore.,"Franklin, M.",Representing India,book-chapter,0,10.4324/9781003101796-20,https://doi.org/10.4324/9781003101796-20,N,,,archaeology
general,Roman coins India distribution,2004,BOOKS ON ROMAN COINS.,,Roman Coins and Their Values,book-chapter,0,10.2307/j.ctvkwnr0p.15,https://doi.org/10.2307/j.ctvkwnr0p.15,N,,,archaeology
general,Roman coins India distribution,2004,DATING ROMAN IMPERIAL COINS,,Roman Coins and Their Values,book-chapter,0,10.2307/j.ctvkwnr0p.9,https://doi.org/10.2307/j.ctvkwnr0p.9,N,,,archaeology
general,Roman coins India distribution,2019,"Part I. the classical, hellenistic, roman provincial, and roman coins",,The Coins,book-chapter,0,10.1525/9780520927902-006,https://doi.org/10.1525/9780520927902-006,N,,,archaeology
general,Roman coins India distribution,2011,BOOKS AND MONOGRAPHS ON ROMAN COINS,,Roman Coins and Their Values Volume 4,book-chapter,0,10.2307/j.ctvk8w0xx.8,https://doi.org/10.2307/j.ctvk8w0xx.8,N,,,archaeology
general,Roman coins India distribution,2002,BOOKS AND MONOGRAPHS ON ROMAN COINS,,Roman Coins and Their Values Volume 2,book-chapter,0,10.2307/j.ctvk8w0s0.12,https://doi.org/10.2307/j.ctvk8w0s0.12,N,,,archaeology
general,Roman coins India distribution,1985,Catalogue of Roman Coins,,The McGill University Collection of Greek and Roman Coins,book-chapter,0,10.1075/zg.118.c1,https://doi.org/10.1075/zg.118.c1,N,,,archaeology
general,Roman coins India distribution,2014,BOOKS AND MONOGRAPHS ON ROMAN COINS,,Roman Coins and Their Values Volume 5,book-chapter,0,10.2307/j.ctvk8w0wf.8,https://doi.org/10.2307/j.ctvk8w0wf.8,N,,,archaeology
general,Roman coins India distribution,2000,BOOKS AND MONOGRAPHS ON ROMAN COINS,,Roman Coins and Their Values Volume 1,book-chapter,0,10.2307/j.ctvk8w0q1.9,https://doi.org/10.2307/j.ctvk8w0q1.9,N,,,archaeology
general,Roman coins India distribution,1985,Roman Supplement II,,The McGill University Collection of Greek and Roman Coins,book-chapter,0,10.1075/zg.118.3suppl,https://doi.org/10.1075/zg.118.3suppl,N,,,archaeology
