site_key,site_display,role,region,lat,lon,ware_id,ware_name,category,count,count_unit,count_qualifier,count_ware_gap,negated,proximity,quote,source,page,verified,verdict_reason
pattanam,Pattanam,anchor,Kerala,10.1530,76.2070,teak,Teak / Indian timber,organic,,,,,,same_sentence,"Pattanam Canoe Excavations at the Early Historic site of Pattanam (25 km north of Kochi), proposed to be Muciri, produced the lower portion of a dugout (extended?) canoe (6 m+) (Figure 1B), near a wharf with bollards of teak.",Archaeological-Literary-Ethnographic-Evidence,4,,
berenike,Berenike,anchor,Egyptian Red Sea,23.9106,35.4761,teak,Teak / Indian timber,organic,,,,,,same_sentence,"Pieces of teak, perhaps used in ships, were recovered at Berenike (Abraham 2007:290), which might have come from Kerala.",Archaeological-Literary-Ethnographic-Evidence,5,,
mafia,Mafia Island,candidate,East Africa,-7.8000,39.7500,roman_pottery_unspec,Roman pottery (unspecified),mediterranean_unspecified,,,,,,same_sentence,"Roman pottery (Fig. 2, 3, and 9) was also found scattered in many areas of the Mafia archipelago (Shikoni et al. 2019;",Azania-cross-cultural-exchanges,4,,
rufiji,Rufiji delta,candidate,East Africa,-7.9000,39.3300,bead,Bead (glass or stone),small_find,,,,,,within_2,"In that research, Roman beads, glasses, and pottery from different parts of ancient civilizations, including the Nile Valley, the northern Indian Ocean seaboard, and India, were discovered on many sites.",Azania-cross-cultural-exchanges,5,,
mafia,Mafia Island,candidate,East Africa,-7.8000,39.7500,bead,Bead (glass or stone),small_find,,,,,,within_2,"In that research, Roman beads, glasses, and pottery from different parts of ancient civilizations, including the Nile Valley, the northern Indian Ocean seaboard, and India, were discovered on many sites.",Azania-cross-cultural-exchanges,5,,
rufiji,Rufiji delta,candidate,East Africa,-7.9000,39.3300,bead,Bead (glass or stone),small_find,,,,,,within_2,A Roman segmented gold in silver bead was also recovered from an excavation site on the southern slopes of Mount Kilimanjaro (Chami & Silayo 2023) (Fig. 12).,Azania-cross-cultural-exchanges,11,,
mafia,Mafia Island,candidate,East Africa,-7.8000,39.7500,bead,Bead (glass or stone),small_find,,,,,,same_sentence,"Many more beads of the Greek and Phoenician culture were recovered from the Ukunju Cave on the Mafia archipelago (Chami 2006) close to Rhapta (Chami, Bita & Bushozi 2024).",Azania-cross-cultural-exchanges,11,,
mafia,Mafia Island,candidate,East Africa,-7.8000,39.7500,bead,Bead (glass or stone),small_find,,,,,,within_1,"Beads of Indian origin, including carnelian beads, were recovered from the Misasa site, also in the Rufiji region (Chami 1994;",Azania-cross-cultural-exchanges,11,,
rufiji,Rufiji delta,candidate,East Africa,-7.9000,39.3300,bead,Bead (glass or stone),small_find,,,,,,same_sentence,"Beads of Indian origin, including carnelian beads, were recovered from the Misasa site, also in the Rufiji region (Chami 1994;",Azania-cross-cultural-exchanges,11,,
mafia,Mafia Island,candidate,East Africa,-7.8000,39.7500,bead,Bead (glass or stone),small_find,,,,,,within_2,"The recovery of these and other beads in the Rufiji region, along with various glass materials found on the coast of East Africa/Azania, was published by Sunil Gupta as evidence that Azania had trade connections with other ancient civilization as far as Southeast Asia.",Azania-cross-cultural-exchanges,11,,
rufiji,Rufiji delta,candidate,East Africa,-7.9000,39.3300,bead,Bead (glass or stone),small_find,,,,,,same_sentence,"The recovery of these and other beads in the Rufiji region, along with various glass materials found on the coast of East Africa/Azania, was published by Sunil Gupta as evidence that Azania had trade connections with other ancient civilization as far as Southeast Asia.",Azania-cross-cultural-exchanges,11,,
rufiji,Rufiji delta,candidate,East Africa,-7.9000,39.3300,bead,Bead (glass or stone),small_find,,,,,,within_1,"Furthermore, excavations in the Kuumbi Cave and Unguja Ukuu of Zanzibar recovered more materials of Roman trade, such as pottery (Juma 1996) and glass bead (Chami 2009).",Azania-cross-cultural-exchanges,11,,
unguja_ukuu,Unguja Ukuu (Zanzibar),candidate,East Africa,-6.3400,39.3000,bead,Bead (glass or stone),small_find,,,,,,same_sentence,"Furthermore, excavations in the Kuumbi Cave and Unguja Ukuu of Zanzibar recovered more materials of Roman trade, such as pottery (Juma 1996) and glass bead (Chami 2009).",Azania-cross-cultural-exchanges,11,,
mafia,Mafia Island,candidate,East Africa,-7.8000,39.7500,roman_pottery_unspec,Roman pottery (unspecified),mediterranean_unspecified,,,,,,same_sentence,"A type of Roman pottery with perforations was also recovered from the site (Fig. 15), the same kind that was reportedly also found in other sites in the Indian Ocean, such as the Ukunju Cave in the Mafia archipelago (Shikoni 2023: 218), as well as in Arabia (Pavan 2017)3.",Azania-cross-cultural-exchanges,12,,
mafia,Mafia Island,candidate,East Africa,-7.8000,39.7500,roman_coin,Roman coin,coin,,,,,,within_2,"From the excavation at Maramba on a Tanga site, Roman coins and some dimple-based potteries of the Lake Victoria region known as Urewe were 3Also see Tomber (2008) on the Indo-Roman trade.",Azania-cross-cultural-exchanges,12,,
rufiji,Rufiji delta,candidate,East Africa,-7.9000,39.3300,bead,Bead (glass or stone),small_find,,,,,,same_sentence,Roman beads from the Rufiji Delta (from Chami 1999a).,Azania-cross-cultural-exchanges,13,,
rufiji,Rufiji delta,candidate,East Africa,-7.9000,39.3300,bead,Bead (glass or stone),small_find,,,,,,within_1,"Beads from the slopes of Mount Kilimanjaro, Roman segmented bead at the bottom (from Chami & Silayo 2023). collected.",Azania-cross-cultural-exchanges,13,,
mafia,Mafia Island,candidate,East Africa,-7.8000,39.7500,bead,Bead (glass or stone),small_find,,,,,,within_2,"For example, the spread of Roman decorative materials and embroidery such as beads and kohl, reported by the Romans to be trade goods, may have caused women to change their cultural tradition to instead adorn themselves with such materials.",Azania-cross-cultural-exchanges,13,,
mafia,Mafia Island,candidate,East Africa,-7.8000,39.7500,bead,Bead (glass or stone),small_find,,,,,,within_1,Archeological evidence on the coast of East Africa recovered imported materials like beads in cultural sequence lasting from the Early Iron Age to the modern time.,Azania-cross-cultural-exchanges,14,,
mafia,Mafia Island,candidate,East Africa,-7.8000,39.7500,bead,Bead (glass or stone),small_find,,,,,,within_2,Roman segmented gold in glass beads that were recovered from several sites of ancient Azania also indicate that the ancient tradition continued to the modern time (Chami & Silayo 2023).,Azania-cross-cultural-exchanges,14,,
al_wajh,Al-Wajh,candidate,NW Arabia,26.2400,36.4600,roman_pottery_unspec,Roman pottery (unspecified),mediterranean_unspecified,,,,,,within_2,Only a few Hellenistic-Roman sherds were found at al-Haura' and Umm Lajj.,Barrington-Atlas-Map83-Nabataea-Meridionalis-directory,1,,
aynuna,Aynuna / Khuraybah,candidate,NW Arabia,28.1000,35.2100,roman_pottery_unspec,Roman pottery (unspecified),mediterranean_unspecified,,,,,,within_1,Only a few Hellenistic-Roman sherds were found at al-Haura' and Umm Lajj.,Barrington-Atlas-Map83-Nabataea-Meridionalis-directory,1,,
aden,Aden (Eudaimon Arabia),comparandum,South Arabia,12.7900,45.0300,frankincense,Frankincense,organic,,,,,,within_2,"Ratnagar, Encounters: The Westerly Trade of the Harappa Civilization (Delhi, 1981). 2 As early as ca. 2400 B.C., Egypt dispatched expeditions to a land called Punt to bring back myrrh or frankincense (CAH i.2 183 [19713]).",Casson-1989-Periplus-Maris-Erythraei-text-translation-commentary,30,,
arikamedu,Arikamedu,anchor,Coromandel,11.9000,79.8200,its,Italian Sigillata,mediterranean_fineware,,,,,,same_sentence,"In the light of the author's manifest secondary interest in the east coast, it is curious that, at Arikamedu some two miles south of Pondicherry, archaeology has brought to light convincing signs of a colony of Westerners, an abundance of Roman pottery, especially Arretine ware, which reveals that its members were active from the early years of the first century A.D. on (see under 60:20.6a).",Casson-1989-Periplus-Maris-Erythraei-text-translation-commentary,44,,
arikamedu,Arikamedu,anchor,Coromandel,11.9000,79.8200,roman_pottery_unspec,Roman pottery (unspecified),mediterranean_unspecified,,,,,,same_sentence,"In the light of the author's manifest secondary interest in the east coast, it is curious that, at Arikamedu some two miles south of Pondicherry, archaeology has brought to light convincing signs of a colony of Westerners, an abundance of Roman pottery, especially Arretine ware, which reveals that its members were active from the early years of the first century A.D. on (see under 60:20.6a).",Casson-1989-Periplus-Maris-Erythraei-text-translation-commentary,44,,
qana,Qana / Kane,anchor,South Arabia,14.0167,48.3200,frankincense,Frankincense,organic,1,find,exact,99,Y,same_sentence,"One would expect to find the same situation at Kane, where the merchants of Roman Egypt traded for frankincense, but the author does not list money there as he does at Muza.",Casson-1989-Periplus-Maris-Erythraei-text-translation-commentary,49,reject,"""find"" is the verb, not a unit"
qana,Qana / Kane,anchor,South Arabia,14.0167,48.3200,frankincense,Frankincense,organic,,,,,,within_1,The explanation may lie in the relative cheapness of frankincense.,Casson-1989-Periplus-Maris-Erythraei-text-translation-commentary,49,,
barygaza,Barygaza (Bharuch),anchor,Gujarat,21.7000,72.9900,roman_coin,Roman coin,coin,,,,,,same_sentence,"On the other hand, the north of India has yielded but a mere handful of Roman coins.41 One explanation offered is that in the north Roman coins were melted down and remade into native currency whereas in the south they circulated.42 Another is that the coins gravitated from north to south, particularly to the Coimbatore region (in which by far the largest number of hoards have been found), because that was where geographical features permitted transpeninsular traffic and where brigandage and others factors favored the planting of hoards.43 But the Periplus's statements strongly suggest that fe",Casson-1989-Periplus-Maris-Erythraei-text-translation-commentary,50,,
adulis,Adulis,anchor,East African Red Sea,15.2617,39.6600,frankincense,Frankincense,organic,,,,,,within_2,"Arabian frankincense was available only at Kane and, being a monopoly of the temple and state, only through royal agents.SI At Barbarikon in northwest India, all imports were forwarded upriver ""to the king"" (39 : i3-5 -6); it follows that their sale would have been arranged with the king's agents.",Casson-1989-Periplus-Maris-Erythraei-text-translation-commentary,52,,
qana,Qana / Kane,anchor,South Arabia,14.0167,48.3200,frankincense,Frankincense,organic,,,,,,same_sentence,"Arabian frankincense was available only at Kane and, being a monopoly of the temple and state, only through royal agents.SI At Barbarikon in northwest India, all imports were forwarded upriver ""to the king"" (39 : i3-5 -6); it follows that their sale would have been arranged with the king's agents.",Casson-1989-Periplus-Maris-Erythraei-text-translation-commentary,52,,
aksum,Aksum,comparandum,Ethiopian highlands,14.1300,38.7200,frankincense,Frankincense,organic,,,,,,within_2,"In a discussion of frankincense, Pliny refers to an embassy that had brought a gift of incense; it must have come from the ""frankincense-bearing land,"" to use the Periplus's terminology. 69 The campaign is usually dated 25-24 B.C.",Casson-1989-Periplus-Maris-Erythraei-text-translation-commentary,56,,
aden,Aden (Eudaimon Arabia),comparandum,South Arabia,12.7900,45.0300,frankincense,Frankincense,organic,,,,,,within_2,"Kane was the major port of the ""frankincense-bearing land,"" ruled at this time by Eleazos, with his capital at Sabautha (27:9.4-8).",Casson-1989-Periplus-Maris-Erythraei-text-translation-commentary,65,,
qana,Qana / Kane,anchor,South Arabia,14.0167,48.3200,frankincense,Frankincense,organic,,,,,,same_sentence,"Kane was the major port of the ""frankincense-bearing land,"" ruled at this time by Eleazos, with his capital at Sabautha (27:9.4-8).",Casson-1989-Periplus-Maris-Erythraei-text-translation-commentary,65,,
qana,Qana / Kane,anchor,South Arabia,14.0167,48.3200,frankincense,Frankincense,organic,,,,,,within_2,"The ""frankincense-bearing land"" had its own overseas possession, the island of Socotra (31:10.19-20).",Casson-1989-Periplus-Maris-Erythraei-text-translation-commentary,65,,
socotra,Socotra,comparandum,Arabian Sea,12.5000,53.9000,frankincense,Frankincense,organic,,,,,,same_sentence,"The ""frankincense-bearing land"" had its own overseas possession, the island of Socotra (31:10.19-20).",Casson-1989-Periplus-Maris-Erythraei-text-translation-commentary,65,,
xiis,Xiis (Heis),comparandum,Horn of Africa,11.1300,47.1500,frankincense,Frankincense,organic,,,,,,same_sentence,"Exports from this area are: a great quantity of cassia (for this reason the port requires bigger ships); other spices and aromatics; a little low-quality tortoise shell; mokrotu incense, poorer than that from Mundu; ""far-side"" frankincense; ivory and myrrh but only on rare occasions. 11.",Casson-1989-Periplus-Maris-Erythraei-text-translation-commentary,76,,
aden,Aden (Eudaimon Arabia),comparandum,South Arabia,12.7900,45.0300,frankincense,Frankincense,organic,,,,,,same_sentence,"Immediately after Eudaimon Arabia come a long coast and bay, populated by the villages of Nomads and Ichthyophagoi, that stretch for 2000 stades or more, at which point, beyond the projecting headland, is another port of trade on the coast, Kane, belonging to the kingdom of Eleazos, the frankincense-bearing land; near it are two barren islands, one called Orneon [""of the birds""] and the other Trullas, 120 stades offshore from Kane.",Casson-1989-Periplus-Maris-Erythraei-text-translation-commentary,86,,
qana,Qana / Kane,anchor,South Arabia,14.0167,48.3200,frankincense,Frankincense,organic,,,,,,same_sentence,"Immediately after Eudaimon Arabia come a long coast and bay, populated by the villages of Nomads and Ichthyophagoi, that stretch for 2000 stades or more, at which point, beyond the projecting headland, is another port of trade on the coast, Kane, belonging to the kingdom of Eleazos, the frankincense-bearing land; near it are two barren islands, one called Orneon [""of the birds""] and the other Trullas, 120 stades offshore from Kane.",Casson-1989-Periplus-Maris-Erythraei-text-translation-commentary,86,,
aden,Aden (Eudaimon Arabia),comparandum,South Arabia,12.7900,45.0300,frankincense,Frankincense,organic,,,,,,within_2,"All the frankincense grown in the land is brought into Kane, as if to a warehouse, by camel as well as by rafts of a local type made of leathern bags, and by boats.",Casson-1989-Periplus-Maris-Erythraei-text-translation-commentary,86,,
qana,Qana / Kane,anchor,South Arabia,14.0167,48.3200,frankincense,Frankincense,organic,,,,,,same_sentence,"All the frankincense grown in the land is brought into Kane, as if to a warehouse, by camel as well as by rafts of a local type made of leathern bags, and by boats.",Casson-1989-Periplus-Maris-Erythraei-text-translation-commentary,86,,
qana,Qana / Kane,anchor,South Arabia,14.0167,48.3200,frankincense,Frankincense,organic,,,,,,same_sentence,"After Kane, with the shoreline receding further, there next come another bay, very deep, called Sachalites, which extends for a considerable distance, and the frankincense-bearing land; this is mountainous, has a difficult terrain, an atmosphere close and misty, and trees that yield frankincense.",Casson-1989-Periplus-Maris-Erythraei-text-translation-commentary,86,,
qana,Qana / Kane,anchor,South Arabia,14.0167,48.3200,frankincense,Frankincense,organic,,,,,,within_1,"The frankincense-bearing trees are neither very large nor tall; they give off frankincense in congealed form on the bark, just as some of the trees we have in Egypt exude gum.",Casson-1989-Periplus-Maris-Erythraei-text-translation-commentary,86,,
qana,Qana / Kane,anchor,South Arabia,14.0167,48.3200,frankincense,Frankincense,organic,,,,,,within_2,The frankincense is handled by royal slaves and convicts.,Casson-1989-Periplus-Maris-Erythraei-text-translation-commentary,86,,
barygaza,Barygaza (Bharuch),anchor,Gujarat,21.7000,72.9900,frankincense,Frankincense,organic,,,,,,within_2,"Immediately after Syagros is a bay indenting deeply into the coast, Omana, 600 stades across the mouth; after it, high mountains, rocky and sheer, where men live in caves, for another 500; and, after these, a designated harbor for loading the Sachalite frankincense, called Moscha Limen [""Moscha Harbor""]. 69",Casson-1989-Periplus-Maris-Erythraei-text-translation-commentary,88,,
sumhuram,Sumhuram (Khor Rori),anchor,South Arabia,17.0400,54.4300,frankincense,Frankincense,organic,,,,,,same_sentence,"Immediately after Syagros is a bay indenting deeply into the coast, Omana, 600 stades across the mouth; after it, high mountains, rocky and sheer, where men live in caves, for another 500; and, after these, a designated harbor for loading the Sachalite frankincense, called Moscha Limen [""Moscha Harbor""]. 69",Casson-1989-Periplus-Maris-Erythraei-text-translation-commentary,88,,
barygaza,Barygaza (Bharuch),anchor,Gujarat,21.7000,72.9900,frankincense,Frankincense,organic,,,,,,same_sentence,"T E X T A N D T R A N S L A T I O N Some vessels are customarily sent to it from Kane; in addition, those sailing by from Limyrike or Barygaza that passed the winter [sc. at Moscha] because of the season being late, by arrangement with the royal agents take on, in exchange for cotton cloth and grain and oil, a return cargo of frankincense, the Sachalite variety throughout, at a mole that stands there unguarded, thanks to some power of the gods who watch over this place.",Casson-1989-Periplus-Maris-Erythraei-text-translation-commentary,90,,
sumhuram,Sumhuram (Khor Rori),anchor,South Arabia,17.0400,54.4300,frankincense,Frankincense,organic,,,,,,same_sentence,"T E X T A N D T R A N S L A T I O N Some vessels are customarily sent to it from Kane; in addition, those sailing by from Limyrike or Barygaza that passed the winter [sc. at Moscha] because of the season being late, by arrangement with the royal agents take on, in exchange for cotton cloth and grain and oil, a return cargo of frankincense, the Sachalite variety throughout, at a mole that stands there unguarded, thanks to some power of the gods who watch over this place.",Casson-1989-Periplus-Maris-Erythraei-text-translation-commentary,90,,
qana,Qana / Kane,anchor,South Arabia,14.0167,48.3200,frankincense,Frankincense,organic,,,,,,same_sentence,"T E X T A N D T R A N S L A T I O N Some vessels are customarily sent to it from Kane; in addition, those sailing by from Limyrike or Barygaza that passed the winter [sc. at Moscha] because of the season being late, by arrangement with the royal agents take on, in exchange for cotton cloth and grain and oil, a return cargo of frankincense, the Sachalite variety throughout, at a mole that stands there unguarded, thanks to some power of the gods who watch over this place.",Casson-1989-Periplus-Maris-Erythraei-text-translation-commentary,90,,
barygaza,Barygaza (Bharuch),anchor,Gujarat,21.7000,72.9900,frankincense,Frankincense,organic,,,,,Y,within_1,"For, neither covertly nor overtly can frankincense be loaded aboard a ship without royal permission; if even a grain is lifted aboard, the ship cannot sail, since it is against the god's will. 33.",Casson-1989-Periplus-Maris-Erythraei-text-translation-commentary,90,,
sumhuram,Sumhuram (Khor Rori),anchor,South Arabia,17.0400,54.4300,frankincense,Frankincense,organic,,,,,Y,within_1,"For, neither covertly nor overtly can frankincense be loaded aboard a ship without royal permission; if even a grain is lifted aboard, the ship cannot sail, since it is against the god's will. 33.",Casson-1989-Periplus-Maris-Erythraei-text-translation-commentary,90,,
qana,Qana / Kane,anchor,South Arabia,14.0167,48.3200,frankincense,Frankincense,organic,,,,,Y,within_1,"For, neither covertly nor overtly can frankincense be loaded aboard a ship without royal permission; if even a grain is lifted aboard, the ship cannot sail, since it is against the god's will. 33.",Casson-1989-Periplus-Maris-Erythraei-text-translation-commentary,90,,
barygaza,Barygaza (Bharuch),anchor,Gujarat,21.7000,72.9900,frankincense,Frankincense,organic,,,,,,within_2,"Omana also takes in frankincense from Kane and sends out to Arabia its local sewn boats, the kind called madarate.",Casson-1989-Periplus-Maris-Erythraei-text-translation-commentary,92,,
qana,Qana / Kane,anchor,South Arabia,14.0167,48.3200,frankincense,Frankincense,organic,,,,,,same_sentence,"Omana also takes in frankincense from Kane and sends out to Arabia its local sewn boats, the kind called madarate.",Casson-1989-Periplus-Maris-Erythraei-text-translation-commentary,92,,
socotra,Socotra,comparandum,Arabian Sea,12.5000,53.9000,frankincense,Frankincense,organic,,,,,,same_sentence,"Dioscorides, as noted above, thought it actually came from there, though Pliny and Galen knew better. 8:3.31-32 which items are exported to Arabia Arabia, to be sure, was itself a producer of myrrh and frankincense.",Casson-1989-Periplus-Maris-Erythraei-text-translation-commentary,145,,
xiis,Xiis (Heis),comparandum,Horn of Africa,11.1300,47.1500,roman_pottery_unspec,Roman pottery (unspecified),mediterranean_unspecified,,,,,,within_1,"Moreover, sherds of Roman pottery and fragments of Roman glass dating from the ist to the 5th century A.D. have been found in the area; see N.",Casson-1989-Periplus-Maris-Erythraei-text-translation-commentary,145,,
xiis,Xiis (Heis),comparandum,Horn of Africa,11.1300,47.1500,roman_glass,Roman glass,glass,,,,,,within_1,"Moreover, sherds of Roman pottery and fragments of Roman glass dating from the ist to the 5th century A.D. have been found in the area; see N.",Casson-1989-Periplus-Maris-Erythraei-text-translation-commentary,145,,
xiis,Xiis (Heis),comparandum,Horn of Africa,11.1300,47.1500,frankincense,Frankincense,organic,,,,,,within_2,"What is certain is that Mosyllon was in this general area, within easy transport from one of Somalia's richest frankincense regions (see Map 6 and the map in Hepper [op. cit. under 8:3.30a above] pi. xv).",Casson-1989-Periplus-Maris-Erythraei-text-translation-commentary,146,,
aynuna,Aynuna / Khuraybah,candidate,NW Arabia,28.1000,35.2100,roman_pottery_unspec,Roman pottery (unspecified),mediterranean_unspecified,,,,,,within_1,"Between the two sites archaeologists have identified signs of extensive occupation that date to the early centuries A.D. or even before: remains of impressive building complexes, a necropolis with over one hundred tombs, an abundance of Nabataean-Roman pottery; see M.",Casson-1989-Periplus-Maris-Erythraei-text-translation-commentary,163,,
qana,Qana / Kane,anchor,South Arabia,14.0167,48.3200,frankincense,Frankincense,organic,,,,,,same_sentence,"Pliny states (12.52) that from Sabota to the land of frankincense was an eightday journey, presumably to the east; and our author places the ""frankincense-bearing land"" along the gulf east of Kane (29:9.23-24), whence the frankincense was brought to Kane by both land and water (cf.",Casson-1989-Periplus-Maris-Erythraei-text-translation-commentary,181,,
qana,Qana / Kane,anchor,South Arabia,14.0167,48.3200,roman_coin,Roman coin,coin,,,,,,within_1,"According to Pliny (12.65), the best grade of Arabian frankincense sold on the Roman market for 6 denarii a Roman pound, the next best for 5, and the poorest for 3.",Casson-1989-Periplus-Maris-Erythraei-text-translation-commentary,181,,
qana,Qana / Kane,anchor,South Arabia,14.0167,48.3200,frankincense,Frankincense,organic,,,,,,within_1,"According to Pliny (12.65), the best grade of Arabian frankincense sold on the Roman market for 6 denarii a Roman pound, the next best for 5, and the poorest for 3.",Casson-1989-Periplus-Maris-Erythraei-text-translation-commentary,181,,
qana,Qana / Kane,anchor,South Arabia,14.0167,48.3200,frankincense,Frankincense,organic,,,,,,within_2,Such prices put frankincense among the cheapest of the imported aromatics: see under 7:3.20 and cf.,Casson-1989-Periplus-Maris-Erythraei-text-translation-commentary,181,,
sumhuram,Sumhuram (Khor Rori),anchor,South Arabia,17.0400,54.4300,frankincense,Frankincense,organic,,,,,,within_1,"Glaser 177), more or less the region that produced frankincense (cf. under 27:9.8). 29:9.26 The frankincense-bearing trees are neither very large nor tall Other writers remark on the smallness or lowness of the tree; cf.",Casson-1989-Periplus-Maris-Erythraei-text-translation-commentary,185,,
qana,Qana / Kane,anchor,South Arabia,14.0167,48.3200,frankincense,Frankincense,organic,,,,,,within_1,"Glaser 177), more or less the region that produced frankincense (cf. under 27:9.8). 29:9.26 The frankincense-bearing trees are neither very large nor tall Other writers remark on the smallness or lowness of the tree; cf.",Casson-1989-Periplus-Maris-Erythraei-text-translation-commentary,185,,
socotra,Socotra,comparandum,Arabian Sea,12.5000,53.9000,frankincense,Frankincense,organic,,,,,,same_sentence,"This could well have been called ""Indian"" in the West because it arrived there through Indian merchants or on Indian ships. 31:10.19-20 just as Azania is to Charibael and the governor of Mapharitis See Introduction: Political Geography. 31:10.20 The island is subject to the aforementioned king of the frankincense-bearing land Dependence upon the mainland opposite has been the rule through much of Socotra's history.",Casson-1989-Periplus-Maris-Erythraei-text-translation-commentary,188,,
sumhuram,Sumhuram (Khor Rori),anchor,South Arabia,17.0400,54.4300,roman_pottery_unspec,Roman pottery (unspecified),mediterranean_unspecified,,,,,,within_1,"Furthermore, in the debris of the earliest occupation level were found four fragments of Roman ceramic ware dating to the end of the first century B.C. or the beginning of the first century A.D., later rather than earlier (see H.",Casson-1989-Periplus-Maris-Erythraei-text-translation-commentary,191,,
sumhuram,Sumhuram (Khor Rori),anchor,South Arabia,17.0400,54.4300,frankincense,Frankincense,organic,,,,,,same_sentence,"Moscha Limen was situated in the heart of the region called Sachalites (as against the bay of that name; cf. under 29:9.22-23), that is, in the Dhufar Plain, the region par excellence of the frankincense tree (see under 27:9.8).",Casson-1989-Periplus-Maris-Erythraei-text-translation-commentary,192,,
qana,Qana / Kane,anchor,South Arabia,14.0167,48.3200,frankincense,Frankincense,organic,,,,,,within_2,"The only foreign bottoms to be seen in the harbor were accidental arrivals, namely Indian ships that, passing by Moscha, discovered it was too late to catch the last of the southwest monsoon for home and had to lay over until its reappearance the following spring; by special arrangement with the local royal agents they were allowed to exchange what they had on board for a cargo of frankincense.",Casson-1989-Periplus-Maris-Erythraei-text-translation-commentary,192,,
sumhuram,Sumhuram (Khor Rori),anchor,South Arabia,17.0400,54.4300,frankincense,Frankincense,organic,,,,,,same_sentence,"The only foreign bottoms to be seen in the harbor were accidental arrivals, namely Indian ships that, passing by Moscha, discovered it was too late to catch the last of the southwest monsoon for home and had to lay over until its reappearance the following spring; by special arrangement with the local royal agents they were allowed to exchange what they had on board for a cargo of frankincense.",Casson-1989-Periplus-Maris-Erythraei-text-translation-commentary,192,,
socotra,Socotra,comparandum,Arabian Sea,12.5000,53.9000,roman_coin,Roman coin,coin,,,,,,within_1,"Pliny lists several varieties, including an Indian, and gives the price on the Roman market, namely 3 denarii a Roman pound, which puts it on a par with the cheapest frankincense (see ESAR v 285).",Casson-1989-Periplus-Maris-Erythraei-text-translation-commentary,204,,
socotra,Socotra,comparandum,Arabian Sea,12.5000,53.9000,frankincense,Frankincense,organic,,,,,,within_1,"Pliny lists several varieties, including an Indian, and gives the price on the Roman market, namely 3 denarii a Roman pound, which puts it on a par with the cheapest frankincense (see ESAR v 285).",Casson-1989-Periplus-Maris-Erythraei-text-translation-commentary,204,,
socotra,Socotra,comparandum,Arabian Sea,12.5000,53.9000,roman_coin,Roman coin,coin,,,,,,within_1,"It was comparatively cheap: its price at Rome, 5/2 denarii a pound, was in the lowest level of prices for the plant products from Arabia and India (see ESAR v 285-86; the cheapest nard, for example, cost 40 [see under 39:13.10b]).",Casson-1989-Periplus-Maris-Erythraei-text-translation-commentary,210,,
arikamedu,Arikamedu,anchor,Coromandel,11.9000,79.8200,lamp,Roman lamp,small_find,,,,,,same_sentence,"Wheeler 123) has been strengthened by the discovery at Arikamedu, two miles to the south, of a site where excavation unearthed Roman remains—pottery, fragments of amphorae, glass, lamps—extensive enough to indicate the existence there of a foreigners' quarter (cf.",Casson-1989-Periplus-Maris-Erythraei-text-translation-commentary,247,,
pattanam,Pattanam,anchor,Kerala,10.1530,76.2070,bead,Bead (glass or stone),small_find,,,,,,within_2,"(One entry may have multiple objects of the same kind, provided they are from the same locus, as the case of beads).",Cherian-2011-Pattanam-5th-Season-Field-Report,4,,
pattanam,Pattanam,anchor,Kerala,10.1530,76.2070,bead,Bead (glass or stone),small_find,,,,,,within_2,Parts of stone moulds (4) probably used for making beads and rings are other interesting finds of the season.,Cherian-2011-Pattanam-5th-Season-Field-Report,5,,
pattanam,Pattanam,anchor,Kerala,10.1530,76.2070,roman_glass,Roman glass,glass,400,fragments,exact,4,,same_sentence,Glass : 400 glass fragments were recovered and this is so far the largest number reported from Pattanam.,Cherian-2011-Pattanam-5th-Season-Field-Report,5,accept,2011 season
pattanam,Pattanam,anchor,Kerala,10.1530,76.2070,roman_coin,Roman coin,coin,,,,,,same_sentence,"Interestingly, in all the five seasons, Roman coins were marking their presence at Pattanam with striking absence.",Cherian-2011-Pattanam-5th-Season-Field-Report,5,,
pattanam,Pattanam,anchor,Kerala,10.1530,76.2070,rouletted_ware,Rouletted Ware (Wheeler Type 1),indian_fineware,,,,,,same_sentence,"The others in this category are Indian Rouletted Ware (3410), Pattanam Ware (186), Black and Red Ware (125), Chinese Ceramics (66) and a host of unidentified fine wares (37,650).",Cherian-2011-Pattanam-5th-Season-Field-Report,6,,
pattanam,Pattanam,anchor,Kerala,10.1530,76.2070,roman_amphora_unspec,Roman amphora (unspecified type),mediterranean_amphora,,,,,,within_1,"Tomber adds, ""The broad range of Mediterranean amphora sources, particularly South Italy, had already been recorded in the earlier seasons.",Cherian-2011-Pattanam-5th-Season-Field-Report,6,,
aila,Aila (Aqaba),comparandum,Northern Red Sea,29.5200,35.0000,roman_amphora_unspec,Roman amphora (unspecified type),mediterranean_amphora,,,,,,within_1,"Tomber adds, ""The broad range of Mediterranean amphora sources, particularly South Italy, had already been recorded in the earlier seasons.",Cherian-2011-Pattanam-5th-Season-Field-Report,6,,
alagankulam,Alagankulam,comparandum,Coromandel,9.3600,79.0200,sigillata_unspec,Sigillata (unspecified),mediterranean_fineware,,,,,Y,within_1,"Though the 122 terra sigillata sherds recovered in the last five seasons may not look impressive when compared to the ca. 6000 amphorae sherds, they are the largest quantity of terra sigillata ever recovered from an Indian port site.",Cherian-2011-Pattanam-5th-Season-Field-Report,6,,
alagankulam,Alagankulam,comparandum,Coromandel,9.3600,79.0200,sigillata_unspec,Sigillata (unspecified),mediterranean_fineware,,,,,,within_2,"Two other Indian sites, both on the Tamil Nadu Coast, had produced terra sigillata;",Cherian-2011-Pattanam-5th-Season-Field-Report,6,,
pattanam,Pattanam,anchor,Kerala,10.1530,76.2070,torpedo_jar,Torpedo jar,mesopotamian,,,,,,within_1,"Derek Kennet of the Durham University, UK is studying the assemblage of buff, blue and green glazed Parthian/Sassanian ceramics (Turquoise Glazed Pottery) and torpedo jar sherds.",Cherian-2011-Pattanam-5th-Season-Field-Report,7,,
pattanam,Pattanam,anchor,Kerala,10.1530,76.2070,torpedo_jar,Torpedo jar,mesopotamian,,,,,,same_sentence,The nature of distribution of torpedo jar fragments and their occurrence in large quantity this season suggests the strong commercial links of Pattanam with the West Asian region probably even before and beyond the Roman phase.,Cherian-2011-Pattanam-5th-Season-Field-Report,7,,
pattanam,Pattanam,anchor,Kerala,10.1530,76.2070,rouletted_ware,Rouletted Ware (Wheeler Type 1),indian_fineware,,,,,,within_1,"The Indian Rouletted Ware (IRW) with a record number this season will help to understand the Indian Ocean trade dynamics, which contributed to the development of long distance maritime trade.",Cherian-2011-Pattanam-5th-Season-Field-Report,7,,
pattanam,Pattanam,anchor,Kerala,10.1530,76.2070,lamp,Roman lamp,small_find,,,,,,same_sentence,"Terracotta objects for Pattanam excavations with special reference to spindle-whorls, hop scotches, wheels/discs and lamps, Sharathchandrababu et al. 14.",Cherian-2011-Pattanam-5th-Season-Field-Report,14,,
berenike,Berenike,anchor,Egyptian Red Sea,23.9106,35.4761,frankincense,Frankincense,organic,,,,,,same_sentence,"Items exported from Berenike were frankincense, myrrh, ivory, tortoise shells, cassia, cloth, aloe, robes, cloaks, flint glass, myrrhine (travertine), coral, copper, sheets of soft copper, tin, gold, olive oil and wine.",Cherian-2011-Pattanam-5th-Season-Field-Report,15,,
pattanam,Pattanam,anchor,Kerala,10.1530,76.2070,frankincense,Frankincense,organic,,,,,,within_1,"Items exported from Berenike were frankincense, myrrh, ivory, tortoise shells, cassia, cloth, aloe, robes, cloaks, flint glass, myrrhine (travertine), coral, copper, sheets of soft copper, tin, gold, olive oil and wine.",Cherian-2011-Pattanam-5th-Season-Field-Report,15,,
berenike,Berenike,anchor,Egyptian Red Sea,23.9106,35.4761,bead,Bead (glass or stone),small_find,,,,,,within_2,"Items exported from India included Malabar spices like black pepper, cardamom, costus, bellium, lykion, nard, malabathrom etc. luxury items like pearls, gems, glass and semiprecious-stone beads, cameo blanks, textiles and forest goods like teak, ivory, medicinal herbs and tortoise shells etc.",Cherian-2011-Pattanam-5th-Season-Field-Report,15,,
berenike,Berenike,anchor,Egyptian Red Sea,23.9106,35.4761,black_pepper,Black pepper (Piper nigrum),organic,,,,,,within_2,"Items exported from India included Malabar spices like black pepper, cardamom, costus, bellium, lykion, nard, malabathrom etc. luxury items like pearls, gems, glass and semiprecious-stone beads, cameo blanks, textiles and forest goods like teak, ivory, medicinal herbs and tortoise shells etc.",Cherian-2011-Pattanam-5th-Season-Field-Report,15,,
berenike,Berenike,anchor,Egyptian Red Sea,23.9106,35.4761,teak,Teak / Indian timber,organic,,,,,,within_2,"Items exported from India included Malabar spices like black pepper, cardamom, costus, bellium, lykion, nard, malabathrom etc. luxury items like pearls, gems, glass and semiprecious-stone beads, cameo blanks, textiles and forest goods like teak, ivory, medicinal herbs and tortoise shells etc.",Cherian-2011-Pattanam-5th-Season-Field-Report,15,,
berenike,Berenike,anchor,Egyptian Red Sea,23.9106,35.4761,black_pepper,Black pepper (Piper nigrum),organic,,,,,,same_sentence,"In 1999, 7.55 kg of black pepper corn was found buried in the courtyard floor /storeroom of the 1st century AD Serapis temple trench at the Berenike site.",Cherian-2011-Pattanam-5th-Season-Field-Report,16,,
pattanam,Pattanam,anchor,Kerala,10.1530,76.2070,roman_coin,Roman coin,coin,,,,,,within_1,"Until the discovery of the site, the role of the Malabar Coast in the Early Historic trade network was understood only on the basis of detailed references in the Sangam Literature, Periplus, works of Pliny (Natural History), Ptolemy (Geographia)) etc and a few Roman coinhoards found in Kerala.",Cherian-2011-Pattanam-5th-Season-Field-Report,26,,
pattanam,Pattanam,anchor,Kerala,10.1530,76.2070,bead,Bead (glass or stone),small_find,,,,,,within_2,"The antiquity of bead making can be traced to 82,000 years B.P. as evidenced by the discovery of beads of Nassarius marine shell origin found in the cave at Taforalt in Morocco.",Cherian-2011-Pattanam-5th-Season-Field-Report,28,,
pattanam,Pattanam,anchor,Kerala,10.1530,76.2070,bead,Bead (glass or stone),small_find,,,,,,same_sentence,Excavations conducted at Pattanam during the last five seasons since 2007 have brought out a unique assemblage of beads distributed across the five cultural layers of Pattanam.,Cherian-2011-Pattanam-5th-Season-Field-Report,28,,
pattanam,Pattanam,anchor,Kerala,10.1530,76.2070,bead,Bead (glass or stone),small_find,,,,,,within_1,"Stone beads are mainly of carnelian, chalcedony, agate, amethyst, beryl, garnet and quartz.",Cherian-2011-Pattanam-5th-Season-Field-Report,28,,
pattanam,Pattanam,anchor,Kerala,10.1530,76.2070,bead,Bead (glass or stone),small_find,,,,,,within_2,"The transparent, translucent and opaque glass beads are in almost all known shapes and colors.",Cherian-2011-Pattanam-5th-Season-Field-Report,28,,
pattanam,Pattanam,anchor,Kerala,10.1530,76.2070,bead,Bead (glass or stone),small_find,,,,,,same_sentence,"Pattanam being identified as an integral part of the legendary port of Muziris, the paper would try to explore the purpose of bead making at the site.",Cherian-2011-Pattanam-5th-Season-Field-Report,28,,
pattanam,Pattanam,anchor,Kerala,10.1530,76.2070,lamp,Roman lamp,small_find,,,,,,same_sentence,"Terracotta objects from Pattanam excavations with special reference to spindle-whorls, hop scotches, wheels/discs and lamps Sarathchandrababu*, P J Cherian* and V Selvakumar+ *Kerala Council for Historical Research (KCHR), & +Tamil University Pattanam archaeological site can claim uniqueness owing to its huge quantity of potsherds from early historic cultural layers.",Cherian-2011-Pattanam-5th-Season-Field-Report,32,,
pattanam,Pattanam,anchor,Kerala,10.1530,76.2070,lamp,Roman lamp,small_find,,,,,,within_2,"This paper would discuss four types of terracotta objects -spindle whorls, hop scotches, wheels/discs and lamps and their possible functional context in the ancient port town of Muziris.",Cherian-2011-Pattanam-5th-Season-Field-Report,32,,
pattanam,Pattanam,anchor,Kerala,10.1530,76.2070,lamp,Roman lamp,small_find,,,,,,within_1,Terracotta lamps have a significant place in both commercial and residential contexts.,Cherian-2011-Pattanam-5th-Season-Field-Report,32,,
pattanam,Pattanam,anchor,Kerala,10.1530,76.2070,frankincense,Frankincense,organic,,,,,,within_1,"The water logged contexts of 2007 season produced a plethora of botanical samples which included a wooden canoe made of Anjili (Artocarpus hirsutus), bollards made of teak wood (Tectona grandis) and many other remains such as pepper, cardamom, rice, coconut shell, mango seed, and frankincense.",Cherian-2011-Pattanam-5th-Season-Field-Report,35,,
pattanam,Pattanam,anchor,Kerala,10.1530,76.2070,teak,Teak / Indian timber,organic,,,,,,within_1,"The water logged contexts of 2007 season produced a plethora of botanical samples which included a wooden canoe made of Anjili (Artocarpus hirsutus), bollards made of teak wood (Tectona grandis) and many other remains such as pepper, cardamom, rice, coconut shell, mango seed, and frankincense.",Cherian-2011-Pattanam-5th-Season-Field-Report,35,,
pattanam,Pattanam,anchor,Kerala,10.1530,76.2070,frankincense,Frankincense,organic,,,,,,within_1,One interesting feature was the presence of fragments of frankincense in the peat.,Cherian-2011-Pattanam-5th-Season-Field-Report,35,,
pattanam,Pattanam,anchor,Kerala,10.1530,76.2070,teak,Teak / Indian timber,organic,,,,,,within_1,"The excavations in the northeastern part of the site revealed a wharf and a warehouse structure, a wooden canoe made of anjili in a waterlogged context, along with nine bollards of teak.",Cherian-Pattanam-Evidence-of-Maritime-Exchanges,1,,
pattanam,Pattanam,anchor,Kerala,10.1530,76.2070,roman_coin,Roman coin,coin,,,,,,same_sentence,"It becomes more mysterious when most of the contemporary port sites such as Korkai, Alagankulam, Poompuhar (Kaveripattinam) and Vasavasamudram could be successfully investigated on the Coromandal coast (southeast coast of India) following Arikamedu (Veeram Pattanam) excavations.7 The southwest coast of India remained an archaeological vacuum (except a few coin hoards) as far as its legacy of international maritime exchanges was concerned.",Cherian-Pattanam-Evidence-of-Maritime-Exchanges,2,,
kaveripattinam,Kaveripattinam,comparandum,Coromandel,11.1400,79.8500,roman_coin,Roman coin,coin,,,,,,same_sentence,"It becomes more mysterious when most of the contemporary port sites such as Korkai, Alagankulam, Poompuhar (Kaveripattinam) and Vasavasamudram could be successfully investigated on the Coromandal coast (southeast coast of India) following Arikamedu (Veeram Pattanam) excavations.7 The southwest coast of India remained an archaeological vacuum (except a few coin hoards) as far as its legacy of international maritime exchanges was concerned.",Cherian-Pattanam-Evidence-of-Maritime-Exchanges,2,,
vasavasamudram,Vasavasamudram,comparandum,Coromandel,12.2400,80.1500,roman_coin,Roman coin,coin,,,,,,same_sentence,"It becomes more mysterious when most of the contemporary port sites such as Korkai, Alagankulam, Poompuhar (Kaveripattinam) and Vasavasamudram could be successfully investigated on the Coromandal coast (southeast coast of India) following Arikamedu (Veeram Pattanam) excavations.7 The southwest coast of India remained an archaeological vacuum (except a few coin hoards) as far as its legacy of international maritime exchanges was concerned.",Cherian-Pattanam-Evidence-of-Maritime-Exchanges,2,,
alagankulam,Alagankulam,comparandum,Coromandel,9.3600,79.0200,roman_coin,Roman coin,coin,,,,,,same_sentence,"It becomes more mysterious when most of the contemporary port sites such as Korkai, Alagankulam, Poompuhar (Kaveripattinam) and Vasavasamudram could be successfully investigated on the Coromandal coast (southeast coast of India) following Arikamedu (Veeram Pattanam) excavations.7 The southwest coast of India remained an archaeological vacuum (except a few coin hoards) as far as its legacy of international maritime exchanges was concerned.",Cherian-Pattanam-Evidence-of-Maritime-Exchanges,2,,
arikamedu,Arikamedu,anchor,Coromandel,11.9000,79.8200,roman_coin,Roman coin,coin,,,,,,same_sentence,"It becomes more mysterious when most of the contemporary port sites such as Korkai, Alagankulam, Poompuhar (Kaveripattinam) and Vasavasamudram could be successfully investigated on the Coromandal coast (southeast coast of India) following Arikamedu (Veeram Pattanam) excavations.7 The southwest coast of India remained an archaeological vacuum (except a few coin hoards) as far as its legacy of international maritime exchanges was concerned.",Cherian-Pattanam-Evidence-of-Maritime-Exchanges,2,,
pattanam,Pattanam,anchor,Kerala,10.1530,76.2070,lamp,Roman lamp,small_find,,,,,Y,within_1,"The terracotta objects include lamps, spindle whorls, toy wheels, discs (with and without perforation), hopscotches, oven knobs and stoppers, tiles, bricks, ring-wells and the enormous quantity of potsherds.",Cherian-Pattanam-Evidence-of-Maritime-Exchanges,4,,
pattanam,Pattanam,anchor,Kerala,10.1530,76.2070,roman_amphora_unspec,Roman amphora (unspecified type),mediterranean_amphora,6029,sherds,exact,127,,same_sentence,"So far 6029 amphora sherds were found from the five seasons of Pattanam excavations.17 According to Roberta Tomber,18 the majority of Roman amphorae sherds found at Pattanam, including those with double-rod handles, were transport-containers for wine.",Cherian-Pattanam-Evidence-of-Maritime-Exchanges,5,accept,matches Cherian 2012 Table 2
pattanam,Pattanam,anchor,Kerala,10.1530,76.2070,dressel_2_4,Dressel 2-4 amphora,mediterranean_amphora,,,,,,same_sentence,"The double-rod style originated in the fourth century BCE, along with the Greek Koan amphorae produced on the island of Kos.19 Their production was primarily during the Hellenistic period (c.336-30BCE) but it continued into the Roman Empire period through the first century CE.20 Tomber21 further identifies Dressel 2-4, the most common variety found at Pattanam as belonging to Kos (Greek Island), Campania, (Southern Italy and Bay of Naples) and Cilicia (Eastern Turkey and Syria).",Cherian-Pattanam-Evidence-of-Maritime-Exchanges,5,,
pattanam,Pattanam,anchor,Kerala,10.1530,76.2070,koan,Koan amphora,mediterranean_amphora,,,,,,same_sentence,"The double-rod style originated in the fourth century BCE, along with the Greek Koan amphorae produced on the island of Kos.19 Their production was primarily during the Hellenistic period (c.336-30BCE) but it continued into the Roman Empire period through the first century CE.20 Tomber21 further identifies Dressel 2-4, the most common variety found at Pattanam as belonging to Kos (Greek Island), Campania, (Southern Italy and Bay of Naples) and Cilicia (Eastern Turkey and Syria).",Cherian-Pattanam-Evidence-of-Maritime-Exchanges,5,,
pattanam,Pattanam,anchor,Kerala,10.1530,76.2070,sigillata_unspec,Sigillata (unspecified),mediterranean_fineware,122,sherds,exact,54,,same_sentence,A total number of 122 sherds (subject to confirmation by the expert) of Terra sigillata has been found from Pattanam.22 Indian Rouletted Ware (IRW) are fragments of Indian fine pottery including bowls and dishes.,Cherian-Pattanam-Evidence-of-Maritime-Exchanges,5,accept,matches Cherian 2012 Table 2
pattanam,Pattanam,anchor,Kerala,10.1530,76.2070,rouletted_ware,Rouletted Ware (Wheeler Type 1),indian_fineware,,,,,,same_sentence,A total number of 122 sherds (subject to confirmation by the expert) of Terra sigillata has been found from Pattanam.22 Indian Rouletted Ware (IRW) are fragments of Indian fine pottery including bowls and dishes.,Cherian-Pattanam-Evidence-of-Maritime-Exchanges,5,,
pattanam,Pattanam,anchor,Kerala,10.1530,76.2070,mes_glazed,Mesopotamian Glazed Ware,mesopotamian,,,,,,within_2,"Turquoise Glazed Pottery (TGP) referred in literature also as ‘TURQ’, Sassano-Islamic, alkaline ware and alkaline glazed ware, is the term used to refer to a glazed earthen ware that has a light beige fabric and a glaze that can be green, yellow, white or blue in colour.",Cherian-Pattanam-Evidence-of-Maritime-Exchanges,5,,
chandraketugarh,Chandraketugarh,comparandum,Ganges delta,22.6800,88.6800,rouletted_ware,Rouletted Ware (Wheeler Type 1),indian_fineware,,,,,,same_sentence,The Chandraketugarh-Tamluk Region of Bengal: Source of the Early Historic Rouletted Ware from India and Southeast Asia.,Cherian-Pattanam-Evidence-of-Maritime-Exchanges,9,,
tamluk,Tamluk,comparandum,Ganges delta,22.3000,87.9200,rouletted_ware,Rouletted Ware (Wheeler Type 1),indian_fineware,,,,,,same_sentence,The Chandraketugarh-Tamluk Region of Bengal: Source of the Early Historic Rouletted Ware from India and Southeast Asia.,Cherian-Pattanam-Evidence-of-Maritime-Exchanges,9,,
berenike,Berenike,anchor,Egyptian Red Sea,23.9106,35.4761,black_pepper,Black pepper (Piper nigrum),organic,,,,,,within_1,"Aeschylus made reference to the “Erythra Thalassa” (see below), Herodotus commented on various Indian tribes, Aristophanes alluded to Eudaimon Arabia (southern Arabia or the port of Aden); and by the early Hellenistic period Theophrastus could even distinguish between the plants producing black pepper (piper nigrum) and long pepper (piper longum).9 During the Hellenistic period (323–30BCE), two of the major dynasties, the Ptolemaic and Seleucid, established themselves after Alexander the Great’s deathandgainedaccesstotheRedSeaandthePersianGulf,respectively.Under these dynasties, Greek-speaking",Cobb-2018-Rome-and-the-Indian-Ocean-Trade-introduction,13,,
aden,Aden (Eudaimon Arabia),comparandum,South Arabia,12.7900,45.0300,black_pepper,Black pepper (Piper nigrum),organic,,,,,,same_sentence,"Aeschylus made reference to the “Erythra Thalassa” (see below), Herodotus commented on various Indian tribes, Aristophanes alluded to Eudaimon Arabia (southern Arabia or the port of Aden); and by the early Hellenistic period Theophrastus could even distinguish between the plants producing black pepper (piper nigrum) and long pepper (piper longum).9 During the Hellenistic period (323–30BCE), two of the major dynasties, the Ptolemaic and Seleucid, established themselves after Alexander the Great’s deathandgainedaccesstotheRedSeaandthePersianGulf,respectively.Under these dynasties, Greek-speaking",Cobb-2018-Rome-and-the-Indian-Ocean-Trade-introduction,13,,
mleiha,Mleiha,comparandum,Gulf,25.1200,55.8600,rhodian,Rhodian amphora,mediterranean_amphora,,,,,,same_sentence,"For Rhodian amphorae and a Seleucid coin at Mleiha (Qatar) see Salles (1995): 125, 134;",Cobb-2018-Rome-and-the-Indian-Ocean-Trade-introduction,13,,
arikamedu,Arikamedu,anchor,Coromandel,11.9000,79.8200,roman_pottery_unspec,Roman pottery (unspecified),mediterranean_unspecified,,,,,,same_sentence,"It provided the most important concentration of Roman ceramics in India until the recent discoveries at Pattanam,Kerala(probablyancientMuziris,oratleastasatellitesettlement).44 The uncovered material encouraged Wheeler to assert that Graeco-Roman merchants resided at Arikamedu.45 However, re-evaluation of this material by Begley, as well as subsequent excavations in the 1990s, have overturned many of Wheeler’s interpretations.",Cobb-2018-Rome-and-the-Indian-Ocean-Trade-introduction,23,,
pattanam,Pattanam,anchor,Kerala,10.1530,76.2070,roman_pottery_unspec,Roman pottery (unspecified),mediterranean_unspecified,,,,,,same_sentence,"It provided the most important concentration of Roman ceramics in India until the recent discoveries at Pattanam,Kerala(probablyancientMuziris,oratleastasatellitesettlement).44 The uncovered material encouraged Wheeler to assert that Graeco-Roman merchants resided at Arikamedu.45 However, re-evaluation of this material by Begley, as well as subsequent excavations in the 1990s, have overturned many of Wheeler’s interpretations.",Cobb-2018-Rome-and-the-Indian-Ocean-Trade-introduction,23,,
sumhuram,Sumhuram (Khor Rori),anchor,South Arabia,17.0400,54.4300,roman_pottery_unspec,Roman pottery (unspecified),mediterranean_unspecified,,,,,Y,same_sentence,"This includes Eritro-British and Eritro-Italian work at the site of ancient Adulis; excavations in the 1990s at Qanaʾ or Qāni (probably the Kane of the Periplus Maris Eythraei, a few kilometres away from modern Bir ʿAlī); recent work at Khor Rori (probably the Moscha Limen of the Periplus Maris Eythraei); and ongoing excavations at Pattanam (ancient Muziris).TheselocationshaverevealedmuchRomanandnon-Romanmaterial relatingtotheIndianOceantrade.Inthecaseof Pattanamfragmentsof Roman ceramics have been discovered on a scale not matched in previous excavations in India.58 With such increased volume",Cobb-2018-Rome-and-the-Indian-Ocean-Trade-introduction,27,,
pattanam,Pattanam,anchor,Kerala,10.1530,76.2070,roman_pottery_unspec,Roman pottery (unspecified),mediterranean_unspecified,,,,,Y,same_sentence,"This includes Eritro-British and Eritro-Italian work at the site of ancient Adulis; excavations in the 1990s at Qanaʾ or Qāni (probably the Kane of the Periplus Maris Eythraei, a few kilometres away from modern Bir ʿAlī); recent work at Khor Rori (probably the Moscha Limen of the Periplus Maris Eythraei); and ongoing excavations at Pattanam (ancient Muziris).TheselocationshaverevealedmuchRomanandnon-Romanmaterial relatingtotheIndianOceantrade.Inthecaseof Pattanamfragmentsof Roman ceramics have been discovered on a scale not matched in previous excavations in India.58 With such increased volume",Cobb-2018-Rome-and-the-Indian-Ocean-Trade-introduction,27,,
adulis,Adulis,anchor,East African Red Sea,15.2617,39.6600,roman_pottery_unspec,Roman pottery (unspecified),mediterranean_unspecified,,,,,Y,same_sentence,"This includes Eritro-British and Eritro-Italian work at the site of ancient Adulis; excavations in the 1990s at Qanaʾ or Qāni (probably the Kane of the Periplus Maris Eythraei, a few kilometres away from modern Bir ʿAlī); recent work at Khor Rori (probably the Moscha Limen of the Periplus Maris Eythraei); and ongoing excavations at Pattanam (ancient Muziris).TheselocationshaverevealedmuchRomanandnon-Romanmaterial relatingtotheIndianOceantrade.Inthecaseof Pattanamfragmentsof Roman ceramics have been discovered on a scale not matched in previous excavations in India.58 With such increased volume",Cobb-2018-Rome-and-the-Indian-Ocean-Trade-introduction,27,,
qana,Qana / Kane,anchor,South Arabia,14.0167,48.3200,roman_pottery_unspec,Roman pottery (unspecified),mediterranean_unspecified,,,,,Y,same_sentence,"This includes Eritro-British and Eritro-Italian work at the site of ancient Adulis; excavations in the 1990s at Qanaʾ or Qāni (probably the Kane of the Periplus Maris Eythraei, a few kilometres away from modern Bir ʿAlī); recent work at Khor Rori (probably the Moscha Limen of the Periplus Maris Eythraei); and ongoing excavations at Pattanam (ancient Muziris).TheselocationshaverevealedmuchRomanandnon-Romanmaterial relatingtotheIndianOceantrade.Inthecaseof Pattanamfragmentsof Roman ceramics have been discovered on a scale not matched in previous excavations in India.58 With such increased volume",Cobb-2018-Rome-and-the-Indian-Ocean-Trade-introduction,27,,
sumhuram,Sumhuram (Khor Rori),anchor,South Arabia,17.0400,54.4300,torpedo_jar,Torpedo jar,mesopotamian,,,,,,within_2,"For example, Tomber has shown that some amphorae previously thought to be late Roman are in fact Mesopotamian Torpedo Jars.59 Suresh, in his Symbolsof Trade(2004),likewisesoughttocollatelistsof Romanceramics,coinage, and crafted products(bronzes,glassware,jewellery)found in India.",Cobb-2018-Rome-and-the-Indian-Ocean-Trade-introduction,27,,
pattanam,Pattanam,anchor,Kerala,10.1530,76.2070,torpedo_jar,Torpedo jar,mesopotamian,,,,,,within_2,"For example, Tomber has shown that some amphorae previously thought to be late Roman are in fact Mesopotamian Torpedo Jars.59 Suresh, in his Symbolsof Trade(2004),likewisesoughttocollatelistsof Romanceramics,coinage, and crafted products(bronzes,glassware,jewellery)found in India.",Cobb-2018-Rome-and-the-Indian-Ocean-Trade-introduction,27,,
adulis,Adulis,anchor,East African Red Sea,15.2617,39.6600,torpedo_jar,Torpedo jar,mesopotamian,,,,,,within_2,"For example, Tomber has shown that some amphorae previously thought to be late Roman are in fact Mesopotamian Torpedo Jars.59 Suresh, in his Symbolsof Trade(2004),likewisesoughttocollatelistsof Romanceramics,coinage, and crafted products(bronzes,glassware,jewellery)found in India.",Cobb-2018-Rome-and-the-Indian-Ocean-Trade-introduction,27,,
qana,Qana / Kane,anchor,South Arabia,14.0167,48.3200,torpedo_jar,Torpedo jar,mesopotamian,,,,,,within_2,"For example, Tomber has shown that some amphorae previously thought to be late Roman are in fact Mesopotamian Torpedo Jars.59 Suresh, in his Symbolsof Trade(2004),likewisesoughttocollatelistsof Romanceramics,coinage, and crafted products(bronzes,glassware,jewellery)found in India.",Cobb-2018-Rome-and-the-Indian-Ocean-Trade-introduction,27,,
ras_hafun,Ras Hafun,anchor,Horn of Africa,10.4400,51.2600,roman_amphora_unspec,Roman amphora (unspecified type),mediterranean_amphora,,,,,,within_1,"For example, pottery sherds found at some sites in India have been erroneously identified as deriving from Roman amphorae.67 Different types of material finds also pose their own difficulties.",Cobb-2018-Rome-and-the-Indian-Ocean-Trade-introduction,30,,
ras_hafun,Ras Hafun,anchor,Horn of Africa,10.4400,51.2600,black_pepper,Black pepper (Piper nigrum),organic,,,,,,within_2,"Unsurprisingly, pottery is found frequently, whereas metals tend to get recycled.68 Organic materials are also underrepresented due to natural decay, except wherespecialconditionshelpwithpreservation.HyperaridconditionsatMyos Hormos and Berenike have allowed some types of organic materials to survive, including charred or desiccated plant remains and textiles.69 Archaeobotanical remains can also survive in waterlogged (anaerobic) conditions, as is the case with some organic material at Pattanam and with peppercorns found in north-westernEurope(Germany,Britain,andFrance).70Furthermore,siteslike",Cobb-2018-Rome-and-the-Indian-Ocean-Trade-introduction,30,,
berenike,Berenike,anchor,Egyptian Red Sea,23.9106,35.4761,black_pepper,Black pepper (Piper nigrum),organic,,,,,,same_sentence,"Unsurprisingly, pottery is found frequently, whereas metals tend to get recycled.68 Organic materials are also underrepresented due to natural decay, except wherespecialconditionshelpwithpreservation.HyperaridconditionsatMyos Hormos and Berenike have allowed some types of organic materials to survive, including charred or desiccated plant remains and textiles.69 Archaeobotanical remains can also survive in waterlogged (anaerobic) conditions, as is the case with some organic material at Pattanam and with peppercorns found in north-westernEurope(Germany,Britain,andFrance).70Furthermore,siteslike",Cobb-2018-Rome-and-the-Indian-Ocean-Trade-introduction,30,,
pattanam,Pattanam,anchor,Kerala,10.1530,76.2070,black_pepper,Black pepper (Piper nigrum),organic,,,,,,same_sentence,"Unsurprisingly, pottery is found frequently, whereas metals tend to get recycled.68 Organic materials are also underrepresented due to natural decay, except wherespecialconditionshelpwithpreservation.HyperaridconditionsatMyos Hormos and Berenike have allowed some types of organic materials to survive, including charred or desiccated plant remains and textiles.69 Archaeobotanical remains can also survive in waterlogged (anaerobic) conditions, as is the case with some organic material at Pattanam and with peppercorns found in north-westernEurope(Germany,Britain,andFrance).70Furthermore,siteslike",Cobb-2018-Rome-and-the-Indian-Ocean-Trade-introduction,30,,
sumhuram,Sumhuram (Khor Rori),anchor,South Arabia,17.0400,54.4300,bead,Bead (glass or stone),small_find,,,,,,within_1,"Apart from this, many sites in Thailand, Sumatra, Java, Malaysia and China have also yielded inscriptions on south Indian and north Indian scripts, coins, sculptures, beads and other objects of Indian, particularly south Indian origin.",Dayalan-2018-Ancient-Seaports-Western-Coast-India,6,,
sopara,Sopara,comparandum,Konkan,19.4200,72.7900,roman_amphora_unspec,Roman amphora (unspecified type),mediterranean_amphora,,,,,,within_2,"Excavations at this site have also yielded fragments of Roman amphorae, red polished ware, glass and many other objects of foreign and indigenous origin datable to the early centuries of the Common Era.",Dayalan-2018-Ancient-Seaports-Western-Coast-India,15,,
banbhore,Banbhore / Bhambore,candidate,Indus delta,24.7500,67.5300,bead,Bead (glass or stone),small_find,,,,,,within_1,"Along with beads, the glass corpus comprises several vessels.",Felici-et-al-Banbhore-Pakistani-Italian-Excavations,6,,
banbhore,Banbhore / Bhambore,candidate,Indus delta,24.7500,67.5300,torpedo_jar,Torpedo jar,mesopotamian,,,,,,same_sentence,"Some specimens also came from the Persian Gulf, for example, torpedo jars are well-represented and were used in Banbhore between the second or third and tenth centuries.15 The finest imports of the pre-Islamic period are attributed to the Indian red polished ware, and it was also locally imitated.",Felici-et-al-Banbhore-Pakistani-Italian-Excavations,7,,
aynuna,Aynuna / Khuraybah,candidate,NW Arabia,28.1000,35.2100,roman_coin,Roman coin,coin,,,,,,within_2,The Roman coins all belong to wellknown types.,Gawlikowski-Juchniewicz-al-Zahrani-2021-Aynuna-Nabataean-Port-Red-Sea,321,,
berenike,Berenike,anchor,Egyptian Red Sea,23.9106,35.4761,bead,Bead (glass or stone),small_find,,,,,,same_sentence,"(2015) Cross-cultural bead encounters at the Red Sea port site of Berenike, Egypt.",Gawlikowski-Juchniewicz-al-Zahrani-2021-Aynuna-Nabataean-Port-Red-Sea,351,,
berenike,Berenike,anchor,Egyptian Red Sea,23.9106,35.4761,frankincense,Frankincense,organic,,,,,,within_1,"Other, corneous opercula were ground to be mixed with frankincense, as it was the case with those of Chicoreus virgineus accounting for nearly one half of all Gastropoda in Aynuna, but rare in Myos Hormos.",Gawlikowski-Juchniewicz-al-Zahrani-2021-Aynuna-Nabataean-Port-Red-Sea,355,,
aynuna,Aynuna / Khuraybah,candidate,NW Arabia,28.1000,35.2100,frankincense,Frankincense,organic,,,,,,same_sentence,"Other, corneous opercula were ground to be mixed with frankincense, as it was the case with those of Chicoreus virgineus accounting for nearly one half of all Gastropoda in Aynuna, but rare in Myos Hormos.",Gawlikowski-Juchniewicz-al-Zahrani-2021-Aynuna-Nabataean-Port-Red-Sea,355,,
myos_hormos,Myos Hormos (Quseir al-Qadim),anchor,Egyptian Red Sea,26.1567,34.2417,frankincense,Frankincense,organic,,,,,,same_sentence,"Other, corneous opercula were ground to be mixed with frankincense, as it was the case with those of Chicoreus virgineus accounting for nearly one half of all Gastropoda in Aynuna, but rare in Myos Hormos.",Gawlikowski-Juchniewicz-al-Zahrani-2021-Aynuna-Nabataean-Port-Red-Sea,355,,
barygaza,Barygaza (Bharuch),anchor,Gujarat,21.7000,72.9900,frankincense,Frankincense,organic,,,,,Y,within_2,"The maritime trade of asia could not have survived for any length of time without the presence of inland urban centres and a productive agricultural environment capable of producing a food surplus and industrial raw materials.22 also, transportation of commodities away from their original locations enhanced their value and led to intensiied demand, which ‘emerges as a function of a variety of social practices and classiications’.23 spices –nard, costus, cinnamon, ginger and pepper swiftly became standard entries in ancient recipes and in the words of Casson, ‘in a world of hot temperatures and",Ghosh-Barbarikon-in-the-Maritime-Trade-Network-of-Early-India,6,,
charax,Charax Spasinou,comparandum,Mesopotamia,30.5000,47.8000,frankincense,Frankincense,organic,,,,,Y,same_sentence,"This expression, according to Casson, means ‘one whose ruler insisted that all trade pass through his hands or those of his agents, where there was no free bazaar but only an authorised oice of trade.’48 according to Potts, from 50/51 ce to 193 ce, the Palmyrene inscriptions show that much of the overland traic took place between Palmyra and spasinou Charax and from there the land route became a sea route, in which ships sailed irst to ‘scythia’, the north-west corner of the indian subcontinent, and might have gone further south along the coast.49 in section 38, the author of the Periplus talk",Ghosh-Barbarikon-in-the-Maritime-Trade-Network-of-Early-India,11,,
pattanam,Pattanam,anchor,Kerala,10.1530,76.2070,bead,Bead (glass or stone),small_find,,,,,,same_sentence,"(Babington, Thapar, Gurukkal and Raghava Varier, Rajesh) from the megaliths along with the bead manufacturing wastes of nonlocal semi-precious stones like carnelian, amethyst, quartz, beryl, chalcedony, topaz, onyx etc. from Pattanam excavations (About 1062 semi-precious stone debitages found at Pattanam during the 2007-2014 excavations.",Historical-Archaeology-Iron-Age-Early-Historic-Kerala,7,,
pattanam,Pattanam,anchor,Kerala,10.1530,76.2070,roman_glass,Roman glass,glass,906,fragments,approximate,10,,same_sentence,"Cherian. ed. 2015h: 40), Mediterranean and West Asian glass fragments (About 906 glass fragments including Roman pillared bowl were found at Pattanam from 2007-2014.",Historical-Archaeology-Iron-Age-Early-Historic-Kerala,10,accept,conflicts with Cherian Table 1; both recorded
berenike,Berenike,anchor,Egyptian Red Sea,23.9106,35.4761,torpedo_jar,Torpedo jar,mesopotamian,,,,,,within_1,The archaeological site of Pattanam also yielded a number of West Asian ceramics like Torpedo jars (About 398 Torpedo jar shreds were found at Pattanam excavations from 2007-2014.,Historical-Archaeology-Iron-Age-Early-Historic-Kerala,10,,
pattanam,Pattanam,anchor,Kerala,10.1530,76.2070,torpedo_jar,Torpedo jar,mesopotamian,398,shreds,approximate,10,,same_sentence,The archaeological site of Pattanam also yielded a number of West Asian ceramics like Torpedo jars (About 398 Torpedo jar shreds were found at Pattanam excavations from 2007-2014.,Historical-Archaeology-Iron-Age-Early-Historic-Kerala,10,accept,"conflicts with Cherian 2012 (3,098); both recorded"
pattanam,Pattanam,anchor,Kerala,10.1530,76.2070,bead,Bead (glass or stone),small_find,,,,,,within_2,"The huge burial monuments and valuable burial goods like semi-precious stone beads, iron weapons etc. must represent the possible existence of a powerful political system, which had a sway over the resource mobilization and redistribution.",Historical-Archaeology-Iron-Age-Early-Historic-Kerala,23,,
pattanam,Pattanam,anchor,Kerala,10.1530,76.2070,bead,Bead (glass or stone),small_find,,,,,,same_sentence,"The archaeological remains, especially the non-local semi-precious stones beads and manufacturing waste of carnelian, amethyst, chalcedony etc. from megaliths and from the Pattanam excavations respectively have shown the possible contact of the traders or craftsmen of the region with the northern parts of the country.",Historical-Archaeology-Iron-Age-Early-Historic-Kerala,29,,
berenike,Berenike,anchor,Egyptian Red Sea,23.9106,35.4761,frankincense,Frankincense,organic,,,,,,same_sentence,"From Berenike] Passengers generally set sail at midsummer, before the rising of the Dog-star, or else immediately after, and in about 30 days arrive at Ocelis in Arabia, or else at Cane, in the region which bears frankincense.",Nappo-2010-JRA-23-On-the-Location-of-Leuke-Kome,7,,
barygaza,Barygaza (Bharuch),anchor,Gujarat,21.7000,72.9900,frankincense,Frankincense,organic,,,,,,same_sentence,"Connections are found between North Africa and Barygaza through the exchange of ghee; between North Africa and Arabia through ivory, myrrh, and frankincense; and between South India and Arabia through wine and frankincense.",Networks-and-Cultural-Mapping,4,,
barygaza,Barygaza (Bharuch),anchor,Gujarat,21.7000,72.9900,torpedo_jar,Torpedo jar,mesopotamian,,,,,,within_1,"This last example suggests how the redistribution network might have worked, as some frankincense exported from Kane (South Arabian Coast) to the Gulf sites may also have traveled from there to Muziris (Malabar Coast), as well as local wine, as the remains of incense and torpedo jars in Pattanam testify (Tomber 2015).",Networks-and-Cultural-Mapping,4,,
pattanam,Pattanam,anchor,Kerala,10.1530,76.2070,torpedo_jar,Torpedo jar,mesopotamian,,,,,,same_sentence,"This last example suggests how the redistribution network might have worked, as some frankincense exported from Kane (South Arabian Coast) to the Gulf sites may also have traveled from there to Muziris (Malabar Coast), as well as local wine, as the remains of incense and torpedo jars in Pattanam testify (Tomber 2015).",Networks-and-Cultural-Mapping,4,,
qana,Qana / Kane,anchor,South Arabia,14.0167,48.3200,torpedo_jar,Torpedo jar,mesopotamian,,,,,,same_sentence,"This last example suggests how the redistribution network might have worked, as some frankincense exported from Kane (South Arabian Coast) to the Gulf sites may also have traveled from there to Muziris (Malabar Coast), as well as local wine, as the remains of incense and torpedo jars in Pattanam testify (Tomber 2015).",Networks-and-Cultural-Mapping,4,,
barygaza,Barygaza (Bharuch),anchor,Gujarat,21.7000,72.9900,frankincense,Frankincense,organic,,,,,,within_1,"This last example suggests how the redistribution network might have worked, as some frankincense exported from Kane (South Arabian Coast) to the Gulf sites may also have traveled from there to Muziris (Malabar Coast), as well as local wine, as the remains of incense and torpedo jars in Pattanam testify (Tomber 2015).",Networks-and-Cultural-Mapping,4,,
pattanam,Pattanam,anchor,Kerala,10.1530,76.2070,frankincense,Frankincense,organic,,,,,,same_sentence,"This last example suggests how the redistribution network might have worked, as some frankincense exported from Kane (South Arabian Coast) to the Gulf sites may also have traveled from there to Muziris (Malabar Coast), as well as local wine, as the remains of incense and torpedo jars in Pattanam testify (Tomber 2015).",Networks-and-Cultural-Mapping,4,,
qana,Qana / Kane,anchor,South Arabia,14.0167,48.3200,frankincense,Frankincense,organic,,,,,,same_sentence,"This last example suggests how the redistribution network might have worked, as some frankincense exported from Kane (South Arabian Coast) to the Gulf sites may also have traveled from there to Muziris (Malabar Coast), as well as local wine, as the remains of incense and torpedo jars in Pattanam testify (Tomber 2015).",Networks-and-Cultural-Mapping,4,,
petra,Petra,comparandum,Nabataea,30.3285,35.4444,frankincense,Frankincense,organic,,,,,,within_1,"The Roman Empire imported exotic goods, such as frankincense, pepper and other spices, Indian muslin and silk from China, but the trade also had a cultural significance, constituting a basis for Rome’s contacts with India and the Far East.",PAM-27-2020-includes-Aynuna-on-the-Red-Sea,29,,
berenike,Berenike,anchor,Egyptian Red Sea,23.9106,35.4761,bead,Bead (glass or stone),small_find,650,beads,approximate,11,,same_sentence,"PAM 27/1 (2018) Joanna Then-Obłuska Polish Centre of Mediterranean Archaeology, University of Warsaw Abstract: Almost 650 beads and pendants, most of them of glass and faience, were excavated over two seasons in 2014 and 2015 at Berenike on the Red Sea coast of Egypt.",PAM-27-2020-includes-Aynuna-on-the-Red-Sea,204,accept,assemblage total for the 2014-15 seasons
berenike,Berenike,anchor,Egyptian Red Sea,23.9106,35.4761,bead,Bead (glass or stone),small_find,,,,,,same_sentence,"This material, coming from 19 trenches variously located within the Hellenistic to early Byzantine site, has contributed some new data, enhancing the Berenike bead typology.",PAM-27-2020-includes-Aynuna-on-the-Red-Sea,204,,
berenike,Berenike,anchor,Egyptian Red Sea,23.9106,35.4761,bead,Bead (glass or stone),small_find,,,,,,within_1,Highlights included a Bes pendant of glass from a Hellenistic context and early Roman mosaic glass beads with face patterns.,PAM-27-2020-includes-Aynuna-on-the-Red-Sea,204,,
berenike,Berenike,anchor,Egyptian Red Sea,23.9106,35.4761,bead,Bead (glass or stone),small_find,,,,,,same_sentence,"Keywords: Berenike, Red Sea port, Red Sea trade, Indian Ocean trade, Ptolemaic, early Roman, late antiquity, Roman, Bes amulet, face beads Glass beads have become increasingly useful in reconstructing trends in material culture as well as changing exchange network patterns.",PAM-27-2020-includes-Aynuna-on-the-Red-Sea,204,,
berenike,Berenike,anchor,Egyptian Red Sea,23.9106,35.4761,bead,Bead (glass or stone),small_find,,,,,,within_1,"In recent years, the study of glass beads using a combination of observation and compositional analyses has expanded tremendously (e.g., Then-Obłuska and Dussubieux 2016;",PAM-27-2020-includes-Aynuna-on-the-Red-Sea,204,,
berenike,Berenike,anchor,Egyptian Red Sea,23.9106,35.4761,bead,Bead (glass or stone),small_find,650,beads,approximate,11,Y,same_sentence,"Compositional analysis of the glass of the Berenike beads is not possible at present, hence this paper provides an overview of almost 650 beads and pendants from two seasons of archaeological fieldwork in 2014 and 2015 at this harbor site on the Red Sea coast of Egypt based on macroscopic studies.",PAM-27-2020-includes-Aynuna-on-the-Red-Sea,204,accept,assemblage total for the 2014-15 seasons
berenike,Berenike,anchor,Egyptian Red Sea,23.9106,35.4761,bead,Bead (glass or stone),small_find,,,,,,same_sentence,"The following overview of Berenike beads and pendants is presented following a division into the main archaeological areas as indicated above, making use of the established site stratigraphy and current chronological attributions.",PAM-27-2020-includes-Aynuna-on-the-Red-Sea,206,,
berenike,Berenike,anchor,Egyptian Red Sea,23.9106,35.4761,bead,Bead (glass or stone),small_find,,,,,,within_1,"The beads are described below in detail, and a vast majority has been illustrated in the plates.",PAM-27-2020-includes-Aynuna-on-the-Red-Sea,206,,
berenike,Berenike,anchor,Egyptian Red Sea,23.9106,35.4761,bead,Bead (glass or stone),small_find,,,,,,same_sentence,All trenches with bead finds from the 2014 and 2015 seasons in bold type (PCMA UW Berenike Project/map A.,PAM-27-2020-includes-Aynuna-on-the-Red-Sea,206,,
berenike,Berenike,anchor,Egyptian Red Sea,23.9106,35.4761,bead,Bead (glass or stone),small_find,,,,,,within_1,"Number of bead and pendant finds, whole and fragmentary, by season and trench",PAM-27-2020-includes-Aynuna-on-the-Red-Sea,206,,
berenike,Berenike,anchor,Egyptian Red Sea,23.9106,35.4761,bead,Bead (glass or stone),small_find,,,,,,within_2,A small ostrich-eggshell bead is unusual in its square disk shape [Fig. 3b:39].,PAM-27-2020-includes-Aynuna-on-the-Red-Sea,207,,
berenike,Berenike,anchor,Egyptian Red Sea,23.9106,35.4761,bead,Bead (glass or stone),small_find,,,,,,within_2,"Faience beads dominated the bead assemblage in BE14-95. 78 short cylinders and rings are blue, green and red in color [Fig. 3a:7–17, 28–30].",PAM-27-2020-includes-Aynuna-on-the-Red-Sea,210,,
berenike,Berenike,anchor,Egyptian Red Sea,23.9106,35.4761,bead,Bead (glass or stone),small_find,,,,,,same_sentence,"In general, compound beads have already been recorded from early Roman contexts at Berenike and elsewhere (Then-Obłuska 2015b; 2017a).",PAM-27-2020-includes-Aynuna-on-the-Red-Sea,214,,
berenike,Berenike,anchor,Egyptian Red Sea,23.9106,35.4761,bead,Bead (glass or stone),small_find,,,,,,within_1,One bead was made of a folded mosaic yellow strip with a pattern of a green bay leaf branch [Fig. 5:5].,PAM-27-2020-includes-Aynuna-on-the-Red-Sea,214,,
aksum,Aksum,comparandum,Ethiopian highlands,14.1300,38.7200,bead,Bead (glass or stone),small_find,,,,,,same_sentence,"Imported mosaic glass beads decorated with vegetal pattern were also found in Tomb 6 at Ona Enda Aboy Zewge, Bieta Giyorgis, Aksum (about 50 BC–AD 150) (http://193.205.136.29/metarchive2/content/indagini-archeologiche-nellarea-diaksum-ethiopia).",PAM-27-2020-includes-Aynuna-on-the-Red-Sea,214,,
aksum,Aksum,comparandum,Ethiopian highlands,14.1300,38.7200,bead,Bead (glass or stone),small_find,,,,,,within_1,Another bead is made of a folded mosaic glass strip.,PAM-27-2020-includes-Aynuna-on-the-Red-Sea,214,,
aksum,Aksum,comparandum,Ethiopian highlands,14.1300,38.7200,bead,Bead (glass or stone),small_find,,,,,,within_2,The strip is white with blue strokes [Fig. 5:7]. bead assemblages at Berenike and Marsa Nakari.,PAM-27-2020-includes-Aynuna-on-the-Red-Sea,214,,
berenike,Berenike,anchor,Egyptian Red Sea,23.9106,35.4761,bead,Bead (glass or stone),small_find,,,,,,same_sentence,The strip is white with blue strokes [Fig. 5:7]. bead assemblages at Berenike and Marsa Nakari.,PAM-27-2020-includes-Aynuna-on-the-Red-Sea,214,,
berenike,Berenike,anchor,Egyptian Red Sea,23.9106,35.4761,bead,Bead (glass or stone),small_find,,,,,,within_1,"While blue/green and orange colors make up the bulk of beads on Sri Lanka, dark blue, red, black, and violet colors dominate the Arikamedu bead assemblages (Francis 2002).",PAM-27-2020-includes-Aynuna-on-the-Red-Sea,214,,
arikamedu,Arikamedu,anchor,Coromandel,11.9000,79.8200,bead,Bead (glass or stone),small_find,,,,,,same_sentence,"While blue/green and orange colors make up the bulk of beads on Sri Lanka, dark blue, red, black, and violet colors dominate the Arikamedu bead assemblages (Francis 2002).",PAM-27-2020-includes-Aynuna-on-the-Red-Sea,214,,
berenike,Berenike,anchor,Egyptian Red Sea,23.9106,35.4761,bead,Bead (glass or stone),small_find,,,,,Y,within_2,A more specific provenance of the objects must remain uncertain as these beads have not been analyzed in the laboratory.,PAM-27-2020-includes-Aynuna-on-the-Red-Sea,214,,
arikamedu,Arikamedu,anchor,Coromandel,11.9000,79.8200,bead,Bead (glass or stone),small_find,,,,,Y,within_1,A more specific provenance of the objects must remain uncertain as these beads have not been analyzed in the laboratory.,PAM-27-2020-includes-Aynuna-on-the-Red-Sea,214,,
arikamedu,Arikamedu,anchor,Coromandel,11.9000,79.8200,bead,Bead (glass or stone),small_find,,,,,,within_2,"In contrast to the late period (late 4th–6th centuries AD), when Indo-Pacific glass beads constituted a large share of the Berenike bead assemblage, only a dozen Indo-Pacific specimens have been recorded so far in the early Roman trenches (Francis 2002;",PAM-27-2020-includes-Aynuna-on-the-Red-Sea,214,,
berenike,Berenike,anchor,Egyptian Red Sea,23.9106,35.4761,bead,Bead (glass or stone),small_find,,,,,,same_sentence,"In contrast to the late period (late 4th–6th centuries AD), when Indo-Pacific glass beads constituted a large share of the Berenike bead assemblage, only a dozen Indo-Pacific specimens have been recorded so far in the early Roman trenches (Francis 2002;",PAM-27-2020-includes-Aynuna-on-the-Red-Sea,214,,
berenike,Berenike,anchor,Egyptian Red Sea,23.9106,35.4761,bead,Bead (glass or stone),small_find,,,,,,within_1,"Some monochrome glass beads were made by segmenting drawn-glass tubes into single- or multiple-segments [Fig. 5:13, 12 respectively].",PAM-27-2020-includes-Aynuna-on-the-Red-Sea,214,,
berenike,Berenike,anchor,Egyptian Red Sea,23.9106,35.4761,bead,Bead (glass or stone),small_find,,,,,,within_2,Compound drawnglass beads are made of drawn and segmented tubes that consist of two glass layers: inner and outer.,PAM-27-2020-includes-Aynuna-on-the-Red-Sea,214,,
berenike,Berenike,anchor,Egyptian Red Sea,23.9106,35.4761,bead,Bead (glass or stone),small_find,1,bead,exact,22,Y,same_sentence,"216 EGYPT Beads and pendants from the Hellenistic to early Byzantine Red Sea port of Berenike, Egypt with their whorl perforated (BE14-80/018/ PB 01, not illustrated), one truncated conical bead made by perforating the apex of a Conus sp.",PAM-27-2020-includes-Aynuna-on-the-Red-Sea,217,reject,"describes a single specimen, not an assemblage"
berenike,Berenike,anchor,Egyptian Red Sea,23.9106,35.4761,bead,Bead (glass or stone),small_find,,,,,,same_sentence,"218 EGYPT Beads and pendants from the Hellenistic to early Byzantine Red Sea port of Berenike, Egypt opaque green bead was decorated with three (two preserved) mosaic eyes in black and yellow [Fig. 7:20].",PAM-27-2020-includes-Aynuna-on-the-Red-Sea,219,,
berenike,Berenike,anchor,Egyptian Red Sea,23.9106,35.4761,bead,Bead (glass or stone),small_find,,,,,,within_1,"Three beads, a blue, a cobalt blue, and a red one, also come from this locus [Fig. 7:19, 22, 27].",PAM-27-2020-includes-Aynuna-on-the-Red-Sea,219,,
berenike,Berenike,anchor,Egyptian Red Sea,23.9106,35.4761,bead,Bead (glass or stone),small_find,,,,,,within_2,"Among four drawn gold-in-glass beads is a large globular single-segment, a long tubular single-segment, and two beads with barely finished ends [Fig. 7:16, 23, 26, 28 respectively].",PAM-27-2020-includes-Aynuna-on-the-Red-Sea,219,,
berenike,Berenike,anchor,Egyptian Red Sea,23.9106,35.4761,bead,Bead (glass or stone),small_find,,,,,,within_1,A few beads were picked up from trench BE14-99.,PAM-27-2020-includes-Aynuna-on-the-Red-Sea,221,,
berenike,Berenike,anchor,Egyptian Red Sea,23.9106,35.4761,bead,Bead (glass or stone),small_find,,,,,,within_2,"These included two faience rings, two glass and one gold-inglass bead.",PAM-27-2020-includes-Aynuna-on-the-Red-Sea,221,,
aksum,Aksum,comparandum,Ethiopian highlands,14.1300,38.7200,bead,Bead (glass or stone),small_find,,,,,,same_sentence,"Similar bead is illustrated from one of the Enda Semon excavation trench (ES) at Aksum (Morrison 1989: 173–174, Type XXII, Fig. 11-73), from the phase most probably dated to early 5th century at the earliest (Munro-Hay 1989: 127).",PAM-27-2020-includes-Aynuna-on-the-Red-Sea,221,,
berenike,Berenike,anchor,Egyptian Red Sea,23.9106,35.4761,bead,Bead (glass or stone),small_find,,,,,,within_1,"A white globular bead, found in trench BE15-111, was made of a marine mollusk shell [Fig. 9a:1].",PAM-27-2020-includes-Aynuna-on-the-Red-Sea,221,,
berenike,Berenike,anchor,Egyptian Red Sea,23.9106,35.4761,bead,Bead (glass or stone),small_find,,,,,,within_2,"A small black faience ring [Fig. 10b:57], a small biconical gold-in-glass bead [Fig. 10b:60], and a fragment of a large collared bead with a tabular body [Fig. 10b:59] were found together with a long hexagonal cylinder of green glass [Fig. 10b:54].",PAM-27-2020-includes-Aynuna-on-the-Red-Sea,222,,
berenike,Berenike,anchor,Egyptian Red Sea,23.9106,35.4761,bead,Bead (glass or stone),small_find,650,beads,approximate,11,,same_sentence,"230 EGYPT Beads and pendants from the Hellenistic to early Byzantine Red Sea port of Berenike, Egypt During the 2014 and 2015 excavation seasons at Berenike almost 650 beads and pendants were recorded.",PAM-27-2020-includes-Aynuna-on-the-Red-Sea,231,accept,assemblage total for the 2014-15 seasons
berenike,Berenike,anchor,Egyptian Red Sea,23.9106,35.4761,bead,Bead (glass or stone),small_find,,,,,,same_sentence,Small faience beads also continued to be used in Berenike beadwork.,PAM-27-2020-includes-Aynuna-on-the-Red-Sea,231,,
berenike,Berenike,anchor,Egyptian Red Sea,23.9106,35.4761,bead,Bead (glass or stone),small_find,,,,,,within_1,"Additionally, biconical, melon, and “eye” bead types, as well as a Bes amulet, were made of faience and belong to the early Roman repertoire.",PAM-27-2020-includes-Aynuna-on-the-Red-Sea,231,,
berenike,Berenike,anchor,Egyptian Red Sea,23.9106,35.4761,bead,Bead (glass or stone),small_find,,,,,,within_2,Traces of a sawmark that facilitated bead drilling can be discerned in stone beadmaking.,PAM-27-2020-includes-Aynuna-on-the-Red-Sea,231,,
berenike,Berenike,anchor,Egyptian Red Sea,23.9106,35.4761,bead,Bead (glass or stone),small_find,,,,,,same_sentence,"The late Berenike bead assemblages are characterized by oblate beads made of marine mollusk shells, a Red Sea Conus taeniatus sp. shell with its apex ground down, and a perforated shell of bivalve marine mollusk.",PAM-27-2020-includes-Aynuna-on-the-Red-Sea,232,,
berenike,Berenike,anchor,Egyptian Red Sea,23.9106,35.4761,bead,Bead (glass or stone),small_find,,,,,,within_1,The red-centered green and yellow mosaic bead is a characteristic late Roman type.,PAM-27-2020-includes-Aynuna-on-the-Red-Sea,232,,
berenike,Berenike,anchor,Egyptian Red Sea,23.9106,35.4761,bead,Bead (glass or stone),small_find,,,,,,within_2,"The same can be said of some beads made of drawn and segmented glass of Egyptian origin, and drawn and rounded glass of Indian origin.",PAM-27-2020-includes-Aynuna-on-the-Red-Sea,232,,
berenike,Berenike,anchor,Egyptian Red Sea,23.9106,35.4761,bead,Bead (glass or stone),small_find,,,,,,same_sentence,"A few monochrome beads found in Berenike during the 2014 and 2015 seasons are modern intrusions, exemplifying the continued penchant for beadwork among the ‘Ababda Bedouin inhabiting the region.",PAM-27-2020-includes-Aynuna-on-the-Red-Sea,232,,
berenike,Berenike,anchor,Egyptian Red Sea,23.9106,35.4761,bead,Bead (glass or stone),small_find,,,,,,same_sentence,"Cross-cultural bead encounters at the Red Sea port site of Berenike, Egypt.",PAM-27-2020-includes-Aynuna-on-the-Red-Sea,234,,
pattanam,Pattanam,anchor,Kerala,10.1530,76.2070,bead,Bead (glass or stone),small_find,,,,,,same_sentence,Pattanam over Time Digging on the Periyar: Excavating Pattanam’s Past Understanding Stratigraphy: The Harris Matrix Understanding Stratigraphy: A Section Drawing The Trade Links of Pattanam Muciri in Sangam Literature Muziris in the Classical Texts Muziris Papyrus Tabula Peutingeriana Moving Goods and Materials at Muziris Material Culture as Reflecting Long-Distance Trade Non-Indian pottery Glass at Pattanam Gems of Stone Black Gold Trade Plants Life at Pattanam: The Material Culture Indian pottery Terracotta: The Magic of Fired Clay The Art of Hand Spinning Iron: The Metal that Changed the Wo,PAMA-Unearthing-Pattanam-Excavation-Catalogue,3,,
pattanam,Pattanam,anchor,Kerala,10.1530,76.2070,bead,Bead (glass or stone),small_find,,,,,,within_1,"A select number of excavated finds are on display: local and non-local ceramics, beads, semi-precious stone artefacts, metal objects, coins, gold ornament fragments",PAMA-Unearthing-Pattanam-Excavation-Catalogue,8,,
pattanam,Pattanam,anchor,Kerala,10.1530,76.2070,sigillata_unspec,Sigillata (unspecified),mediterranean_fineware,,,,,,same_sentence,"Non-local ceramics such as amphorae, terra sigillata, Turquoise Glazed Pottery, torpedo and ovoid jar suggest these and their contents were brought into Pattanam.",PAMA-Unearthing-Pattanam-Excavation-Catalogue,14,,
pattanam,Pattanam,anchor,Kerala,10.1530,76.2070,torpedo_jar,Torpedo jar,mesopotamian,,,,,,same_sentence,"Non-local ceramics such as amphorae, terra sigillata, Turquoise Glazed Pottery, torpedo and ovoid jar suggest these and their contents were brought into Pattanam.",PAMA-Unearthing-Pattanam-Excavation-Catalogue,14,,
pattanam,Pattanam,anchor,Kerala,10.1530,76.2070,rouletted_ware,Rouletted Ware (Wheeler Type 1),indian_fineware,,,,,,within_1,The Indian Rouletted Ware sherds in significant number mark the links with the Indian sub-continent trade network.,PAMA-Unearthing-Pattanam-Excavation-Catalogue,14,,
pattanam,Pattanam,anchor,Kerala,10.1530,76.2070,roman_glass,Roman glass,glass,,,,,,within_2,"Other material such as glass beads, Roman glass ware and stone cameo blanks indicate trade exchanges.",PAMA-Unearthing-Pattanam-Excavation-Catalogue,14,,
pattanam,Pattanam,anchor,Kerala,10.1530,76.2070,bead,Bead (glass or stone),small_find,,,,,,within_2,"Other material such as glass beads, Roman glass ware and stone cameo blanks indicate trade exchanges.",PAMA-Unearthing-Pattanam-Excavation-Catalogue,14,,
pattanam,Pattanam,anchor,Kerala,10.1530,76.2070,torpedo_jar,Torpedo jar,mesopotamian,,,,,,same_sentence,"The frankincense crumbs, Turquoise Glazed Pottery, Torpedo and Ovoid jar fragments from the South Arabian and Mesopotamian regions point to the PreRoman, Roman and Post Roman links of Pattanam, from 300 BCE - 1000 CE.",PAMA-Unearthing-Pattanam-Excavation-Catalogue,19,,
pattanam,Pattanam,anchor,Kerala,10.1530,76.2070,frankincense,Frankincense,organic,,,,,,same_sentence,"The frankincense crumbs, Turquoise Glazed Pottery, Torpedo and Ovoid jar fragments from the South Arabian and Mesopotamian regions point to the PreRoman, Roman and Post Roman links of Pattanam, from 300 BCE - 1000 CE.",PAMA-Unearthing-Pattanam-Excavation-Catalogue,19,,
pattanam,Pattanam,anchor,Kerala,10.1530,76.2070,sigillata_unspec,Sigillata (unspecified),mediterranean_fineware,,,,,,same_sentence,"Ample evidence of Pattanam’s Mediterranean connections, during the period 100 BCE – 500 CE, is available at the site in the form of sherds of amphorae, terra sigillata, intaglios, cameo blanks, Roman glass fragments, Roman gaming counters etc.",PAMA-Unearthing-Pattanam-Excavation-Catalogue,19,,
pattanam,Pattanam,anchor,Kerala,10.1530,76.2070,roman_glass,Roman glass,glass,,,,,,same_sentence,"Ample evidence of Pattanam’s Mediterranean connections, during the period 100 BCE – 500 CE, is available at the site in the form of sherds of amphorae, terra sigillata, intaglios, cameo blanks, Roman glass fragments, Roman gaming counters etc.",PAMA-Unearthing-Pattanam-Excavation-Catalogue,19,,
pattanam,Pattanam,anchor,Kerala,10.1530,76.2070,intaglio,Intaglio / gem,small_find,,,,,,same_sentence,"Ample evidence of Pattanam’s Mediterranean connections, during the period 100 BCE – 500 CE, is available at the site in the form of sherds of amphorae, terra sigillata, intaglios, cameo blanks, Roman glass fragments, Roman gaming counters etc.",PAMA-Unearthing-Pattanam-Excavation-Catalogue,19,,
pattanam,Pattanam,anchor,Kerala,10.1530,76.2070,bead,Bead (glass or stone),small_find,,,,,,same_sentence,"Thus, gemstones, glass beads, semi-precious stone beads, inlays, intaglios, cameo-blanks, gold jewellery, copper coins, spices and pottery, vouch for Pattanam’s trade links with the Indian subcontinent and beyond, for much of its history (1000 BCE to CE 2000).",PAMA-Unearthing-Pattanam-Excavation-Catalogue,19,,
pattanam,Pattanam,anchor,Kerala,10.1530,76.2070,intaglio,Intaglio / gem,small_find,,,,,,same_sentence,"Thus, gemstones, glass beads, semi-precious stone beads, inlays, intaglios, cameo-blanks, gold jewellery, copper coins, spices and pottery, vouch for Pattanam’s trade links with the Indian subcontinent and beyond, for much of its history (1000 BCE to CE 2000).",PAMA-Unearthing-Pattanam-Excavation-Catalogue,19,,
pattanam,Pattanam,anchor,Kerala,10.1530,76.2070,sigillata_unspec,Sigillata (unspecified),mediterranean_fineware,,,,,,within_1,Among these are sherds of amphorae and Terra Sigillata which belong to the Mediterranean region;,PAMA-Unearthing-Pattanam-Excavation-Catalogue,27,,
pattanam,Pattanam,anchor,Kerala,10.1530,76.2070,torpedo_jar,Torpedo jar,mesopotamian,,,,,,within_2,"Turquoise Glazed Pottery (TGP) and torpedo jar pieces belonging to the West Asian, Arabian and Mesopotamian regions; and Chinese ceramic sherds. 0 5 cm",PAMA-Unearthing-Pattanam-Excavation-Catalogue,27,,
pattanam,Pattanam,anchor,Kerala,10.1530,76.2070,its,Italian Sigillata,mediterranean_fineware,,,,,,same_sentence,"Most of the sherds from Pattanam are from Italy, of a type earlier known as Arretine ware, since it was produced in the pottery workshops of Arretium in Tuscany from the 1st century BCE to the 2nd century CE.",PAMA-Unearthing-Pattanam-Excavation-Catalogue,28,,
pattanam,Pattanam,anchor,Kerala,10.1530,76.2070,sigillata_unspec,Sigillata (unspecified),mediterranean_fineware,2,sherds,exact,12,,same_sentence,Pattanam has produced two stamped Terra Sigillata sherds.,PAMA-Unearthing-Pattanam-Excavation-Catalogue,28,accept,"stamped examples, a subset of the 122"
pattanam,Pattanam,anchor,Kerala,10.1530,76.2070,sigillata_unspec,Sigillata (unspecified),mediterranean_fineware,,,,,,within_2,The Arikamedu Terra Sigillata sherds are dated between the late 1st century BCE and the early and the mid-1st century CE.,PAMA-Unearthing-Pattanam-Excavation-Catalogue,28,,
arikamedu,Arikamedu,anchor,Coromandel,11.9000,79.8200,sigillata_unspec,Sigillata (unspecified),mediterranean_fineware,,,,,,same_sentence,The Arikamedu Terra Sigillata sherds are dated between the late 1st century BCE and the early and the mid-1st century CE.,PAMA-Unearthing-Pattanam-Excavation-Catalogue,28,,
arikamedu,Arikamedu,anchor,Coromandel,11.9000,79.8200,sigillata_unspec,Sigillata (unspecified),mediterranean_fineware,,,,,,same_sentence,"Besides Arikamedu and Alagankulam, Pattanam is the third archaeological site in India to report Terra Sigillata.",PAMA-Unearthing-Pattanam-Excavation-Catalogue,28,,
alagankulam,Alagankulam,comparandum,Coromandel,9.3600,79.0200,sigillata_unspec,Sigillata (unspecified),mediterranean_fineware,,,,,,same_sentence,"Besides Arikamedu and Alagankulam, Pattanam is the third archaeological site in India to report Terra Sigillata.",PAMA-Unearthing-Pattanam-Excavation-Catalogue,28,,
pattanam,Pattanam,anchor,Kerala,10.1530,76.2070,sigillata_unspec,Sigillata (unspecified),mediterranean_fineware,,,,,,same_sentence,"Besides Arikamedu and Alagankulam, Pattanam is the third archaeological site in India to report Terra Sigillata.",PAMA-Unearthing-Pattanam-Excavation-Catalogue,28,,
arikamedu,Arikamedu,anchor,Coromandel,11.9000,79.8200,sigillata_unspec,Sigillata (unspecified),mediterranean_fineware,,,,,,within_1,Terra Sigillata 0 10mm 0 20mm 1:1 1:1,PAMA-Unearthing-Pattanam-Excavation-Catalogue,28,,
alagankulam,Alagankulam,comparandum,Coromandel,9.3600,79.0200,sigillata_unspec,Sigillata (unspecified),mediterranean_fineware,,,,,,within_1,Terra Sigillata 0 10mm 0 20mm 1:1 1:1,PAMA-Unearthing-Pattanam-Excavation-Catalogue,28,,
pattanam,Pattanam,anchor,Kerala,10.1530,76.2070,sigillata_unspec,Sigillata (unspecified),mediterranean_fineware,,,,,,within_1,Terra Sigillata 0 10mm 0 20mm 1:1 1:1,PAMA-Unearthing-Pattanam-Excavation-Catalogue,28,,
pattanam,Pattanam,anchor,Kerala,10.1530,76.2070,torpedo_jar,Torpedo jar,mesopotamian,,,,,,same_sentence,The majority of the torpedo jar sherds found in Pattanam have an off-white powdery fabric and a black coating of bitumen on the inner surface.,PAMA-Unearthing-Pattanam-Excavation-Catalogue,32,,
pattanam,Pattanam,anchor,Kerala,10.1530,76.2070,torpedo_jar,Torpedo jar,mesopotamian,,,,,Y,same_sentence,"Though the Pattanam torpedo jars are yet to be dated precisely, they could be attributed to the Parthian (3rd century BCE to 3rd century CE) and Sassanid (3rd century CE to 8th century CE) periods.",PAMA-Unearthing-Pattanam-Excavation-Catalogue,32,,
pattanam,Pattanam,anchor,Kerala,10.1530,76.2070,torpedo_jar,Torpedo jar,mesopotamian,,,,,,within_1,"Most of the torpedo jar sherds have been found from the Early Historic layers and interestingly some were from the Iron Age–Early Historic transition layers, indicating that the trade with West Asian, South Arabian and Mesopotamian regions had preceded that with the Mediterranean by at least two to three centuries.",PAMA-Unearthing-Pattanam-Excavation-Catalogue,32,,
pattanam,Pattanam,anchor,Kerala,10.1530,76.2070,torpedo_jar,Torpedo jar,mesopotamian,,,,,,same_sentence,"At Pattanam, TGP sherds are found in the Early Historic layers and, as in the case of the torpedo jars, a few are found in the transition layers as well.",PAMA-Unearthing-Pattanam-Excavation-Catalogue,34,,
arikamedu,Arikamedu,anchor,Coromandel,11.9000,79.8200,bead,Bead (glass or stone),small_find,,,,,,same_sentence,"The Pattanam beads are similar to those from Arikamedu and Kodumanal in peninsular India, Mantai in Sri Lanka and Berenike on the Red Sea.",PAMA-Unearthing-Pattanam-Excavation-Catalogue,37,,
berenike,Berenike,anchor,Egyptian Red Sea,23.9106,35.4761,bead,Bead (glass or stone),small_find,,,,,,same_sentence,"The Pattanam beads are similar to those from Arikamedu and Kodumanal in peninsular India, Mantai in Sri Lanka and Berenike on the Red Sea.",PAMA-Unearthing-Pattanam-Excavation-Catalogue,37,,
pattanam,Pattanam,anchor,Kerala,10.1530,76.2070,bead,Bead (glass or stone),small_find,,,,,,same_sentence,"The Pattanam beads are similar to those from Arikamedu and Kodumanal in peninsular India, Mantai in Sri Lanka and Berenike on the Red Sea.",PAMA-Unearthing-Pattanam-Excavation-Catalogue,37,,
mantai,Mantai,comparandum,Sri Lanka,8.9800,79.9800,bead,Bead (glass or stone),small_find,,,,,,same_sentence,"The Pattanam beads are similar to those from Arikamedu and Kodumanal in peninsular India, Mantai in Sri Lanka and Berenike on the Red Sea.",PAMA-Unearthing-Pattanam-Excavation-Catalogue,37,,
arikamedu,Arikamedu,anchor,Coromandel,11.9000,79.8200,bead,Bead (glass or stone),small_find,,,,,,within_2,Many of the varieties of glass artefacts are associated with trans-oceanic trade. 0 10mm x4 0 10mm x2 Assorted beads Indo-Pacific trade beads 0 10mm x2 Glass bangle fragments Glass bead waster 1:1,PAMA-Unearthing-Pattanam-Excavation-Catalogue,37,,
berenike,Berenike,anchor,Egyptian Red Sea,23.9106,35.4761,bead,Bead (glass or stone),small_find,,,,,,within_2,Many of the varieties of glass artefacts are associated with trans-oceanic trade. 0 10mm x4 0 10mm x2 Assorted beads Indo-Pacific trade beads 0 10mm x2 Glass bangle fragments Glass bead waster 1:1,PAMA-Unearthing-Pattanam-Excavation-Catalogue,37,,
pattanam,Pattanam,anchor,Kerala,10.1530,76.2070,bead,Bead (glass or stone),small_find,,,,,,within_1,Many of the varieties of glass artefacts are associated with trans-oceanic trade. 0 10mm x4 0 10mm x2 Assorted beads Indo-Pacific trade beads 0 10mm x2 Glass bangle fragments Glass bead waster 1:1,PAMA-Unearthing-Pattanam-Excavation-Catalogue,37,,
mantai,Mantai,comparandum,Sri Lanka,8.9800,79.9800,bead,Bead (glass or stone),small_find,,,,,,within_2,Many of the varieties of glass artefacts are associated with trans-oceanic trade. 0 10mm x4 0 10mm x2 Assorted beads Indo-Pacific trade beads 0 10mm x2 Glass bangle fragments Glass bead waster 1:1,PAMA-Unearthing-Pattanam-Excavation-Catalogue,37,,
arikamedu,Arikamedu,anchor,Coromandel,11.9000,79.8200,bead,Bead (glass or stone),small_find,,,,,Y,same_sentence,64 65 There is a strong likelihood that glass beads were not made at Pattanam but reached there from Arikamedu on the east coast.,PAMA-Unearthing-Pattanam-Excavation-Catalogue,38,,
pattanam,Pattanam,anchor,Kerala,10.1530,76.2070,bead,Bead (glass or stone),small_find,,,,,Y,same_sentence,64 65 There is a strong likelihood that glass beads were not made at Pattanam but reached there from Arikamedu on the east coast.,PAMA-Unearthing-Pattanam-Excavation-Catalogue,38,,
arikamedu,Arikamedu,anchor,Coromandel,11.9000,79.8200,bead,Bead (glass or stone),small_find,,,,,,same_sentence,Arikamedu shows ample evidence for glass bead production.,PAMA-Unearthing-Pattanam-Excavation-Catalogue,38,,
pattanam,Pattanam,anchor,Kerala,10.1530,76.2070,bead,Bead (glass or stone),small_find,,,,,,within_1,Arikamedu shows ample evidence for glass bead production.,PAMA-Unearthing-Pattanam-Excavation-Catalogue,38,,
arikamedu,Arikamedu,anchor,Coromandel,11.9000,79.8200,bead,Bead (glass or stone),small_find,,,,,,within_1,"Most of the glass beads are found from the Early Historic layers though through erosion, these reach the surface.",PAMA-Unearthing-Pattanam-Excavation-Catalogue,38,,
pattanam,Pattanam,anchor,Kerala,10.1530,76.2070,bead,Bead (glass or stone),small_find,,,,,,within_2,"Most of the glass beads are found from the Early Historic layers though through erosion, these reach the surface.",PAMA-Unearthing-Pattanam-Excavation-Catalogue,38,,
arikamedu,Arikamedu,anchor,Coromandel,11.9000,79.8200,bead,Bead (glass or stone),small_find,,,,,,within_2,The term muthuparambu (plots that yield beads) is commonly used in the Pattanam village to denote the beads that dot the surface.,PAMA-Unearthing-Pattanam-Excavation-Catalogue,38,,
pattanam,Pattanam,anchor,Kerala,10.1530,76.2070,bead,Bead (glass or stone),small_find,,,,,,same_sentence,The term muthuparambu (plots that yield beads) is commonly used in the Pattanam village to denote the beads that dot the surface.,PAMA-Unearthing-Pattanam-Excavation-Catalogue,38,,
pattanam,Pattanam,anchor,Kerala,10.1530,76.2070,bead,Bead (glass or stone),small_find,,,,,,within_2,"These beads are made of several varieties of semi-precious stones such as agate, amethyst, beryl, quartz, quartz crystal, carnelian, chert, chalcedony, garnet, onyx and topaz and are cut into various shapes.",PAMA-Unearthing-Pattanam-Excavation-Catalogue,42,,
pattanam,Pattanam,anchor,Kerala,10.1530,76.2070,bead,Bead (glass or stone),small_find,,,,,,same_sentence,74 75 Stone bead making was a craft practiced at Pattanam.,PAMA-Unearthing-Pattanam-Excavation-Catalogue,43,,
pattanam,Pattanam,anchor,Kerala,10.1530,76.2070,bead,Bead (glass or stone),small_find,,,,,,within_2,All stages of the bead maker’s craft have been illustrated here.,PAMA-Unearthing-Pattanam-Excavation-Catalogue,43,,
pattanam,Pattanam,anchor,Kerala,10.1530,76.2070,bead,Bead (glass or stone),small_find,,,,,,same_sentence,"Lumps of raw materials, roughouts, tiny chips and flakes of semi-precious stones, fully formed beads left unperforated, all suggest that beads were made at Pattanam.",PAMA-Unearthing-Pattanam-Excavation-Catalogue,43,,
pattanam,Pattanam,anchor,Kerala,10.1530,76.2070,bead,Bead (glass or stone),small_find,,,,,,within_2,It is likely that the craftspeople who manufactured stone beads and cameo blanks may also have produced pieces meant to be used as inlays.,PAMA-Unearthing-Pattanam-Excavation-Catalogue,45,,
pattanam,Pattanam,anchor,Kerala,10.1530,76.2070,black_pepper,Black pepper (Piper nigrum),organic,,,,,,within_1,"Here, it might be worthwhile to mention that an Indian pot with 7.5 kg of black pepper was excavated from Berenike, a contemporary port site of Muziris, on the Red Sea Coast.",PAMA-Unearthing-Pattanam-Excavation-Catalogue,49,,
berenike,Berenike,anchor,Egyptian Red Sea,23.9106,35.4761,black_pepper,Black pepper (Piper nigrum),organic,,,,,,same_sentence,"Here, it might be worthwhile to mention that an Indian pot with 7.5 kg of black pepper was excavated from Berenike, a contemporary port site of Muziris, on the Red Sea Coast.",PAMA-Unearthing-Pattanam-Excavation-Catalogue,49,,
pattanam,Pattanam,anchor,Kerala,10.1530,76.2070,frankincense,Frankincense,organic,,,,,,same_sentence,Coconut Frankincense Crumbs of frankincense were found in several excavated layers at Pattanam.,PAMA-Unearthing-Pattanam-Excavation-Catalogue,49,,
berenike,Berenike,anchor,Egyptian Red Sea,23.9106,35.4761,frankincense,Frankincense,organic,,,,,,within_1,Coconut Frankincense Crumbs of frankincense were found in several excavated layers at Pattanam.,PAMA-Unearthing-Pattanam-Excavation-Catalogue,49,,
pattanam,Pattanam,anchor,Kerala,10.1530,76.2070,rouletted_ware,Rouletted Ware (Wheeler Type 1),indian_fineware,,,,,,within_1,"The major types of local or Indian pottery are Black and Red Ware (BRW), Russet Coated Painted Ware (RCP), Indian Rouletted Ware (IRW), and ‘Type 10’ fine grey ware.",PAMA-Unearthing-Pattanam-Excavation-Catalogue,50,,
pattanam,Pattanam,anchor,Kerala,10.1530,76.2070,rouletted_ware,Rouletted Ware (Wheeler Type 1),indian_fineware,,,,,,within_2,"The material that was local and utilitarian in nature comprised pottery of various types, artefacts made of terracotta, iron, copper, lead and gold, and stones such as granites. 5cm 0 Black Ware Black and Red Ware Fine Grey Ware Russet-Coated Pottery Indian Rouletted Ware 1:1",PAMA-Unearthing-Pattanam-Excavation-Catalogue,50,,
arikamedu,Arikamedu,anchor,Coromandel,11.9000,79.8200,roman_pottery_unspec,Roman pottery (unspecified),mediterranean_unspecified,,,,,,same_sentence,"Earlier, it was considered to be an imported Roman ware (Arikamedu Type 1).",PAMA-Unearthing-Pattanam-Excavation-Catalogue,52,,
pattanam,Pattanam,anchor,Kerala,10.1530,76.2070,rouletted_ware,Rouletted Ware (Wheeler Type 1),indian_fineware,,,,,,within_1,Indian Rouletted Ware (irw) 1:1,PAMA-Unearthing-Pattanam-Excavation-Catalogue,52,,
pattanam,Pattanam,anchor,Kerala,10.1530,76.2070,bead,Bead (glass or stone),small_find,,,,,,same_sentence,Clay was used at Pattanam to make ornaments such as beads of various shapes; tools such as crucibles for melting metal or whorls for spinning thread; and toys such as balls or marbles.,PAMA-Unearthing-Pattanam-Excavation-Catalogue,54,,
pattanam,Pattanam,anchor,Kerala,10.1530,76.2070,bead,Bead (glass or stone),small_find,,,,,,same_sentence,"134 135 Photographs of bead clusters database the Green Archaeology Project Committed to the preservation of the archaeological wealth at Pattanam, the KCHR has bought 5 acres of land on the Pattanam mound for research and site conservation.",PAMA-Unearthing-Pattanam-Excavation-Catalogue,73,,
socotra,Socotra,comparandum,Arabian Sea,12.5000,53.9000,frankincense,Frankincense,organic,,,,,,same_sentence,"One Arab kingdom after another retained the great eastern coast of Africa, with its trade in gold and ivory, ostrich feathers and oil; the shores of the Arabian Gulf produced an ever-rising value in frankincense and myrrh; while the cloths and precious stones, the timbers and spices — particularly cinnamon — brought from India largely by Indian vessels, were redistributed at Socotra or Guardafui, and carried to the Nile and the Mediterranean.",Schoff-1912-Periplus-of-the-Erythraean-Sea,14,,
xiis,Xiis (Heis),comparandum,Horn of Africa,11.1300,47.1500,frankincense,Frankincense,organic,,,,,,same_sentence,"There are shipped from the place a great quantity of cinnamon, (so that this mtirket-town requires ships of larger size), and fragrant gums, spices, a little tortoise shell, and mocrotu, (poorer than that of Mundus), frankincense, (the far-side), ivory and myrrh in small quantities. 11.",Schoff-1912-Periplus-of-the-Erythraean-Sea,36,,
xiis,Xiis (Heis),comparandum,Horn of Africa,11.1300,47.1500,frankincense,Frankincense,organic,,,,,,within_2,"Then the shore recedes into a bay, and has a river, called Elephant, and a large laurel- grove called Acanna; ; where alone is produced the far- side frankincense, in great quantity and of the best grade. 12.",Schoff-1912-Periplus-of-the-Erythraean-Sea,36,,
barygaza,Barygaza (Bharuch),anchor,Gujarat,21.7000,72.9900,frankincense,Frankincense,organic,,,,,Y,same_sentence,"35 high and rocky and steep, inhabited by cave-dwellers for five hundred stadia more ; and beyond this is a port established for receiving the Sachalitic frankincense; the harbor is called Moscha, and ships from Cana call there regularly; and ships returning from Damirica and Barygaza, if the season is late, winter there, and trade ^^'ith the King's officers, exchanging their cloth and wheat and sesame oil for frankincense, which lies in heaps all over the Sachalitic country, open and un- guarded, as if the place were under the protection of the gods; for neither openly nor by stealth can it b",Schoff-1912-Periplus-of-the-Erythraean-Sea,45,,
sumhuram,Sumhuram (Khor Rori),anchor,South Arabia,17.0400,54.4300,frankincense,Frankincense,organic,,,,,Y,same_sentence,"35 high and rocky and steep, inhabited by cave-dwellers for five hundred stadia more ; and beyond this is a port established for receiving the Sachalitic frankincense; the harbor is called Moscha, and ships from Cana call there regularly; and ships returning from Damirica and Barygaza, if the season is late, winter there, and trade ^^'ith the King's officers, exchanging their cloth and wheat and sesame oil for frankincense, which lies in heaps all over the Sachalitic country, open and un- guarded, as if the place were under the protection of the gods; for neither openly nor by stealth can it b",Schoff-1912-Periplus-of-the-Erythraean-Sea,45,,
barygaza,Barygaza (Bharuch),anchor,Gujarat,21.7000,72.9900,frankincense,Frankincense,organic,,,,,,within_1,"To Ommana frankincense is also brought from Cana, and from Ommana to Arabia boats sewed together after the fashion of the place; these are known as madarata.",Schoff-1912-Periplus-of-the-Erythraean-Sea,46,,
aksum,Aksum,comparandum,Ethiopian highlands,14.1300,38.7200,frankincense,Frankincense,organic,,,,,,same_sentence,"Pliny (VI, 34) also speaks of the Ascitae who brought myrrh and frankincense to South Arabia on their rafts supported on inflated skins, and suggests a derivation of the name from astos, bladder; but both names reproduce rather the mountainous coast of South Arabia, east of Hadramaut, called Hasik (Asich in § 33 of the Periplus), and there is evidently an ethnic and geographic connection between Hasik, the Asachae or Ascitae, and Axum.",Schoff-1912-Periplus-of-the-Erythraean-Sea,72,,
socotra,Socotra,comparandum,Arabian Sea,12.5000,53.9000,frankincense,Frankincense,organic,,,,,,same_sentence,"This people, like their prede- cessors from the same region, the Cushites who traded with Babylon and Thebes, a branch of whom, intermarrying with the natives"" (Periplus, § 16), helped found the Nubian Kingdom, and like the Punt or Poen-people of the Theban inscriptions, left their settle- ments in Mahra, Socotra and Somaliland (the true frankincense country) and migrated westward, settling finally in the Tigre high- lands, where for the first time they established an enduring power.",Schoff-1912-Periplus-of-the-Erythraean-Sea,72,,
petra,Petra,comparandum,Nabataea,30.3285,35.4444,frankincense,Frankincense,organic,,,,,,within_2,"It seems to have been, first, a place of refuge and a safe storehouse for the myrrh, frankincense, silver, etc. , coming from Yemen.",Schoff-1912-Periplus-of-the-Erythraean-Sea,112,,
adulis,Adulis,anchor,East African Red Sea,15.2617,39.6600,frankincense,Frankincense,organic,,,,,Y,same_sentence,"The ground is covered with the remains of ancient temples, the architecture of which at once con- nects them with that of the columns at Adulis, Coloe and Axum — after seeing which no doubt can be entertained that the same people built them all."" In Hafa the Bents found a bazaar with frankincense in piles ready for shipment, just as depicted in the Deir el Bahri temple, "" while a large tract of country was still 'covered with frankincense trees, with their bright green leaves like ash trees, their small green flowers, and their insignificant fruit."" (See later, p. 218.) This plain, with its an",Schoff-1912-Periplus-of-the-Erythraean-Sea,151,,
aksum,Aksum,comparandum,Ethiopian highlands,14.1300,38.7200,frankincense,Frankincense,organic,,,,,Y,same_sentence,"The ground is covered with the remains of ancient temples, the architecture of which at once con- nects them with that of the columns at Adulis, Coloe and Axum — after seeing which no doubt can be entertained that the same people built them all."" In Hafa the Bents found a bazaar with frankincense in piles ready for shipment, just as depicted in the Deir el Bahri temple, "" while a large tract of country was still 'covered with frankincense trees, with their bright green leaves like ash trees, their small green flowers, and their insignificant fruit."" (See later, p. 218.) This plain, with its an",Schoff-1912-Periplus-of-the-Erythraean-Sea,151,,
sumhuram,Sumhuram (Khor Rori),anchor,South Arabia,17.0400,54.4300,frankincense,Frankincense,organic,,,,,Y,same_sentence,"143 of the spirit of the lake, the waters of which might not be polluted by the foot of man; the propitiation of the spirit by the ""chief magi- cian"" at the time of gathering the frankincense, and the celebration of the harvest by a tribal dance' ' probably reminiscent of baccha- nalian rites; after which the product is sent to Bombay for distribu- tion, that the rest of the world, in the words of Pausanias (IX, 30) may worship God with other people's incense."" The name Moscha is another of those place-names that are re- peated along the coast from east to west, and survives in the modern Musc",Schoff-1912-Periplus-of-the-Erythraean-Sea,153,,
berenike,Berenike,anchor,Egyptian Red Sea,23.9106,35.4761,frankincense,Frankincense,organic,,,,,,within_1,"Passengers generally set sail at midsummer, before the rising of the Dog-star, or else immediately after, and in about thirty days arrive at Ocelis in Arabia, or else at Cana, in the region which bears frankincense.",Schoff-1912-Periplus-of-the-Erythraean-Sea,243,,
barygaza,Barygaza (Bharuch),anchor,Gujarat,21.7000,72.9900,frankincense,Frankincense,organic,,,,,Y,same_sentence,"While the valuable silk cloth went to Barygaza, the yarn, or thread, went to Barbaricum, where it was exchanged for a product always more highly valued in China than in India — namely, frankincense; the white incense, or shehri luban, which Marco Polo still found in extensive use in China under the name of ""milk per- fume."" This is not listed in the Periplus among the imports at other Indian ports, and evidently found its way up the Indus to Peucelaotis and Bactra, and thence to China.",Schoff-1912-Periplus-of-the-Erythraean-Sea,280,,
barygaza,Barygaza (Bharuch),anchor,Gujarat,21.7000,72.9900,frankincense,Frankincense,organic,,,,,,within_2,Concerning the frankincense of the Deir-el-Bahri reliefs Mr.,Schoff-1912-Periplus-of-the-Erythraean-Sea,280,,
kodungallur,Kodungallur / Cranganore,candidate,Kerala,10.2200,76.2000,roman_coin,Roman coin,coin,,,,,,within_2,"The main evidence for the Early Historic period had come from coin hoards, of which 4 were found in the vicinity of Pattanam: three containing Roman coins, at Eyyal, Valluvalli and Kumbalam (Sathyamurthy 1992), and a punch-marked hoard at Puthenchira.",Shajan-Tomber-Selvakumar-Cherian-2004-JRA-Locating-the-Ancient-Port-of-Muziris,5,,
pattanam,Pattanam,anchor,Kerala,10.1530,76.2070,roman_coin,Roman coin,coin,3,coins,exact,17,,same_sentence,"The main evidence for the Early Historic period had come from coin hoards, of which 4 were found in the vicinity of Pattanam: three containing Roman coins, at Eyyal, Valluvalli and Kumbalam (Sathyamurthy 1992), and a punch-marked hoard at Puthenchira.",Shajan-Tomber-Selvakumar-Cherian-2004-JRA-Locating-the-Ancient-Port-of-Muziris,5,accept,"three Roman hoards in the vicinity, not on site"
pattanam,Pattanam,anchor,Kerala,10.1530,76.2070,crsw,Coarse Red-slipped Wares,indian_coarseware,,,,,,same_sentence,Common Early Historic pottery forms found at both Pattanam and on the Red Sea coast: Wheeler type 24 (top);,Shajan-Tomber-Selvakumar-Cherian-2004-JRA-Locating-the-Ancient-Port-of-Muziris,6,,
arikamedu,Arikamedu,anchor,Coromandel,11.9000,79.8200,crsw,Coarse Red-slipped Wares,indian_coarseware,,,,,,within_1,"The more ubiquitous Early Historic jar (Wheeler Type 24, Wheeler et al. 1946, figs. 19-20) is also present.",Shajan-Tomber-Selvakumar-Cherian-2004-JRA-Locating-the-Ancient-Port-of-Muziris,6,,
pattanam,Pattanam,anchor,Kerala,10.1530,76.2070,crsw,Coarse Red-slipped Wares,indian_coarseware,,,,,,within_1,"The more ubiquitous Early Historic jar (Wheeler Type 24, Wheeler et al. 1946, figs. 19-20) is also present.",Shajan-Tomber-Selvakumar-Cherian-2004-JRA-Locating-the-Ancient-Port-of-Muziris,6,,
arikamedu,Arikamedu,anchor,Coromandel,11.9000,79.8200,rouletted_ware,Rouletted Ware (Wheeler Type 1),indian_fineware,,,,,,within_2,"This evidence of coarse ware is reinforced by several sherds of Indian fineware, “Rouletted Ware” (Wheeler et al. 1946, fig. 12, Type 1;",Shajan-Tomber-Selvakumar-Cherian-2004-JRA-Locating-the-Ancient-Port-of-Muziris,6,,
pattanam,Pattanam,anchor,Kerala,10.1530,76.2070,rouletted_ware,Rouletted Ware (Wheeler Type 1),indian_fineware,,,,,,within_2,"This evidence of coarse ware is reinforced by several sherds of Indian fineware, “Rouletted Ware” (Wheeler et al. 1946, fig. 12, Type 1;",Shajan-Tomber-Selvakumar-Cherian-2004-JRA-Locating-the-Ancient-Port-of-Muziris,6,,
pattanam,Pattanam,anchor,Kerala,10.1530,76.2070,rouletted_ware,Rouletted Ware (Wheeler Type 1),indian_fineware,,,,,,same_sentence,"Normally concentrated on the eastern coast of India and prolific on a variety of sites, including sites associated with Indo-Roman trade, the discovery of Rouletted Ware dishes at Pattanam has a significance well beyond the chronological, by documenting long-distance networks between Early Historic sites within India.",Shajan-Tomber-Selvakumar-Cherian-2004-JRA-Locating-the-Ancient-Port-of-Muziris,6,,
pattanam,Pattanam,anchor,Kerala,10.1530,76.2070,rouletted_ware,Rouletted Ware (Wheeler Type 1),indian_fineware,,,,,,within_1,"Beyond India, Rouletted Ware extends from Indonesia (Walker and Santoso 1977) to the Roman world, again on sites involved in Indo-Roman trade.",Shajan-Tomber-Selvakumar-Cherian-2004-JRA-Locating-the-Ancient-Port-of-Muziris,6,,
pattanam,Pattanam,anchor,Kerala,10.1530,76.2070,dressel_2_4,Dressel 2-4 amphora,mediterranean_amphora,,,,,,same_sentence,Rim and handle of Dressel 2-4 Campanian amphora from Pattanam.,Shajan-Tomber-Selvakumar-Cherian-2004-JRA-Locating-the-Ancient-Port-of-Muziris,7,,
pattanam,Pattanam,anchor,Kerala,10.1530,76.2070,dressel_2_4,Dressel 2-4 amphora,mediterranean_amphora,,,,,,within_1,The best-dated are two sherds (a rim and handle; fig. 5 here) belonging to the classic Italian wine-amphora Dressel 2-4 (Peacock and Williams Class 10) from the region of the Bay of Naples; it was common between the late Ist c.,Shajan-Tomber-Selvakumar-Cherian-2004-JRA-Locating-the-Ancient-Port-of-Muziris,7,,
alagankulam,Alagankulam,comparandum,Coromandel,9.3600,79.0200,roman_amphora_unspec,Roman amphora (unspecified type),mediterranean_amphora,,,,,,same_sentence,"A commonly traded type, this Roman amphora has been identified at a number of sites throughout India, including the Coromandal sites of Arikamedu and Alagankulam.",Shajan-Tomber-Selvakumar-Cherian-2004-JRA-Locating-the-Ancient-Port-of-Muziris,7,,
arikamedu,Arikamedu,anchor,Coromandel,11.9000,79.8200,roman_amphora_unspec,Roman amphora (unspecified type),mediterranean_amphora,,,,,,same_sentence,"A commonly traded type, this Roman amphora has been identified at a number of sites throughout India, including the Coromandal sites of Arikamedu and Alagankulam.",Shajan-Tomber-Selvakumar-Cherian-2004-JRA-Locating-the-Ancient-Port-of-Muziris,7,,
berenike,Berenike,anchor,Egyptian Red Sea,23.9106,35.4761,roman_pottery_unspec,Roman pottery (unspecified),mediterranean_unspecified,,,,,,same_sentence,"Berenike, late Roman warehouse containing Aila-made amphoras • 273 13-3.",Sidebotham-2011-Berenike-and-the-Ancient-Maritime-Spice-Route,12,,
aila,Aila (Aqaba),comparandum,Northern Red Sea,29.5200,35.0000,roman_pottery_unspec,Roman pottery (unspecified),mediterranean_unspecified,,,,,,same_sentence,"Berenike, late Roman warehouse containing Aila-made amphoras • 273 13-3.",Sidebotham-2011-Berenike-and-the-Ancient-Maritime-Spice-Route,12,,
myos_hormos,Myos Hormos (Quseir al-Qadim),anchor,Egyptian Red Sea,26.1567,34.2417,frankincense,Frankincense,organic,,,,,,within_2,"Augustus learned of the wealth of southern Arabia, one source of much frankincense and, indirectly, of myrrh, and dispatched an unsuccessful military expedition, whose commander, Aelius Gallus, was a good friend of Strabo’s, to gain control of it in 26/25 b.c.e.",Sidebotham-2011-Berenike-and-the-Ancient-Maritime-Spice-Route,34,,
berenike,Berenike,anchor,Egyptian Red Sea,23.9106,35.4761,frankincense,Frankincense,organic,,,,,,within_2,"Augustus learned of the wealth of southern Arabia, one source of much frankincense and, indirectly, of myrrh, and dispatched an unsuccessful military expedition, whose commander, Aelius Gallus, was a good friend of Strabo’s, to gain control of it in 26/25 b.c.e.",Sidebotham-2011-Berenike-and-the-Ancient-Maritime-Spice-Route,34,,
berenike,Berenike,anchor,Egyptian Red Sea,23.9106,35.4761,dressel_2_4,Dressel 2-4 amphora,mediterranean_amphora,,,,,,same_sentence,"A ﬁrst-century Tamil-Brahmi grafﬁto appears on a fragment of a Dressel 2–4 amphora, the same type of vessel in which wine was transported in massive quantities through Berenike, especially in the ﬁrst century c.e.51 The grafﬁto reads “the Chieftain Korran” (ﬁgure 6-4)52 and is, perhaps, an indication of the destination of this vessel.",Sidebotham-2011-Berenike-and-the-Ancient-Maritime-Spice-Route,96,,
myos_hormos,Myos Hormos (Quseir al-Qadim),anchor,Egyptian Red Sea,26.1567,34.2417,bead,Bead (glass or stone),small_find,,,,,,within_2,"Many fragments of bangles, a large number of beads, and a goldand-pearl earring found in the excavations also indicate the presence of women.65 The interior faces of Berenike’s rough coral walls were smoothed over with plaster, and some were decorated with high-quality textiles and carpets,66 perhaps indicating a feminine touch.",Sidebotham-2011-Berenike-and-the-Ancient-Maritime-Spice-Route,97,,
berenike,Berenike,anchor,Egyptian Red Sea,23.9106,35.4761,bead,Bead (glass or stone),small_find,,,,,,same_sentence,"Many fragments of bangles, a large number of beads, and a goldand-pearl earring found in the excavations also indicate the presence of women.65 The interior faces of Berenike’s rough coral walls were smoothed over with plaster, and some were decorated with high-quality textiles and carpets,66 perhaps indicating a feminine touch.",Sidebotham-2011-Berenike-and-the-Ancient-Maritime-Spice-Route,97,,
berenike,Berenike,anchor,Egyptian Red Sea,23.9106,35.4761,bead,Bead (glass or stone),small_find,,,,,Y,same_sentence,"In addition, glass ﬁnds, the consumption of escargots, fancy beads, engraved intaglios for ﬁnger rings, and the gold and pearl earring suggest that at least some of the city’s inhabitants had access to extremely high-quality commodities.67 There are other indications that Berenike was a town where men brought their families and where women could even reside without the protection of a husband.",Sidebotham-2011-Berenike-and-the-Ancient-Maritime-Spice-Route,97,,
berenike,Berenike,anchor,Egyptian Red Sea,23.9106,35.4761,intaglio,Intaglio / gem,small_find,,,,,Y,same_sentence,"In addition, glass ﬁnds, the consumption of escargots, fancy beads, engraved intaglios for ﬁnger rings, and the gold and pearl earring suggest that at least some of the city’s inhabitants had access to extremely high-quality commodities.67 There are other indications that Berenike was a town where men brought their families and where women could even reside without the protection of a husband.",Sidebotham-2011-Berenike-and-the-Ancient-Maritime-Spice-Route,97,,
berenike,Berenike,anchor,Egyptian Red Sea,23.9106,35.4761,roman_pottery_unspec,Roman pottery (unspecified),mediterranean_unspecified,,,,,,within_2,"Our surveys of Abu Hegilig South produced almost exclusively early Roman pottery, with possible slight evidence of late Roman, whereas at Abu Hegilig North our surveys recovered only late fourth- to ﬁfth-century c.e. pottery, suggesting that the station at Abu Hegilig North replaced that at Abu Hegilig South sometime in late antiquity, apparently centuries after the praesidium in Abu Hegilig South had been abandoned.",Sidebotham-2011-Berenike-and-the-Ancient-Maritime-Spice-Route,181,,
myos_hormos,Myos Hormos (Quseir al-Qadim),anchor,Egyptian Red Sea,26.1567,34.2417,black_pepper,Black pepper (Piper nigrum),organic,,,,,,within_2,"Indian-made sailcloth and textiles, ﬁne Indian tableware and cooking pots, coconut, black peppercorns, and rice83 (perhaps imported from Palestine, Syria, or Mesopotamia, where it was cultivated in early Roman times),84 together with texts in Tamil-Brahmi, and perhaps Prakrit,85 attest important contacts with India.",Sidebotham-2011-Berenike-and-the-Ancient-Maritime-Spice-Route,206,,
myos_hormos,Myos Hormos (Quseir al-Qadim),anchor,Egyptian Red Sea,26.1567,34.2417,roman_pottery_unspec,Roman pottery (unspecified),mediterranean_unspecified,,,,,,same_sentence,"There are unsubstantiated reports of late Roman pottery,92 which, if they are true, suggest that after Myos Hormos was abandoned in the third century, the port moved here to operate.",Sidebotham-2011-Berenike-and-the-Ancient-Maritime-Spice-Route,206,,
berenike,Berenike,anchor,Egyptian Red Sea,23.9106,35.4761,roman_pottery_unspec,Roman pottery (unspecified),mediterranean_unspecified,,,,,,same_sentence,"Although we cannot distinguish any objects found at Berenike as deriving from Opônê, Roman ceramics have been excavated at one of the Opônê sites dating from the ﬁrst century b.c.e.; these undoubtedly came from some port on Egypt’s Red Sea coast, perhaps Berenike.125 The other site at Opônê was in contact with the Persian Gulf and South Asia in the second and third centuries c.e. and then, in the third to the ﬁfth centuries, only with the Persian Gulf.126 KANÉ/QANA’ AND MOSCHA LIMEN/SUMHURAM/KHOR RORI Two other ports are located on the southern coast of the Arabian Peninsula.",Sidebotham-2011-Berenike-and-the-Ancient-Maritime-Spice-Route,209,,
sumhuram,Sumhuram (Khor Rori),anchor,South Arabia,17.0400,54.4300,roman_amphora_unspec,Roman amphora (unspecified type),mediterranean_amphora,,,,,,within_1,"The city ﬂourished in the ﬁrst century c.e.; ﬁnds include Roman amphoras and ﬁne ware, some perhaps destined for onward shipment to the Persian Gulf.139 A grafﬁto carved on wall plaster depicts a two-masted sailing ship140 similar to those appearing on coins minted by the S1tav1hanas between the second/ﬁrst century b.c.e. and the second century c.e.",Sidebotham-2011-Berenike-and-the-Ancient-Maritime-Spice-Route,210,,
socotra,Socotra,comparandum,Arabian Sea,12.5000,53.9000,roman_coin,Roman coin,coin,,,,,,same_sentence,"The latest ancient classical reference to Socotra comes in the sixth century, when Cosmas Indicopleustes (Christian Topography 3.65)145 mentions that Christian clergy from Persia inhabited the island and that some of its residents, who were descendants of Ptolemaic colonists, spoke Greek.146 PORTS IN INDIA AND SRI LANKA In India random discoveries and excavations have recovered quantities of Mediterraneanmade objects including Roman denarii and aurei, fragments of transport amphoras, ﬁne dinnerware, glass and terra-cotta oil lamps, and copper-alloy statuettes.",Sidebotham-2011-Berenike-and-the-Ancient-Maritime-Spice-Route,211,,
socotra,Socotra,comparandum,Arabian Sea,12.5000,53.9000,lamp,Roman lamp,small_find,,,,,,same_sentence,"The latest ancient classical reference to Socotra comes in the sixth century, when Cosmas Indicopleustes (Christian Topography 3.65)145 mentions that Christian clergy from Persia inhabited the island and that some of its residents, who were descendants of Ptolemaic colonists, spoke Greek.146 PORTS IN INDIA AND SRI LANKA In India random discoveries and excavations have recovered quantities of Mediterraneanmade objects including Roman denarii and aurei, fragments of transport amphoras, ﬁne dinnerware, glass and terra-cotta oil lamps, and copper-alloy statuettes.",Sidebotham-2011-Berenike-and-the-Ancient-Maritime-Spice-Route,211,,
berenike,Berenike,anchor,Egyptian Red Sea,23.9106,35.4761,roman_amphora_unspec,Roman amphora (unspecified type),mediterranean_amphora,,,,,,within_1,"Excavations recovered a few fragments of later Roman amphoras,173 suggesting extremely sporadic, probably indirect, contact with the Mediterranean world into about the ﬁfth century c.e.",Sidebotham-2011-Berenike-and-the-Ancient-Maritime-Spice-Route,213,,
berenike,Berenike,anchor,Egyptian Red Sea,23.9106,35.4761,bead,Bead (glass or stone),small_find,,,,,,same_sentence,"Large numbers of beads made in Sri Lanka have been found at these Egyptian sites, as well as sapphires, undoubtedly of Sri Lankan provenance, at Berenike and Shenshef (see chapter 12).174 Based on excavation ﬁnds, it seems that Berenike’s contacts with India were more extensive than with Sri Lanka.",Sidebotham-2011-Berenike-and-the-Ancient-Maritime-Spice-Route,213,,
mantai,Mantai,comparandum,Sri Lanka,8.9800,79.9800,bead,Bead (glass or stone),small_find,,,,,Y,same_sentence,"Mantai was a major glass-bead manufacturing center, exporting as far aﬁeld as East Africa and Korea; pearls were also a major export item.182 Excavations in southern Sri Lanka at Tissamaharama, which functioned between the fourth/third century b.c.e. and the ninth century c.e., produced considerable evidence of contact with the Roman world.183 SAILING TIMES Pliny (NH 6.26.104) writes that sailing times from the northern Red Sea emporia like Berenike to southern Arabian ports such as Qana’ were about thirty days.184 This likely represented a quick voyage not including stops and time spent in an",Sidebotham-2011-Berenike-and-the-Ancient-Maritime-Spice-Route,214,,
tissamaharama,Tissamaharama,comparandum,Sri Lanka,6.2800,81.2900,bead,Bead (glass or stone),small_find,,,,,Y,same_sentence,"Mantai was a major glass-bead manufacturing center, exporting as far aﬁeld as East Africa and Korea; pearls were also a major export item.182 Excavations in southern Sri Lanka at Tissamaharama, which functioned between the fourth/third century b.c.e. and the ninth century c.e., produced considerable evidence of contact with the Roman world.183 SAILING TIMES Pliny (NH 6.26.104) writes that sailing times from the northern Red Sea emporia like Berenike to southern Arabian ports such as Qana’ were about thirty days.184 This likely represented a quick voyage not including stops and time spent in an",Sidebotham-2011-Berenike-and-the-Ancient-Maritime-Spice-Route,214,,
berenike,Berenike,anchor,Egyptian Red Sea,23.9106,35.4761,bead,Bead (glass or stone),small_find,,,,,Y,same_sentence,"Mantai was a major glass-bead manufacturing center, exporting as far aﬁeld as East Africa and Korea; pearls were also a major export item.182 Excavations in southern Sri Lanka at Tissamaharama, which functioned between the fourth/third century b.c.e. and the ninth century c.e., produced considerable evidence of contact with the Roman world.183 SAILING TIMES Pliny (NH 6.26.104) writes that sailing times from the northern Red Sea emporia like Berenike to southern Arabian ports such as Qana’ were about thirty days.184 This likely represented a quick voyage not including stops and time spent in an",Sidebotham-2011-Berenike-and-the-Ancient-Maritime-Spice-Route,214,,
qana,Qana / Kane,anchor,South Arabia,14.0167,48.3200,bead,Bead (glass or stone),small_find,,,,,Y,same_sentence,"Mantai was a major glass-bead manufacturing center, exporting as far aﬁeld as East Africa and Korea; pearls were also a major export item.182 Excavations in southern Sri Lanka at Tissamaharama, which functioned between the fourth/third century b.c.e. and the ninth century c.e., produced considerable evidence of contact with the Roman world.183 SAILING TIMES Pliny (NH 6.26.104) writes that sailing times from the northern Red Sea emporia like Berenike to southern Arabian ports such as Qana’ were about thirty days.184 This likely represented a quick voyage not including stops and time spent in an",Sidebotham-2011-Berenike-and-the-Ancient-Maritime-Spice-Route,214,,
socotra,Socotra,comparandum,Arabian Sea,12.5000,53.9000,teak,Teak / Indian timber,organic,,,,,,within_2,"Teak, a hardwood from South Asia, is quantitatively the most abundant wood species excavated at Berenike, and large teak planks and beams, some over 3 m long, are often used in architectural settings, including leveling courses to steady walls.",Sidebotham-2011-Berenike-and-the-Ancient-Maritime-Spice-Route,224,,
alagankulam,Alagankulam,comparandum,Coromandel,9.3600,79.0200,teak,Teak / Indian timber,organic,,,,,,within_1,"Teak, a hardwood from South Asia, is quantitatively the most abundant wood species excavated at Berenike, and large teak planks and beams, some over 3 m long, are often used in architectural settings, including leveling courses to steady walls.",Sidebotham-2011-Berenike-and-the-Ancient-Maritime-Spice-Route,224,,
berenike,Berenike,anchor,Egyptian Red Sea,23.9106,35.4761,teak,Teak / Indian timber,organic,,,,,,same_sentence,"Teak, a hardwood from South Asia, is quantitatively the most abundant wood species excavated at Berenike, and large teak planks and beams, some over 3 m long, are often used in architectural settings, including leveling courses to steady walls.",Sidebotham-2011-Berenike-and-the-Ancient-Maritime-Spice-Route,224,,
berenike,Berenike,anchor,Egyptian Red Sea,23.9106,35.4761,teak,Teak / Indian timber,organic,,,,,,same_sentence,"from large packing crates or, more likely, from the hulls or superstructures of ships.78 The Periplus (36) reports that Omana (southeastern Arabian Peninsula) imported teak from India; this may have been used to build sewn boats called madarate.79 The teak timbers with dowel holes and nails found in late Roman structures at Berenike suggest that ships were built in a western rather than an Indian shipbuilding tradition.",Sidebotham-2011-Berenike-and-the-Ancient-Maritime-Spice-Route,225,,
myos_hormos,Myos Hormos (Quseir al-Qadim),anchor,Egyptian Red Sea,26.1567,34.2417,teak,Teak / Indian timber,organic,,,,,,same_sentence,Al-Mas’[di (ca. 888–957 c.e.) and Ibn-Jubayr (in the twelfth century) both mention ships built of teak in the sewn tradition sailing the Red Sea and Indian Ocean.81 Excavations at Myos Hormos found two sets of timbers covering Islamic-era graves.,Sidebotham-2011-Berenike-and-the-Ancient-Maritime-Spice-Route,225,,
myos_hormos,Myos Hormos (Quseir al-Qadim),anchor,Egyptian Red Sea,26.1567,34.2417,teak,Teak / Indian timber,organic,,,,,,within_1,"One of these, likely the partial hull of a ship, was made of teak and sewn with coconut coir stitches and joined with wooden dowels.82 The practice of recycling dismantled ships into architectural contexts had a long tradition in Egypt, from at least the Middle Kingdom (cf.",Sidebotham-2011-Berenike-and-the-Ancient-Maritime-Spice-Route,225,,
myos_hormos,Myos Hormos (Quseir al-Qadim),anchor,Egyptian Red Sea,26.1567,34.2417,teak,Teak / Indian timber,organic,,,,,,within_2,"Wadi Gawasis).83 If the interpretation that teak preserved in the late Roman structures at Berenike originally came from ships is correct, this raises many questions about where the ships from which they came were built, their sizes and appearances, and the reasons they ended up recycled here.",Sidebotham-2011-Berenike-and-the-Ancient-Maritime-Spice-Route,225,,
berenike,Berenike,anchor,Egyptian Red Sea,23.9106,35.4761,teak,Teak / Indian timber,organic,,,,,,same_sentence,"Wadi Gawasis).83 If the interpretation that teak preserved in the late Roman structures at Berenike originally came from ships is correct, this raises many questions about where the ships from which they came were built, their sizes and appearances, and the reasons they ended up recycled here.",Sidebotham-2011-Berenike-and-the-Ancient-Maritime-Spice-Route,225,,
berenike,Berenike,anchor,Egyptian Red Sea,23.9106,35.4761,teak,Teak / Indian timber,organic,,,,,,within_1,"That these teak timbers appear in late Roman ediﬁces indicates that at that time, some ships were built, at least in part, of this durable wood.",Sidebotham-2011-Berenike-and-the-Ancient-Maritime-Spice-Route,226,,
myos_hormos,Myos Hormos (Quseir al-Qadim),anchor,Egyptian Red Sea,26.1567,34.2417,teak,Teak / Indian timber,organic,,,,,,same_sentence,"Ship-repair materials found at Wadi Gawasis— and recycled teak and cedar timbers, lead sheathing, nails and tacks, and other ship-related materials found at Berenike and Myos Hormos—illustrate that costs of ship repair and maintenance must have been substantial.",Sidebotham-2011-Berenike-and-the-Ancient-Maritime-Spice-Route,234,,
berenike,Berenike,anchor,Egyptian Red Sea,23.9106,35.4761,teak,Teak / Indian timber,organic,,,,,,same_sentence,"Ship-repair materials found at Wadi Gawasis— and recycled teak and cedar timbers, lead sheathing, nails and tacks, and other ship-related materials found at Berenike and Myos Hormos—illustrate that costs of ship repair and maintenance must have been substantial.",Sidebotham-2011-Berenike-and-the-Ancient-Maritime-Spice-Route,234,,
berenike,Berenike,anchor,Egyptian Red Sea,23.9106,35.4761,bead,Bead (glass or stone),small_find,,,,,,same_sentence,"ARCHAEOLOGICAL EVIDENCE The easiest way to understand Berenike’s commercial web in the Roman period is to begin with evidence of the most easterly regions in contact with our port and then move west across the Indian Ocean and Red Sea.We found a large polychrome bead—unfortunately, a surface ﬁnd.",Sidebotham-2011-Berenike-and-the-Ancient-Maritime-Spice-Route,244,,
berenike,Berenike,anchor,Egyptian Red Sea,23.9106,35.4761,bead,Bead (glass or stone),small_find,,,,,Y,same_sentence,"Closest parallels indicate its provenance as Jatim, East Java, dating to no earlier than the ﬁfth century c.e.8 We do not know how this bead arrived at Berenike, nor can we determine whether it was a trade item or a personal possession.",Sidebotham-2011-Berenike-and-the-Ancient-Maritime-Spice-Route,244,,
myos_hormos,Myos Hormos (Quseir al-Qadim),anchor,Egyptian Red Sea,26.1567,34.2417,black_pepper,Black pepper (Piper nigrum),organic,,,,,,within_2,"PEPPER The most noteworthy import to Berenike was black pepper, a product of southern India and known from both Roman and South Indian literary sources (especially Tamil Sangam poems) as a commodity in great demand in the Mediterranean.",Sidebotham-2011-Berenike-and-the-Ancient-Maritime-Spice-Route,245,,
berenike,Berenike,anchor,Egyptian Red Sea,23.9106,35.4761,black_pepper,Black pepper (Piper nigrum),organic,,,,,,same_sentence,"PEPPER The most noteworthy import to Berenike was black pepper, a product of southern India and known from both Roman and South Indian literary sources (especially Tamil Sangam poems) as a commodity in great demand in the Mediterranean.",Sidebotham-2011-Berenike-and-the-Ancient-Maritime-Spice-Route,245,,
berenike,Berenike,anchor,Egyptian Red Sea,23.9106,35.4761,black_pepper,Black pepper (Piper nigrum),organic,,,,,Y,same_sentence,"Black pepper was cultivated in southwestern India and the Western Ghat Mountains and was shipped from nearby ports along the Kerala coast (southwestern coast of India) like Muziris and Nelkynda.21 White pepper is merely black pepper that has ripened.22 Long pepper was cultivated in northern India and was shipped to the Mediterranean from Barygaza on the northwest coast.23 Yet, although excavations recovered other items at Berenike, including some matting and semiprecious stones, that likely came via Barygaza, we have not yet identiﬁed any long pepper.",Sidebotham-2011-Berenike-and-the-Ancient-Maritime-Spice-Route,245,,
barygaza,Barygaza (Bharuch),anchor,Gujarat,21.7000,72.9900,black_pepper,Black pepper (Piper nigrum),organic,,,,,Y,same_sentence,"Black pepper was cultivated in southwestern India and the Western Ghat Mountains and was shipped from nearby ports along the Kerala coast (southwestern coast of India) like Muziris and Nelkynda.21 White pepper is merely black pepper that has ripened.22 Long pepper was cultivated in northern India and was shipped to the Mediterranean from Barygaza on the northwest coast.23 Yet, although excavations recovered other items at Berenike, including some matting and semiprecious stones, that likely came via Barygaza, we have not yet identiﬁed any long pepper.",Sidebotham-2011-Berenike-and-the-Ancient-Maritime-Spice-Route,245,,
berenike,Berenike,anchor,Egyptian Red Sea,23.9106,35.4761,roman_coin,Roman coin,coin,,,,,,within_2,"The high price recorded for long pepper (ﬁfteen denarii per pound) by Pliny (NH 12.14.28), which was almost four times that for black pepper (four denarii per pound), may have led to a preference by Mediterranean peoples for black pepper.",Sidebotham-2011-Berenike-and-the-Ancient-Maritime-Spice-Route,245,,
barygaza,Barygaza (Bharuch),anchor,Gujarat,21.7000,72.9900,roman_coin,Roman coin,coin,,,,,,within_2,"The high price recorded for long pepper (ﬁfteen denarii per pound) by Pliny (NH 12.14.28), which was almost four times that for black pepper (four denarii per pound), may have led to a preference by Mediterranean peoples for black pepper.",Sidebotham-2011-Berenike-and-the-Ancient-Maritime-Spice-Route,245,,
myos_hormos,Myos Hormos (Quseir al-Qadim),anchor,Egyptian Red Sea,26.1567,34.2417,roman_coin,Roman coin,coin,,,,,,within_1,"The high price recorded for long pepper (ﬁfteen denarii per pound) by Pliny (NH 12.14.28), which was almost four times that for black pepper (four denarii per pound), may have led to a preference by Mediterranean peoples for black pepper.",Sidebotham-2011-Berenike-and-the-Ancient-Maritime-Spice-Route,245,,
berenike,Berenike,anchor,Egyptian Red Sea,23.9106,35.4761,black_pepper,Black pepper (Piper nigrum),organic,,,,,,within_2,"The high price recorded for long pepper (ﬁfteen denarii per pound) by Pliny (NH 12.14.28), which was almost four times that for black pepper (four denarii per pound), may have led to a preference by Mediterranean peoples for black pepper.",Sidebotham-2011-Berenike-and-the-Ancient-Maritime-Spice-Route,245,,
barygaza,Barygaza (Bharuch),anchor,Gujarat,21.7000,72.9900,black_pepper,Black pepper (Piper nigrum),organic,,,,,,within_2,"The high price recorded for long pepper (ﬁfteen denarii per pound) by Pliny (NH 12.14.28), which was almost four times that for black pepper (four denarii per pound), may have led to a preference by Mediterranean peoples for black pepper.",Sidebotham-2011-Berenike-and-the-Ancient-Maritime-Spice-Route,245,,
myos_hormos,Myos Hormos (Quseir al-Qadim),anchor,Egyptian Red Sea,26.1567,34.2417,black_pepper,Black pepper (Piper nigrum),organic,,,,,,within_1,"The high price recorded for long pepper (ﬁfteen denarii per pound) by Pliny (NH 12.14.28), which was almost four times that for black pepper (four denarii per pound), may have led to a preference by Mediterranean peoples for black pepper.",Sidebotham-2011-Berenike-and-the-Ancient-Maritime-Spice-Route,245,,
myos_hormos,Myos Hormos (Quseir al-Qadim),anchor,Egyptian Red Sea,26.1567,34.2417,roman_coin,Roman coin,coin,,,,,,within_2,White pepper was seven denarii per pound.,Sidebotham-2011-Berenike-and-the-Ancient-Maritime-Spice-Route,245,,
berenike,Berenike,anchor,Egyptian Red Sea,23.9106,35.4761,black_pepper,Black pepper (Piper nigrum),organic,,,,,,same_sentence,This more than anything may account for the dearth of long pepper and relative abundance of black pepper from excavations at Berenike.,Sidebotham-2011-Berenike-and-the-Ancient-Maritime-Spice-Route,246,,
berenike,Berenike,anchor,Egyptian Red Sea,23.9106,35.4761,black_pepper,Black pepper (Piper nigrum),organic,,,,,Y,within_1,"Pepper was bought, sold, and shipped as peppercorns and not ground; grinding took place in the kitchen.25 Based on ﬁnds from shipwrecks, we know that pepper had been imported to the Mediterranean basin since at least the second millennium b.c.e.26 Pliny the Elder (NH 12.14.28) discusses different types of pepper.",Sidebotham-2011-Berenike-and-the-Ancient-Maritime-Spice-Route,246,,
berenike,Berenike,anchor,Egyptian Red Sea,23.9106,35.4761,black_pepper,Black pepper (Piper nigrum),organic,,,,,Y,within_2,"Judging, however, by the prices he records for them, and the plethora of ancient references, other varieties do not seem to have been as popular as black pepper because they were more expensive.",Sidebotham-2011-Berenike-and-the-Ancient-Maritime-Spice-Route,246,,
myos_hormos,Myos Hormos (Quseir al-Qadim),anchor,Egyptian Red Sea,26.1567,34.2417,black_pepper,Black pepper (Piper nigrum),organic,,,,,Y,same_sentence,"Prior to 1999, excavations at Berenike recovered thousands of black peppercorns from many areas and from all periods of the Roman occupation.41 Pepper has also been found at other Roman-era sites in the Eastern Desert, including Myos Hormos, Mons Claudianus, and Shenshef southwest of Berenike (see chapter 13).42 The quantities at Berenike, however, surpassed the number of peppercorns found in excavations anywhere else in the Roman world.43 We did not know whether these chance ﬁnds were random losses, dropped while passing through the port, or if they had actually been lost while in use by resi",Sidebotham-2011-Berenike-and-the-Ancient-Maritime-Spice-Route,247,,
berenike,Berenike,anchor,Egyptian Red Sea,23.9106,35.4761,black_pepper,Black pepper (Piper nigrum),organic,,,,,Y,same_sentence,"Prior to 1999, excavations at Berenike recovered thousands of black peppercorns from many areas and from all periods of the Roman occupation.41 Pepper has also been found at other Roman-era sites in the Eastern Desert, including Myos Hormos, Mons Claudianus, and Shenshef southwest of Berenike (see chapter 13).42 The quantities at Berenike, however, surpassed the number of peppercorns found in excavations anywhere else in the Roman world.43 We did not know whether these chance ﬁnds were random losses, dropped while passing through the port, or if they had actually been lost while in use by resi",Sidebotham-2011-Berenike-and-the-Ancient-Maritime-Spice-Route,247,,
myos_hormos,Myos Hormos (Quseir al-Qadim),anchor,Egyptian Red Sea,26.1567,34.2417,black_pepper,Black pepper (Piper nigrum),organic,,,,,,within_1,"Excavators recovered the peppercorns in many different contexts: in trash, inside buildings, and outside buildings.",Sidebotham-2011-Berenike-and-the-Ancient-Maritime-Spice-Route,247,,
berenike,Berenike,anchor,Egyptian Red Sea,23.9106,35.4761,black_pepper,Black pepper (Piper nigrum),organic,,,,,,within_1,"Excavators recovered the peppercorns in many different contexts: in trash, inside buildings, and outside buildings.",Sidebotham-2011-Berenike-and-the-Ancient-Maritime-Spice-Route,247,,
berenike,Berenike,anchor,Egyptian Red Sea,23.9106,35.4761,black_pepper,Black pepper (Piper nigrum),organic,,,,,,within_1,"This sacred structure also preserved large numbers of peppercorns, suggesting that they had been used in religious ceremonies.",Sidebotham-2011-Berenike-and-the-Ancient-Maritime-Spice-Route,247,,
berenike,Berenike,anchor,Egyptian Red Sea,23.9106,35.4761,black_pepper,Black pepper (Piper nigrum),organic,,,,,Y,same_sentence,"Excavations of a ﬁfth-century church52 also recovered no peppercorns, suggesting that their use in sacred rituals did not extend to Christianity, at least in Berenike.",Sidebotham-2011-Berenike-and-the-Ancient-Maritime-Spice-Route,248,,
berenike,Berenike,anchor,Egyptian Red Sea,23.9106,35.4761,black_pepper,Black pepper (Piper nigrum),organic,,,,,Y,within_2,The jar without a lid contained 7.55 kg of peppercorns.,Sidebotham-2011-Berenike-and-the-Ancient-Maritime-Spice-Route,248,,
berenike,Berenike,anchor,Egyptian Red Sea,23.9106,35.4761,bead,Bead (glass or stone),small_find,4,specimens,exact,58,,same_sentence,"OTHER BOTANICAL FINDS The Berenike excavations recovered samples of Job’s tear, a grass seed from northeastern India closely related to maize; inhabitants in India today use the plant as a minor cereal and animal fodder, and to brew beer and wine.80 The four specimens found at Berenike had been pierced to make beads, as was also the practice in northeastern India.81 The excavation of highly toxic red and black seeds called rosary peas (Abrus precatorius L.)82 also tells us something about the trade with either India or East Africa.",Sidebotham-2011-Berenike-and-the-Ancient-Maritime-Spice-Route,251,reject,"the figure belongs to a botanical find, not beads"
berenike,Berenike,anchor,Egyptian Red Sea,23.9106,35.4761,frankincense,Frankincense,organic,,,,,,same_sentence,"Although until quite recently used to weigh gold in shops in India and elsewhere in the Indian Ocean basin, it is, and was, also mixed with frankincense and myrrh.83 Its recovery in the excavations may be indirect evidence that these aromatics passed through Berenike; certainly this would have been expected, since ancient authors describe how these solidiﬁed tree resins were major import items from southern Arabia and the Horn of Africa region through Egypt’s Red Sea ports.",Sidebotham-2011-Berenike-and-the-Ancient-Maritime-Spice-Route,251,,
berenike,Berenike,anchor,Egyptian Red Sea,23.9106,35.4761,black_pepper,Black pepper (Piper nigrum),organic,,,,,,same_sentence,"Hundreds of wooden bowls found in religious contexts in the Shrine of the Palmyrenes and at least two on the courtyard ﬂoor of the early Roman Serapis temple also preserved charred remains in their interiors, suggesting the presence and use of incense or peppercorns in these religious contexts.84 Only in 2009 did we record the ﬁrst direct evidence of the importation of frankincense to Berenike, and that is discussed later, in the section on imported wood.",Sidebotham-2011-Berenike-and-the-Ancient-Maritime-Spice-Route,251,,
berenike,Berenike,anchor,Egyptian Red Sea,23.9106,35.4761,frankincense,Frankincense,organic,,,,,,same_sentence,"Hundreds of wooden bowls found in religious contexts in the Shrine of the Palmyrenes and at least two on the courtyard ﬂoor of the early Roman Serapis temple also preserved charred remains in their interiors, suggesting the presence and use of incense or peppercorns in these religious contexts.84 Only in 2009 did we record the ﬁrst direct evidence of the importation of frankincense to Berenike, and that is discussed later, in the section on imported wood.",Sidebotham-2011-Berenike-and-the-Ancient-Maritime-Spice-Route,251,,
berenike,Berenike,anchor,Egyptian Red Sea,23.9106,35.4761,sigillata_unspec,Sigillata (unspecified),mediterranean_fineware,,,,,,same_sentence,"Excavations at Berenike have found sherds of ﬁne tableware (mainly terra sigillata) made in Italy and Gaul as well as from the eastern Mediterranean.103 Stamps in the shape of small human feet (planta pedis), ovals, squares, or rectangles are frequently impressed in the inside bottom of these wares—stamps that contain the abbreviated names of the owners of the workshops that made them.",Sidebotham-2011-Berenike-and-the-Ancient-Maritime-Spice-Route,252,,
adulis,Adulis,anchor,East African Red Sea,15.2617,39.6600,sigillata_unspec,Sigillata (unspecified),mediterranean_fineware,,,,,,within_2,"Excavations at Berenike have found sherds of ﬁne tableware (mainly terra sigillata) made in Italy and Gaul as well as from the eastern Mediterranean.103 Stamps in the shape of small human feet (planta pedis), ovals, squares, or rectangles are frequently impressed in the inside bottom of these wares—stamps that contain the abbreviated names of the owners of the workshops that made them.",Sidebotham-2011-Berenike-and-the-Ancient-Maritime-Spice-Route,252,,
aksum,Aksum,comparandum,Ethiopian highlands,14.1300,38.7200,sigillata_unspec,Sigillata (unspecified),mediterranean_fineware,,,,,,within_2,"Excavations at Berenike have found sherds of ﬁne tableware (mainly terra sigillata) made in Italy and Gaul as well as from the eastern Mediterranean.103 Stamps in the shape of small human feet (planta pedis), ovals, squares, or rectangles are frequently impressed in the inside bottom of these wares—stamps that contain the abbreviated names of the owners of the workshops that made them.",Sidebotham-2011-Berenike-and-the-Ancient-Maritime-Spice-Route,252,,
myos_hormos,Myos Hormos (Quseir al-Qadim),anchor,Egyptian Red Sea,26.1567,34.2417,sigillata_unspec,Sigillata (unspecified),mediterranean_fineware,,,,,,within_1,"Excavations at Berenike have found sherds of ﬁne tableware (mainly terra sigillata) made in Italy and Gaul as well as from the eastern Mediterranean.103 Stamps in the shape of small human feet (planta pedis), ovals, squares, or rectangles are frequently impressed in the inside bottom of these wares—stamps that contain the abbreviated names of the owners of the workshops that made them.",Sidebotham-2011-Berenike-and-the-Ancient-Maritime-Spice-Route,252,,
aila,Aila (Aqaba),comparandum,Northern Red Sea,29.5200,35.0000,sigillata_unspec,Sigillata (unspecified),mediterranean_fineware,,,,,,within_1,"Excavations at Berenike have found sherds of ﬁne tableware (mainly terra sigillata) made in Italy and Gaul as well as from the eastern Mediterranean.103 Stamps in the shape of small human feet (planta pedis), ovals, squares, or rectangles are frequently impressed in the inside bottom of these wares—stamps that contain the abbreviated names of the owners of the workshops that made them.",Sidebotham-2011-Berenike-and-the-Ancient-Maritime-Spice-Route,252,,
berenike,Berenike,anchor,Egyptian Red Sea,23.9106,35.4761,rhodian,Rhodian amphora,mediterranean_amphora,,,,,,same_sentence,"In fact, judging from the shape of the recovered amphora fragments, wine seems to have been a major commodity at Berenike, undoubtedly for local consumptionaswellasforexport.111“Italian,”“Aminaean”(producedinCampania,Sicily,Spain, and Syria),112 Rhodian, Ephesian, Kolophonian (Asia Minor), and Laodicean (especially Syrian) wines113 were popular exports according to the early Roman Berenike ostraka, and some of these are, coincidentally, also mentioned in the Periplus as popular Mediterranean items in demand at Arabian and Indian emporia.114 At the turn of the Christian era Strabo (Geography 16",Sidebotham-2011-Berenike-and-the-Ancient-Maritime-Spice-Route,254,,
berenike,Berenike,anchor,Egyptian Red Sea,23.9106,35.4761,rhodian,Rhodian amphora,mediterranean_amphora,,,,,,same_sentence,"Laodicean wine occurs less frequently in the ostraka, but is transported in larger quantities, up to thirty ladikena, or— as is the case in Berenike Ostrakon 39—twenty-eight ladikena and twenty koilopomata of Italian wine.121 The Ptolemaic wine mentioned is possibly the same as the “Ptolemaic monthly provisions” listed in Berenike Ostrakon 20, which also lists ten Rhodian monthly provisions.122 It may be that Egyptian wine was given as provisions for the crew whereas the Italian and Laodicean wines were export products—a suggestion corroborated by the Periplus.123 It is uncertain who imbibed t",Sidebotham-2011-Berenike-and-the-Ancient-Maritime-Spice-Route,255,,
berenike,Berenike,anchor,Egyptian Red Sea,23.9106,35.4761,frankincense,Frankincense,organic,,,,,,within_2,"Strabo 15.1.53), making the uses of some imported Mediterranean wines interesting when compared with the uses of Roman imports of frankincense and myrrh from Arabia and the Horn of Africa for religious purposes.",Sidebotham-2011-Berenike-and-the-Ancient-Maritime-Spice-Route,255,,
berenike,Berenike,anchor,Egyptian Red Sea,23.9106,35.4761,dressel_2_4,Dressel 2-4 amphora,mediterranean_amphora,,,,,,same_sentence,"The ladikena amphora, however, could also be reused for Egyptian wine, as can be inferred from the much abbreviated text of Berenike Ostrakon 88, which speciﬁes that a ladikena ﬁlled with local wine should be allowed to pass into the harbor area.127 The most frequently used type of wine amphora is the Dressel 2–4, a form that was produced in several areas128 and designated its contents as “good-quality wine.” From its clay fabric and its distribution, it is often possible to determine whether the amphora (and its initial contents) originated in Laodicaea (Syria) or elsewhere.129 Olive oil is a",Sidebotham-2011-Berenike-and-the-Ancient-Maritime-Spice-Route,255,,
berenike,Berenike,anchor,Egyptian Red Sea,23.9106,35.4761,roman_glass,Roman glass,glass,,,,,Y,same_sentence,"Islamic glass imports have been recovered from excavations in China,136 and several outstanding examples of polychrome painted goblets and a beaker, a pillar, and milleﬁori bowls, “honeycombed” glass vessels, openwork trailing decorated containers, and glass preserved in other unusual designs have been recorded from excavations at Begram, Afghanistan.137 Excavations at Berenike have recovered many hundreds if not thousands of sherds of glass.138 Whereas some of these represent cheap, likely not export-quality items, probably used by residents of the port, other glass is of very high caliber.",Sidebotham-2011-Berenike-and-the-Ancient-Maritime-Spice-Route,256,,
berenike,Berenike,anchor,Egyptian Red Sea,23.9106,35.4761,bead,Bead (glass or stone),small_find,,,,,,same_sentence,"These would have come from Sri Lanka directly or via a port in southern India.164 Sri Lanka was especially active in trade with Berenike in late Roman times, as the discovery of many beads, noted later in this chapter, indicates.",Sidebotham-2011-Berenike-and-the-Ancient-Maritime-Spice-Route,258,,
myos_hormos,Myos Hormos (Quseir al-Qadim),anchor,Egyptian Red Sea,26.1567,34.2417,bead,Bead (glass or stone),small_find,,,,,,within_1,"Of the thousands of beads recovered in excavations at Berenike, a large percentage were made in western and southern India,178 and Sri Lanka.",Sidebotham-2011-Berenike-and-the-Ancient-Maritime-Spice-Route,259,,
berenike,Berenike,anchor,Egyptian Red Sea,23.9106,35.4761,bead,Bead (glass or stone),small_find,,,,,,same_sentence,"Of the thousands of beads recovered in excavations at Berenike, a large percentage were made in western and southern India,178 and Sri Lanka.",Sidebotham-2011-Berenike-and-the-Ancient-Maritime-Spice-Route,259,,
myos_hormos,Myos Hormos (Quseir al-Qadim),anchor,Egyptian Red Sea,26.1567,34.2417,bead,Bead (glass or stone),small_find,,,,,,within_2,"In late Roman Berenike over half the beads recovered were manufactured in Sri Lanka.179 From India came beads made of garnet, quartz crystal, and milky quartz.",Sidebotham-2011-Berenike-and-the-Ancient-Maritime-Spice-Route,259,,
berenike,Berenike,anchor,Egyptian Red Sea,23.9106,35.4761,bead,Bead (glass or stone),small_find,,,,,,same_sentence,"In late Roman Berenike over half the beads recovered were manufactured in Sri Lanka.179 From India came beads made of garnet, quartz crystal, and milky quartz.",Sidebotham-2011-Berenike-and-the-Ancient-Maritime-Spice-Route,259,,
berenike,Berenike,anchor,Egyptian Red Sea,23.9106,35.4761,bead,Bead (glass or stone),small_find,,,,,,within_1,"The carnelian, sard, and agate beads found in such abundance in our excavations were also imported.",Sidebotham-2011-Berenike-and-the-Ancient-Maritime-Spice-Route,259,,
berenike,Berenike,anchor,Egyptian Red Sea,23.9106,35.4761,bead,Bead (glass or stone),small_find,,,,,Y,same_sentence,"Sard and agate came from India, whereas carnelian likely derived from Sri Lanka.180 There were also beads made of glass and gold foil.181 Large numbers of glass beads were made at Arikamedu on the Coromandel Coast; also from the late Roman period we found tiny glass beads in yellow, green, blue, purple, red, orange, black, and violet, which were produced in Sri Lanka, likely at Mantai.182 Despite large numbers of beads found at Berenike, Sikait, and Marsa Nakari that are imports from India and Sri Lanka, no ancient author or document mentions a trade in beads between the Red Sea ports of Egypt",Sidebotham-2011-Berenike-and-the-Ancient-Maritime-Spice-Route,259,,
arikamedu,Arikamedu,anchor,Coromandel,11.9000,79.8200,bead,Bead (glass or stone),small_find,,,,,Y,same_sentence,"Sard and agate came from India, whereas carnelian likely derived from Sri Lanka.180 There were also beads made of glass and gold foil.181 Large numbers of glass beads were made at Arikamedu on the Coromandel Coast; also from the late Roman period we found tiny glass beads in yellow, green, blue, purple, red, orange, black, and violet, which were produced in Sri Lanka, likely at Mantai.182 Despite large numbers of beads found at Berenike, Sikait, and Marsa Nakari that are imports from India and Sri Lanka, no ancient author or document mentions a trade in beads between the Red Sea ports of Egypt",Sidebotham-2011-Berenike-and-the-Ancient-Maritime-Spice-Route,259,,
mantai,Mantai,comparandum,Sri Lanka,8.9800,79.9800,bead,Bead (glass or stone),small_find,,,,,Y,same_sentence,"Sard and agate came from India, whereas carnelian likely derived from Sri Lanka.180 There were also beads made of glass and gold foil.181 Large numbers of glass beads were made at Arikamedu on the Coromandel Coast; also from the late Roman period we found tiny glass beads in yellow, green, blue, purple, red, orange, black, and violet, which were produced in Sri Lanka, likely at Mantai.182 Despite large numbers of beads found at Berenike, Sikait, and Marsa Nakari that are imports from India and Sri Lanka, no ancient author or document mentions a trade in beads between the Red Sea ports of Egypt",Sidebotham-2011-Berenike-and-the-Ancient-Maritime-Spice-Route,259,,
berenike,Berenike,anchor,Egyptian Red Sea,23.9106,35.4761,bead,Bead (glass or stone),small_find,,,,,,same_sentence,"At Berenike ﬁeldwork has recovered only ﬁve beads made of the Mediterranean variety of coral that Pliny extols;194 we cannot be certain, however, whether these few specimens were for use at Berenike or were destined for export to Indian markets.",Sidebotham-2011-Berenike-and-the-Ancient-Maritime-Spice-Route,260,,
berenike,Berenike,anchor,Egyptian Red Sea,23.9106,35.4761,teak,Teak / Indian timber,organic,,,,,,within_1,"The teak is found most often recycled as large beams constructed into walls of late Roman structures, especially in areas immediately north of the Serapis temple, the Shrine of the Palmyrenes. and the Northern Shrine.",Sidebotham-2011-Berenike-and-the-Ancient-Maritime-Spice-Route,260,,
berenike,Berenike,anchor,Egyptian Red Sea,23.9106,35.4761,teak,Teak / Indian timber,organic,,,,,,same_sentence,"All teak beams found in Berenike’s walls have small rectangular dowel holes cut along their lengths, and some have nails embedded in them.",Sidebotham-2011-Berenike-and-the-Ancient-Maritime-Spice-Route,260,,
berenike,Berenike,anchor,Egyptian Red Sea,23.9106,35.4761,teak,Teak / Indian timber,organic,,,,,,same_sentence,"These lengths of timber were perhaps originally parts of large packing crates or, more likely, portions of ships.197 The British have also found teak in their excavations at Myos Hormos.198 There is evidence that some Arabs used teak when building their sewn boats in the early Roman period.199 Teak (see chapter 10) was a durable, easily worked timber used for shipbuilding for centuries by Arabs in the southern Red Sea and Indian Ocean.200 Once merchant ships arrived at Berenike from India, they would have required repair and maintenance after their rough voyages.",Sidebotham-2011-Berenike-and-the-Ancient-Maritime-Spice-Route,260,,
myos_hormos,Myos Hormos (Quseir al-Qadim),anchor,Egyptian Red Sea,26.1567,34.2417,teak,Teak / Indian timber,organic,,,,,,same_sentence,"These lengths of timber were perhaps originally parts of large packing crates or, more likely, portions of ships.197 The British have also found teak in their excavations at Myos Hormos.198 There is evidence that some Arabs used teak when building their sewn boats in the early Roman period.199 Teak (see chapter 10) was a durable, easily worked timber used for shipbuilding for centuries by Arabs in the southern Red Sea and Indian Ocean.200 Once merchant ships arrived at Berenike from India, they would have required repair and maintenance after their rough voyages.",Sidebotham-2011-Berenike-and-the-Ancient-Maritime-Spice-Route,260,,
berenike,Berenike,anchor,Egyptian Red Sea,23.9106,35.4761,crsw_scooped,CRSW with organic (bamboo) wiping,indian_coarseware,,,,,Y,within_2,"Though no Greco-Roman writers report bamboo as an import from India, the Kau•ilEya Arthaé1stra indicates that it was exported from the Western Deccan areas of India during the rule of the S1tav1hanas in the early centuries c.e.211 The Arthaé1stra, however, does not specify that bamboo was exported to the Roman world.",Sidebotham-2011-Berenike-and-the-Ancient-Maritime-Spice-Route,261,,
barygaza,Barygaza (Bharuch),anchor,Gujarat,21.7000,72.9900,crsw_scooped,CRSW with organic (bamboo) wiping,indian_coarseware,,,,,Y,within_2,"Though no Greco-Roman writers report bamboo as an import from India, the Kau•ilEya Arthaé1stra indicates that it was exported from the Western Deccan areas of India during the rule of the S1tav1hanas in the early centuries c.e.211 The Arthaé1stra, however, does not specify that bamboo was exported to the Roman world.",Sidebotham-2011-Berenike-and-the-Ancient-Maritime-Spice-Route,261,,
berenike,Berenike,anchor,Egyptian Red Sea,23.9106,35.4761,roman_coin,Roman coin,coin,34.0,percent,exact,70,,same_sentence,"Second- and third-century issues account for only about 9 percent of the total, while coins from the second quarter of the fourth into the late fourth and the early ﬁfth centuries make up about 34 percent of the total.246 Thus, the corpus of base-metal and billon Roman coins from Berenike, especially of Claudius, Nero, and the Flavians, suggests economic prosperity at that time and later in the fourth century.",Sidebotham-2011-Berenike-and-the-Ancient-Maritime-Spice-Route,265,accept,share of the coin assemblage by period
myos_hormos,Myos Hormos (Quseir al-Qadim),anchor,Egyptian Red Sea,26.1567,34.2417,roman_coin,Roman coin,coin,,,,,,within_1,"The preponderance of the pre-Neronian denarii (especially those of Augustus—his Gaius and Lucius Caesars reverse from the Lugdunum mint—and Tiberius’s PONTIF MAXIM reverse, all of which were 98 percent silver) while so few Neronian, Flavian, or Trajanic denarii are documented in the Indian corpus, during the very period when all the other nonnumismatic evidence from outside the subcontinent suggests the zenith of the commerce between the Mediterranean world and South Asia, must indicate that many of the earlier coins entered the region in the second half of the ﬁrst century and later.",Sidebotham-2011-Berenike-and-the-Ancient-Maritime-Spice-Route,266,,
berenike,Berenike,anchor,Egyptian Red Sea,23.9106,35.4761,roman_coin,Roman coin,coin,,,,,,within_1,"The preponderance of the pre-Neronian denarii (especially those of Augustus—his Gaius and Lucius Caesars reverse from the Lugdunum mint—and Tiberius’s PONTIF MAXIM reverse, all of which were 98 percent silver) while so few Neronian, Flavian, or Trajanic denarii are documented in the Indian corpus, during the very period when all the other nonnumismatic evidence from outside the subcontinent suggests the zenith of the commerce between the Mediterranean world and South Asia, must indicate that many of the earlier coins entered the region in the second half of the ﬁrst century and later.",Sidebotham-2011-Berenike-and-the-Ancient-Maritime-Spice-Route,266,,
barygaza,Barygaza (Bharuch),anchor,Gujarat,21.7000,72.9900,roman_coin,Roman coin,coin,,,,,,same_sentence,"In fact, the Periplus (49) mentions that Roman coins could be exchanged at a proﬁt at Barygaza.",Sidebotham-2011-Berenike-and-the-Ancient-Maritime-Spice-Route,268,,
barygaza,Barygaza (Bharuch),anchor,Gujarat,21.7000,72.9900,roman_coin,Roman coin,coin,,,,,,same_sentence,"Then during the reign of Vespasian, in about 70 c.e., the ratio was one to ten, approximately that in India.264 Thus Roman coins minted before 64 c.e. and even before 70 c.e. were proﬁtable to exchange at Barygaza for Indian silver.",Sidebotham-2011-Berenike-and-the-Ancient-Maritime-Spice-Route,268,,
barygaza,Barygaza (Bharuch),anchor,Gujarat,21.7000,72.9900,roman_coin,Roman coin,coin,,,,,,within_1,That numerous Roman coins found in India date to the period before Nero’s reform of 64 c.e. suggests that many of them may have been involved in exchanges years after the Periplus was written and decades or more after the coins were minted.,Sidebotham-2011-Berenike-and-the-Ancient-Maritime-Spice-Route,268,,
barygaza,Barygaza (Bharuch),anchor,Gujarat,21.7000,72.9900,roman_coin,Roman coin,coin,,,,,Y,same_sentence,"In other words, those trading Roman coins in the later ﬁrst, second, or subsequent centuries may have gathered or otherwise hoarded the earlier (pre-64 or pre-70 c.e.) Roman-issue coins of ﬁner purity and traded these in India not only at Barygaza, but perhaps also at other emporia.",Sidebotham-2011-Berenike-and-the-Ancient-Maritime-Spice-Route,268,,
barygaza,Barygaza (Bharuch),anchor,Gujarat,21.7000,72.9900,roman_coin,Roman coin,coin,,,,,,same_sentence,"These “Roman” merchants, far from losing money in this trade, in fact stood to make a proﬁt if they exchanged their denarii elsewhere in India for local silver at as advantageous a rate as they received at Barygaza.",Sidebotham-2011-Berenike-and-the-Ancient-Maritime-Spice-Route,268,,
barygaza,Barygaza (Bharuch),anchor,Gujarat,21.7000,72.9900,roman_coin,Roman coin,coin,,,,,,within_1,"Thus, the presence, in some cases, of Roman coins in India may indicate that the Romans enjoyed a “balance-of-trade surplus” rather than a deﬁcit, if one wants to employ this modern concept.",Sidebotham-2011-Berenike-and-the-Ancient-Maritime-Spice-Route,268,,
myos_hormos,Myos Hormos (Quseir al-Qadim),anchor,Egyptian Red Sea,26.1567,34.2417,roman_coin,Roman coin,coin,,,,,Y,same_sentence,"None of the excavations at Myos Hormos, Berenike, Marsa Nakari, or Cleopatris have documented Roman denarii or aurei—the silver and gold coins in demand in India and elsewhere.",Sidebotham-2011-Berenike-and-the-Ancient-Maritime-Spice-Route,269,,
berenike,Berenike,anchor,Egyptian Red Sea,23.9106,35.4761,roman_coin,Roman coin,coin,,,,,Y,same_sentence,"None of the excavations at Myos Hormos, Berenike, Marsa Nakari, or Cleopatris have documented Roman denarii or aurei—the silver and gold coins in demand in India and elsewhere.",Sidebotham-2011-Berenike-and-the-Ancient-Maritime-Spice-Route,269,,
myos_hormos,Myos Hormos (Quseir al-Qadim),anchor,Egyptian Red Sea,26.1567,34.2417,roman_coin,Roman coin,coin,,,,,Y,within_2,"Whoever may have actually transported the aurei and denarii from Alexandria to the Red Sea ports, the Roman government must have played a role in guaranteeing that these coins destined for international trade did not end up loose in Egypt.",Sidebotham-2011-Berenike-and-the-Ancient-Maritime-Spice-Route,269,,
berenike,Berenike,anchor,Egyptian Red Sea,23.9106,35.4761,roman_coin,Roman coin,coin,,,,,Y,within_2,"Whoever may have actually transported the aurei and denarii from Alexandria to the Red Sea ports, the Roman government must have played a role in guaranteeing that these coins destined for international trade did not end up loose in Egypt.",Sidebotham-2011-Berenike-and-the-Ancient-Maritime-Spice-Route,269,,
tissamaharama,Tissamaharama,comparandum,Sri Lanka,6.2800,81.2900,roman_coin,Roman coin,coin,,,,,,within_1,Roman coins could also represent gift exchange or other types of transactions among Indians rather than between Romans/westerners and Indians.,Sidebotham-2011-Berenike-and-the-Ancient-Maritime-Spice-Route,270,,
aksum,Aksum,comparandum,Ethiopian highlands,14.1300,38.7200,roman_coin,Roman coin,coin,,,,,,within_1,Roman coins could also represent gift exchange or other types of transactions among Indians rather than between Romans/westerners and Indians.,Sidebotham-2011-Berenike-and-the-Ancient-Maritime-Spice-Route,270,,
aksum,Aksum,comparandum,Ethiopian highlands,14.1300,38.7200,roman_coin,Roman coin,coin,,,,,,same_sentence,"Compared with numbers discovered in southern India, few Roman coins have been found in excavated or other securely documented archaeological contexts in northern India, southern Arabia, or the Kingdom of Axum—all of which were important trading partners for Rome.",Sidebotham-2011-Berenike-and-the-Ancient-Maritime-Spice-Route,270,,
aksum,Aksum,comparandum,Ethiopian highlands,14.1300,38.7200,roman_coin,Roman coin,coin,,,,,,within_1,"Is this dearth an accident, or were the imported Roman coins melted down?",Sidebotham-2011-Berenike-and-the-Ancient-Maritime-Spice-Route,270,,
qana,Qana / Kane,anchor,South Arabia,14.0167,48.3200,frankincense,Frankincense,organic,,,,,,same_sentence,Elsewhere the Periplus (27) notes how all frankincense grown in the region was brought to the South Arabian port of Qana’ both overland and by raft.,Sidebotham-2011-Berenike-and-the-Ancient-Maritime-Spice-Route,273,,
qana,Qana / Kane,anchor,South Arabia,14.0167,48.3200,frankincense,Frankincense,organic,,,,,Y,same_sentence,"Though the Periplus does not apply any of these designations to Qana’, the fact that all frankincense in the region had to pass through the city strongly suggests that the political powers were closely regulating its sale and probably taxing it in the process; perhaps there was some royal monopoly.",Sidebotham-2011-Berenike-and-the-Ancient-Maritime-Spice-Route,273,,
qana,Qana / Kane,anchor,South Arabia,14.0167,48.3200,frankincense,Frankincense,organic,,,,,,within_1,"Similar situations existed at other ports in southern Arabia.286 Elsewhere archaeologists have discovered special roads cut through mountains in southern Arabia that forced caravans onto speciﬁc routes; one example at Aqabat Najd Marqad, the pass called Mablaqah, under the control of the Qatabanian kingdom, linked Wadi Baih1n with Wadi Harib.287 What better way to control, tax, and monitor the transportation system carrying frankincense and myrrh along the caravan tracks leading north to consumers in the Mediterranean world than to direct caravans along speciﬁed roads that could be easily moni",Sidebotham-2011-Berenike-and-the-Ancient-Maritime-Spice-Route,273,,
qana,Qana / Kane,anchor,South Arabia,14.0167,48.3200,roman_amphora_unspec,Roman amphora (unspecified type),mediterranean_amphora,,,,,,within_2,"The Periplus (52) notes that strong measures were taken by some rulers in India to have foreigners’ ships comply with local laws by bringing “Greek” (i.e., Roman) ships that strayed into some ports “under guard” to Barygaza.288 Buddhist writings known as the J1takas indicate that one Indian prince engaged in commercial activities himself.289 The Tamil-Brahmi grafﬁto scratched on a Roman amphora fragment from a mid-ﬁrstcentury c.e. context at Berenike records a Tamil chieftain named Korran.290 Perhaps he engaged in the lucrative commerce because his political position entitled him to do so, as ",Sidebotham-2011-Berenike-and-the-Ancient-Maritime-Spice-Route,273,,
berenike,Berenike,anchor,Egyptian Red Sea,23.9106,35.4761,roman_amphora_unspec,Roman amphora (unspecified type),mediterranean_amphora,,,,,,same_sentence,"The Periplus (52) notes that strong measures were taken by some rulers in India to have foreigners’ ships comply with local laws by bringing “Greek” (i.e., Roman) ships that strayed into some ports “under guard” to Barygaza.288 Buddhist writings known as the J1takas indicate that one Indian prince engaged in commercial activities himself.289 The Tamil-Brahmi grafﬁto scratched on a Roman amphora fragment from a mid-ﬁrstcentury c.e. context at Berenike records a Tamil chieftain named Korran.290 Perhaps he engaged in the lucrative commerce because his political position entitled him to do so, as ",Sidebotham-2011-Berenike-and-the-Ancient-Maritime-Spice-Route,273,,
barygaza,Barygaza (Bharuch),anchor,Gujarat,21.7000,72.9900,roman_amphora_unspec,Roman amphora (unspecified type),mediterranean_amphora,,,,,,same_sentence,"The Periplus (52) notes that strong measures were taken by some rulers in India to have foreigners’ ships comply with local laws by bringing “Greek” (i.e., Roman) ships that strayed into some ports “under guard” to Barygaza.288 Buddhist writings known as the J1takas indicate that one Indian prince engaged in commercial activities himself.289 The Tamil-Brahmi grafﬁto scratched on a Roman amphora fragment from a mid-ﬁrstcentury c.e. context at Berenike records a Tamil chieftain named Korran.290 Perhaps he engaged in the lucrative commerce because his political position entitled him to do so, as ",Sidebotham-2011-Berenike-and-the-Ancient-Maritime-Spice-Route,273,,
berenike,Berenike,anchor,Egyptian Red Sea,23.9106,35.4761,its,Italian Sigillata,mediterranean_fineware,,,,,,same_sentence,"13 LATE ROMAN BERENIKE AND ITS DEMISE Following a brief ﬂurry at Berenike in the late second/early third centuries, there was a hiatus with little archaeological documentation for much activity until about the mid fourth century c.e.",Sidebotham-2011-Berenike-and-the-Ancient-Maritime-Spice-Route,280,,
berenike,Berenike,anchor,Egyptian Red Sea,23.9106,35.4761,teak,Teak / Indian timber,organic,,,,,Y,same_sentence,"There is no way to determine whether the relief came from this shrine or elsewhere, because excavations in most buildings of Berenike’s later occupation have recovered reused stones.48 The interior of the Northern Shrine also preserved teak timbers, one over 3 m long, possibly recycled from a ship (see chapters 10 and 12).",Sidebotham-2011-Berenike-and-the-Ancient-Maritime-Spice-Route,286,,
berenike,Berenike,anchor,Egyptian Red Sea,23.9106,35.4761,frankincense,Frankincense,organic,,,,,,same_sentence,"In about 895, during the reign of the Emperor Leo VI (886–911), there was a Roman law recorded in the Ordinances (from The Book of the Eparch 10.5) laid out for the eparch of Constantinople that was very explicit: perfumers had to use scales and weights when buying wares—which would, of course, have included expensive aromatics such as frankincense and myrrh.75 There is every reason to think this was also the case in earlier times, and perhaps the scales recovered in this area of Berenike served a similar purpose in the fourth and ﬁfth centuries.",Sidebotham-2011-Berenike-and-the-Ancient-Maritime-Spice-Route,291,,
berenike,Berenike,anchor,Egyptian Red Sea,23.9106,35.4761,roman_pottery_unspec,Roman pottery (unspecified),mediterranean_unspecified,,,,,,same_sentence,"figures 13-2a and 13-2b Berenike, late Roman warehouse containing Aila-made amphoras, on the southeastern part of the site (Trench BE95-5).",Sidebotham-2011-Berenike-and-the-Ancient-Maritime-Spice-Route,294,,
aila,Aila (Aqaba),comparandum,Northern Red Sea,29.5200,35.0000,roman_pottery_unspec,Roman pottery (unspecified),mediterranean_unspecified,,,,,,same_sentence,"figures 13-2a and 13-2b Berenike, late Roman warehouse containing Aila-made amphoras, on the southeastern part of the site (Trench BE95-5).",Sidebotham-2011-Berenike-and-the-Ancient-Maritime-Spice-Route,294,,
aksum,Aksum,comparandum,Ethiopian highlands,14.1300,38.7200,frankincense,Frankincense,organic,,,,,,same_sentence,"There has been some speculation that the king of Axum may actually have originally come from Himyar in southern Arabia, across the Red Sea.120 This would have created a very strong power block, because Axum and Himyar together could dominate the production and trade of Somali and South Arabian frankincense and myrrh.121 They would also have controlled the Bab al-Mandeb, the narrow strait joining the Red Sea to the Indian Ocean.",Sidebotham-2011-Berenike-and-the-Ancient-Maritime-Spice-Route,299,,
berenike,Berenike,anchor,Egyptian Red Sea,23.9106,35.4761,bead,Bead (glass or stone),small_find,,,,,,same_sentence,"Pepper, semiprecious stones, especially beads, and other objects occur with regularity, suggesting the robust level of economic prosperity at Berenike and in the Eastern Roman Empire as a whole at that time.",Sidebotham-2011-Berenike-and-the-Ancient-Maritime-Spice-Route,299,,
qana,Qana / Kane,anchor,South Arabia,14.0167,48.3200,roman_amphora_unspec,Roman amphora (unspecified type),mediterranean_amphora,78,amphoras,exact,7,,same_sentence,Sedov (2007): especially 77–78 for Mediterranean amphoras at Qana’;,Sidebotham-2011-Berenike-and-the-Ancient-Maritime-Spice-Route,347,reject,77-78 is a page range in a footnote
qana,Qana / Kane,anchor,South Arabia,14.0167,48.3200,roman_amphora_unspec,Roman amphora (unspecified type),mediterranean_amphora,78,amphoras,exact,7,,same_sentence,Sedov (2007): especially 77–78 for Mediterranean amphoras found at Qana’;,Sidebotham-2011-Berenike-and-the-Ancient-Maritime-Spice-Route,374,reject,77-78 is a page range in a footnote
nevasa,Nevasa,comparandum,Deccan interior,19.5500,74.9300,dressel_2_4,Dressel 2-4 amphora,mediterranean_amphora,,,,,,same_sentence,Dressel 2–4 Amphorae and Roman Trade with India: The Evidence from Nevasa.,Sidebotham-2011-Berenike-and-the-Ancient-Maritime-Spice-Route,399,,
tissamaharama,Tissamaharama,comparandum,Sri Lanka,6.2800,81.2900,rouletted_ware,Rouletted Ware (Wheeler Type 1),indian_fineware,,,,,,same_sentence,"Rouletted Ware and Other Imports of Tissamaharama, Observations on the Pottery Sequence from Southern Sri Lanka.",Sidebotham-2011-Berenike-and-the-Ancient-Maritime-Spice-Route,426,,
berenike,Berenike,anchor,Egyptian Red Sea,23.9106,35.4761,its,Italian Sigillata,mediterranean_fineware,,,,,,within_2,The Relief-Decorated Italian Sigillata.,Sidebotham-2011-Berenike-and-the-Ancient-Maritime-Spice-Route,441,,
arikamedu,Arikamedu,anchor,Coromandel,11.9000,79.8200,sigillata_unspec,Sigillata (unspecified),mediterranean_fineware,116,amphorae,exact,33,,same_sentence,"While Arikamedu has held a unique place in Indo-Roman trade, because of its concentration of Roman artefacts (Wheeler found 116 sherds of amphorae and 38 of terra sigillata), it has also maintained this position because of the influence of Wheeler.",Tomber-2008-Indo-Roman-Trade-From-Pots-to-Pepper,16,recode,116 is the amphora total; transcribed correctly into material_observations.csv
arikamedu,Arikamedu,anchor,Coromandel,11.9000,79.8200,roman_coin,Roman coin,coin,,,,,,within_2,"From his arrival as Director General of the Archaeological Survey of India, one of Wheeler’s undertakings was to catalogue the Roman coins there.",Tomber-2008-Indo-Roman-Trade-From-Pots-to-Pepper,16,,
barygaza,Barygaza (Bharuch),anchor,Gujarat,21.7000,72.9900,roman_coin,Roman coin,coin,,,,,Y,within_2,Gurukkal is adamant that Roman coins did not circulate in South India ‘since the very nature of their modes of exchange precluded it’ (1995: 250).,Tomber-2008-Indo-Roman-Trade-From-Pots-to-Pepper,37,,
kanchipuram,Kanchipuram,comparandum,Tamil interior,12.8300,79.7000,wheeler_74_75,Wheeler Type 74/5 conical amphora,indian_amphora,,,,,,within_1,"The jars, known as Wheeler Type 74/5, based on Wheeler’s Arikamedu typology (Wheeler et al. 1946: fig. 29), had an obvious use as storage vessels, but it is intriguing to speculate whether they mirrored their Roman counterparts as transport vessels.",Tomber-2008-Indo-Roman-Trade-From-Pots-to-Pepper,44,,
arikamedu,Arikamedu,anchor,Coromandel,11.9000,79.8200,wheeler_74_75,Wheeler Type 74/5 conical amphora,indian_amphora,,,,,,same_sentence,"The jars, known as Wheeler Type 74/5, based on Wheeler’s Arikamedu typology (Wheeler et al. 1946: fig. 29), had an obvious use as storage vessels, but it is intriguing to speculate whether they mirrored their Roman counterparts as transport vessels.",Tomber-2008-Indo-Roman-Trade-From-Pots-to-Pepper,44,,
arikamedu,Arikamedu,anchor,Coromandel,11.9000,79.8200,roman_amphora_unspec,Roman amphora (unspecified type),mediterranean_amphora,,,,,,within_2,"The range of Roman amphorae throughout the Indian Ocean incorporates vessels used for the transport of the three main commodities that formed the staples of Roman life: wine, oil and garum.",Tomber-2008-Indo-Roman-Trade-From-Pots-to-Pepper,44,,
arikamedu,Arikamedu,anchor,Coromandel,11.9000,79.8200,roman_amphora_unspec,Roman amphora (unspecified type),mediterranean_amphora,,,,,,within_2,"We now know that amphorae from the Western and Eastern Mediterranean and the Red Sea were present in India, spanning between the first century BC and the sixth or seventh century AD. ‘ Systematic classification of Roman amphorae began with Heinrich Dressel’s typology of 1899, which still forms the basis for modern studies.",Tomber-2008-Indo-Roman-Trade-From-Pots-to-Pepper,44,,
chandraketugarh,Chandraketugarh,comparandum,Ganges delta,22.6800,88.6800,rouletted_ware,Rouletted Ware (Wheeler Type 1),indian_fineware,,,,,,same_sentence,"On personal examination, the large quantity of Rouletted and other fine grey wares from Chandraketugarh appear visually similar to those from Egypt, Arikamedu and other Indian sites.",Tomber-2008-Indo-Roman-Trade-From-Pots-to-Pepper,46,,
tamluk,Tamluk,comparandum,Ganges delta,22.3000,87.9200,rouletted_ware,Rouletted Ware (Wheeler Type 1),indian_fineware,,,,,,within_1,"On personal examination, the large quantity of Rouletted and other fine grey wares from Chandraketugarh appear visually similar to those from Egypt, Arikamedu and other Indian sites.",Tomber-2008-Indo-Roman-Trade-From-Pots-to-Pepper,46,,
arikamedu,Arikamedu,anchor,Coromandel,11.9000,79.8200,rouletted_ware,Rouletted Ware (Wheeler Type 1),indian_fineware,,,,,,same_sentence,"On personal examination, the large quantity of Rouletted and other fine grey wares from Chandraketugarh appear visually similar to those from Egypt, Arikamedu and other Indian sites.",Tomber-2008-Indo-Roman-Trade-From-Pots-to-Pepper,46,,
chandraketugarh,Chandraketugarh,comparandum,Ganges delta,22.6800,88.6800,rouletted_ware,Rouletted Ware (Wheeler Type 1),indian_fineware,,,,,,within_1,While the Indian origin of RW is now accepted (Suresh 2004: dd,Tomber-2008-Indo-Roman-Trade-From-Pots-to-Pepper,46,,
tamluk,Tamluk,comparandum,Ganges delta,22.3000,87.9200,rouletted_ware,Rouletted Ware (Wheeler Type 1),indian_fineware,,,,,,within_2,While the Indian origin of RW is now accepted (Suresh 2004: dd,Tomber-2008-Indo-Roman-Trade-From-Pots-to-Pepper,46,,
arikamedu,Arikamedu,anchor,Coromandel,11.9000,79.8200,rouletted_ware,Rouletted Ware (Wheeler Type 1),indian_fineware,,,,,,within_1,While the Indian origin of RW is now accepted (Suresh 2004: dd,Tomber-2008-Indo-Roman-Trade-From-Pots-to-Pepper,46,,
arikamedu,Arikamedu,anchor,Coromandel,11.9000,79.8200,sigillata_unspec,Sigillata (unspecified),mediterranean_fineware,,,,,,within_2,"In all dating schemes, the first occurrence of RW predates Roman sigillata in India.",Tomber-2008-Indo-Roman-Trade-From-Pots-to-Pepper,47,,
arikamedu,Arikamedu,anchor,Coromandel,11.9000,79.8200,rouletted_ware,Rouletted Ware (Wheeler Type 1),indian_fineware,,,,,,within_2,"In all dating schemes, the first occurrence of RW predates Roman sigillata in India.",Tomber-2008-Indo-Roman-Trade-From-Pots-to-Pepper,47,,
myos_hormos,Myos Hormos (Quseir al-Qadim),anchor,Egyptian Red Sea,26.1567,34.2417,rouletted_ware,Rouletted Ware (Wheeler Type 1),indian_fineware,,,,,,same_sentence,Rouletted and Related Ware from Myos Hormos; 3-4.,Tomber-2008-Indo-Roman-Trade-From-Pots-to-Pepper,47,,
myos_hormos,Myos Hormos (Quseir al-Qadim),anchor,Egyptian Red Sea,26.1567,34.2417,rpw,Red Polished Ware,indian_fineware,,,,,Y,within_1,"Red Polished Ware from Gujarat (after Subbarao 1953: figure 24, no. 1; figure 26, no. 34). 45",Tomber-2008-Indo-Roman-Trade-From-Pots-to-Pepper,47,,
myos_hormos,Myos Hormos (Quseir al-Qadim),anchor,Egyptian Red Sea,26.1567,34.2417,crsw,Coarse Red-slipped Wares,indian_coarseware,,,,,,same_sentence,Indian Coarse Red-slipped Wares from Berenike and Myos Hormos. 1-2.,Tomber-2008-Indo-Roman-Trade-From-Pots-to-Pepper,49,,
berenike,Berenike,anchor,Egyptian Red Sea,23.9106,35.4761,crsw,Coarse Red-slipped Wares,indian_coarseware,,,,,,same_sentence,Indian Coarse Red-slipped Wares from Berenike and Myos Hormos. 1-2.,Tomber-2008-Indo-Roman-Trade-From-Pots-to-Pepper,49,,
myos_hormos,Myos Hormos (Quseir al-Qadim),anchor,Egyptian Red Sea,26.1567,34.2417,crsw_scooped,CRSW with organic (bamboo) wiping,indian_coarseware,,,,,,within_1,"Wheeler Type 29. wiping with an organic material considered to be a by-product of bamboo tools, still used today in India (Tomber & Begley 2000: 156 and plate 3-4).",Tomber-2008-Indo-Roman-Trade-From-Pots-to-Pepper,49,,
berenike,Berenike,anchor,Egyptian Red Sea,23.9106,35.4761,crsw_scooped,CRSW with organic (bamboo) wiping,indian_coarseware,,,,,,within_1,"Wheeler Type 29. wiping with an organic material considered to be a by-product of bamboo tools, still used today in India (Tomber & Begley 2000: 156 and plate 3-4).",Tomber-2008-Indo-Roman-Trade-From-Pots-to-Pepper,49,,
arikamedu,Arikamedu,anchor,Coromandel,11.9000,79.8200,crsw_scooped,CRSW with organic (bamboo) wiping,indian_coarseware,,,,,,within_2,"A return to the ethnographic literature was equally positive, describing a technique today known, only to the potters of North Kerala, as scooping.",Tomber-2008-Indo-Roman-Trade-From-Pots-to-Pepper,49,,
nagara,Nagara,comparandum,Gujarat,22.3000,72.6000,crsw_scooped,CRSW with organic (bamboo) wiping,indian_coarseware,,,,,,within_2,"A return to the ethnographic literature was equally positive, describing a technique today known, only to the potters of North Kerala, as scooping.",Tomber-2008-Indo-Roman-Trade-From-Pots-to-Pepper,49,,
nevasa,Nevasa,comparandum,Deccan interior,19.5500,74.9300,crsw_scooped,CRSW with organic (bamboo) wiping,indian_coarseware,,,,,,within_2,"A return to the ethnographic literature was equally positive, describing a technique today known, only to the potters of North Kerala, as scooping.",Tomber-2008-Indo-Roman-Trade-From-Pots-to-Pepper,49,,
pattanam,Pattanam,anchor,Kerala,10.1530,76.2070,crsw_scooped,CRSW with organic (bamboo) wiping,indian_coarseware,,,,,,within_1,"A return to the ethnographic literature was equally positive, describing a technique today known, only to the potters of North Kerala, as scooping.",Tomber-2008-Indo-Roman-Trade-From-Pots-to-Pepper,49,,
pattanam,Pattanam,anchor,Kerala,10.1530,76.2070,crsw_scooped,CRSW with organic (bamboo) wiping,indian_coarseware,,,,,,within_2,"A ball of clay is roughly shaped, bamboo tools are then used to hollow the inside and define the rim and neck, followed by internal beating to achieve the correct thickness.",Tomber-2008-Indo-Roman-Trade-From-Pots-to-Pepper,49,,
myos_hormos,Myos Hormos (Quseir al-Qadim),anchor,Egyptian Red Sea,26.1567,34.2417,organic_black_ware,Organic Black Ware,indian_coarseware,,,,,,within_1,Fig. 8.Thin-section photomicrograph showing rice temper in Organic Black Ware from Berenike (field view 0.87 mm).,Tomber-2008-Indo-Roman-Trade-From-Pots-to-Pepper,51,,
berenike,Berenike,anchor,Egyptian Red Sea,23.9106,35.4761,organic_black_ware,Organic Black Ware,indian_coarseware,,,,,,same_sentence,Fig. 8.Thin-section photomicrograph showing rice temper in Organic Black Ware from Berenike (field view 0.87 mm).,Tomber-2008-Indo-Roman-Trade-From-Pots-to-Pepper,51,,
chandraketugarh,Chandraketugarh,comparandum,Ganges delta,22.6800,88.6800,rouletted_ware,Rouletted Ware (Wheeler Type 1),indian_fineware,,,,,,within_1,"Although many of the Indian wares are difficult to source precisely, pottery from the north (RPW, Organic Black Ware), east (RW, Paddle Impressed Wares) and south-west (CRSW with organic impressions) are identified and provide some geographical control for assessing the embarkation point for Indian pottery.",Tomber-2008-Indo-Roman-Trade-From-Pots-to-Pepper,52,,
chandraketugarh,Chandraketugarh,comparandum,Ganges delta,22.6800,88.6800,rpw,Red Polished Ware,indian_fineware,,,,,,within_1,"Although many of the Indian wares are difficult to source precisely, pottery from the north (RPW, Organic Black Ware), east (RW, Paddle Impressed Wares) and south-west (CRSW with organic impressions) are identified and provide some geographical control for assessing the embarkation point for Indian pottery.",Tomber-2008-Indo-Roman-Trade-From-Pots-to-Pepper,52,,
chandraketugarh,Chandraketugarh,comparandum,Ganges delta,22.6800,88.6800,crsw,Coarse Red-slipped Wares,indian_coarseware,,,,,,within_1,"Although many of the Indian wares are difficult to source precisely, pottery from the north (RPW, Organic Black Ware), east (RW, Paddle Impressed Wares) and south-west (CRSW with organic impressions) are identified and provide some geographical control for assessing the embarkation point for Indian pottery.",Tomber-2008-Indo-Roman-Trade-From-Pots-to-Pepper,52,,
chandraketugarh,Chandraketugarh,comparandum,Ganges delta,22.6800,88.6800,crsw_scooped,CRSW with organic (bamboo) wiping,indian_coarseware,,,,,,within_1,"Although many of the Indian wares are difficult to source precisely, pottery from the north (RPW, Organic Black Ware), east (RW, Paddle Impressed Wares) and south-west (CRSW with organic impressions) are identified and provide some geographical control for assessing the embarkation point for Indian pottery.",Tomber-2008-Indo-Roman-Trade-From-Pots-to-Pepper,52,,
chandraketugarh,Chandraketugarh,comparandum,Ganges delta,22.6800,88.6800,organic_black_ware,Organic Black Ware,indian_coarseware,,,,,,within_1,"Although many of the Indian wares are difficult to source precisely, pottery from the north (RPW, Organic Black Ware), east (RW, Paddle Impressed Wares) and south-west (CRSW with organic impressions) are identified and provide some geographical control for assessing the embarkation point for Indian pottery.",Tomber-2008-Indo-Roman-Trade-From-Pots-to-Pepper,52,,
chandraketugarh,Chandraketugarh,comparandum,Ganges delta,22.6800,88.6800,paddle_impressed,Paddle Impressed Ware,indian_coarseware,,,,,,within_1,"Although many of the Indian wares are difficult to source precisely, pottery from the north (RPW, Organic Black Ware), east (RW, Paddle Impressed Wares) and south-west (CRSW with organic impressions) are identified and provide some geographical control for assessing the embarkation point for Indian pottery.",Tomber-2008-Indo-Roman-Trade-From-Pots-to-Pepper,52,,
myos_hormos,Myos Hormos (Quseir al-Qadim),anchor,Egyptian Red Sea,26.1567,34.2417,wmcp,Whole-mouth Cooking pot,south_arabian,,,,,,within_1,Aden (Whole-mouth Cooking pot;,Tomber-2008-Indo-Roman-Trade-From-Pots-to-Pepper,53,,
berenike,Berenike,anchor,Egyptian Red Sea,23.9106,35.4761,aksumite_coarse,Aksumite Coarse Wares,east_african,,,,,,within_1,East Africa Classic Aksumite pottery has a distinctive repertoire that made it fairly easy to recognise decorated sherds at the Red Sea sites (Aksumite Coarse Wares;,Tomber-2008-Indo-Roman-Trade-From-Pots-to-Pepper,54,,
myos_hormos,Myos Hormos (Quseir al-Qadim),anchor,Egyptian Red Sea,26.1567,34.2417,red_sandy_ware,Red Sandy Ware,east_african,,,,,,same_sentence,Sandy Red Ware from Myos Hormos; 3-6.,Tomber-2008-Indo-Roman-Trade-From-Pots-to-Pepper,55,,
myos_hormos,Myos Hormos (Quseir al-Qadim),anchor,Egyptian Red Sea,26.1567,34.2417,aksumite_coarse,Aksumite Coarse Wares,east_african,,,,,Y,within_1,"Aksumite Coarse Wares from Berenike. is micaceous with lightly metamorphosed rocks, and while not represented among the Aksum samples, is geologically compatible within the region (Tomber 2005b: 46).",Tomber-2008-Indo-Roman-Trade-From-Pots-to-Pepper,55,,
berenike,Berenike,anchor,Egyptian Red Sea,23.9106,35.4761,aksumite_coarse,Aksumite Coarse Wares,east_african,,,,,Y,same_sentence,"Aksumite Coarse Wares from Berenike. is micaceous with lightly metamorphosed rocks, and while not represented among the Aksum samples, is geologically compatible within the region (Tomber 2005b: 46).",Tomber-2008-Indo-Roman-Trade-From-Pots-to-Pepper,55,,
aksum,Aksum,comparandum,Ethiopian highlands,14.1300,38.7200,aksumite_coarse,Aksumite Coarse Wares,east_african,,,,,Y,same_sentence,"Aksumite Coarse Wares from Berenike. is micaceous with lightly metamorphosed rocks, and while not represented among the Aksum samples, is geologically compatible within the region (Tomber 2005b: 46).",Tomber-2008-Indo-Roman-Trade-From-Pots-to-Pepper,55,,
myos_hormos,Myos Hormos (Quseir al-Qadim),anchor,Egyptian Red Sea,26.1567,34.2417,red_sandy_ware,Red Sandy Ware,east_african,,,,,,within_2,"A third fabric has distinctive calcareous, granitic-tempered clay and is decorated with incised bosses known in the Aksumite repertoire (Red Sandy Ware;",Tomber-2008-Indo-Roman-Trade-From-Pots-to-Pepper,55,,
berenike,Berenike,anchor,Egyptian Red Sea,23.9106,35.4761,red_sandy_ware,Red Sandy Ware,east_african,,,,,,within_1,"A third fabric has distinctive calcareous, granitic-tempered clay and is decorated with incised bosses known in the Aksumite repertoire (Red Sandy Ware;",Tomber-2008-Indo-Roman-Trade-From-Pots-to-Pepper,55,,
aksum,Aksum,comparandum,Ethiopian highlands,14.1300,38.7200,red_sandy_ware,Red Sandy Ware,east_african,,,,,,within_1,"A third fabric has distinctive calcareous, granitic-tempered clay and is decorated with incised bosses known in the Aksumite repertoire (Red Sandy Ware;",Tomber-2008-Indo-Roman-Trade-From-Pots-to-Pepper,55,,
barygaza,Barygaza (Bharuch),anchor,Gujarat,21.7000,72.9900,black_pepper,Black pepper (Piper nigrum),organic,,,,,,within_1,"According to Pliny (NH 12.26-9) black pepper was the cheapest at 4D per Roman pound, with white at 7D and long at 15D, but he assumed that they all belonged to the same plant (Cappers 2006: 112).",Tomber-2008-Indo-Roman-Trade-From-Pots-to-Pepper,57,,
barygaza,Barygaza (Bharuch),anchor,Gujarat,21.7000,72.9900,black_pepper,Black pepper (Piper nigrum),organic,,,,,,within_2,"The exemption of black pepper in the Alexandrian tariff might, by modern standards, imply it was a staple.",Tomber-2008-Indo-Roman-Trade-From-Pots-to-Pepper,57,,
aila,Aila (Aqaba),comparandum,Northern Red Sea,29.5200,35.0000,frankincense,Frankincense,organic,,,,,,within_1,"Its importance as a long-distance port can be traced to the late third century, but before that it played a vital role in overland caravan routes and the frankincense trade via Leuke Kome and more directly from Saudi Arabia (Ward 2007: 168).",Tomber-2008-Indo-Roman-Trade-From-Pots-to-Pepper,71,,
aila,Aila (Aqaba),comparandum,Northern Red Sea,29.5200,35.0000,aila,Aila (Aqaba) amphora,mediterranean_amphora,,,,,,same_sentence,"Evolution of the Roman Red Sea production of the widespread Aqaba amphora between the fourth and seventh centuries, possibly continuing into the Early Islamic period (Hayes 1996: table 6-10;",Tomber-2008-Indo-Roman-Trade-From-Pots-to-Pepper,73,,
berenike,Berenike,anchor,Egyptian Red Sea,23.9106,35.4761,bead,Bead (glass or stone),small_find,,,,,,same_sentence,"A single bead from Java at Berenike illustrates indirect connections with Southeast Asia, although it may date to the early seventh century after the site was abandoned (ibid.: 254-5).",Tomber-2008-Indo-Roman-Trade-From-Pots-to-Pepper,74,,
berenike,Berenike,anchor,Egyptian Red Sea,23.9106,35.4761,bead,Bead (glass or stone),small_find,,,,,,within_1,"More common are small, drawn glass ‘Indo-Pacific’ beads, which were produced in South India and Sri Lanka (Francis 2004: 450-1).",Tomber-2008-Indo-Roman-Trade-From-Pots-to-Pepper,74,,
berenike,Berenike,anchor,Egyptian Red Sea,23.9106,35.4761,bead,Bead (glass or stone),small_find,,,,,,same_sentence,"First imported in small numbers during the Early Roman period, by the Late Roman period they accounted for approximately half of the beads at Berenike.",Tomber-2008-Indo-Roman-Trade-From-Pots-to-Pepper,74,,
berenike,Berenike,anchor,Egyptian Red Sea,23.9106,35.4761,crsw_scooped,CRSW with organic (bamboo) wiping,indian_coarseware,,,,,,same_sentence,"Basketry, matting and bamboo, seemingly from North India, were also found at Berenike (Wendrich 2007: 250).",Tomber-2008-Indo-Roman-Trade-From-Pots-to-Pepper,75,,
berenike,Berenike,anchor,Egyptian Red Sea,23.9106,35.4761,teak,Teak / Indian timber,organic,,,,,Y,within_1,"Although PME 36 reports the export of teak wood from Barygaza, today, at least, its habitat is not restricted to the north of India and includes peninsular India (Sharma et al. 2002).",Tomber-2008-Indo-Roman-Trade-From-Pots-to-Pepper,75,,
barygaza,Barygaza (Bharuch),anchor,Gujarat,21.7000,72.9900,teak,Teak / Indian timber,organic,,,,,Y,same_sentence,"Although PME 36 reports the export of teak wood from Barygaza, today, at least, its habitat is not restricted to the north of India and includes peninsular India (Sharma et al. 2002).",Tomber-2008-Indo-Roman-Trade-From-Pots-to-Pepper,75,,
barygaza,Barygaza (Bharuch),anchor,Gujarat,21.7000,72.9900,teak,Teak / Indian timber,organic,,,,,,within_2,"The occurrence of wooden brailing rings indicates how the sails were rigged on at least some of the ships (a teak one from Berenike, Vermeeren ibid.; numerous Indian or East African woods at Myos Hormos, Whitewright 2007b: 289).",Tomber-2008-Indo-Roman-Trade-From-Pots-to-Pepper,75,,
berenike,Berenike,anchor,Egyptian Red Sea,23.9106,35.4761,teak,Teak / Indian timber,organic,,,,,,same_sentence,"The occurrence of wooden brailing rings indicates how the sails were rigged on at least some of the ships (a teak one from Berenike, Vermeeren ibid.; numerous Indian or East African woods at Myos Hormos, Whitewright 2007b: 289).",Tomber-2008-Indo-Roman-Trade-From-Pots-to-Pepper,75,,
myos_hormos,Myos Hormos (Quseir al-Qadim),anchor,Egyptian Red Sea,26.1567,34.2417,teak,Teak / Indian timber,organic,,,,,,same_sentence,"The occurrence of wooden brailing rings indicates how the sails were rigged on at least some of the ships (a teak one from Berenike, Vermeeren ibid.; numerous Indian or East African woods at Myos Hormos, Whitewright 2007b: 289).",Tomber-2008-Indo-Roman-Trade-From-Pots-to-Pepper,75,,
berenike,Berenike,anchor,Egyptian Red Sea,23.9106,35.4761,dressel_2_4,Dressel 2-4 amphora,mediterranean_amphora,,,,,,same_sentence,"Only for the Berenike graffito is the pottery type known, and here it was etched on a Roman amphora of the common Dressel 2-4 type, suggesting that Indians had access to Roman pots.",Tomber-2008-Indo-Roman-Trade-From-Pots-to-Pepper,76,,
berenike,Berenike,anchor,Egyptian Red Sea,23.9106,35.4761,roman_amphora_unspec,Roman amphora (unspecified type),mediterranean_amphora,,,,,,same_sentence,"Only for the Berenike graffito is the pottery type known, and here it was etched on a Roman amphora of the common Dressel 2-4 type, suggesting that Indians had access to Roman pots.",Tomber-2008-Indo-Roman-Trade-From-Pots-to-Pepper,76,,
myos_hormos,Myos Hormos (Quseir al-Qadim),anchor,Egyptian Red Sea,26.1567,34.2417,rouletted_ware,Rouletted Ware (Wheeler Type 1),indian_fineware,,,,,,same_sentence,"Apart from Myos Hormos and Berenike, the only other sherds of RW known in Egypt are three from the Nile port of Coptos (Elaigne 1999;",Tomber-2008-Indo-Roman-Trade-From-Pots-to-Pepper,76,,
berenike,Berenike,anchor,Egyptian Red Sea,23.9106,35.4761,rouletted_ware,Rouletted Ware (Wheeler Type 1),indian_fineware,,,,,,same_sentence,"Apart from Myos Hormos and Berenike, the only other sherds of RW known in Egypt are three from the Nile port of Coptos (Elaigne 1999;",Tomber-2008-Indo-Roman-Trade-From-Pots-to-Pepper,76,,
berenike,Berenike,anchor,Egyptian Red Sea,23.9106,35.4761,crsw,Coarse Red-slipped Wares,indian_coarseware,,,,,,within_2,"Exceptionally two vessels from Myos Hormos belong to Red-and-Black Megalithic Ware, which predates Early Historic CRSW and hints at pre-Roman contact.",Tomber-2008-Indo-Roman-Trade-From-Pots-to-Pepper,77,,
myos_hormos,Myos Hormos (Quseir al-Qadim),anchor,Egyptian Red Sea,26.1567,34.2417,crsw,Coarse Red-slipped Wares,indian_coarseware,2,vessels,exact,100,,same_sentence,"Exceptionally two vessels from Myos Hormos belong to Red-and-Black Megalithic Ware, which predates Early Historic CRSW and hints at pre-Roman contact.",Tomber-2008-Indo-Roman-Trade-From-Pots-to-Pepper,77,recode,"the two vessels are Red-and-Black Megalithic Ware, not CRSW"
myos_hormos,Myos Hormos (Quseir al-Qadim),anchor,Egyptian Red Sea,26.1567,34.2417,organic_black_ware,Organic Black Ware,indian_coarseware,,,,,,within_1,Another class of Indian ceramics is the Organic Black Ware from the Gujarat region.,Tomber-2008-Indo-Roman-Trade-From-Pots-to-Pepper,77,,
myos_hormos,Myos Hormos (Quseir al-Qadim),anchor,Egyptian Red Sea,26.1567,34.2417,crsw,Coarse Red-slipped Wares,indian_coarseware,,,,,,same_sentence,Less common than CRSW -— although more frequent at Berenike than Myos Hormos — it follows a similar chronology.,Tomber-2008-Indo-Roman-Trade-From-Pots-to-Pepper,77,,
berenike,Berenike,anchor,Egyptian Red Sea,23.9106,35.4761,crsw,Coarse Red-slipped Wares,indian_coarseware,,,,,,same_sentence,Less common than CRSW -— although more frequent at Berenike than Myos Hormos — it follows a similar chronology.,Tomber-2008-Indo-Roman-Trade-From-Pots-to-Pepper,77,,
berenike,Berenike,anchor,Egyptian Red Sea,23.9106,35.4761,black_pepper,Black pepper (Piper nigrum),organic,,,,,,same_sentence,This is dramatically illustrated by an Indian storage jar at Berenike that contained 7.5 kg of South Indian black pepper.,Tomber-2008-Indo-Roman-Trade-From-Pots-to-Pepper,78,,
berenike,Berenike,anchor,Egyptian Red Sea,23.9106,35.4761,paddle_impressed,Paddle Impressed Ware,indian_coarseware,,,,,,same_sentence,In general a wide range of Indian storage jars are represented at Berenike and Myos Hormos; the most diagnostic are Paddle Impressed ones that may have originated in eastern India.,Tomber-2008-Indo-Roman-Trade-From-Pots-to-Pepper,78,,
myos_hormos,Myos Hormos (Quseir al-Qadim),anchor,Egyptian Red Sea,26.1567,34.2417,paddle_impressed,Paddle Impressed Ware,indian_coarseware,,,,,,same_sentence,In general a wide range of Indian storage jars are represented at Berenike and Myos Hormos; the most diagnostic are Paddle Impressed ones that may have originated in eastern India.,Tomber-2008-Indo-Roman-Trade-From-Pots-to-Pepper,78,,
berenike,Berenike,anchor,Egyptian Red Sea,23.9106,35.4761,black_pepper,Black pepper (Piper nigrum),organic,,,,,,within_1,Most of the Indian finds present during the Early Roman period — including black pepper — continued into Late Roman times.,Tomber-2008-Indo-Roman-Trade-From-Pots-to-Pepper,78,,
myos_hormos,Myos Hormos (Quseir al-Qadim),anchor,Egyptian Red Sea,26.1567,34.2417,black_pepper,Black pepper (Piper nigrum),organic,,,,,,within_1,Most of the Indian finds present during the Early Roman period — including black pepper — continued into Late Roman times.,Tomber-2008-Indo-Roman-Trade-From-Pots-to-Pepper,78,,
myos_hormos,Myos Hormos (Quseir al-Qadim),anchor,Egyptian Red Sea,26.1567,34.2417,bead,Bead (glass or stone),small_find,,,,,,within_2,"Although many of the deposits at Berenike had a residual element to them, importantly pepper, Indo-Pacific beads, teak and sapphire also occurred at its satellite site Shenshef (Cappers 2006: 114;",Tomber-2008-Indo-Roman-Trade-From-Pots-to-Pepper,78,,
berenike,Berenike,anchor,Egyptian Red Sea,23.9106,35.4761,bead,Bead (glass or stone),small_find,,,,,,same_sentence,"Although many of the deposits at Berenike had a residual element to them, importantly pepper, Indo-Pacific beads, teak and sapphire also occurred at its satellite site Shenshef (Cappers 2006: 114;",Tomber-2008-Indo-Roman-Trade-From-Pots-to-Pepper,78,,
myos_hormos,Myos Hormos (Quseir al-Qadim),anchor,Egyptian Red Sea,26.1567,34.2417,teak,Teak / Indian timber,organic,,,,,,within_2,"Although many of the deposits at Berenike had a residual element to them, importantly pepper, Indo-Pacific beads, teak and sapphire also occurred at its satellite site Shenshef (Cappers 2006: 114;",Tomber-2008-Indo-Roman-Trade-From-Pots-to-Pepper,78,,
berenike,Berenike,anchor,Egyptian Red Sea,23.9106,35.4761,teak,Teak / Indian timber,organic,,,,,,same_sentence,"Although many of the deposits at Berenike had a residual element to them, importantly pepper, Indo-Pacific beads, teak and sapphire also occurred at its satellite site Shenshef (Cappers 2006: 114;",Tomber-2008-Indo-Roman-Trade-From-Pots-to-Pepper,78,,
berenike,Berenike,anchor,Egyptian Red Sea,23.9106,35.4761,black_pepper,Black pepper (Piper nigrum),organic,,,,,,same_sentence,Indian storage jar from Berenike that contained 7.5 kg of black pepper. nf f 201).,Tomber-2008-Indo-Roman-Trade-From-Pots-to-Pepper,79,,
berenike,Berenike,anchor,Egyptian Red Sea,23.9106,35.4761,aksumite_coarse,Aksumite Coarse Wares,east_african,,,,,,within_2,Most striking is the distinction between Sandy Red Ware thought to be made north of Adulis and those types that originated in the Aksum region (Aksumite Coarse Wares).,Tomber-2008-Indo-Roman-Trade-From-Pots-to-Pepper,79,,
adulis,Adulis,anchor,East African Red Sea,15.2617,39.6600,aksumite_coarse,Aksumite Coarse Wares,east_african,,,,,,same_sentence,Most striking is the distinction between Sandy Red Ware thought to be made north of Adulis and those types that originated in the Aksum region (Aksumite Coarse Wares).,Tomber-2008-Indo-Roman-Trade-From-Pots-to-Pepper,79,,
aksum,Aksum,comparandum,Ethiopian highlands,14.1300,38.7200,aksumite_coarse,Aksumite Coarse Wares,east_african,,,,,,same_sentence,Most striking is the distinction between Sandy Red Ware thought to be made north of Adulis and those types that originated in the Aksum region (Aksumite Coarse Wares).,Tomber-2008-Indo-Roman-Trade-From-Pots-to-Pepper,79,,
berenike,Berenike,anchor,Egyptian Red Sea,23.9106,35.4761,red_sandy_ware,Red Sandy Ware,east_african,,,,,,within_2,Most striking is the distinction between Sandy Red Ware thought to be made north of Adulis and those types that originated in the Aksum region (Aksumite Coarse Wares).,Tomber-2008-Indo-Roman-Trade-From-Pots-to-Pepper,79,,
adulis,Adulis,anchor,East African Red Sea,15.2617,39.6600,red_sandy_ware,Red Sandy Ware,east_african,,,,,,same_sentence,Most striking is the distinction between Sandy Red Ware thought to be made north of Adulis and those types that originated in the Aksum region (Aksumite Coarse Wares).,Tomber-2008-Indo-Roman-Trade-From-Pots-to-Pepper,79,,
aksum,Aksum,comparandum,Ethiopian highlands,14.1300,38.7200,red_sandy_ware,Red Sandy Ware,east_african,,,,,,same_sentence,Most striking is the distinction between Sandy Red Ware thought to be made north of Adulis and those types that originated in the Aksum region (Aksumite Coarse Wares).,Tomber-2008-Indo-Roman-Trade-From-Pots-to-Pepper,79,,
adulis,Adulis,anchor,East African Red Sea,15.2617,39.6600,red_sandy_ware,Red Sandy Ware,east_african,,,,,,within_1,"At both Myos Hormos and Berenike, Sandy Red Ware cooking pots occurred from the first century AD.",Tomber-2008-Indo-Roman-Trade-From-Pots-to-Pepper,79,,
aksum,Aksum,comparandum,Ethiopian highlands,14.1300,38.7200,red_sandy_ware,Red Sandy Ware,east_african,,,,,,within_1,"At both Myos Hormos and Berenike, Sandy Red Ware cooking pots occurred from the first century AD.",Tomber-2008-Indo-Roman-Trade-From-Pots-to-Pepper,79,,
myos_hormos,Myos Hormos (Quseir al-Qadim),anchor,Egyptian Red Sea,26.1567,34.2417,red_sandy_ware,Red Sandy Ware,east_african,,,,,,same_sentence,"At both Myos Hormos and Berenike, Sandy Red Ware cooking pots occurred from the first century AD.",Tomber-2008-Indo-Roman-Trade-From-Pots-to-Pepper,79,,
berenike,Berenike,anchor,Egyptian Red Sea,23.9106,35.4761,red_sandy_ware,Red Sandy Ware,east_african,,,,,,same_sentence,"At both Myos Hormos and Berenike, Sandy Red Ware cooking pots occurred from the first century AD.",Tomber-2008-Indo-Roman-Trade-From-Pots-to-Pepper,79,,
berenike,Berenike,anchor,Egyptian Red Sea,23.9106,35.4761,red_sandy_ware,Red Sandy Ware,east_african,,,,,,same_sentence,"Red Sandy Ware seems to have disappeared some time in the third century, while Aksum products — many highly decorated — took over, increasing from the fourth century and continuing into the fifth/early sixth centuries AD at Berenike.",Tomber-2008-Indo-Roman-Trade-From-Pots-to-Pepper,80,,
aksum,Aksum,comparandum,Ethiopian highlands,14.1300,38.7200,red_sandy_ware,Red Sandy Ware,east_african,,,,,,same_sentence,"Red Sandy Ware seems to have disappeared some time in the third century, while Aksum products — many highly decorated — took over, increasing from the fourth century and continuing into the fifth/early sixth centuries AD at Berenike.",Tomber-2008-Indo-Roman-Trade-From-Pots-to-Pepper,80,,
berenike,Berenike,anchor,Egyptian Red Sea,23.9106,35.4761,osj,Organic Storage Jars,south_arabian,,,,,,within_2,"In this case their function is clearer, with large numbers of lined Organic Storage Jars from the Hadramawt, and a much smaller number of Whole-mouth Cooking pots from the region of Aden (Tomber 2004b).",Tomber-2008-Indo-Roman-Trade-From-Pots-to-Pepper,80,,
berenike,Berenike,anchor,Egyptian Red Sea,23.9106,35.4761,wmcp,Whole-mouth Cooking pot,south_arabian,,,,,,within_2,"In this case their function is clearer, with large numbers of lined Organic Storage Jars from the Hadramawt, and a much smaller number of Whole-mouth Cooking pots from the region of Aden (Tomber 2004b).",Tomber-2008-Indo-Roman-Trade-From-Pots-to-Pepper,80,,
myos_hormos,Myos Hormos (Quseir al-Qadim),anchor,Egyptian Red Sea,26.1567,34.2417,osj,Organic Storage Jars,south_arabian,1,jar,exact,4,,same_sentence,An interesting feature of one Organic Storage Jar from Myos Hormos is an incised Greek graffito (Brankaer 2003: 45).,Tomber-2008-Indo-Roman-Trade-From-Pots-to-Pepper,80,reject,"one jar bearing a graffito; presence, not a count"
myos_hormos,Myos Hormos (Quseir al-Qadim),anchor,Egyptian Red Sea,26.1567,34.2417,dressel_2_4,Dressel 2-4 amphora,mediterranean_amphora,,,,,Y,within_2,"Like the Dressel 2-4, these two examples suggest that pottery usage was not restricted within ethnic groups.",Tomber-2008-Indo-Roman-Trade-From-Pots-to-Pepper,80,,
myos_hormos,Myos Hormos (Quseir al-Qadim),anchor,Egyptian Red Sea,26.1567,34.2417,osj,Organic Storage Jars,south_arabian,,,,,,within_1,"This matches remarkably well with the figures from the pottery, with a greater quantity of Organic Storage Jars from the Hadramawt and small amounts of Whole-mouth Cooking pots from near Aden.",Tomber-2008-Indo-Roman-Trade-From-Pots-to-Pepper,81,,
qana,Qana / Kane,anchor,South Arabia,14.0167,48.3200,osj,Organic Storage Jars,south_arabian,,,,,,within_1,"This matches remarkably well with the figures from the pottery, with a greater quantity of Organic Storage Jars from the Hadramawt and small amounts of Whole-mouth Cooking pots from near Aden.",Tomber-2008-Indo-Roman-Trade-From-Pots-to-Pepper,81,,
myos_hormos,Myos Hormos (Quseir al-Qadim),anchor,Egyptian Red Sea,26.1567,34.2417,wmcp,Whole-mouth Cooking pot,south_arabian,,,,,,within_1,"This matches remarkably well with the figures from the pottery, with a greater quantity of Organic Storage Jars from the Hadramawt and small amounts of Whole-mouth Cooking pots from near Aden.",Tomber-2008-Indo-Roman-Trade-From-Pots-to-Pepper,81,,
qana,Qana / Kane,anchor,South Arabia,14.0167,48.3200,wmcp,Whole-mouth Cooking pot,south_arabian,,,,,,within_1,"This matches remarkably well with the figures from the pottery, with a greater quantity of Organic Storage Jars from the Hadramawt and small amounts of Whole-mouth Cooking pots from near Aden.",Tomber-2008-Indo-Roman-Trade-From-Pots-to-Pepper,81,,
myos_hormos,Myos Hormos (Quseir al-Qadim),anchor,Egyptian Red Sea,26.1567,34.2417,osj,Organic Storage Jars,south_arabian,,,,,,within_1,From South Arabia there is only one sherd of an Organic Storage Jar in a fourth-century context (Tomber 2004b: 353).,Tomber-2008-Indo-Roman-Trade-From-Pots-to-Pepper,82,,
berenike,Berenike,anchor,Egyptian Red Sea,23.9106,35.4761,osj,Organic Storage Jars,south_arabian,,,,,,within_1,From South Arabia there is only one sherd of an Organic Storage Jar in a fourth-century context (Tomber 2004b: 353).,Tomber-2008-Indo-Roman-Trade-From-Pots-to-Pepper,82,,
aila,Aila (Aqaba),comparandum,Northern Red Sea,29.5200,35.0000,osj,Organic Storage Jars,south_arabian,,,,,,within_1,From South Arabia there is only one sherd of an Organic Storage Jar in a fourth-century context (Tomber 2004b: 353).,Tomber-2008-Indo-Roman-Trade-From-Pots-to-Pepper,82,,
myos_hormos,Myos Hormos (Quseir al-Qadim),anchor,Egyptian Red Sea,26.1567,34.2417,red_sandy_ware,Red Sandy Ware,east_african,,,,,Y,same_sentence,East African pottery is much sparser than at Myos Hormos and Berenike: apparently the Red Sandy Ware was absent and only approximately a dozen Aksumite sherds could be identified.,Tomber-2008-Indo-Roman-Trade-From-Pots-to-Pepper,82,,
berenike,Berenike,anchor,Egyptian Red Sea,23.9106,35.4761,red_sandy_ware,Red Sandy Ware,east_african,,,,,Y,same_sentence,East African pottery is much sparser than at Myos Hormos and Berenike: apparently the Red Sandy Ware was absent and only approximately a dozen Aksumite sherds could be identified.,Tomber-2008-Indo-Roman-Trade-From-Pots-to-Pepper,82,,
aila,Aila (Aqaba),comparandum,Northern Red Sea,29.5200,35.0000,roman_pottery_unspec,Roman pottery (unspecified),mediterranean_unspecified,,,,,,same_sentence,"Thus far the emphasis has been on finds imported from beyond the Roman world, but clear distinctions also exist between Aila and Myos Hormos/Berenike in terms of Roman ceramics.",Tomber-2008-Indo-Roman-Trade-From-Pots-to-Pepper,83,,
myos_hormos,Myos Hormos (Quseir al-Qadim),anchor,Egyptian Red Sea,26.1567,34.2417,roman_pottery_unspec,Roman pottery (unspecified),mediterranean_unspecified,,,,,,same_sentence,"Thus far the emphasis has been on finds imported from beyond the Roman world, but clear distinctions also exist between Aila and Myos Hormos/Berenike in terms of Roman ceramics.",Tomber-2008-Indo-Roman-Trade-From-Pots-to-Pepper,83,,
berenike,Berenike,anchor,Egyptian Red Sea,23.9106,35.4761,roman_pottery_unspec,Roman pottery (unspecified),mediterranean_unspecified,,,,,,same_sentence,"Thus far the emphasis has been on finds imported from beyond the Roman world, but clear distinctions also exist between Aila and Myos Hormos/Berenike in terms of Roman ceramics.",Tomber-2008-Indo-Roman-Trade-From-Pots-to-Pepper,83,,
berenike,Berenike,anchor,Egyptian Red Sea,23.9106,35.4761,dressel_2_4,Dressel 2-4 amphora,mediterranean_amphora,,,,,,same_sentence,Certainly Italian Dressel 2-4 amphorae are the most common Early Roman imported type at both Berenike and Myos Hormos.,Tomber-2008-Indo-Roman-Trade-From-Pots-to-Pepper,83,,
myos_hormos,Myos Hormos (Quseir al-Qadim),anchor,Egyptian Red Sea,26.1567,34.2417,dressel_2_4,Dressel 2-4 amphora,mediterranean_amphora,,,,,,same_sentence,Certainly Italian Dressel 2-4 amphorae are the most common Early Roman imported type at both Berenike and Myos Hormos.,Tomber-2008-Indo-Roman-Trade-From-Pots-to-Pepper,83,,
myos_hormos,Myos Hormos (Quseir al-Qadim),anchor,Egyptian Red Sea,26.1567,34.2417,roman_amphora_unspec,Roman amphora (unspecified type),mediterranean_amphora,,,,,,within_1,"In contrast, Aila has a more restricted range of Mediterranean amphorae, with the most common types from Gaza and, from the Late Roman period, Egypt (S.T.",Tomber-2008-Indo-Roman-Trade-From-Pots-to-Pepper,84,,
berenike,Berenike,anchor,Egyptian Red Sea,23.9106,35.4761,roman_amphora_unspec,Roman amphora (unspecified type),mediterranean_amphora,,,,,,within_1,"In contrast, Aila has a more restricted range of Mediterranean amphorae, with the most common types from Gaza and, from the Late Roman period, Egypt (S.T.",Tomber-2008-Indo-Roman-Trade-From-Pots-to-Pepper,84,,
aila,Aila (Aqaba),comparandum,Northern Red Sea,29.5200,35.0000,roman_amphora_unspec,Roman amphora (unspecified type),mediterranean_amphora,,,,,,same_sentence,"In contrast, Aila has a more restricted range of Mediterranean amphorae, with the most common types from Gaza and, from the Late Roman period, Egypt (S.T.",Tomber-2008-Indo-Roman-Trade-From-Pots-to-Pepper,84,,
myos_hormos,Myos Hormos (Quseir al-Qadim),anchor,Egyptian Red Sea,26.1567,34.2417,esa,Eastern Sigillata A,mediterranean_fineware,,,,,,within_2,"Other Mediterranean amphorae are rare, although fine wares are common, particularly ESA during the early period and Tunisian African Red Slip Ware (ARS) during the late.",Tomber-2008-Indo-Roman-Trade-From-Pots-to-Pepper,84,,
berenike,Berenike,anchor,Egyptian Red Sea,23.9106,35.4761,esa,Eastern Sigillata A,mediterranean_fineware,,,,,,within_2,"Other Mediterranean amphorae are rare, although fine wares are common, particularly ESA during the early period and Tunisian African Red Slip Ware (ARS) during the late.",Tomber-2008-Indo-Roman-Trade-From-Pots-to-Pepper,84,,
aila,Aila (Aqaba),comparandum,Northern Red Sea,29.5200,35.0000,esa,Eastern Sigillata A,mediterranean_fineware,,,,,,within_1,"Other Mediterranean amphorae are rare, although fine wares are common, particularly ESA during the early period and Tunisian African Red Slip Ware (ARS) during the late.",Tomber-2008-Indo-Roman-Trade-From-Pots-to-Pepper,84,,
myos_hormos,Myos Hormos (Quseir al-Qadim),anchor,Egyptian Red Sea,26.1567,34.2417,roman_amphora_unspec,Roman amphora (unspecified type),mediterranean_amphora,,,,,,within_2,"Other Mediterranean amphorae are rare, although fine wares are common, particularly ESA during the early period and Tunisian African Red Slip Ware (ARS) during the late.",Tomber-2008-Indo-Roman-Trade-From-Pots-to-Pepper,84,,
berenike,Berenike,anchor,Egyptian Red Sea,23.9106,35.4761,roman_amphora_unspec,Roman amphora (unspecified type),mediterranean_amphora,,,,,,within_2,"Other Mediterranean amphorae are rare, although fine wares are common, particularly ESA during the early period and Tunisian African Red Slip Ware (ARS) during the late.",Tomber-2008-Indo-Roman-Trade-From-Pots-to-Pepper,84,,
aila,Aila (Aqaba),comparandum,Northern Red Sea,29.5200,35.0000,roman_amphora_unspec,Roman amphora (unspecified type),mediterranean_amphora,,,,,,within_1,"Other Mediterranean amphorae are rare, although fine wares are common, particularly ESA during the early period and Tunisian African Red Slip Ware (ARS) during the late.",Tomber-2008-Indo-Roman-Trade-From-Pots-to-Pepper,84,,
adulis,Adulis,anchor,East African Red Sea,15.2617,39.6600,aila,Aila (Aqaba) amphora,mediterranean_amphora,,,,,,same_sentence,"Aqaba amphorae certainly arrived via the Red Sea and are the most common amphorae at Aksum, and also at Adulis where some were reused (Munro-Hay 1991: 235).",Tomber-2008-Indo-Roman-Trade-From-Pots-to-Pepper,93,,
aila,Aila (Aqaba),comparandum,Northern Red Sea,29.5200,35.0000,aila,Aila (Aqaba) amphora,mediterranean_amphora,,,,,,same_sentence,"Aqaba amphorae certainly arrived via the Red Sea and are the most common amphorae at Aksum, and also at Adulis where some were reused (Munro-Hay 1991: 235).",Tomber-2008-Indo-Roman-Trade-From-Pots-to-Pepper,93,,
aksum,Aksum,comparandum,Ethiopian highlands,14.1300,38.7200,aila,Aila (Aqaba) amphora,mediterranean_amphora,,,,,,same_sentence,"Aqaba amphorae certainly arrived via the Red Sea and are the most common amphorae at Aksum, and also at Adulis where some were reused (Munro-Hay 1991: 235).",Tomber-2008-Indo-Roman-Trade-From-Pots-to-Pepper,93,,
adulis,Adulis,anchor,East African Red Sea,15.2617,39.6600,lr1,Late Roman Amphora 1,mediterranean_amphora,,,,,,within_1,Small quantities of Eastern Mediterranean amphorae (LR1 and LR3) and ARS are present at both sites.,Tomber-2008-Indo-Roman-Trade-From-Pots-to-Pepper,93,,
aila,Aila (Aqaba),comparandum,Northern Red Sea,29.5200,35.0000,lr1,Late Roman Amphora 1,mediterranean_amphora,,,,,,within_1,Small quantities of Eastern Mediterranean amphorae (LR1 and LR3) and ARS are present at both sites.,Tomber-2008-Indo-Roman-Trade-From-Pots-to-Pepper,93,,
aksum,Aksum,comparandum,Ethiopian highlands,14.1300,38.7200,lr1,Late Roman Amphora 1,mediterranean_amphora,,,,,,within_1,Small quantities of Eastern Mediterranean amphorae (LR1 and LR3) and ARS are present at both sites.,Tomber-2008-Indo-Roman-Trade-From-Pots-to-Pepper,93,,
adulis,Adulis,anchor,East African Red Sea,15.2617,39.6600,lr3,Late Roman Amphora 3,mediterranean_amphora,,,,,,within_1,Small quantities of Eastern Mediterranean amphorae (LR1 and LR3) and ARS are present at both sites.,Tomber-2008-Indo-Roman-Trade-From-Pots-to-Pepper,93,,
aila,Aila (Aqaba),comparandum,Northern Red Sea,29.5200,35.0000,lr3,Late Roman Amphora 3,mediterranean_amphora,,,,,,within_1,Small quantities of Eastern Mediterranean amphorae (LR1 and LR3) and ARS are present at both sites.,Tomber-2008-Indo-Roman-Trade-From-Pots-to-Pepper,93,,
aksum,Aksum,comparandum,Ethiopian highlands,14.1300,38.7200,lr3,Late Roman Amphora 3,mediterranean_amphora,,,,,,within_1,Small quantities of Eastern Mediterranean amphorae (LR1 and LR3) and ARS are present at both sites.,Tomber-2008-Indo-Roman-Trade-From-Pots-to-Pepper,93,,
adulis,Adulis,anchor,East African Red Sea,15.2617,39.6600,roman_amphora_unspec,Roman amphora (unspecified type),mediterranean_amphora,,,,,,within_1,Small quantities of Eastern Mediterranean amphorae (LR1 and LR3) and ARS are present at both sites.,Tomber-2008-Indo-Roman-Trade-From-Pots-to-Pepper,93,,
aila,Aila (Aqaba),comparandum,Northern Red Sea,29.5200,35.0000,roman_amphora_unspec,Roman amphora (unspecified type),mediterranean_amphora,,,,,,within_1,Small quantities of Eastern Mediterranean amphorae (LR1 and LR3) and ARS are present at both sites.,Tomber-2008-Indo-Roman-Trade-From-Pots-to-Pepper,93,,
aksum,Aksum,comparandum,Ethiopian highlands,14.1300,38.7200,roman_amphora_unspec,Roman amphora (unspecified type),mediterranean_amphora,,,,,,within_1,Small quantities of Eastern Mediterranean amphorae (LR1 and LR3) and ARS are present at both sites.,Tomber-2008-Indo-Roman-Trade-From-Pots-to-Pepper,93,,
adulis,Adulis,anchor,East African Red Sea,15.2617,39.6600,lr2,Late Roman Amphora 2,mediterranean_amphora,,,,,,same_sentence,"Here, however, they diverge: at Adulis LR2 and North African amphorae are also present, where with the other non-Aqaba amphorae they account for only c. 2% (D.",Tomber-2008-Indo-Roman-Trade-From-Pots-to-Pepper,93,,
aila,Aila (Aqaba),comparandum,Northern Red Sea,29.5200,35.0000,lr2,Late Roman Amphora 2,mediterranean_amphora,,,,,,same_sentence,"Here, however, they diverge: at Adulis LR2 and North African amphorae are also present, where with the other non-Aqaba amphorae they account for only c. 2% (D.",Tomber-2008-Indo-Roman-Trade-From-Pots-to-Pepper,93,,
aksum,Aksum,comparandum,Ethiopian highlands,14.1300,38.7200,lr2,Late Roman Amphora 2,mediterranean_amphora,,,,,,within_2,"Here, however, they diverge: at Adulis LR2 and North African amphorae are also present, where with the other non-Aqaba amphorae they account for only c. 2% (D.",Tomber-2008-Indo-Roman-Trade-From-Pots-to-Pepper,93,,
adulis,Adulis,anchor,East African Red Sea,15.2617,39.6600,aila,Aila (Aqaba) amphora,mediterranean_amphora,2.0,percent,exact,40,,same_sentence,"Here, however, they diverge: at Adulis LR2 and North African amphorae are also present, where with the other non-Aqaba amphorae they account for only c. 2% (D.",Tomber-2008-Indo-Roman-Trade-From-Pots-to-Pepper,93,reject,"the 2% is the share of non-Aqaba amphorae, not of Aila amphorae"
aila,Aila (Aqaba),comparandum,Northern Red Sea,29.5200,35.0000,aila,Aila (Aqaba) amphora,mediterranean_amphora,2.0,percent,exact,40,,same_sentence,"Here, however, they diverge: at Adulis LR2 and North African amphorae are also present, where with the other non-Aqaba amphorae they account for only c. 2% (D.",Tomber-2008-Indo-Roman-Trade-From-Pots-to-Pepper,93,reject,"the sentence describes Adulis, not Aila"
aksum,Aksum,comparandum,Ethiopian highlands,14.1300,38.7200,aila,Aila (Aqaba) amphora,mediterranean_amphora,,,,,,within_2,"Here, however, they diverge: at Adulis LR2 and North African amphorae are also present, where with the other non-Aqaba amphorae they account for only c. 2% (D.",Tomber-2008-Indo-Roman-Trade-From-Pots-to-Pepper,93,,
adulis,Adulis,anchor,East African Red Sea,15.2617,39.6600,mes_glazed,Mesopotamian Glazed Ware,mesopotamian,,,,,,within_1,Mesopotamian Glazed Ware points to a different sea route originating in the Gulf.,Tomber-2008-Indo-Roman-Trade-From-Pots-to-Pepper,93,,
aila,Aila (Aqaba),comparandum,Northern Red Sea,29.5200,35.0000,mes_glazed,Mesopotamian Glazed Ware,mesopotamian,,,,,,within_1,Mesopotamian Glazed Ware points to a different sea route originating in the Gulf.,Tomber-2008-Indo-Roman-Trade-From-Pots-to-Pepper,93,,
aksum,Aksum,comparandum,Ethiopian highlands,14.1300,38.7200,sigillata_unspec,Sigillata (unspecified),mediterranean_fineware,,,,,,within_2,"Again glass (including millefiore) is regularly identified, but amphorae are sparse and sigillata even more so (ESB?, De Conteson 1963: pl. xxf;",Tomber-2008-Indo-Roman-Trade-From-Pots-to-Pepper,93,,
aksum,Aksum,comparandum,Ethiopian highlands,14.1300,38.7200,esb,Eastern Sigillata B,mediterranean_fineware,,,,,,within_2,"Again glass (including millefiore) is regularly identified, but amphorae are sparse and sigillata even more so (ESB?, De Conteson 1963: pl. xxf;",Tomber-2008-Indo-Roman-Trade-From-Pots-to-Pepper,93,,
adulis,Adulis,anchor,East African Red Sea,15.2617,39.6600,dressel_2_4,Dressel 2-4 amphora,mediterranean_amphora,,,,,,same_sentence,"As noted above, the Adulis Early Roman finds are sparse, but include a number of Dressel 2-4 wine amphorae, some from Campania, and sigillata from Syria and possibly Italy (Peacock 2007a: 79-88).",Tomber-2008-Indo-Roman-Trade-From-Pots-to-Pepper,94,,
adulis,Adulis,anchor,East African Red Sea,15.2617,39.6600,sigillata_unspec,Sigillata (unspecified),mediterranean_fineware,,,,,,same_sentence,"As noted above, the Adulis Early Roman finds are sparse, but include a number of Dressel 2-4 wine amphorae, some from Campania, and sigillata from Syria and possibly Italy (Peacock 2007a: 79-88).",Tomber-2008-Indo-Roman-Trade-From-Pots-to-Pepper,94,,
adulis,Adulis,anchor,East African Red Sea,15.2617,39.6600,aila,Aila (Aqaba) amphora,mediterranean_amphora,,,,,,within_1,"Pedersen recorded two main pottery types: Aqaba amphorae and costrels or flasks, which are reported as having a similarly coloured fabric to the amphorae (2000: 5).",Tomber-2008-Indo-Roman-Trade-From-Pots-to-Pepper,94,,
aksum,Aksum,comparandum,Ethiopian highlands,14.1300,38.7200,aila,Aila (Aqaba) amphora,mediterranean_amphora,,,,,,within_1,"Pedersen recorded two main pottery types: Aqaba amphorae and costrels or flasks, which are reported as having a similarly coloured fabric to the amphorae (2000: 5).",Tomber-2008-Indo-Roman-Trade-From-Pots-to-Pepper,94,,
aila,Aila (Aqaba),comparandum,Northern Red Sea,29.5200,35.0000,aila,Aila (Aqaba) amphora,mediterranean_amphora,,,,,,same_sentence,"Pedersen recorded two main pottery types: Aqaba amphorae and costrels or flasks, which are reported as having a similarly coloured fabric to the amphorae (2000: 5).",Tomber-2008-Indo-Roman-Trade-From-Pots-to-Pepper,94,,
aila,Aila (Aqaba),comparandum,Northern Red Sea,29.5200,35.0000,lr1,Late Roman Amphora 1,mediterranean_amphora,,,,,,within_1,"Another vessel type, identified from photos, is LR1 (Pedersen 2000: fig. 9).",Tomber-2008-Indo-Roman-Trade-From-Pots-to-Pepper,94,,
adulis,Adulis,anchor,East African Red Sea,15.2617,39.6600,lr1,Late Roman Amphora 1,mediterranean_amphora,,,,,,within_1,"Another vessel type, identified from photos, is LR1 (Pedersen 2000: fig. 9).",Tomber-2008-Indo-Roman-Trade-From-Pots-to-Pepper,94,,
adulis,Adulis,anchor,East African Red Sea,15.2617,39.6600,roman_coin,Roman coin,coin,,,,,,within_2,"Most spectacular was a cache of gold Roman coins dating primarily to the Antonine period and reused as pendants on a necklace (Anfray & Annequin 1965: 68, pl. xix, figs 3-4).",Tomber-2008-Indo-Roman-Trade-From-Pots-to-Pepper,94,,
aksum,Aksum,comparandum,Ethiopian highlands,14.1300,38.7200,roman_coin,Roman coin,coin,,,,,,within_2,"Most spectacular was a cache of gold Roman coins dating primarily to the Antonine period and reused as pendants on a necklace (Anfray & Annequin 1965: 68, pl. xix, figs 3-4).",Tomber-2008-Indo-Roman-Trade-From-Pots-to-Pepper,94,,
adulis,Adulis,anchor,East African Red Sea,15.2617,39.6600,aila,Aila (Aqaba) amphora,mediterranean_amphora,,,,,,within_1,"Since Aqaba amphorae form the bulk of these finds, a seaborne route is fairly assured.",Tomber-2008-Indo-Roman-Trade-From-Pots-to-Pepper,95,,
aksum,Aksum,comparandum,Ethiopian highlands,14.1300,38.7200,aila,Aila (Aqaba) amphora,mediterranean_amphora,,,,,,within_1,"Since Aqaba amphorae form the bulk of these finds, a seaborne route is fairly assured.",Tomber-2008-Indo-Roman-Trade-From-Pots-to-Pepper,95,,
aila,Aila (Aqaba),comparandum,Northern Red Sea,29.5200,35.0000,aila,Aila (Aqaba) amphora,mediterranean_amphora,,,,,,same_sentence,"Since Aqaba amphorae form the bulk of these finds, a seaborne route is fairly assured.",Tomber-2008-Indo-Roman-Trade-From-Pots-to-Pepper,95,,
aden,Aden (Eudaimon Arabia),comparandum,South Arabia,12.7900,45.0300,aila,Aila (Aqaba) amphora,mediterranean_amphora,,,,,,same_sentence,"Indo-Roman Trade Dioscurides ; , (Socotra) Bab al-Mandab Eudaimon Arabia WY (Aden) so Damo Cape Guardafui b Mundu Opone (Heis) (Ras Hafun) Bur Gao A Aqaba amphorae A Aqaba amphorae 0 [unverified] G Rhapta? 500 km (Rufiji Delta) ed Fig. 15.",Tomber-2008-Indo-Roman-Trade-From-Pots-to-Pepper,96,,
ras_hafun,Ras Hafun,anchor,Horn of Africa,10.4400,51.2600,aila,Aila (Aqaba) amphora,mediterranean_amphora,,,,,,same_sentence,"Indo-Roman Trade Dioscurides ; , (Socotra) Bab al-Mandab Eudaimon Arabia WY (Aden) so Damo Cape Guardafui b Mundu Opone (Heis) (Ras Hafun) Bur Gao A Aqaba amphorae A Aqaba amphorae 0 [unverified] G Rhapta? 500 km (Rufiji Delta) ed Fig. 15.",Tomber-2008-Indo-Roman-Trade-From-Pots-to-Pepper,96,,
socotra,Socotra,comparandum,Arabian Sea,12.5000,53.9000,aila,Aila (Aqaba) amphora,mediterranean_amphora,,,,,,same_sentence,"Indo-Roman Trade Dioscurides ; , (Socotra) Bab al-Mandab Eudaimon Arabia WY (Aden) so Damo Cape Guardafui b Mundu Opone (Heis) (Ras Hafun) Bur Gao A Aqaba amphorae A Aqaba amphorae 0 [unverified] G Rhapta? 500 km (Rufiji Delta) ed Fig. 15.",Tomber-2008-Indo-Roman-Trade-From-Pots-to-Pepper,96,,
rufiji,Rufiji delta,candidate,East Africa,-7.9000,39.3300,aila,Aila (Aqaba) amphora,mediterranean_amphora,,,,,,same_sentence,"Indo-Roman Trade Dioscurides ; , (Socotra) Bab al-Mandab Eudaimon Arabia WY (Aden) so Damo Cape Guardafui b Mundu Opone (Heis) (Ras Hafun) Bur Gao A Aqaba amphorae A Aqaba amphorae 0 [unverified] G Rhapta? 500 km (Rufiji Delta) ed Fig. 15.",Tomber-2008-Indo-Roman-Trade-From-Pots-to-Pepper,96,,
aila,Aila (Aqaba),comparandum,Northern Red Sea,29.5200,35.0000,aila,Aila (Aqaba) amphora,mediterranean_amphora,,,,,,same_sentence,"Indo-Roman Trade Dioscurides ; , (Socotra) Bab al-Mandab Eudaimon Arabia WY (Aden) so Damo Cape Guardafui b Mundu Opone (Heis) (Ras Hafun) Bur Gao A Aqaba amphorae A Aqaba amphorae 0 [unverified] G Rhapta? 500 km (Rufiji Delta) ed Fig. 15.",Tomber-2008-Indo-Roman-Trade-From-Pots-to-Pepper,96,,
xiis,Xiis (Heis),comparandum,Horn of Africa,11.1300,47.1500,aila,Aila (Aqaba) amphora,mediterranean_amphora,,,,,,same_sentence,"Indo-Roman Trade Dioscurides ; , (Socotra) Bab al-Mandab Eudaimon Arabia WY (Aden) so Damo Cape Guardafui b Mundu Opone (Heis) (Ras Hafun) Bur Gao A Aqaba amphorae A Aqaba amphorae 0 [unverified] G Rhapta? 500 km (Rufiji Delta) ed Fig. 15.",Tomber-2008-Indo-Roman-Trade-From-Pots-to-Pepper,96,,
aila,Aila (Aqaba),comparandum,Northern Red Sea,29.5200,35.0000,aila,Aila (Aqaba) amphora,mediterranean_amphora,,,,,,same_sentence,Beyond the Roman world A Aqaba amphorae A Aqaba amphorae aust ek 8 SN stad La [unverified] . © OJ SF 0 S A Arato 0 Dahlak’ Kabir Massawa ea Asmara @ ‘ Peninsula TekondaA @ Koloe (Qohayto) Mataraa HamA Debra Damoe Fig. 16.,Tomber-2008-Indo-Roman-Trade-From-Pots-to-Pepper,97,,
xiis,Xiis (Heis),comparandum,Horn of Africa,11.1300,47.1500,dressel_2_4,Dressel 2-4 amphora,mediterranean_amphora,,,,,,within_2,"Ballet has assigned sources to eight of nine fine ware vessels, including sigillata from Italy and Syria and Egyptian faience, as well as a Campanian Dressel 2-4 wine amphora and an alabaster vase, possibly Egyptian (Ballet 1993, 1996: 823).",Tomber-2008-Indo-Roman-Trade-From-Pots-to-Pepper,98,,
xiis,Xiis (Heis),comparandum,Horn of Africa,11.1300,47.1500,sigillata_unspec,Sigillata (unspecified),mediterranean_fineware,,,,,,within_2,"Ballet has assigned sources to eight of nine fine ware vessels, including sigillata from Italy and Syria and Egyptian faience, as well as a Campanian Dressel 2-4 wine amphora and an alabaster vase, possibly Egyptian (Ballet 1993, 1996: 823).",Tomber-2008-Indo-Roman-Trade-From-Pots-to-Pepper,98,,
rufiji,Rufiji delta,candidate,East Africa,-7.9000,39.3300,bead,Bead (glass or stone),small_find,,,,,,within_2,"Gold foil beads provide markers of the Classical world, but the growing recognition of bead manufacture in Asia (e.g.",Tomber-2008-Indo-Roman-Trade-From-Pots-to-Pepper,100,,
qana,Qana / Kane,anchor,South Arabia,14.0167,48.3200,frankincense,Frankincense,organic,,,,,,within_1,Its function as an incense warehouse was graphically demonstrated by a destruction deposit that included burnt frankincense.,Tomber-2008-Indo-Roman-Trade-From-Pots-to-Pepper,105,,
qana,Qana / Kane,anchor,South Arabia,14.0167,48.3200,frankincense,Frankincense,organic,,,,,,same_sentence,PME 27-8 describes Qana as an important collecting and distribution point for frankincense.,Tomber-2008-Indo-Roman-Trade-From-Pots-to-Pepper,105,,
qana,Qana / Kane,anchor,South Arabia,14.0167,48.3200,roman_pottery_unspec,Roman pottery (unspecified),mediterranean_unspecified,,,,,,same_sentence,Underwater assemblages from Qana supplement the corpus of Early Roman pottery types with additional coarse wares from Egypt and Indian vessels identified (Davidde et al. 2004).,Tomber-2008-Indo-Roman-Trade-From-Pots-to-Pepper,106,,
myos_hormos,Myos Hormos (Quseir al-Qadim),anchor,Egyptian Red Sea,26.1567,34.2417,roman_pottery_unspec,Roman pottery (unspecified),mediterranean_unspecified,,,,,,within_2,"During the Middle period, Roman pottery decreased and mirrored changes in Roman trade in general, with North African _sources important.",Tomber-2008-Indo-Roman-Trade-From-Pots-to-Pepper,106,,
berenike,Berenike,anchor,Egyptian Red Sea,23.9106,35.4761,roman_pottery_unspec,Roman pottery (unspecified),mediterranean_unspecified,,,,,,within_2,"During the Middle period, Roman pottery decreased and mirrored changes in Roman trade in general, with North African _sources important.",Tomber-2008-Indo-Roman-Trade-From-Pots-to-Pepper,106,,
aila,Aila (Aqaba),comparandum,Northern Red Sea,29.5200,35.0000,roman_pottery_unspec,Roman pottery (unspecified),mediterranean_unspecified,,,,,,within_2,"During the Middle period, Roman pottery decreased and mirrored changes in Roman trade in general, with North African _sources important.",Tomber-2008-Indo-Roman-Trade-From-Pots-to-Pepper,106,,
aila,Aila (Aqaba),comparandum,Northern Red Sea,29.5200,35.0000,aila,Aila (Aqaba) amphora,mediterranean_amphora,,,,,,same_sentence,Beyond the Roman world Gaza and Aqaba amphorae probably arrived together directly down the Red | Sea from.,Tomber-2008-Indo-Roman-Trade-From-Pots-to-Pepper,107,,
aila,Aila (Aqaba),comparandum,Northern Red Sea,29.5200,35.0000,torpedo_jar,Torpedo jar,mesopotamian,,,,,,within_1,"Torpedo, jars (published as LR4, Sedov 2007: fig. 4.22, nos 5-7) and Glazed Ware represent strong ties from Mesopotamia travelling via the Gulf, as might an earlier Palmyrene inscription (Sedov 1992: 118).",Tomber-2008-Indo-Roman-Trade-From-Pots-to-Pepper,107,,
aila,Aila (Aqaba),comparandum,Northern Red Sea,29.5200,35.0000,aila,Aila (Aqaba) amphora,mediterranean_amphora,,,,,,same_sentence,"Late Roman pottery is represented by a potential Aqaba amphora (Breton 2003: 209, citing Ballet & Lemaitre forthcoming).",Tomber-2008-Indo-Roman-Trade-From-Pots-to-Pepper,107,,
aila,Aila (Aqaba),comparandum,Northern Red Sea,29.5200,35.0000,roman_pottery_unspec,Roman pottery (unspecified),mediterranean_unspecified,,,,,,same_sentence,"Late Roman pottery is represented by a potential Aqaba amphora (Breton 2003: 209, citing Ballet & Lemaitre forthcoming).",Tomber-2008-Indo-Roman-Trade-From-Pots-to-Pepper,107,,
sumhuram,Sumhuram (Khor Rori),anchor,South Arabia,17.0400,54.4300,frankincense,Frankincense,organic,,,,,,same_sentence,"Moscha Limen (Khor Rori) is said to have been refounded by colonists from Shabwa in the late first century BC/early first century AD in order to guard the frankincense region (Sedov 2007: 100, citing Robin 1984).",Tomber-2008-Indo-Roman-Trade-From-Pots-to-Pepper,108,,
sumhuram,Sumhuram (Khor Rori),anchor,South Arabia,17.0400,54.4300,osj,Organic Storage Jars,south_arabian,,,,,,within_1,"The presence of Hadrami Organic Storage Jars, the ‘Palestinian’ storage jars that are 106",Tomber-2008-Indo-Roman-Trade-From-Pots-to-Pepper,108,,
qana,Qana / Kane,anchor,South Arabia,14.0167,48.3200,osj,Organic Storage Jars,south_arabian,,,,,,within_1,"The presence of Hadrami Organic Storage Jars, the ‘Palestinian’ storage jars that are 106",Tomber-2008-Indo-Roman-Trade-From-Pots-to-Pepper,108,,
qana,Qana / Kane,anchor,South Arabia,14.0167,48.3200,torpedo_jar,Torpedo jar,mesopotamian,,,,,,same_sentence,"Beyond the Roman world probably Torpedoes, and Glazed Ware further allies the site with Qana.",Tomber-2008-Indo-Roman-Trade-From-Pots-to-Pepper,109,,
qana,Qana / Kane,anchor,South Arabia,14.0167,48.3200,roman_amphora_unspec,Roman amphora (unspecified type),mediterranean_amphora,,,,,Y,same_sentence,"Importantly, the assemblage at Khor Rori does not extend into the Upper period of*Qana with the attendant Late Roman amphorae.",Tomber-2008-Indo-Roman-Trade-From-Pots-to-Pepper,109,,
sumhuram,Sumhuram (Khor Rori),anchor,South Arabia,17.0400,54.4300,roman_amphora_unspec,Roman amphora (unspecified type),mediterranean_amphora,,,,,Y,same_sentence,"Importantly, the assemblage at Khor Rori does not extend into the Upper period of*Qana with the attendant Late Roman amphorae.",Tomber-2008-Indo-Roman-Trade-From-Pots-to-Pepper,109,,
qana,Qana / Kane,anchor,South Arabia,14.0167,48.3200,aksumite_coarse,Aksumite Coarse Wares,east_african,,,,,,within_1,The absence of Aksumite wares is another significant distinction.,Tomber-2008-Indo-Roman-Trade-From-Pots-to-Pepper,109,,
sumhuram,Sumhuram (Khor Rori),anchor,South Arabia,17.0400,54.4300,aksumite_coarse,Aksumite Coarse Wares,east_african,,,,,,within_1,The absence of Aksumite wares is another significant distinction.,Tomber-2008-Indo-Roman-Trade-From-Pots-to-Pepper,109,,
qana,Qana / Kane,anchor,South Arabia,14.0167,48.3200,rpw,Red Polished Ware,indian_fineware,,,,,Y,within_1,"They are cautious in attributing these vessels to India, as although slipped they do not belong to RPW, instead to CRSW.",Tomber-2008-Indo-Roman-Trade-From-Pots-to-Pepper,109,,
sumhuram,Sumhuram (Khor Rori),anchor,South Arabia,17.0400,54.4300,rpw,Red Polished Ware,indian_fineware,,,,,Y,within_1,"They are cautious in attributing these vessels to India, as although slipped they do not belong to RPW, instead to CRSW.",Tomber-2008-Indo-Roman-Trade-From-Pots-to-Pepper,109,,
qana,Qana / Kane,anchor,South Arabia,14.0167,48.3200,crsw,Coarse Red-slipped Wares,indian_coarseware,,,,,Y,within_1,"They are cautious in attributing these vessels to India, as although slipped they do not belong to RPW, instead to CRSW.",Tomber-2008-Indo-Roman-Trade-From-Pots-to-Pepper,109,,
sumhuram,Sumhuram (Khor Rori),anchor,South Arabia,17.0400,54.4300,crsw,Coarse Red-slipped Wares,indian_coarseware,,,,,Y,within_1,"They are cautious in attributing these vessels to India, as although slipped they do not belong to RPW, instead to CRSW.",Tomber-2008-Indo-Roman-Trade-From-Pots-to-Pepper,109,,
sumhuram,Sumhuram (Khor Rori),anchor,South Arabia,17.0400,54.4300,rpw,Red Polished Ware,indian_fineware,,,,,,within_2,The problem here lies in the definition of RPW (Schenk in press).,Tomber-2008-Indo-Roman-Trade-From-Pots-to-Pepper,109,,
qana,Qana / Kane,anchor,South Arabia,14.0167,48.3200,rpw,Red Polished Ware,indian_fineware,,,,,,within_2,The problem here lies in the definition of RPW (Schenk in press).,Tomber-2008-Indo-Roman-Trade-From-Pots-to-Pepper,109,,
qana,Qana / Kane,anchor,South Arabia,14.0167,48.3200,roman_amphora_unspec,Roman amphora (unspecified type),mediterranean_amphora,,,,,Y,same_sentence,"Although extending into the Islamic period, earlier wares included a Roman amphora handle, sherds from the Gulf and handmade jars of the first to fourth centuries AD, similar to some from Wadi Hadramawt and Qana (Naumkin & Sedov 1995: 229, fig. 19, no. 1, fig. 20, no. 8).",Tomber-2008-Indo-Roman-Trade-From-Pots-to-Pepper,111,,
qana,Qana / Kane,anchor,South Arabia,14.0167,48.3200,torpedo_jar,Torpedo jar,mesopotamian,,,,,,within_2,Mesopotamian ceramics — both Torpedo jars and Glazed Ware — dominate the assemblages.,Tomber-2008-Indo-Roman-Trade-From-Pots-to-Pepper,111,,
mleiha,Mleiha,comparandum,Gulf,25.1200,55.8600,roman_glass,Roman glass,glass,,,,,,same_sentence,"Funerary glass occurred alongside other luxury items; for example, one tomb contained a Roman glass beaker, a range of small items and an elaborate bronze wine set in a pre-Hellenistic tradition of a type also known from Mleiha (Potts 1989: 15;",Tomber-2008-Indo-Roman-Trade-From-Pots-to-Pepper,113,,
mleiha,Mleiha,comparandum,Gulf,25.1200,55.8600,torpedo_jar,Torpedo jar,mesopotamian,,,,,,within_1,"In contrast to the glass, Roman pottery is rare with Mesopotamian Glazed Ware and Torpedo jars much more common (Mouton 1992).",Tomber-2008-Indo-Roman-Trade-From-Pots-to-Pepper,113,,
mleiha,Mleiha,comparandum,Gulf,25.1200,55.8600,mes_glazed,Mesopotamian Glazed Ware,mesopotamian,,,,,,within_1,"In contrast to the glass, Roman pottery is rare with Mesopotamian Glazed Ware and Torpedo jars much more common (Mouton 1992).",Tomber-2008-Indo-Roman-Trade-From-Pots-to-Pepper,113,,
mleiha,Mleiha,comparandum,Gulf,25.1200,55.8600,roman_pottery_unspec,Roman pottery (unspecified),mediterranean_unspecified,,,,,,within_1,"In contrast to the glass, Roman pottery is rare with Mesopotamian Glazed Ware and Torpedo jars much more common (Mouton 1992).",Tomber-2008-Indo-Roman-Trade-From-Pots-to-Pepper,113,,
mleiha,Mleiha,comparandum,Gulf,25.1200,55.8600,rpw,Red Polished Ware,indian_fineware,,,,,,within_2,Williamson’s pottery has recently been assessed and a range of Indian types including RPW identified (ibid.: fig. 29).,Tomber-2008-Indo-Roman-Trade-From-Pots-to-Pepper,115,,
sohar,Sohar,comparandum,Gulf,24.3500,56.7300,rpw,Red Polished Ware,indian_fineware,,,,,,within_2,Williamson’s pottery has recently been assessed and a range of Indian types including RPW identified (ibid.: fig. 29).,Tomber-2008-Indo-Roman-Trade-From-Pots-to-Pepper,115,,
charax,Charax Spasinou,comparandum,Mesopotamia,30.5000,47.8000,mes_glazed,Mesopotamian Glazed Ware,mesopotamian,,,,,,within_1,"It provides an explanation for the large quantities of Mesopotamian Glazed Ware in the Gulf, particularly if the Basra area is one source (Kennet 2004: 30), and a likely point for its export (Lang et al. 1988: 11).",Tomber-2008-Indo-Roman-Trade-From-Pots-to-Pepper,117,,
charax,Charax Spasinou,comparandum,Mesopotamia,30.5000,47.8000,roman_glass,Roman glass,glass,,,,,,within_2,"It would also provide an explanation for the Roman glass ware in the Gulf, as yet missing from Qana.",Tomber-2008-Indo-Roman-Trade-From-Pots-to-Pepper,117,,
qana,Qana / Kane,anchor,South Arabia,14.0167,48.3200,roman_glass,Roman glass,glass,,,,,,same_sentence,"It would also provide an explanation for the Roman glass ware in the Gulf, as yet missing from Qana.",Tomber-2008-Indo-Roman-Trade-From-Pots-to-Pepper,117,,
qana,Qana / Kane,anchor,South Arabia,14.0167,48.3200,sigillata_unspec,Sigillata (unspecified),mediterranean_fineware,,,,,,within_2,In her excellent synthesis of sigillata in the Gulf and Indian 115,Tomber-2008-Indo-Roman-Trade-From-Pots-to-Pepper,117,,
sumhuram,Sumhuram (Khor Rori),anchor,South Arabia,17.0400,54.4300,esa,Eastern Sigillata A,mediterranean_fineware,,,,,,same_sentence,"She argues forcibly that some of the ESA reached Ed Dur via Mesopotamia during the late first century BC/AD, but that a second more important route distributed Roman fine wares to the Gulf through a Red Sea-South Arabian link, re-exported from Qana and Khor Rori.",Tomber-2008-Indo-Roman-Trade-From-Pots-to-Pepper,118,,
qana,Qana / Kane,anchor,South Arabia,14.0167,48.3200,esa,Eastern Sigillata A,mediterranean_fineware,,,,,,same_sentence,"She argues forcibly that some of the ESA reached Ed Dur via Mesopotamia during the late first century BC/AD, but that a second more important route distributed Roman fine wares to the Gulf through a Red Sea-South Arabian link, re-exported from Qana and Khor Rori.",Tomber-2008-Indo-Roman-Trade-From-Pots-to-Pepper,118,,
sumhuram,Sumhuram (Khor Rori),anchor,South Arabia,17.0400,54.4300,frankincense,Frankincense,organic,,,,,,within_1,"This Qana/Omana route (PME 36) was used for distributing frankincense, some of which has been collected at Ed Dur alongside the other South Arabia imports described above (ibid.: 19). 116",Tomber-2008-Indo-Roman-Trade-From-Pots-to-Pepper,118,,
qana,Qana / Kane,anchor,South Arabia,14.0167,48.3200,frankincense,Frankincense,organic,,,,,,same_sentence,"This Qana/Omana route (PME 36) was used for distributing frankincense, some of which has been collected at Ed Dur alongside the other South Arabia imports described above (ibid.: 19). 116",Tomber-2008-Indo-Roman-Trade-From-Pots-to-Pepper,118,,
arikamedu,Arikamedu,anchor,Coromandel,11.9000,79.8200,intaglio,Intaglio / gem,small_find,,,,,,same_sentence,"Examples in Fig. 20 include a bronze statue of a Classical figure from Shamalaji normally described as Atlas (Chowdhary 1962: fig. 1), and an intaglio of an Indian woman tooled on a pottery sherd from Arikamedu that has been invoked as evidence for a Western inspired local gem-carving industry (Begley 1996: 29, fig. 1.13).",Tomber-2008-Indo-Roman-Trade-From-Pots-to-Pepper,125,,
arikamedu,Arikamedu,anchor,Coromandel,11.9000,79.8200,intaglio,Intaglio / gem,small_find,,,,,,same_sentence,Right: Indian-figure intaglio on a ceramic sherd from Arikamedu (after Begley 1996: fig. 1.13). accumulated from the first century BC to its deposition in the third century.,Tomber-2008-Indo-Roman-Trade-From-Pots-to-Pepper,126,,
barygaza,Barygaza (Bharuch),anchor,Gujarat,21.7000,72.9900,roman_amphora_unspec,Roman amphora (unspecified type),mediterranean_amphora,,,,,,within_1,"Shinde et al. describe ‘A thick well-fired fragment of a jar, possibly a Mediterranean amphora ...’ (2002: 74).",Tomber-2008-Indo-Roman-Trade-From-Pots-to-Pepper,127,,
barygaza,Barygaza (Bharuch),anchor,Gujarat,21.7000,72.9900,lr1,Late Roman Amphora 1,mediterranean_amphora,,,,,,within_2,A sherd of LR1 in the M.S.,Tomber-2008-Indo-Roman-Trade-From-Pots-to-Pepper,127,,
tamluk,Tamluk,comparandum,Ganges delta,22.3000,87.9200,roman_amphora_unspec,Roman amphora (unspecified type),mediterranean_amphora,,,,,,same_sentence,"Roman amphorae have been reported on from Manikpatna (Gupta 1997: 353), Karnaji (Sengupta 1998: pl. 1) and Tamluk (Jahan 2006: 71).",Tomber-2008-Indo-Roman-Trade-From-Pots-to-Pepper,131,,
tamluk,Tamluk,comparandum,Ganges delta,22.3000,87.9200,roman_coin,Roman coin,coin,,,,,Y,within_2,"Despite this lack of Roman coinage and other artefacts, regional products were fundamental items of exchange.",Tomber-2008-Indo-Roman-Trade-From-Pots-to-Pepper,131,,
chandraketugarh,Chandraketugarh,comparandum,Ganges delta,22.6800,88.6800,rouletted_ware,Rouletted Ware (Wheeler Type 1),indian_fineware,,,,,,same_sentence,"If correct, Gogte’s (1997) recent proposal that the Tamluk-Chandraketugarh area is the epicentre of RW production provides a more visible way to track exports.",Tomber-2008-Indo-Roman-Trade-From-Pots-to-Pepper,132,,
tamluk,Tamluk,comparandum,Ganges delta,22.3000,87.9200,rouletted_ware,Rouletted Ware (Wheeler Type 1),indian_fineware,,,,,,same_sentence,"If correct, Gogte’s (1997) recent proposal that the Tamluk-Chandraketugarh area is the epicentre of RW production provides a more visible way to track exports.",Tomber-2008-Indo-Roman-Trade-From-Pots-to-Pepper,132,,
chandraketugarh,Chandraketugarh,comparandum,Ganges delta,22.6800,88.6800,rouletted_ware,Rouletted Ware (Wheeler Type 1),indian_fineware,,,,,,within_2,"Contact between the north-east and south-east is evidenced by Indo-Pacific beads, possibly produced in Bengal by Tamil craftsmen (Jahan 2002: 132), and also the concentration of RW in the south-east.",Tomber-2008-Indo-Roman-Trade-From-Pots-to-Pepper,132,,
tamluk,Tamluk,comparandum,Ganges delta,22.3000,87.9200,rouletted_ware,Rouletted Ware (Wheeler Type 1),indian_fineware,,,,,,within_2,"Contact between the north-east and south-east is evidenced by Indo-Pacific beads, possibly produced in Bengal by Tamil craftsmen (Jahan 2002: 132), and also the concentration of RW in the south-east.",Tomber-2008-Indo-Roman-Trade-From-Pots-to-Pepper,132,,
chandraketugarh,Chandraketugarh,comparandum,Ganges delta,22.6800,88.6800,bead,Bead (glass or stone),small_find,,,,,,within_2,"Contact between the north-east and south-east is evidenced by Indo-Pacific beads, possibly produced in Bengal by Tamil craftsmen (Jahan 2002: 132), and also the concentration of RW in the south-east.",Tomber-2008-Indo-Roman-Trade-From-Pots-to-Pepper,132,,
tamluk,Tamluk,comparandum,Ganges delta,22.3000,87.9200,bead,Bead (glass or stone),small_find,,,,,,within_2,"Contact between the north-east and south-east is evidenced by Indo-Pacific beads, possibly produced in Bengal by Tamil craftsmen (Jahan 2002: 132), and also the concentration of RW in the south-east.",Tomber-2008-Indo-Roman-Trade-From-Pots-to-Pepper,132,,
ter,Ter,comparandum,Deccan interior,18.3200,76.1500,bead,Bead (glass or stone),small_find,,,,,,same_sentence,"For example, the finds from Ter or Tagara of the Periplus (PME 51) are Indian in origin, apart from some gold foil beads (Dikshit 1969: 44).",Tomber-2008-Indo-Roman-Trade-From-Pots-to-Pepper,134,,
ter,Ter,comparandum,Deccan interior,18.3200,76.1500,lamp,Roman lamp,small_find,,,,,,within_1,"The numerous ceramic lamps, which were originally interpreted as Roman (Dawn of Civilization 1975: 28, fig. 68), if classically influenced, derive from Hellenistic rather than Roman models (D.",Tomber-2008-Indo-Roman-Trade-From-Pots-to-Pepper,134,,
ter,Ter,comparandum,Deccan interior,18.3200,76.1500,roman_coin,Roman coin,coin,,,,,,within_2,"Published finds from the inland market town of Adam are likewise Roman-inspired rather than Roman in origin, apart from a mostly Tiberian coin hoard (Nath 1995: 152;",Tomber-2008-Indo-Roman-Trade-From-Pots-to-Pepper,134,,
arikamedu,Arikamedu,anchor,Coromandel,11.9000,79.8200,intaglio,Intaglio / gem,small_find,,,,,Y,within_1,"One of the earliest finds was an intaglio reported to bear a portrait of Augustus; it was taken to Hanoi, but although oft-cited was never illustrated and is now lost.",Tomber-2008-Indo-Roman-Trade-From-Pots-to-Pepper,135,,
arikamedu,Arikamedu,anchor,Coromandel,11.9000,79.8200,its,Italian Sigillata,mediterranean_fineware,,,,,,within_2,He assigned the structure to the post-Arretine phase and dated its construction to c.,Tomber-2008-Indo-Roman-Trade-From-Pots-to-Pepper,136,,
arikamedu,Arikamedu,anchor,Coromandel,11.9000,79.8200,sigillata_unspec,Sigillata (unspecified),mediterranean_fineware,,,,,,same_sentence,"Until recently Arikamedu held a unique position as the only Indian site to have produced Roman sigillata, although it has now lost this status with sherds also recovered from Alagankulam and Pattanam (see below).",Tomber-2008-Indo-Roman-Trade-From-Pots-to-Pepper,138,,
alagankulam,Alagankulam,comparandum,Coromandel,9.3600,79.0200,sigillata_unspec,Sigillata (unspecified),mediterranean_fineware,,,,,,same_sentence,"Until recently Arikamedu held a unique position as the only Indian site to have produced Roman sigillata, although it has now lost this status with sherds also recovered from Alagankulam and Pattanam (see below).",Tomber-2008-Indo-Roman-Trade-From-Pots-to-Pepper,138,,
pattanam,Pattanam,anchor,Kerala,10.1530,76.2070,sigillata_unspec,Sigillata (unspecified),mediterranean_fineware,,,,,,same_sentence,"Until recently Arikamedu held a unique position as the only Indian site to have produced Roman sigillata, although it has now lost this status with sherds also recovered from Alagankulam and Pattanam (see below).",Tomber-2008-Indo-Roman-Trade-From-Pots-to-Pepper,138,,
arikamedu,Arikamedu,anchor,Coromandel,11.9000,79.8200,sigillata_unspec,Sigillata (unspecified),mediterranean_fineware,,,,,Y,within_1,"Reassessment of this sigillata has demonstrated that it included vessels not only from Italy but also from the Eastern Mediterranean (ESA, ESB) and was not uniform in date but varied between c. 10 BC and AD 50 (Comfort 1992;",Tomber-2008-Indo-Roman-Trade-From-Pots-to-Pepper,138,,
alagankulam,Alagankulam,comparandum,Coromandel,9.3600,79.0200,sigillata_unspec,Sigillata (unspecified),mediterranean_fineware,,,,,Y,within_1,"Reassessment of this sigillata has demonstrated that it included vessels not only from Italy but also from the Eastern Mediterranean (ESA, ESB) and was not uniform in date but varied between c. 10 BC and AD 50 (Comfort 1992;",Tomber-2008-Indo-Roman-Trade-From-Pots-to-Pepper,138,,
pattanam,Pattanam,anchor,Kerala,10.1530,76.2070,sigillata_unspec,Sigillata (unspecified),mediterranean_fineware,,,,,Y,within_1,"Reassessment of this sigillata has demonstrated that it included vessels not only from Italy but also from the Eastern Mediterranean (ESA, ESB) and was not uniform in date but varied between c. 10 BC and AD 50 (Comfort 1992;",Tomber-2008-Indo-Roman-Trade-From-Pots-to-Pepper,138,,
arikamedu,Arikamedu,anchor,Coromandel,11.9000,79.8200,esa,Eastern Sigillata A,mediterranean_fineware,,,,,Y,within_1,"Reassessment of this sigillata has demonstrated that it included vessels not only from Italy but also from the Eastern Mediterranean (ESA, ESB) and was not uniform in date but varied between c. 10 BC and AD 50 (Comfort 1992;",Tomber-2008-Indo-Roman-Trade-From-Pots-to-Pepper,138,,
alagankulam,Alagankulam,comparandum,Coromandel,9.3600,79.0200,esa,Eastern Sigillata A,mediterranean_fineware,,,,,Y,within_1,"Reassessment of this sigillata has demonstrated that it included vessels not only from Italy but also from the Eastern Mediterranean (ESA, ESB) and was not uniform in date but varied between c. 10 BC and AD 50 (Comfort 1992;",Tomber-2008-Indo-Roman-Trade-From-Pots-to-Pepper,138,,
pattanam,Pattanam,anchor,Kerala,10.1530,76.2070,esa,Eastern Sigillata A,mediterranean_fineware,,,,,Y,within_1,"Reassessment of this sigillata has demonstrated that it included vessels not only from Italy but also from the Eastern Mediterranean (ESA, ESB) and was not uniform in date but varied between c. 10 BC and AD 50 (Comfort 1992;",Tomber-2008-Indo-Roman-Trade-From-Pots-to-Pepper,138,,
arikamedu,Arikamedu,anchor,Coromandel,11.9000,79.8200,esb,Eastern Sigillata B,mediterranean_fineware,,,,,Y,within_1,"Reassessment of this sigillata has demonstrated that it included vessels not only from Italy but also from the Eastern Mediterranean (ESA, ESB) and was not uniform in date but varied between c. 10 BC and AD 50 (Comfort 1992;",Tomber-2008-Indo-Roman-Trade-From-Pots-to-Pepper,138,,
alagankulam,Alagankulam,comparandum,Coromandel,9.3600,79.0200,esb,Eastern Sigillata B,mediterranean_fineware,,,,,Y,within_1,"Reassessment of this sigillata has demonstrated that it included vessels not only from Italy but also from the Eastern Mediterranean (ESA, ESB) and was not uniform in date but varied between c. 10 BC and AD 50 (Comfort 1992;",Tomber-2008-Indo-Roman-Trade-From-Pots-to-Pepper,138,,
pattanam,Pattanam,anchor,Kerala,10.1530,76.2070,esb,Eastern Sigillata B,mediterranean_fineware,,,,,Y,within_1,"Reassessment of this sigillata has demonstrated that it included vessels not only from Italy but also from the Eastern Mediterranean (ESA, ESB) and was not uniform in date but varied between c. 10 BC and AD 50 (Comfort 1992;",Tomber-2008-Indo-Roman-Trade-From-Pots-to-Pepper,138,,
alagankulam,Alagankulam,comparandum,Coromandel,9.3600,79.0200,its,Italian Sigillata,mediterranean_fineware,,,,,Y,within_2,"Thus the warehouse need not have belonged to the post-Arretine phase but may be slightly earlier, say between the second quarter and mid-first century AD (Begley 2004a: 6-7).",Tomber-2008-Indo-Roman-Trade-From-Pots-to-Pepper,138,,
arikamedu,Arikamedu,anchor,Coromandel,11.9000,79.8200,its,Italian Sigillata,mediterranean_fineware,,,,,Y,within_2,"Thus the warehouse need not have belonged to the post-Arretine phase but may be slightly earlier, say between the second quarter and mid-first century AD (Begley 2004a: 6-7).",Tomber-2008-Indo-Roman-Trade-From-Pots-to-Pepper,138,,
pattanam,Pattanam,anchor,Kerala,10.1530,76.2070,its,Italian Sigillata,mediterranean_fineware,,,,,Y,within_2,"Thus the warehouse need not have belonged to the post-Arretine phase but may be slightly earlier, say between the second quarter and mid-first century AD (Begley 2004a: 6-7).",Tomber-2008-Indo-Roman-Trade-From-Pots-to-Pepper,138,,
kaveripattinam,Kaveripattinam,comparandum,Coromandel,11.1400,79.8500,roman_amphora_unspec,Roman amphora (unspecified type),mediterranean_amphora,,,,,Y,within_2,"Despite reports of Roman amphorae (Rao et al. 1995-6), none have been located by this writer or by other archaeologists currently working in the region (S.",Tomber-2008-Indo-Roman-Trade-From-Pots-to-Pepper,140,,
vasavasamudram,Vasavasamudram,comparandum,Coromandel,12.2400,80.1500,roman_amphora_unspec,Roman amphora (unspecified type),mediterranean_amphora,,,,,Y,same_sentence,"Instead, Roman amphorae come from sites not mentioned in the Periplus: Vasavasamudram (Nagaswamy & Majeed 1978), Karaikadu (Raman 1992) and Alagankulam (Sridhar 2005).",Tomber-2008-Indo-Roman-Trade-From-Pots-to-Pepper,140,,
alagankulam,Alagankulam,comparandum,Coromandel,9.3600,79.0200,roman_amphora_unspec,Roman amphora (unspecified type),mediterranean_amphora,,,,,Y,same_sentence,"Instead, Roman amphorae come from sites not mentioned in the Periplus: Vasavasamudram (Nagaswamy & Majeed 1978), Karaikadu (Raman 1992) and Alagankulam (Sridhar 2005).",Tomber-2008-Indo-Roman-Trade-From-Pots-to-Pepper,140,,
karaikadu,Karaikadu,comparandum,Coromandel,11.7200,79.7500,roman_amphora_unspec,Roman amphora (unspecified type),mediterranean_amphora,,,,,Y,same_sentence,"Instead, Roman amphorae come from sites not mentioned in the Periplus: Vasavasamudram (Nagaswamy & Majeed 1978), Karaikadu (Raman 1992) and Alagankulam (Sridhar 2005).",Tomber-2008-Indo-Roman-Trade-From-Pots-to-Pepper,140,,
arikamedu,Arikamedu,anchor,Coromandel,11.9000,79.8200,sigillata_unspec,Sigillata (unspecified),mediterranean_fineware,3,sherds,exact,6,,same_sentence,"This includes three sigillata sherds that, like those from Arikamedu, are from more than one source — in this case Italy and Asia Minor (ESB).",Tomber-2008-Indo-Roman-Trade-From-Pots-to-Pepper,141,reject,"""like those from Arikamedu"" - the three sherds are from another site"
arikamedu,Arikamedu,anchor,Coromandel,11.9000,79.8200,esb,Eastern Sigillata B,mediterranean_fineware,,,,,,same_sentence,"This includes three sigillata sherds that, like those from Arikamedu, are from more than one source — in this case Italy and Asia Minor (ESB).",Tomber-2008-Indo-Roman-Trade-From-Pots-to-Pepper,141,,
alagankulam,Alagankulam,comparandum,Coromandel,9.3600,79.0200,rouletted_ware,Rouletted Ware (Wheeler Type 1),indian_fineware,,,,,,same_sentence,"The presence of African Red Slip Ware at Alagankulam has been extensively cited in support of a Late Roman date, but it is now accepted as Indian RW (Sridhar 2005: 26-7).",Tomber-2008-Indo-Roman-Trade-From-Pots-to-Pepper,141,,
arikamedu,Arikamedu,anchor,Coromandel,11.9000,79.8200,rouletted_ware,Rouletted Ware (Wheeler Type 1),indian_fineware,,,,,,within_1,"The presence of African Red Slip Ware at Alagankulam has been extensively cited in support of a Late Roman date, but it is now accepted as Indian RW (Sridhar 2005: 26-7).",Tomber-2008-Indo-Roman-Trade-From-Pots-to-Pepper,141,,
arikamedu,Arikamedu,anchor,Coromandel,11.9000,79.8200,intaglio,Intaglio / gem,small_find,,,,,,same_sentence,"Begley has compared a well-known first- century intaglio gold ring of a Chera king and queen from Karur with the ceramic intaglio from Arikamedu shown in Fig. 20 (ibid.: 30, fig. 1.15).",Tomber-2008-Indo-Roman-Trade-From-Pots-to-Pepper,142,,
arikamedu,Arikamedu,anchor,Coromandel,11.9000,79.8200,black_pepper,Black pepper (Piper nigrum),organic,,,,,,within_1,"Kerala, in Antiquity as today, was the heartland of India’s spice-producing area, particularly black pepper.",Tomber-2008-Indo-Roman-Trade-From-Pots-to-Pepper,142,,
pattanam,Pattanam,anchor,Kerala,10.1530,76.2070,bead,Bead (glass or stone),small_find,,,,,,within_2,"Selvakumar revealed its extensive size, estimated at c. 1 km’, and a growing range of artefacts including bricks and beads (Selvakumar et al. 2005).",Tomber-2008-Indo-Roman-Trade-From-Pots-to-Pepper,144,,
pattanam,Pattanam,anchor,Kerala,10.1530,76.2070,torpedo_jar,Torpedo jar,mesopotamian,,,,,,same_sentence,"It was at this point, in November 2003, on a visit to Kerala that I was shown the Pattanam pottery and identified an Early Roman amphora, an organic storage jar possibly from Yemen, and Glazed Ware and Torpedo jars of uncertain date from Mesopotamia.",Tomber-2008-Indo-Roman-Trade-From-Pots-to-Pepper,144,,
pattanam,Pattanam,anchor,Kerala,10.1530,76.2070,roman_amphora_unspec,Roman amphora (unspecified type),mediterranean_amphora,,,,,,same_sentence,"It was at this point, in November 2003, on a visit to Kerala that I was shown the Pattanam pottery and identified an Early Roman amphora, an organic storage jar possibly from Yemen, and Glazed Ware and Torpedo jars of uncertain date from Mesopotamia.",Tomber-2008-Indo-Roman-Trade-From-Pots-to-Pepper,144,,
pattanam,Pattanam,anchor,Kerala,10.1530,76.2070,crsw,Coarse Red-slipped Wares,indian_coarseware,,,,,Y,within_1,"Furthermore, among the CRSW were sherds with the distinctive internal wiping marks seen at Berenike and Myos Hormos, but not elsewhere in India outside Kerala.",Tomber-2008-Indo-Roman-Trade-From-Pots-to-Pepper,144,,
myos_hormos,Myos Hormos (Quseir al-Qadim),anchor,Egyptian Red Sea,26.1567,34.2417,crsw,Coarse Red-slipped Wares,indian_coarseware,,,,,Y,same_sentence,"Furthermore, among the CRSW were sherds with the distinctive internal wiping marks seen at Berenike and Myos Hormos, but not elsewhere in India outside Kerala.",Tomber-2008-Indo-Roman-Trade-From-Pots-to-Pepper,144,,
berenike,Berenike,anchor,Egyptian Red Sea,23.9106,35.4761,crsw,Coarse Red-slipped Wares,indian_coarseware,,,,,Y,same_sentence,"Furthermore, among the CRSW were sherds with the distinctive internal wiping marks seen at Berenike and Myos Hormos, but not elsewhere in India outside Kerala.",Tomber-2008-Indo-Roman-Trade-From-Pots-to-Pepper,144,,
arikamedu,Arikamedu,anchor,Coromandel,11.9000,79.8200,its,Italian Sigillata,mediterranean_fineware,,,,,,within_1,"Brick architecture, together with the quantity and variety of finds (including amphorae and Italian sigillata), establishea its urban character and reinforced its connection with Muziris (Shajan et al. 2008). 142",Tomber-2008-Indo-Roman-Trade-From-Pots-to-Pepper,144,,
arikamedu,Arikamedu,anchor,Coromandel,11.9000,79.8200,sigillata_unspec,Sigillata (unspecified),mediterranean_fineware,,,,,,within_1,"Brick architecture, together with the quantity and variety of finds (including amphorae and Italian sigillata), establishea its urban character and reinforced its connection with Muziris (Shajan et al. 2008). 142",Tomber-2008-Indo-Roman-Trade-From-Pots-to-Pepper,144,,
pattanam,Pattanam,anchor,Kerala,10.1530,76.2070,roman_coin,Roman coin,coin,4,hoards,exact,5,,same_sentence,"Four coin hoards are recorded from the vicinity of Pattanam: Roman ones from lyyal, Valluvalli and Kumbalam extending into the second century and a punch-marked one from Puthenchira (Sathyamurthy 1992: 4-5;",Tomber-2008-Indo-Roman-Trade-From-Pots-to-Pepper,145,accept,"four hoards total, of which three Roman"
pattanam,Pattanam,anchor,Kerala,10.1530,76.2070,roman_coin,Roman coin,coin,,,,,,within_2,"We have already noted the linking of foreigners and gold in the Sangam literature, which resonates in this area rich in Roman coins.",Tomber-2008-Indo-Roman-Trade-From-Pots-to-Pepper,145,,
mantai,Mantai,comparandum,Sri Lanka,8.9800,79.9800,sigillata_unspec,Sigillata (unspecified),mediterranean_fineware,,,,,,within_1,"Carswell 1990), including sherds identified as Italian and West Asian sigillata (Silva 1985: 46).",Tomber-2008-Indo-Roman-Trade-From-Pots-to-Pepper,148,,
tissamaharama,Tissamaharama,comparandum,Sri Lanka,6.2800,81.2900,torpedo_jar,Torpedo jar,mesopotamian,,,,,,within_2,"Again, a concentration of Torpedo jars from the Sasanian and Early 146",Tomber-2008-Indo-Roman-Trade-From-Pots-to-Pepper,148,,
arikamedu,Arikamedu,anchor,Coromandel,11.9000,79.8200,koan,Koan amphora,mediterranean_amphora,,,,,,same_sentence,Arikamedu is the only site where Koan amphorae constitute a large proportion of the assemblage.,Tomber-2008-Indo-Roman-Trade-From-Pots-to-Pepper,152,,
arikamedu,Arikamedu,anchor,Coromandel,11.9000,79.8200,sigillata_unspec,Sigillata (unspecified),mediterranean_fineware,,,,,,same_sentence,Tangible evidence that imported goods were in Indian hands is provided by a sherd of sigillata from Arikamedu with a Tamil-Brahmi graffito (Begley 1996: 22;,Tomber-2008-Indo-Roman-Trade-From-Pots-to-Pepper,152,,
arikamedu,Arikamedu,anchor,Coromandel,11.9000,79.8200,sigillata_unspec,Sigillata (unspecified),mediterranean_fineware,,,,,,within_1,"At Camulodunum a small amount of imported amphorae, sigillata and glass may represent the needs of a resident foreign (Roman) community (Whitehouse 1990: 490).",Tomber-2008-Indo-Roman-Trade-From-Pots-to-Pepper,153,,
arikamedu,Arikamedu,anchor,Coromandel,11.9000,79.8200,roman_amphora_unspec,Roman amphora (unspecified type),mediterranean_amphora,,,,,,within_2,"Another Iron Age parallel comes from Welwyn in Hertfordshire, where imported Roman amphorae, silver cups and ceramic cups and plates were excavated from the graves of wealthy non-Romans (Potter & Johns 2002: 128, 138). 151",Tomber-2008-Indo-Roman-Trade-From-Pots-to-Pepper,153,,
myos_hormos,Myos Hormos (Quseir al-Qadim),anchor,Egyptian Red Sea,26.1567,34.2417,dressel_2_4,Dressel 2-4 amphora,mediterranean_amphora,,,,,,within_1,"Sedov has suggested that a similar reuse took place at Qana, where Dressel 2-4 amphorae were filled with Arabian wine and then exported to India (2007: 102).",Tomber-2008-Indo-Roman-Trade-From-Pots-to-Pepper,156,,
berenike,Berenike,anchor,Egyptian Red Sea,23.9106,35.4761,dressel_2_4,Dressel 2-4 amphora,mediterranean_amphora,,,,,,within_1,"Sedov has suggested that a similar reuse took place at Qana, where Dressel 2-4 amphorae were filled with Arabian wine and then exported to India (2007: 102).",Tomber-2008-Indo-Roman-Trade-From-Pots-to-Pepper,156,,
qana,Qana / Kane,anchor,South Arabia,14.0167,48.3200,dressel_2_4,Dressel 2-4 amphora,mediterranean_amphora,,,,,,same_sentence,"Sedov has suggested that a similar reuse took place at Qana, where Dressel 2-4 amphorae were filled with Arabian wine and then exported to India (2007: 102).",Tomber-2008-Indo-Roman-Trade-From-Pots-to-Pepper,156,,
myos_hormos,Myos Hormos (Quseir al-Qadim),anchor,Egyptian Red Sea,26.1567,34.2417,osj,Organic Storage Jars,south_arabian,,,,,Y,within_2,"There is no consistent methodology for recognising this process, but since lined, local Organic Storage Jars suitable for this purpose are commonly found in Egypt, and occasionally in India, there was no pressing need for reuse on a large scale.",Tomber-2008-Indo-Roman-Trade-From-Pots-to-Pepper,156,,
berenike,Berenike,anchor,Egyptian Red Sea,23.9106,35.4761,osj,Organic Storage Jars,south_arabian,,,,,Y,within_2,"There is no consistent methodology for recognising this process, but since lined, local Organic Storage Jars suitable for this purpose are commonly found in Egypt, and occasionally in India, there was no pressing need for reuse on a large scale.",Tomber-2008-Indo-Roman-Trade-From-Pots-to-Pepper,156,,
qana,Qana / Kane,anchor,South Arabia,14.0167,48.3200,osj,Organic Storage Jars,south_arabian,,,,,Y,within_1,"There is no consistent methodology for recognising this process, but since lined, local Organic Storage Jars suitable for this purpose are commonly found in Egypt, and occasionally in India, there was no pressing need for reuse on a large scale.",Tomber-2008-Indo-Roman-Trade-From-Pots-to-Pepper,156,,
qana,Qana / Kane,anchor,South Arabia,14.0167,48.3200,roman_amphora_unspec,Roman amphora (unspecified type),mediterranean_amphora,,,,,,within_2,"Within India reuse of Roman amphorae may have occurred, perhaps as gift exchange, and this may be the explanation for single occurrences of imported amphorae.",Tomber-2008-Indo-Roman-Trade-From-Pots-to-Pepper,156,,
myos_hormos,Myos Hormos (Quseir al-Qadim),anchor,Egyptian Red Sea,26.1567,34.2417,rouletted_ware,Rouletted Ware (Wheeler Type 1),indian_fineware,,,,,,within_2,"However, Rouletted Ware could also have travelled from the east coast via the north-west port of Barygaza (Schenk in press); pepper, gems and glass beads reinforce the importance of South India during this period, as do the few Tamil- and Prakrit-Brahmi graffiti (Mahadevan 1996, 2007;",Tomber-2008-Indo-Roman-Trade-From-Pots-to-Pepper,157,,
berenike,Berenike,anchor,Egyptian Red Sea,23.9106,35.4761,rouletted_ware,Rouletted Ware (Wheeler Type 1),indian_fineware,,,,,,within_2,"However, Rouletted Ware could also have travelled from the east coast via the north-west port of Barygaza (Schenk in press); pepper, gems and glass beads reinforce the importance of South India during this period, as do the few Tamil- and Prakrit-Brahmi graffiti (Mahadevan 1996, 2007;",Tomber-2008-Indo-Roman-Trade-From-Pots-to-Pepper,157,,
aila,Aila (Aqaba),comparandum,Northern Red Sea,29.5200,35.0000,rouletted_ware,Rouletted Ware (Wheeler Type 1),indian_fineware,,,,,,within_2,"However, Rouletted Ware could also have travelled from the east coast via the north-west port of Barygaza (Schenk in press); pepper, gems and glass beads reinforce the importance of South India during this period, as do the few Tamil- and Prakrit-Brahmi graffiti (Mahadevan 1996, 2007;",Tomber-2008-Indo-Roman-Trade-From-Pots-to-Pepper,157,,
barygaza,Barygaza (Bharuch),anchor,Gujarat,21.7000,72.9900,rouletted_ware,Rouletted Ware (Wheeler Type 1),indian_fineware,,,,,,same_sentence,"However, Rouletted Ware could also have travelled from the east coast via the north-west port of Barygaza (Schenk in press); pepper, gems and glass beads reinforce the importance of South India during this period, as do the few Tamil- and Prakrit-Brahmi graffiti (Mahadevan 1996, 2007;",Tomber-2008-Indo-Roman-Trade-From-Pots-to-Pepper,157,,
myos_hormos,Myos Hormos (Quseir al-Qadim),anchor,Egyptian Red Sea,26.1567,34.2417,bead,Bead (glass or stone),small_find,,,,,,within_2,"However, Rouletted Ware could also have travelled from the east coast via the north-west port of Barygaza (Schenk in press); pepper, gems and glass beads reinforce the importance of South India during this period, as do the few Tamil- and Prakrit-Brahmi graffiti (Mahadevan 1996, 2007;",Tomber-2008-Indo-Roman-Trade-From-Pots-to-Pepper,157,,
berenike,Berenike,anchor,Egyptian Red Sea,23.9106,35.4761,bead,Bead (glass or stone),small_find,,,,,,within_2,"However, Rouletted Ware could also have travelled from the east coast via the north-west port of Barygaza (Schenk in press); pepper, gems and glass beads reinforce the importance of South India during this period, as do the few Tamil- and Prakrit-Brahmi graffiti (Mahadevan 1996, 2007;",Tomber-2008-Indo-Roman-Trade-From-Pots-to-Pepper,157,,
aila,Aila (Aqaba),comparandum,Northern Red Sea,29.5200,35.0000,bead,Bead (glass or stone),small_find,,,,,,within_2,"However, Rouletted Ware could also have travelled from the east coast via the north-west port of Barygaza (Schenk in press); pepper, gems and glass beads reinforce the importance of South India during this period, as do the few Tamil- and Prakrit-Brahmi graffiti (Mahadevan 1996, 2007;",Tomber-2008-Indo-Roman-Trade-From-Pots-to-Pepper,157,,
barygaza,Barygaza (Bharuch),anchor,Gujarat,21.7000,72.9900,bead,Bead (glass or stone),small_find,,,,,,same_sentence,"However, Rouletted Ware could also have travelled from the east coast via the north-west port of Barygaza (Schenk in press); pepper, gems and glass beads reinforce the importance of South India during this period, as do the few Tamil- and Prakrit-Brahmi graffiti (Mahadevan 1996, 2007;",Tomber-2008-Indo-Roman-Trade-From-Pots-to-Pepper,157,,
barygaza,Barygaza (Bharuch),anchor,Gujarat,21.7000,72.9900,crsw,Coarse Red-slipped Wares,indian_coarseware,,,,,,within_2,Further support comes from the Keralan organically gouged CRSW found in Egypt.,Tomber-2008-Indo-Roman-Trade-From-Pots-to-Pepper,157,,
myos_hormos,Myos Hormos (Quseir al-Qadim),anchor,Egyptian Red Sea,26.1567,34.2417,organic_black_ware,Organic Black Ware,indian_coarseware,,,,,Y,same_sentence,"Organic Black Ware from Gujarat is easier to trace by shape and has been identified at Aila, Myos Hormos and Berenike, but not in South India.",Tomber-2008-Indo-Roman-Trade-From-Pots-to-Pepper,157,,
berenike,Berenike,anchor,Egyptian Red Sea,23.9106,35.4761,organic_black_ware,Organic Black Ware,indian_coarseware,,,,,Y,same_sentence,"Organic Black Ware from Gujarat is easier to trace by shape and has been identified at Aila, Myos Hormos and Berenike, but not in South India.",Tomber-2008-Indo-Roman-Trade-From-Pots-to-Pepper,157,,
aila,Aila (Aqaba),comparandum,Northern Red Sea,29.5200,35.0000,organic_black_ware,Organic Black Ware,indian_coarseware,,,,,Y,same_sentence,"Organic Black Ware from Gujarat is easier to trace by shape and has been identified at Aila, Myos Hormos and Berenike, but not in South India.",Tomber-2008-Indo-Roman-Trade-From-Pots-to-Pepper,157,,
myos_hormos,Myos Hormos (Quseir al-Qadim),anchor,Egyptian Red Sea,26.1567,34.2417,rpw,Red Polished Ware,indian_fineware,,,,,,within_1,"This could indicate direct contact with the North, possibly through Barygaza, but this must be balanced against the corresponding absence of Gujarati RPW at Red Sea sites.",Tomber-2008-Indo-Roman-Trade-From-Pots-to-Pepper,157,,
berenike,Berenike,anchor,Egyptian Red Sea,23.9106,35.4761,rpw,Red Polished Ware,indian_fineware,,,,,,within_1,"This could indicate direct contact with the North, possibly through Barygaza, but this must be balanced against the corresponding absence of Gujarati RPW at Red Sea sites.",Tomber-2008-Indo-Roman-Trade-From-Pots-to-Pepper,157,,
aila,Aila (Aqaba),comparandum,Northern Red Sea,29.5200,35.0000,rpw,Red Polished Ware,indian_fineware,,,,,,within_1,"This could indicate direct contact with the North, possibly through Barygaza, but this must be balanced against the corresponding absence of Gujarati RPW at Red Sea sites.",Tomber-2008-Indo-Roman-Trade-From-Pots-to-Pepper,157,,
barygaza,Barygaza (Bharuch),anchor,Gujarat,21.7000,72.9900,rpw,Red Polished Ware,indian_fineware,,,,,,same_sentence,"This could indicate direct contact with the North, possibly through Barygaza, but this must be balanced against the corresponding absence of Gujarati RPW at Red Sea sites.",Tomber-2008-Indo-Roman-Trade-From-Pots-to-Pepper,157,,
myos_hormos,Myos Hormos (Quseir al-Qadim),anchor,Egyptian Red Sea,26.1567,34.2417,crsw,Coarse Red-slipped Wares,indian_coarseware,,,,,,within_2,"At the same time, the source of some CRSW found in Egypt is unknown and could come from central or North India.",Tomber-2008-Indo-Roman-Trade-From-Pots-to-Pepper,157,,
berenike,Berenike,anchor,Egyptian Red Sea,23.9106,35.4761,crsw,Coarse Red-slipped Wares,indian_coarseware,,,,,,within_2,"At the same time, the source of some CRSW found in Egypt is unknown and could come from central or North India.",Tomber-2008-Indo-Roman-Trade-From-Pots-to-Pepper,157,,
aila,Aila (Aqaba),comparandum,Northern Red Sea,29.5200,35.0000,crsw,Coarse Red-slipped Wares,indian_coarseware,,,,,,within_2,"At the same time, the source of some CRSW found in Egypt is unknown and could come from central or North India.",Tomber-2008-Indo-Roman-Trade-From-Pots-to-Pepper,157,,
barygaza,Barygaza (Bharuch),anchor,Gujarat,21.7000,72.9900,crsw,Coarse Red-slipped Wares,indian_coarseware,,,,,,within_1,"At the same time, the source of some CRSW found in Egypt is unknown and could come from central or North India.",Tomber-2008-Indo-Roman-Trade-From-Pots-to-Pepper,157,,
barygaza,Barygaza (Bharuch),anchor,Gujarat,21.7000,72.9900,rpw,Red Polished Ware,indian_fineware,,,,,,within_2,"Rare RPW at Qana, Khor Rori and possibly Mleiha, and 155",Tomber-2008-Indo-Roman-Trade-From-Pots-to-Pepper,157,,
sumhuram,Sumhuram (Khor Rori),anchor,South Arabia,17.0400,54.4300,rpw,Red Polished Ware,indian_fineware,,,,,,same_sentence,"Rare RPW at Qana, Khor Rori and possibly Mleiha, and 155",Tomber-2008-Indo-Roman-Trade-From-Pots-to-Pepper,157,,
mleiha,Mleiha,comparandum,Gulf,25.1200,55.8600,rpw,Red Polished Ware,indian_fineware,,,,,,same_sentence,"Rare RPW at Qana, Khor Rori and possibly Mleiha, and 155",Tomber-2008-Indo-Roman-Trade-From-Pots-to-Pepper,157,,
qana,Qana / Kane,anchor,South Arabia,14.0167,48.3200,rpw,Red Polished Ware,indian_fineware,,,,,,same_sentence,"Rare RPW at Qana, Khor Rori and possibly Mleiha, and 155",Tomber-2008-Indo-Roman-Trade-From-Pots-to-Pepper,157,,
sumhuram,Sumhuram (Khor Rori),anchor,South Arabia,17.0400,54.4300,organic_black_ware,Organic Black Ware,indian_coarseware,,,,,,same_sentence,Indo-Roman Trade Organic Black Ware at Khor Rori and Qana (see Table 2;,Tomber-2008-Indo-Roman-Trade-From-Pots-to-Pepper,158,,
qana,Qana / Kane,anchor,South Arabia,14.0167,48.3200,organic_black_ware,Organic Black Ware,indian_coarseware,,,,,,same_sentence,Indo-Roman Trade Organic Black Ware at Khor Rori and Qana (see Table 2;,Tomber-2008-Indo-Roman-Trade-From-Pots-to-Pepper,158,,
qana,Qana / Kane,anchor,South Arabia,14.0167,48.3200,organic_black_ware,Organic Black Ware,indian_coarseware,,,,,,same_sentence,"The forthcoming final publication on Qana may allow a more informed quantitative assessment of Organic Black Ware, which will enhance our understanding of the region.",Tomber-2008-Indo-Roman-Trade-From-Pots-to-Pepper,158,,
qana,Qana / Kane,anchor,South Arabia,14.0167,48.3200,intaglio,Intaglio / gem,small_find,,,,,,within_2,"In India the distribution of Roman luxury objects, such as metalwork and intaglios, was rare, with relatively more found in the north.",Tomber-2008-Indo-Roman-Trade-From-Pots-to-Pepper,158,,
adulis,Adulis,anchor,East African Red Sea,15.2617,39.6600,intaglio,Intaglio / gem,small_find,,,,,,within_1,"In India the distribution of Roman luxury objects, such as metalwork and intaglios, was rare, with relatively more found in the north.",Tomber-2008-Indo-Roman-Trade-From-Pots-to-Pepper,158,,
aksum,Aksum,comparandum,Ethiopian highlands,14.1300,38.7200,intaglio,Intaglio / gem,small_find,,,,,,within_1,"In India the distribution of Roman luxury objects, such as metalwork and intaglios, was rare, with relatively more found in the north.",Tomber-2008-Indo-Roman-Trade-From-Pots-to-Pepper,158,,
arikamedu,Arikamedu,anchor,Coromandel,11.9000,79.8200,roman_amphora_unspec,Roman amphora (unspecified type),mediterranean_amphora,,,,,,same_sentence,Previous distribution maps of Roman amphorae indicated a concentration in Gujarat and at Arikamedu (Ray 2003) and that concentration is still visible if all amphorae are viewed together (Fig. 21).,Tomber-2008-Indo-Roman-Trade-From-Pots-to-Pepper,158,,
arikamedu,Arikamedu,anchor,Coromandel,11.9000,79.8200,torpedo_jar,Torpedo jar,mesopotamian,,,,,,within_1,"By separating Early and Late Roman ones and distinguishing them from Mesopotamian Torpedo jars, this effect is lessened, particularly for the Early Roman period.",Tomber-2008-Indo-Roman-Trade-From-Pots-to-Pepper,158,,
arikamedu,Arikamedu,anchor,Coromandel,11.9000,79.8200,roman_amphora_unspec,Roman amphora (unspecified type),mediterranean_amphora,,,,,,within_2,Early Roman amphorae are more widely dispersed with clustering in the far south.,Tomber-2008-Indo-Roman-Trade-From-Pots-to-Pepper,158,,
myos_hormos,Myos Hormos (Quseir al-Qadim),anchor,Egyptian Red Sea,26.1567,34.2417,roman_amphora_unspec,Roman amphora (unspecified type),mediterranean_amphora,,,,,,within_1,Early Roman amphorae from both the Western and Eastern Mediterranean have been identified in India and on a reduced scale reflect trends seen throughout the Mediterranean (Fig. 3).,Tomber-2008-Indo-Roman-Trade-From-Pots-to-Pepper,159,,
berenike,Berenike,anchor,Egyptian Red Sea,23.9106,35.4761,roman_amphora_unspec,Roman amphora (unspecified type),mediterranean_amphora,,,,,,within_1,Early Roman amphorae from both the Western and Eastern Mediterranean have been identified in India and on a reduced scale reflect trends seen throughout the Mediterranean (Fig. 3).,Tomber-2008-Indo-Roman-Trade-From-Pots-to-Pepper,159,,
myos_hormos,Myos Hormos (Quseir al-Qadim),anchor,Egyptian Red Sea,26.1567,34.2417,roman_amphora_unspec,Roman amphora (unspecified type),mediterranean_amphora,,,,,,within_2,"In aggregate the sources of Roman amphorae in India comprise a slightly wider range than is published from elsewhere in the Indian Ocean, e.g.",Tomber-2008-Indo-Roman-Trade-From-Pots-to-Pepper,159,,
berenike,Berenike,anchor,Egyptian Red Sea,23.9106,35.4761,roman_amphora_unspec,Roman amphora (unspecified type),mediterranean_amphora,,,,,,within_2,"In aggregate the sources of Roman amphorae in India comprise a slightly wider range than is published from elsewhere in the Indian Ocean, e.g.",Tomber-2008-Indo-Roman-Trade-From-Pots-to-Pepper,159,,
sumhuram,Sumhuram (Khor Rori),anchor,South Arabia,17.0400,54.4300,roman_pottery_unspec,Roman pottery (unspecified),mediterranean_unspecified,,,,,,same_sentence,"The outward route from the Red Sea is manifested by the large and diverse Roman ceramic assemblages at Qana and Khor Rori, particularly amphorae (Sedov 2007;",Tomber-2008-Indo-Roman-Trade-From-Pots-to-Pepper,160,,
qana,Qana / Kane,anchor,South Arabia,14.0167,48.3200,roman_pottery_unspec,Roman pottery (unspecified),mediterranean_unspecified,,,,,,same_sentence,"The outward route from the Red Sea is manifested by the large and diverse Roman ceramic assemblages at Qana and Khor Rori, particularly amphorae (Sedov 2007;",Tomber-2008-Indo-Roman-Trade-From-Pots-to-Pepper,160,,
sumhuram,Sumhuram (Khor Rori),anchor,South Arabia,17.0400,54.4300,frankincense,Frankincense,organic,,,,,,within_2,"This closed trip would have catered to the incense trade and the basalt, particularly, provided suitable ballast for ships whose main cargo was frankincense (Peacock et al. 2007: 62).",Tomber-2008-Indo-Roman-Trade-From-Pots-to-Pepper,160,,
qana,Qana / Kane,anchor,South Arabia,14.0167,48.3200,frankincense,Frankincense,organic,,,,,,within_2,"This closed trip would have catered to the incense trade and the basalt, particularly, provided suitable ballast for ships whose main cargo was frankincense (Peacock et al. 2007: 62).",Tomber-2008-Indo-Roman-Trade-From-Pots-to-Pepper,160,,
myos_hormos,Myos Hormos (Quseir al-Qadim),anchor,Egyptian Red Sea,26.1567,34.2417,frankincense,Frankincense,organic,,,,,,within_1,"This closed trip would have catered to the incense trade and the basalt, particularly, provided suitable ballast for ships whose main cargo was frankincense (Peacock et al. 2007: 62).",Tomber-2008-Indo-Roman-Trade-From-Pots-to-Pepper,160,,
berenike,Berenike,anchor,Egyptian Red Sea,23.9106,35.4761,frankincense,Frankincense,organic,,,,,,within_1,"This closed trip would have catered to the incense trade and the basalt, particularly, provided suitable ballast for ships whose main cargo was frankincense (Peacock et al. 2007: 62).",Tomber-2008-Indo-Roman-Trade-From-Pots-to-Pepper,160,,
arikamedu,Arikamedu,anchor,Coromandel,11.9000,79.8200,osj,Organic Storage Jars,south_arabian,,,,,,same_sentence,"Changing scenes and forces amphorae to India, as well as the rare sherds of Organic Storage Jars identified at Pattanam and Arikamedu; but both could also result from a stopover between the Red Sea and India.",Tomber-2008-Indo-Roman-Trade-From-Pots-to-Pepper,161,,
pattanam,Pattanam,anchor,Kerala,10.1530,76.2070,osj,Organic Storage Jars,south_arabian,,,,,,same_sentence,"Changing scenes and forces amphorae to India, as well as the rare sherds of Organic Storage Jars identified at Pattanam and Arikamedu; but both could also result from a stopover between the Red Sea and India.",Tomber-2008-Indo-Roman-Trade-From-Pots-to-Pepper,161,,
arikamedu,Arikamedu,anchor,Coromandel,11.9000,79.8200,frankincense,Frankincense,organic,,,,,,within_1,"Gupta visualises an alternative situation, whereby Roman ships returning to the Red Sea from India with subsistence goods stopped at South Arabia and exchanged these subsistence items for frankincense (2007: esp. 117).",Tomber-2008-Indo-Roman-Trade-From-Pots-to-Pepper,161,,
pattanam,Pattanam,anchor,Kerala,10.1530,76.2070,frankincense,Frankincense,organic,,,,,,within_1,"Gupta visualises an alternative situation, whereby Roman ships returning to the Red Sea from India with subsistence goods stopped at South Arabia and exchanged these subsistence items for frankincense (2007: esp. 117).",Tomber-2008-Indo-Roman-Trade-From-Pots-to-Pepper,161,,
arikamedu,Arikamedu,anchor,Coromandel,11.9000,79.8200,roman_pottery_unspec,Roman pottery (unspecified),mediterranean_unspecified,,,,,,within_2,"The position of the Gulf within this early trade network is highlighted by the ceramic assemblages from Ras Hafun/Opone, where Roman pottery is common and Mesopotamian pottery moderate to rare (Smith & Wright 1988).",Tomber-2008-Indo-Roman-Trade-From-Pots-to-Pepper,161,,
pattanam,Pattanam,anchor,Kerala,10.1530,76.2070,roman_pottery_unspec,Roman pottery (unspecified),mediterranean_unspecified,,,,,,within_2,"The position of the Gulf within this early trade network is highlighted by the ceramic assemblages from Ras Hafun/Opone, where Roman pottery is common and Mesopotamian pottery moderate to rare (Smith & Wright 1988).",Tomber-2008-Indo-Roman-Trade-From-Pots-to-Pepper,161,,
ras_hafun,Ras Hafun,anchor,Horn of Africa,10.4400,51.2600,roman_pottery_unspec,Roman pottery (unspecified),mediterranean_unspecified,,,,,,same_sentence,"The position of the Gulf within this early trade network is highlighted by the ceramic assemblages from Ras Hafun/Opone, where Roman pottery is common and Mesopotamian pottery moderate to rare (Smith & Wright 1988).",Tomber-2008-Indo-Roman-Trade-From-Pots-to-Pepper,161,,
ras_hafun,Ras Hafun,anchor,Horn of Africa,10.4400,51.2600,roman_pottery_unspec,Roman pottery (unspecified),mediterranean_unspecified,,,,,,within_1,"This is in stark contrast to the Gulf sites where Mesopotamian and Roman ceramics occur together, but Roman ones are rare and probably arrived indirectly either overland or via Qana (Rutten 2007: 19;",Tomber-2008-Indo-Roman-Trade-From-Pots-to-Pepper,161,,
qana,Qana / Kane,anchor,South Arabia,14.0167,48.3200,roman_pottery_unspec,Roman pottery (unspecified),mediterranean_unspecified,,,,,,same_sentence,"This is in stark contrast to the Gulf sites where Mesopotamian and Roman ceramics occur together, but Roman ones are rare and probably arrived indirectly either overland or via Qana (Rutten 2007: 19;",Tomber-2008-Indo-Roman-Trade-From-Pots-to-Pepper,161,,
ras_hafun,Ras Hafun,anchor,Horn of Africa,10.4400,51.2600,roman_glass,Roman glass,glass,,,,,,within_1,"The occurrence of Roman glass in association with fine wares warrants further consideration, but is beyond the scope of this book.",Tomber-2008-Indo-Roman-Trade-From-Pots-to-Pepper,162,,
myos_hormos,Myos Hormos (Quseir al-Qadim),anchor,Egyptian Red Sea,26.1567,34.2417,rpw,Red Polished Ware,indian_fineware,,,,,,same_sentence,Changing scenes and forces Indian Other Coarse Indian | Indian RPW | Organic Black Myos Hormos Berenike Adulis Hafun Shabwa Ed Dur Mleiha Table 2.,Tomber-2008-Indo-Roman-Trade-From-Pots-to-Pepper,163,,
berenike,Berenike,anchor,Egyptian Red Sea,23.9106,35.4761,rpw,Red Polished Ware,indian_fineware,,,,,,same_sentence,Changing scenes and forces Indian Other Coarse Indian | Indian RPW | Organic Black Myos Hormos Berenike Adulis Hafun Shabwa Ed Dur Mleiha Table 2.,Tomber-2008-Indo-Roman-Trade-From-Pots-to-Pepper,163,,
adulis,Adulis,anchor,East African Red Sea,15.2617,39.6600,rpw,Red Polished Ware,indian_fineware,,,,,,same_sentence,Changing scenes and forces Indian Other Coarse Indian | Indian RPW | Organic Black Myos Hormos Berenike Adulis Hafun Shabwa Ed Dur Mleiha Table 2.,Tomber-2008-Indo-Roman-Trade-From-Pots-to-Pepper,163,,
mleiha,Mleiha,comparandum,Gulf,25.1200,55.8600,rpw,Red Polished Ware,indian_fineware,,,,,,same_sentence,Changing scenes and forces Indian Other Coarse Indian | Indian RPW | Organic Black Myos Hormos Berenike Adulis Hafun Shabwa Ed Dur Mleiha Table 2.,Tomber-2008-Indo-Roman-Trade-From-Pots-to-Pepper,163,,
ras_hafun,Ras Hafun,anchor,Horn of Africa,10.4400,51.2600,rpw,Red Polished Ware,indian_fineware,,,,,,same_sentence,Changing scenes and forces Indian Other Coarse Indian | Indian RPW | Organic Black Myos Hormos Berenike Adulis Hafun Shabwa Ed Dur Mleiha Table 2.,Tomber-2008-Indo-Roman-Trade-From-Pots-to-Pepper,163,,
adulis,Adulis,anchor,East African Red Sea,15.2617,39.6600,aila,Aila (Aqaba) amphora,mediterranean_amphora,,,,,,same_sentence,"This is observable particularly by the distribution of Aqaba amphorae at Aila, Abu Shaar, Marsa Nakari, Berenike, Adulis, Aksum and other sites in Ethiopia.",Tomber-2008-Indo-Roman-Trade-From-Pots-to-Pepper,164,,
berenike,Berenike,anchor,Egyptian Red Sea,23.9106,35.4761,aila,Aila (Aqaba) amphora,mediterranean_amphora,,,,,,same_sentence,"This is observable particularly by the distribution of Aqaba amphorae at Aila, Abu Shaar, Marsa Nakari, Berenike, Adulis, Aksum and other sites in Ethiopia.",Tomber-2008-Indo-Roman-Trade-From-Pots-to-Pepper,164,,
aila,Aila (Aqaba),comparandum,Northern Red Sea,29.5200,35.0000,aila,Aila (Aqaba) amphora,mediterranean_amphora,,,,,,same_sentence,"This is observable particularly by the distribution of Aqaba amphorae at Aila, Abu Shaar, Marsa Nakari, Berenike, Adulis, Aksum and other sites in Ethiopia.",Tomber-2008-Indo-Roman-Trade-From-Pots-to-Pepper,164,,
aksum,Aksum,comparandum,Ethiopian highlands,14.1300,38.7200,aila,Aila (Aqaba) amphora,mediterranean_amphora,,,,,,same_sentence,"This is observable particularly by the distribution of Aqaba amphorae at Aila, Abu Shaar, Marsa Nakari, Berenike, Adulis, Aksum and other sites in Ethiopia.",Tomber-2008-Indo-Roman-Trade-From-Pots-to-Pepper,164,,
aila,Aila (Aqaba),comparandum,Northern Red Sea,29.5200,35.0000,aila,Aila (Aqaba) amphora,mediterranean_amphora,,,,,,same_sentence,"Apart from the Iskandil Burnu shipwreck off Turkey (Lloyd 1985), all occurrences of Aqaba amphorae are associated with sites within the Indian Ocean trade region.",Tomber-2008-Indo-Roman-Trade-From-Pots-to-Pepper,164,,
aila,Aila (Aqaba),comparandum,Northern Red Sea,29.5200,35.0000,aila,Aila (Aqaba) amphora,mediterranean_amphora,,,,,,same_sentence,"In this context the co-occurrence of Aksumite coins and Aqaba amphorae at Berenike, Qana, and Shabwa is noted (see above;",Tomber-2008-Indo-Roman-Trade-From-Pots-to-Pepper,166,,
adulis,Adulis,anchor,East African Red Sea,15.2617,39.6600,aila,Aila (Aqaba) amphora,mediterranean_amphora,,,,,,within_1,"In this context the co-occurrence of Aksumite coins and Aqaba amphorae at Berenike, Qana, and Shabwa is noted (see above;",Tomber-2008-Indo-Roman-Trade-From-Pots-to-Pepper,166,,
aksum,Aksum,comparandum,Ethiopian highlands,14.1300,38.7200,aila,Aila (Aqaba) amphora,mediterranean_amphora,,,,,,within_1,"In this context the co-occurrence of Aksumite coins and Aqaba amphorae at Berenike, Qana, and Shabwa is noted (see above;",Tomber-2008-Indo-Roman-Trade-From-Pots-to-Pepper,166,,
berenike,Berenike,anchor,Egyptian Red Sea,23.9106,35.4761,aila,Aila (Aqaba) amphora,mediterranean_amphora,,,,,,same_sentence,"In this context the co-occurrence of Aksumite coins and Aqaba amphorae at Berenike, Qana, and Shabwa is noted (see above;",Tomber-2008-Indo-Roman-Trade-From-Pots-to-Pepper,166,,
qana,Qana / Kane,anchor,South Arabia,14.0167,48.3200,aila,Aila (Aqaba) amphora,mediterranean_amphora,,,,,,same_sentence,"In this context the co-occurrence of Aksumite coins and Aqaba amphorae at Berenike, Qana, and Shabwa is noted (see above;",Tomber-2008-Indo-Roman-Trade-From-Pots-to-Pepper,166,,
aila,Aila (Aqaba),comparandum,Northern Red Sea,29.5200,35.0000,osj,Organic Storage Jars,south_arabian,,,,,,within_2,"From South Arabia the only visible marker we have is the Organic Storage Jar, which ceased production at the latest by the early fifth century AD.",Tomber-2008-Indo-Roman-Trade-From-Pots-to-Pepper,166,,
aksum,Aksum,comparandum,Ethiopian highlands,14.1300,38.7200,bead,Bead (glass or stone),small_find,,,,,,same_sentence,"Another item, Indo-Pacific beads, travelled to Matara and Aksum in the interior of Ethiopia (Harlow 2000;",Tomber-2008-Indo-Roman-Trade-From-Pots-to-Pepper,167,,
berenike,Berenike,anchor,Egyptian Red Sea,23.9106,35.4761,roman_coin,Roman coin,coin,,,,,,within_2,"The distribution of Late Roman coins in India is informative and contrasts with the early ones, particularly in the dominance of bronze.",Tomber-2008-Indo-Roman-Trade-From-Pots-to-Pepper,167,,
pattanam,Pattanam,anchor,Kerala,10.1530,76.2070,roman_coin,Roman coin,coin,,,,,,within_1,"The distribution of Late Roman coins in India is informative and contrasts with the early ones, particularly in the dominance of bronze.",Tomber-2008-Indo-Roman-Trade-From-Pots-to-Pepper,167,,
tissamaharama,Tissamaharama,comparandum,Sri Lanka,6.2800,81.2900,roman_amphora_unspec,Roman amphora (unspecified type),mediterranean_amphora,,,,,,same_sentence,"Late Roman amphorae cluster in the north, from Gujarat and Maharashtra with only rare sherds from Arikamedu and Karur, and Tissamaharama in Sri Lanka (Fig. 21).",Tomber-2008-Indo-Roman-Trade-From-Pots-to-Pepper,167,,
arikamedu,Arikamedu,anchor,Coromandel,11.9000,79.8200,roman_amphora_unspec,Roman amphora (unspecified type),mediterranean_amphora,,,,,,same_sentence,"Late Roman amphorae cluster in the north, from Gujarat and Maharashtra with only rare sherds from Arikamedu and Karur, and Tissamaharama in Sri Lanka (Fig. 21).",Tomber-2008-Indo-Roman-Trade-From-Pots-to-Pepper,167,,
tissamaharama,Tissamaharama,comparandum,Sri Lanka,6.2800,81.2900,lr2,Late Roman Amphora 2,mediterranean_amphora,,,,,,within_2,"Within the Late Roman timeframe two phases can be distinguished by the presence or absence of the Aegean LR2, which was widely distributed from the mid-late fifth century and was produced until at least the mid-seventh century.",Tomber-2008-Indo-Roman-Trade-From-Pots-to-Pepper,167,,
arikamedu,Arikamedu,anchor,Coromandel,11.9000,79.8200,lr2,Late Roman Amphora 2,mediterranean_amphora,,,,,,within_2,"Within the Late Roman timeframe two phases can be distinguished by the presence or absence of the Aegean LR2, which was widely distributed from the mid-late fifth century and was produced until at least the mid-seventh century.",Tomber-2008-Indo-Roman-Trade-From-Pots-to-Pepper,167,,
berenike,Berenike,anchor,Egyptian Red Sea,23.9106,35.4761,lr2,Late Roman Amphora 2,mediterranean_amphora,,,,,,same_sentence,"The absence of LR2 at Berenike, last mentioned in the Martyrium 165 ~",Tomber-2008-Indo-Roman-Trade-From-Pots-to-Pepper,167,,
arikamedu,Arikamedu,anchor,Coromandel,11.9000,79.8200,lr1,Late Roman Amphora 1,mediterranean_amphora,,,,,,same_sentence,Indo-Roman Trade Type India Alexandria | Aila |Berenike |Hafun | Adulis | Aksum Raa Main LR1 Arikamedu | ¥ van F v VA Bharuch?,Tomber-2008-Indo-Roman-Trade-From-Pots-to-Pepper,168,,
berenike,Berenike,anchor,Egyptian Red Sea,23.9106,35.4761,lr1,Late Roman Amphora 1,mediterranean_amphora,,,,,,same_sentence,Indo-Roman Trade Type India Alexandria | Aila |Berenike |Hafun | Adulis | Aksum Raa Main LR1 Arikamedu | ¥ van F v VA Bharuch?,Tomber-2008-Indo-Roman-Trade-From-Pots-to-Pepper,168,,
barygaza,Barygaza (Bharuch),anchor,Gujarat,21.7000,72.9900,lr1,Late Roman Amphora 1,mediterranean_amphora,,,,,,same_sentence,Indo-Roman Trade Type India Alexandria | Aila |Berenike |Hafun | Adulis | Aksum Raa Main LR1 Arikamedu | ¥ van F v VA Bharuch?,Tomber-2008-Indo-Roman-Trade-From-Pots-to-Pepper,168,,
adulis,Adulis,anchor,East African Red Sea,15.2617,39.6600,lr1,Late Roman Amphora 1,mediterranean_amphora,,,,,,same_sentence,Indo-Roman Trade Type India Alexandria | Aila |Berenike |Hafun | Adulis | Aksum Raa Main LR1 Arikamedu | ¥ van F v VA Bharuch?,Tomber-2008-Indo-Roman-Trade-From-Pots-to-Pepper,168,,
aksum,Aksum,comparandum,Ethiopian highlands,14.1300,38.7200,lr1,Late Roman Amphora 1,mediterranean_amphora,,,,,,same_sentence,Indo-Roman Trade Type India Alexandria | Aila |Berenike |Hafun | Adulis | Aksum Raa Main LR1 Arikamedu | ¥ van F v VA Bharuch?,Tomber-2008-Indo-Roman-Trade-From-Pots-to-Pepper,168,,
ras_hafun,Ras Hafun,anchor,Horn of Africa,10.4400,51.2600,lr1,Late Roman Amphora 1,mediterranean_amphora,,,,,,same_sentence,Indo-Roman Trade Type India Alexandria | Aila |Berenike |Hafun | Adulis | Aksum Raa Main LR1 Arikamedu | ¥ van F v VA Bharuch?,Tomber-2008-Indo-Roman-Trade-From-Pots-to-Pepper,168,,
aila,Aila (Aqaba),comparandum,Northern Red Sea,29.5200,35.0000,lr1,Late Roman Amphora 1,mediterranean_amphora,,,,,,same_sentence,Indo-Roman Trade Type India Alexandria | Aila |Berenike |Hafun | Adulis | Aksum Raa Main LR1 Arikamedu | ¥ van F v VA Bharuch?,Tomber-2008-Indo-Roman-Trade-From-Pots-to-Pepper,168,,
arikamedu,Arikamedu,anchor,Coromandel,11.9000,79.8200,lr2,Late Roman Amphora 2,mediterranean_amphora,,,,,,same_sentence,Prabhas- Somnath LR2 Elephanta |v vi tee ere i Es vs a |e Elephanta |v Un os Elephanta ie v Kamre| Kateshwar Nagara Arikamedu* ERE WA amphorae Karur Torpedo jars _| See Fig. 21 Mesopotamian | ¥ va Glazed Ware LR Red Slip v ~ i. | | vi vi Table 3.,Tomber-2008-Indo-Roman-Trade-From-Pots-to-Pepper,168,,
berenike,Berenike,anchor,Egyptian Red Sea,23.9106,35.4761,lr2,Late Roman Amphora 2,mediterranean_amphora,,,,,,within_2,Prabhas- Somnath LR2 Elephanta |v vi tee ere i Es vs a |e Elephanta |v Un os Elephanta ie v Kamre| Kateshwar Nagara Arikamedu* ERE WA amphorae Karur Torpedo jars _| See Fig. 21 Mesopotamian | ¥ va Glazed Ware LR Red Slip v ~ i. | | vi vi Table 3.,Tomber-2008-Indo-Roman-Trade-From-Pots-to-Pepper,168,,
barygaza,Barygaza (Bharuch),anchor,Gujarat,21.7000,72.9900,lr2,Late Roman Amphora 2,mediterranean_amphora,,,,,,within_2,Prabhas- Somnath LR2 Elephanta |v vi tee ere i Es vs a |e Elephanta |v Un os Elephanta ie v Kamre| Kateshwar Nagara Arikamedu* ERE WA amphorae Karur Torpedo jars _| See Fig. 21 Mesopotamian | ¥ va Glazed Ware LR Red Slip v ~ i. | | vi vi Table 3.,Tomber-2008-Indo-Roman-Trade-From-Pots-to-Pepper,168,,
adulis,Adulis,anchor,East African Red Sea,15.2617,39.6600,lr2,Late Roman Amphora 2,mediterranean_amphora,,,,,,within_2,Prabhas- Somnath LR2 Elephanta |v vi tee ere i Es vs a |e Elephanta |v Un os Elephanta ie v Kamre| Kateshwar Nagara Arikamedu* ERE WA amphorae Karur Torpedo jars _| See Fig. 21 Mesopotamian | ¥ va Glazed Ware LR Red Slip v ~ i. | | vi vi Table 3.,Tomber-2008-Indo-Roman-Trade-From-Pots-to-Pepper,168,,
aksum,Aksum,comparandum,Ethiopian highlands,14.1300,38.7200,lr2,Late Roman Amphora 2,mediterranean_amphora,,,,,,within_2,Prabhas- Somnath LR2 Elephanta |v vi tee ere i Es vs a |e Elephanta |v Un os Elephanta ie v Kamre| Kateshwar Nagara Arikamedu* ERE WA amphorae Karur Torpedo jars _| See Fig. 21 Mesopotamian | ¥ va Glazed Ware LR Red Slip v ~ i. | | vi vi Table 3.,Tomber-2008-Indo-Roman-Trade-From-Pots-to-Pepper,168,,
ras_hafun,Ras Hafun,anchor,Horn of Africa,10.4400,51.2600,lr2,Late Roman Amphora 2,mediterranean_amphora,,,,,,within_2,Prabhas- Somnath LR2 Elephanta |v vi tee ere i Es vs a |e Elephanta |v Un os Elephanta ie v Kamre| Kateshwar Nagara Arikamedu* ERE WA amphorae Karur Torpedo jars _| See Fig. 21 Mesopotamian | ¥ va Glazed Ware LR Red Slip v ~ i. | | vi vi Table 3.,Tomber-2008-Indo-Roman-Trade-From-Pots-to-Pepper,168,,
aila,Aila (Aqaba),comparandum,Northern Red Sea,29.5200,35.0000,lr2,Late Roman Amphora 2,mediterranean_amphora,,,,,,within_2,Prabhas- Somnath LR2 Elephanta |v vi tee ere i Es vs a |e Elephanta |v Un os Elephanta ie v Kamre| Kateshwar Nagara Arikamedu* ERE WA amphorae Karur Torpedo jars _| See Fig. 21 Mesopotamian | ¥ va Glazed Ware LR Red Slip v ~ i. | | vi vi Table 3.,Tomber-2008-Indo-Roman-Trade-From-Pots-to-Pepper,168,,
kamrej,Kamrej,comparandum,Gujarat,21.2700,72.9500,lr2,Late Roman Amphora 2,mediterranean_amphora,,,,,,within_1,Prabhas- Somnath LR2 Elephanta |v vi tee ere i Es vs a |e Elephanta |v Un os Elephanta ie v Kamre| Kateshwar Nagara Arikamedu* ERE WA amphorae Karur Torpedo jars _| See Fig. 21 Mesopotamian | ¥ va Glazed Ware LR Red Slip v ~ i. | | vi vi Table 3.,Tomber-2008-Indo-Roman-Trade-From-Pots-to-Pepper,168,,
nagara,Nagara,comparandum,Gujarat,22.3000,72.6000,lr2,Late Roman Amphora 2,mediterranean_amphora,,,,,,same_sentence,Prabhas- Somnath LR2 Elephanta |v vi tee ere i Es vs a |e Elephanta |v Un os Elephanta ie v Kamre| Kateshwar Nagara Arikamedu* ERE WA amphorae Karur Torpedo jars _| See Fig. 21 Mesopotamian | ¥ va Glazed Ware LR Red Slip v ~ i. | | vi vi Table 3.,Tomber-2008-Indo-Roman-Trade-From-Pots-to-Pepper,168,,
arikamedu,Arikamedu,anchor,Coromandel,11.9000,79.8200,torpedo_jar,Torpedo jar,mesopotamian,,,,,,same_sentence,Prabhas- Somnath LR2 Elephanta |v vi tee ere i Es vs a |e Elephanta |v Un os Elephanta ie v Kamre| Kateshwar Nagara Arikamedu* ERE WA amphorae Karur Torpedo jars _| See Fig. 21 Mesopotamian | ¥ va Glazed Ware LR Red Slip v ~ i. | | vi vi Table 3.,Tomber-2008-Indo-Roman-Trade-From-Pots-to-Pepper,168,,
berenike,Berenike,anchor,Egyptian Red Sea,23.9106,35.4761,torpedo_jar,Torpedo jar,mesopotamian,,,,,,within_2,Prabhas- Somnath LR2 Elephanta |v vi tee ere i Es vs a |e Elephanta |v Un os Elephanta ie v Kamre| Kateshwar Nagara Arikamedu* ERE WA amphorae Karur Torpedo jars _| See Fig. 21 Mesopotamian | ¥ va Glazed Ware LR Red Slip v ~ i. | | vi vi Table 3.,Tomber-2008-Indo-Roman-Trade-From-Pots-to-Pepper,168,,
barygaza,Barygaza (Bharuch),anchor,Gujarat,21.7000,72.9900,torpedo_jar,Torpedo jar,mesopotamian,,,,,,within_2,Prabhas- Somnath LR2 Elephanta |v vi tee ere i Es vs a |e Elephanta |v Un os Elephanta ie v Kamre| Kateshwar Nagara Arikamedu* ERE WA amphorae Karur Torpedo jars _| See Fig. 21 Mesopotamian | ¥ va Glazed Ware LR Red Slip v ~ i. | | vi vi Table 3.,Tomber-2008-Indo-Roman-Trade-From-Pots-to-Pepper,168,,
adulis,Adulis,anchor,East African Red Sea,15.2617,39.6600,torpedo_jar,Torpedo jar,mesopotamian,,,,,,within_2,Prabhas- Somnath LR2 Elephanta |v vi tee ere i Es vs a |e Elephanta |v Un os Elephanta ie v Kamre| Kateshwar Nagara Arikamedu* ERE WA amphorae Karur Torpedo jars _| See Fig. 21 Mesopotamian | ¥ va Glazed Ware LR Red Slip v ~ i. | | vi vi Table 3.,Tomber-2008-Indo-Roman-Trade-From-Pots-to-Pepper,168,,
aksum,Aksum,comparandum,Ethiopian highlands,14.1300,38.7200,torpedo_jar,Torpedo jar,mesopotamian,,,,,,within_2,Prabhas- Somnath LR2 Elephanta |v vi tee ere i Es vs a |e Elephanta |v Un os Elephanta ie v Kamre| Kateshwar Nagara Arikamedu* ERE WA amphorae Karur Torpedo jars _| See Fig. 21 Mesopotamian | ¥ va Glazed Ware LR Red Slip v ~ i. | | vi vi Table 3.,Tomber-2008-Indo-Roman-Trade-From-Pots-to-Pepper,168,,
ras_hafun,Ras Hafun,anchor,Horn of Africa,10.4400,51.2600,torpedo_jar,Torpedo jar,mesopotamian,,,,,,within_2,Prabhas- Somnath LR2 Elephanta |v vi tee ere i Es vs a |e Elephanta |v Un os Elephanta ie v Kamre| Kateshwar Nagara Arikamedu* ERE WA amphorae Karur Torpedo jars _| See Fig. 21 Mesopotamian | ¥ va Glazed Ware LR Red Slip v ~ i. | | vi vi Table 3.,Tomber-2008-Indo-Roman-Trade-From-Pots-to-Pepper,168,,
aila,Aila (Aqaba),comparandum,Northern Red Sea,29.5200,35.0000,torpedo_jar,Torpedo jar,mesopotamian,,,,,,within_2,Prabhas- Somnath LR2 Elephanta |v vi tee ere i Es vs a |e Elephanta |v Un os Elephanta ie v Kamre| Kateshwar Nagara Arikamedu* ERE WA amphorae Karur Torpedo jars _| See Fig. 21 Mesopotamian | ¥ va Glazed Ware LR Red Slip v ~ i. | | vi vi Table 3.,Tomber-2008-Indo-Roman-Trade-From-Pots-to-Pepper,168,,
kamrej,Kamrej,comparandum,Gujarat,21.2700,72.9500,torpedo_jar,Torpedo jar,mesopotamian,,,,,,within_1,Prabhas- Somnath LR2 Elephanta |v vi tee ere i Es vs a |e Elephanta |v Un os Elephanta ie v Kamre| Kateshwar Nagara Arikamedu* ERE WA amphorae Karur Torpedo jars _| See Fig. 21 Mesopotamian | ¥ va Glazed Ware LR Red Slip v ~ i. | | vi vi Table 3.,Tomber-2008-Indo-Roman-Trade-From-Pots-to-Pepper,168,,
nagara,Nagara,comparandum,Gujarat,22.3000,72.6000,torpedo_jar,Torpedo jar,mesopotamian,,,,,,same_sentence,Prabhas- Somnath LR2 Elephanta |v vi tee ere i Es vs a |e Elephanta |v Un os Elephanta ie v Kamre| Kateshwar Nagara Arikamedu* ERE WA amphorae Karur Torpedo jars _| See Fig. 21 Mesopotamian | ¥ va Glazed Ware LR Red Slip v ~ i. | | vi vi Table 3.,Tomber-2008-Indo-Roman-Trade-From-Pots-to-Pepper,168,,
arikamedu,Arikamedu,anchor,Coromandel,11.9000,79.8200,lr2,Late Roman Amphora 2,mediterranean_amphora,,,,,Y,within_2,"Sancti Arethae of AD 524-5 (Wild & Wild 2001: 211), is significant and suggests that LR2 did not circulate in the Indian Ocean trade until after this date.",Tomber-2008-Indo-Roman-Trade-From-Pots-to-Pepper,168,,
nagara,Nagara,comparandum,Gujarat,22.3000,72.6000,lr2,Late Roman Amphora 2,mediterranean_amphora,,,,,Y,within_2,"Sancti Arethae of AD 524-5 (Wild & Wild 2001: 211), is significant and suggests that LR2 did not circulate in the Indian Ocean trade until after this date.",Tomber-2008-Indo-Roman-Trade-From-Pots-to-Pepper,168,,
adulis,Adulis,anchor,East African Red Sea,15.2617,39.6600,lr2,Late Roman Amphora 2,mediterranean_amphora,,,,,Y,same_sentence,"The only Red Sea assemblage to include LR2 is from Adulis, where it is rare; unfortunately we do not know the situation for Clysma.",Tomber-2008-Indo-Roman-Trade-From-Pots-to-Pepper,168,,
adulis,Adulis,anchor,East African Red Sea,15.2617,39.6600,lr2,Late Roman Amphora 2,mediterranean_amphora,,,,,,within_1,"At Elephanta in India, however, LR2 is common and provides tangible evidence for Mediterranean trade into at least the sixth century.",Tomber-2008-Indo-Roman-Trade-From-Pots-to-Pepper,168,,
adulis,Adulis,anchor,East African Red Sea,15.2617,39.6600,roman_amphora_unspec,Roman amphora (unspecified type),mediterranean_amphora,,,,,,same_sentence,"Aqaba and ofher Late Roman amphora types were produced into the seventh century and possibly into the Early Islamic period, so both Adulis and Elephanta could easily extend into the seventh 166",Tomber-2008-Indo-Roman-Trade-From-Pots-to-Pepper,168,,
aila,Aila (Aqaba),comparandum,Northern Red Sea,29.5200,35.0000,roman_amphora_unspec,Roman amphora (unspecified type),mediterranean_amphora,,,,,,same_sentence,"Aqaba and ofher Late Roman amphora types were produced into the seventh century and possibly into the Early Islamic period, so both Adulis and Elephanta could easily extend into the seventh 166",Tomber-2008-Indo-Roman-Trade-From-Pots-to-Pepper,168,,
alagankulam,Alagankulam,comparandum,Coromandel,9.3600,79.0200,torpedo_jar,Torpedo jar,mesopotamian,,,,,,same_sentence,"Torpedoes occur primarily in North India and Sri Lanka, with South Indian examples from Pattanam and Alagankulam.",Tomber-2008-Indo-Roman-Trade-From-Pots-to-Pepper,169,,
pattanam,Pattanam,anchor,Kerala,10.1530,76.2070,torpedo_jar,Torpedo jar,mesopotamian,,,,,,same_sentence,"Torpedoes occur primarily in North India and Sri Lanka, with South Indian examples from Pattanam and Alagankulam.",Tomber-2008-Indo-Roman-Trade-From-Pots-to-Pepper,169,,
alagankulam,Alagankulam,comparandum,Coromandel,9.3600,79.0200,torpedo_jar,Torpedo jar,mesopotamian,,,,,,within_2,Comparison of the Late Roman amphorae and Torpedoes in India and Sri Lanka is informative.,Tomber-2008-Indo-Roman-Trade-From-Pots-to-Pepper,169,,
pattanam,Pattanam,anchor,Kerala,10.1530,76.2070,torpedo_jar,Torpedo jar,mesopotamian,,,,,,within_2,Comparison of the Late Roman amphorae and Torpedoes in India and Sri Lanka is informative.,Tomber-2008-Indo-Roman-Trade-From-Pots-to-Pepper,169,,
alagankulam,Alagankulam,comparandum,Coromandel,9.3600,79.0200,roman_amphora_unspec,Roman amphora (unspecified type),mediterranean_amphora,,,,,,within_2,Comparison of the Late Roman amphorae and Torpedoes in India and Sri Lanka is informative.,Tomber-2008-Indo-Roman-Trade-From-Pots-to-Pepper,169,,
pattanam,Pattanam,anchor,Kerala,10.1530,76.2070,roman_amphora_unspec,Roman amphora (unspecified type),mediterranean_amphora,,,,,,within_2,Comparison of the Late Roman amphorae and Torpedoes in India and Sri Lanka is informative.,Tomber-2008-Indo-Roman-Trade-From-Pots-to-Pepper,169,,
qana,Qana / Kane,anchor,South Arabia,14.0167,48.3200,lr1,Late Roman Amphora 1,mediterranean_amphora,,,,,,within_1,"Many Aqaba and LR1 amphorae have Christian monograms on them, including the chi-rho.",Tomber-2008-Indo-Roman-Trade-From-Pots-to-Pepper,172,,
aila,Aila (Aqaba),comparandum,Northern Red Sea,29.5200,35.0000,lr1,Late Roman Amphora 1,mediterranean_amphora,,,,,,same_sentence,"Many Aqaba and LR1 amphorae have Christian monograms on them, including the chi-rho.",Tomber-2008-Indo-Roman-Trade-From-Pots-to-Pepper,172,,
qana,Qana / Kane,anchor,South Arabia,14.0167,48.3200,roman_amphora_unspec,Roman amphora (unspecified type),mediterranean_amphora,,,,,,within_2,"Pieri has shown that Christian inscriptions on Mediterranean amphorae relate to ecclesiastical production and possibly also to where they were ,, distributed (Pieri 2005: 175).",Tomber-2008-Indo-Roman-Trade-From-Pots-to-Pepper,172,,
aila,Aila (Aqaba),comparandum,Northern Red Sea,29.5200,35.0000,roman_amphora_unspec,Roman amphora (unspecified type),mediterranean_amphora,,,,,,within_1,"Pieri has shown that Christian inscriptions on Mediterranean amphorae relate to ecclesiastical production and possibly also to where they were ,, distributed (Pieri 2005: 175).",Tomber-2008-Indo-Roman-Trade-From-Pots-to-Pepper,172,,
aila,Aila (Aqaba),comparandum,Northern Red Sea,29.5200,35.0000,lr1,Late Roman Amphora 1,mediterranean_amphora,,,,,,same_sentence,"Van Alfen, too, has demonstrated pe chur control over LR1 and its distribution (1996: 211-12). ‘| Similar arguments can be put forward for Aqaba amphorae “ and thus their distribution, clustering on sites facilitating Eastern trade, may underscore Church involvement or at the very least Christian merchants.",Tomber-2008-Indo-Roman-Trade-From-Pots-to-Pepper,172,,
aila,Aila (Aqaba),comparandum,Northern Red Sea,29.5200,35.0000,aila,Aila (Aqaba) amphora,mediterranean_amphora,,,,,,same_sentence,"Van Alfen, too, has demonstrated pe chur control over LR1 and its distribution (1996: 211-12). ‘| Similar arguments can be put forward for Aqaba amphorae “ and thus their distribution, clustering on sites facilitating Eastern trade, may underscore Church involvement or at the very least Christian merchants.",Tomber-2008-Indo-Roman-Trade-From-Pots-to-Pepper,172,,
aila,Aila (Aqaba),comparandum,Northern Red Sea,29.5200,35.0000,aila,Aila (Aqaba) amphora,mediterranean_amphora,,,,,,same_sentence,Aqaba amphorae are bounded within Eritrea and generally non-coastal occurrences trace the route between Adulis and Aksum; this southern boundary seems to mark the limit of the Christian world.,Tomber-2008-Indo-Roman-Trade-From-Pots-to-Pepper,172,,
adulis,Adulis,anchor,East African Red Sea,15.2617,39.6600,aila,Aila (Aqaba) amphora,mediterranean_amphora,,,,,,same_sentence,Aqaba amphorae are bounded within Eritrea and generally non-coastal occurrences trace the route between Adulis and Aksum; this southern boundary seems to mark the limit of the Christian world.,Tomber-2008-Indo-Roman-Trade-From-Pots-to-Pepper,172,,
aksum,Aksum,comparandum,Ethiopian highlands,14.1300,38.7200,aila,Aila (Aqaba) amphora,mediterranean_amphora,,,,,,same_sentence,Aqaba amphorae are bounded within Eritrea and generally non-coastal occurrences trace the route between Adulis and Aksum; this southern boundary seems to mark the limit of the Christian world.,Tomber-2008-Indo-Roman-Trade-From-Pots-to-Pepper,172,,
aila,Aila (Aqaba),comparandum,Northern Red Sea,29.5200,35.0000,frankincense,Frankincense,organic,,,,,,within_1,"Returning to the Martyrium Sancti Arethae, the Aksumite invasion of South Arabia is ostensibly interpreted as revenge for the persecution of Christians at Najran — an important pagan and later Christian pilgrimage centre located on the frankincense trade routes (Fig. 17;",Tomber-2008-Indo-Roman-Trade-From-Pots-to-Pepper,172,,
adulis,Adulis,anchor,East African Red Sea,15.2617,39.6600,frankincense,Frankincense,organic,,,,,,within_1,"Returning to the Martyrium Sancti Arethae, the Aksumite invasion of South Arabia is ostensibly interpreted as revenge for the persecution of Christians at Najran — an important pagan and later Christian pilgrimage centre located on the frankincense trade routes (Fig. 17;",Tomber-2008-Indo-Roman-Trade-From-Pots-to-Pepper,172,,
aksum,Aksum,comparandum,Ethiopian highlands,14.1300,38.7200,frankincense,Frankincense,organic,,,,,,within_1,"Returning to the Martyrium Sancti Arethae, the Aksumite invasion of South Arabia is ostensibly interpreted as revenge for the persecution of Christians at Najran — an important pagan and later Christian pilgrimage centre located on the frankincense trade routes (Fig. 17;",Tomber-2008-Indo-Roman-Trade-From-Pots-to-Pepper,172,,
arikamedu,Arikamedu,anchor,Coromandel,11.9000,79.8200,bead,Bead (glass or stone),small_find,,,,,,same_sentence,Indo-Pacific beads have been traced both to the West and East of their production centres at Arikamedu and Mantai (Francis 2004: 472-9).,Tomber-2008-Indo-Roman-Trade-From-Pots-to-Pepper,175,,
mantai,Mantai,comparandum,Sri Lanka,8.9800,79.9800,bead,Bead (glass or stone),small_find,,,,,,same_sentence,Indo-Pacific beads have been traced both to the West and East of their production centres at Arikamedu and Mantai (Francis 2004: 472-9).,Tomber-2008-Indo-Roman-Trade-From-Pots-to-Pepper,175,,
aila,Aila (Aqaba),comparandum,Northern Red Sea,29.5200,35.0000,torpedo_jar,Torpedo jar,mesopotamian,,,,,,within_1,"Torpedo, after Tomber 2007: fig. 4. 175",Tomber-2008-Indo-Roman-Trade-From-Pots-to-Pepper,177,,
arikamedu,Arikamedu,anchor,Coromandel,11.9000,79.8200,rouletted_ware,Rouletted Ware (Wheeler Type 1),indian_fineware,,,,,,same_sentence,"Indo-Roman Trade Begley, V. 1988 ‘Rouletted ware at Arikamedu:' a new approach’, American Journal of Archaeology 92: 427-40.",Tomber-2008-Indo-Roman-Trade-From-Pots-to-Pepper,182,,
mleiha,Mleiha,comparandum,Gulf,25.1200,55.8600,roman_coin,Roman coin,coin,,,,,,within_1,"Berghaus, P. 1991 ‘Roman coins from India and their imitations’, in Jha 1991: 108-21.",Tomber-2008-Indo-Roman-Trade-From-Pots-to-Pepper,182,,
myos_hormos,Myos Hormos (Quseir al-Qadim),anchor,Egyptian Red Sea,26.1567,34.2417,roman_coin,Roman coin,coin,,,,,,within_1,"Burnett, A. 1998 ‘Roman coins from India and Sri Lanka’, in O.",Tomber-2008-Indo-Roman-Trade-From-Pots-to-Pepper,184,,
rufiji,Rufiji delta,candidate,East Africa,-7.9000,39.3300,bead,Bead (glass or stone),small_find,,,,,,same_sentence,"Chami, FA. 1999 ‘Roman beads from the Rufiji Delta, Tanzania: first incontrovertible; archaeological link with the Periplus’, Current Anthropology 40: 237-41.",Tomber-2008-Indo-Roman-Trade-From-Pots-to-Pepper,185,,
sumhuram,Sumhuram (Khor Rori),anchor,South Arabia,17.0400,54.4300,sigillata_unspec,Sigillata (unspecified),mediterranean_fineware,,,,,,within_1,"Comfort, H. 1992 ‘Terra sigillata at Arikamedu’, in Begley & De Puma 1992: 134-50.",Tomber-2008-Indo-Roman-Trade-From-Pots-to-Pepper,185,,
arikamedu,Arikamedu,anchor,Coromandel,11.9000,79.8200,sigillata_unspec,Sigillata (unspecified),mediterranean_fineware,,,,,,same_sentence,"Comfort, H. 1992 ‘Terra sigillata at Arikamedu’, in Begley & De Puma 1992: 134-50.",Tomber-2008-Indo-Roman-Trade-From-Pots-to-Pepper,185,,
nevasa,Nevasa,comparandum,Deccan interior,19.5500,74.9300,dressel_2_4,Dressel 2-4 amphora,mediterranean_amphora,,,,,,same_sentence,"Gupta, S., Williams, D.F. and Peacock, D. 2001 ‘Dressel 2-4 amphorae and Roman trade with India: the evidence from Nevasa’, South Asian Studies 17: 7-18.",Tomber-2008-Indo-Roman-Trade-From-Pots-to-Pepper,189,,
adulis,Adulis,anchor,East African Red Sea,15.2617,39.6600,roman_coin,Roman coin,coin,,,,,,within_1,"Munro-Hay, S. 1989a “The al-Madhariba hoard of gold Aksumite and late Roman coins’, Numismatic Chronicle 149: 83-100. 192",Tomber-2008-Indo-Roman-Trade-From-Pots-to-Pepper,194,,
ed_dur,ed-Dur,comparandum,Gulf,25.5500,55.8000,roman_amphora_unspec,Roman amphora (unspecified type),mediterranean_amphora,,,,,,same_sentence,"Papadopoulos, J.K. 1994 ‘A western Mediterranean amphora fragment from ed-Dur’, Arabian Archaeology and Epigraphy 5: 276-9.",Tomber-2008-Indo-Roman-Trade-From-Pots-to-Pepper,195,,
kolhapur,Kolhapur (Brahmapuri),comparandum,Deccan interior,16.7000,74.2400,roman_amphora_unspec,Roman amphora (unspecified type),mediterranean_amphora,,,,,,same_sentence,"Sankalia, H.D. 1957 ‘Imported Mediterranean amphorae from Kolhapur’, Journal of the Royal Asiatic Society 1957: 207-8.",Tomber-2008-Indo-Roman-Trade-From-Pots-to-Pepper,200,,
arikamedu,Arikamedu,anchor,Coromandel,11.9000,79.8200,roman_pottery_unspec,Roman pottery (unspecified),mediterranean_unspecified,,,,,,within_2,"Whitcomb, D.S. 1982 ‘Roman ceramics’, in Whitcomb & Johnson 1982: 51-115. 205",Tomber-2008-Indo-Roman-Trade-From-Pots-to-Pepper,207,,
arikamedu,Arikamedu,anchor,Coromandel,11.9000,79.8200,rouletted_ware,Rouletted Ware (Wheeler Type 1),indian_fineware,,,,,,same_sentence,Arikamedu Terracotta: Rouletted wares 9.,apa-IndOc-Gulf-Arikamedu-Pillai2010,1,,
arikamedu,Arikamedu,anchor,Coromandel,11.9000,79.8200,bead,Bead (glass or stone),small_find,,,,,,within_1,"The city was a manufacturing hub of textiles particularly of Muslin clothes, fine terracotta objects, jewelries from beads of precious and semi precious stones, glass and gold.",apa-IndOc-Gulf-Arikamedu-Pillai2010,2,,
arikamedu,Arikamedu,anchor,Coromandel,11.9000,79.8200,bead,Bead (glass or stone),small_find,,,,,,within_2,The city had an extensive glass bead manufacturing facilities and is considered as “mother of all bead centers” in the world.,apa-IndOc-Gulf-Arikamedu-Pillai2010,2,,
arikamedu,Arikamedu,anchor,Coromandel,11.9000,79.8200,bead,Bead (glass or stone),small_find,,,,,,within_2,"In Tamil epic Silapathikaram by Elango Adikal, trading of expensive beads or Muthu is mentioned.",apa-IndOc-Gulf-Arikamedu-Pillai2010,3,,
arikamedu,Arikamedu,anchor,Coromandel,11.9000,79.8200,rouletted_ware,Rouletted Ware (Wheeler Type 1),indian_fineware,,,,,,same_sentence,"Beginning with the summary of archeological excavations, the book covers some most interesting aspects of Arikamedu history such as the characteristics of the urban settlement in southern sector or the industrial part and the northern sector or the harbour , ancient Indo Roman trade, Periplus Erythrean Sea, Mediterranean amphora found in Arikamedu, , unique Arikamedu terracotta known as Rouletted wares, textile industry for manufacturing Muslin clothes for export and finally the most important product of Arikamedu , the Beads.",apa-IndOc-Gulf-Arikamedu-Pillai2010,3,,
arikamedu,Arikamedu,anchor,Coromandel,11.9000,79.8200,roman_amphora_unspec,Roman amphora (unspecified type),mediterranean_amphora,,,,,,same_sentence,"Beginning with the summary of archeological excavations, the book covers some most interesting aspects of Arikamedu history such as the characteristics of the urban settlement in southern sector or the industrial part and the northern sector or the harbour , ancient Indo Roman trade, Periplus Erythrean Sea, Mediterranean amphora found in Arikamedu, , unique Arikamedu terracotta known as Rouletted wares, textile industry for manufacturing Muslin clothes for export and finally the most important product of Arikamedu , the Beads.",apa-IndOc-Gulf-Arikamedu-Pillai2010,3,,
arikamedu,Arikamedu,anchor,Coromandel,11.9000,79.8200,its,Italian Sigillata,mediterranean_fineware,,,,,,same_sentence,"Findings such as Arretine ware, Red Table ware, Mediterranean pottery sherds such as Amphora fragments, beads, and metallic objects have established that the city of Poduke or Arikamedu had maintained trade relations with Rome, which peaked in 100 BC to 100AD.",apa-IndOc-Gulf-Arikamedu-Pillai2010,4,,
arikamedu,Arikamedu,anchor,Coromandel,11.9000,79.8200,bead,Bead (glass or stone),small_find,,,,,,same_sentence,"Findings such as Arretine ware, Red Table ware, Mediterranean pottery sherds such as Amphora fragments, beads, and metallic objects have established that the city of Poduke or Arikamedu had maintained trade relations with Rome, which peaked in 100 BC to 100AD.",apa-IndOc-Gulf-Arikamedu-Pillai2010,4,,
arikamedu,Arikamedu,anchor,Coromandel,11.9000,79.8200,bead,Bead (glass or stone),small_find,,,,,,same_sentence,"The continuity has been established by studying various artifacts such as terracotta objects, beads, fossils and other metallic objects found in and around Arikamedu.",apa-IndOc-Gulf-Arikamedu-Pillai2010,6,,
arikamedu,Arikamedu,anchor,Coromandel,11.9000,79.8200,rouletted_ware,Rouletted Ware (Wheeler Type 1),indian_fineware,,,,,,same_sentence,"Rouletted ware pottery sherds , Arikamedu 100 BC – 100AD Phase 3 100Bc to 50 BC This is a period of rapid development and in many ways the most significant stage in the history of Arikamedu.",apa-IndOc-Gulf-Arikamedu-Pillai2010,6,,
arikamedu,Arikamedu,anchor,Coromandel,11.9000,79.8200,roman_amphora_unspec,Roman amphora (unspecified type),mediterranean_amphora,,,,,,same_sentence,Mediterranean amphora made its entry into Arikamedu during this period.,apa-IndOc-Gulf-Arikamedu-Pillai2010,7,,
arikamedu,Arikamedu,anchor,Coromandel,11.9000,79.8200,bead,Bead (glass or stone),small_find,,,,,,within_1,Phase 7 600AD – 1100AD Coarse ware potteries and beads produced during this period are abundant from this period Phase 8 1100-1500 AD The artifacts especially pottery found from various trenches have been identified to belong to this period.,apa-IndOc-Gulf-Arikamedu-Pillai2010,8,,
arikamedu,Arikamedu,anchor,Coromandel,11.9000,79.8200,bead,Bead (glass or stone),small_find,,,,,Y,same_sentence,The pottery and beads never discontinued its production in Arikamedu .,apa-IndOc-Gulf-Arikamedu-Pillai2010,8,,
arikamedu,Arikamedu,anchor,Coromandel,11.9000,79.8200,bead,Bead (glass or stone),small_find,,,,,,within_1,"Artifacts which could be medieval are coins , Chinese and Islamic ceramic, coarse ware pottery, beads and wastes, few terracotta and few fragments of roof tiles, in addition some architectural features also attributed to this period.",apa-IndOc-Gulf-Arikamedu-Pillai2010,8,,
arikamedu,Arikamedu,anchor,Coromandel,11.9000,79.8200,lamp,Roman lamp,small_find,,,,,,same_sentence,Wicked lamps at many museums including Aurobindo Ashram Library indicate that Arikamedu was occupied by Chola and Pal lava rulers.,apa-IndOc-Gulf-Arikamedu-Pillai2010,13,,
arikamedu,Arikamedu,anchor,Coromandel,11.9000,79.8200,roman_amphora_unspec,Roman amphora (unspecified type),mediterranean_amphora,,,,,,same_sentence,"The Greek and Roman amphora fragments found at Arikamedu and at several other sites on the south east coast of India provide tangible proof that from as early as the second century BC to as late as the first century AD , Roman ships were making long and dangerous trip to India with wine, olive oil and popular fish sauce – garum.",apa-IndOc-Gulf-Arikamedu-Pillai2010,20,,
arikamedu,Arikamedu,anchor,Coromandel,11.9000,79.8200,koan,Koan amphora,mediterranean_amphora,,,,,,within_1,In the accompanying years Koan amphoras,apa-IndOc-Gulf-Arikamedu-Pillai2010,20,,
arikamedu,Arikamedu,anchor,Coromandel,11.9000,79.8200,rhodian,Rhodian amphora,mediterranean_amphora,,,,,,same_sentence,originated from Campania in the area of Pompeii and Rhodian amphoras also found their way top Arikamedu.,apa-IndOc-Gulf-Arikamedu-Pillai2010,21,,
arikamedu,Arikamedu,anchor,Coromandel,11.9000,79.8200,rouletted_ware,Rouletted Ware (Wheeler Type 1),indian_fineware,,,,,,within_1,"Since the method of decoration is obviously similar to the rouletting found in Greek, Hellenistic and Roman ceramic wares and since the site also contained Mediterranean amphoras and some terra Sigallata , the excavators concluded that Rouletted ware must have been derived from the Classical period.",apa-IndOc-Gulf-Arikamedu-Pillai2010,24,,
arikamedu,Arikamedu,anchor,Coromandel,11.9000,79.8200,roman_amphora_unspec,Roman amphora (unspecified type),mediterranean_amphora,,,,,,within_1,"Since the method of decoration is obviously similar to the rouletting found in Greek, Hellenistic and Roman ceramic wares and since the site also contained Mediterranean amphoras and some terra Sigallata , the excavators concluded that Rouletted ware must have been derived from the Classical period.",apa-IndOc-Gulf-Arikamedu-Pillai2010,24,,
arikamedu,Arikamedu,anchor,Coromandel,11.9000,79.8200,roman_pottery_unspec,Roman pottery (unspecified),mediterranean_unspecified,,,,,,within_1,"Since the method of decoration is obviously similar to the rouletting found in Greek, Hellenistic and Roman ceramic wares and since the site also contained Mediterranean amphoras and some terra Sigallata , the excavators concluded that Rouletted ware must have been derived from the Classical period.",apa-IndOc-Gulf-Arikamedu-Pillai2010,24,,
rufiji,Rufiji delta,candidate,East Africa,-7.9000,39.3300,bead,Bead (glass or stone),small_find,,,,,,within_1,Several glass beads of Roman date were recovered.,apa-IndOc-Gulf-Azania-Chami2017,9,,
rufiji,Rufiji delta,candidate,East Africa,-7.9000,39.3300,bead,Bead (glass or stone),small_find,,,,,,within_2,The most celebrated one is a segmented glass bead inlaid with gold and silver recovered from a context of the earliest cultural phase of EIW period.,apa-IndOc-Gulf-Azania-Chami2017,9,,
rufiji,Rufiji delta,candidate,East Africa,-7.9000,39.3300,bead,Bead (glass or stone),small_find,,,,,,within_1,"The sailing vessel entered the river from the deep ocean, heading towards the site where the Roman beads were found, acting as if entering the ancient emporium of Rhapta.39 The culture of the EIW tradition, which provides the context in which the Roman beads were discovered, is known to have intensively and extensively smelted iron.40 It has been argued elsewhere that one reason for Roman interest 34 Schmidt P. et al., An archaeological investigation in the vicinity of Mkiu, Kisarawe District, Tanzania, Dar-es-Salaam: University of Dar-es-Salaam Press (1992).",apa-IndOc-Gulf-Azania-Chami2017,9,,
mafia,Mafia Island,candidate,East Africa,-7.8000,39.7500,bead,Bead (glass or stone),small_find,1,bead,exact,7,,same_sentence,"A number of beads, one being an eyed bead, all of Greek or Phoenician origin, were also recovered.50 In the two Mafia Island caves excavated several ceramic shards were found that have been identified by Indian scholars as of Indian origin.51 We 46 Chami F., ‘Chicken bones from a Neolithic limestone cave site in Zanzibar’, in People, Contacts, and the Environment in the African past, ed.",apa-IndOc-Gulf-Azania-Chami2017,11,reject,site attribution ambiguous within the passage
unguja_ukuu,Unguja Ukuu (Zanzibar),candidate,East Africa,-6.3400,39.3000,roman_pottery_unspec,Roman pottery (unspecified),mediterranean_unspecified,,,,,,same_sentence,"Felix Chami 534 should also mention an earlier discovery made at the Unguja Ukuu site on southeast Unguja, Zanzibar, by Juma Abdurahaman, of Roman pottery and Egyptian alabaster potsherds.",apa-IndOc-Gulf-Azania-Chami2017,12,,
barygaza,Barygaza (Bharuch),anchor,Gujarat,21.7000,72.9900,intaglio,Intaglio / gem,small_find,,,,,,same_sentence,"Notes on Barygaza’s Trade 127 Periplus, pearl and gemstone traders may have been attracted to the Limyrike trading centres because the Western merchants operating there were much better funded than their colleagues in Barygaza.",apa-IndOc-Gulf-Barygaza-Romanis2025,7,,
barygaza,Barygaza (Bharuch),anchor,Gujarat,21.7000,72.9900,roman_coin,Roman coin,coin,,,,,,same_sentence,"In addition to items for the Egyptian markets, the Western merchants trading in Barygaza could buy commodities to be exchanged while calling at the northeastern African emporia on the return journey: grain, rice, ghee, sesame oil, and sugar to be bartered in the trading centres along the Somali coast;41 Indian iron, steel, and lac dye to be traded in Adulis.42 Finally, copper, teakwood, beams, yards, and logs of sissoo and ebony (materials for the shipbuilding industry?) were also imported from Barygaza to the emporia of the Arab–Persian Gulf.43 The Periplus list of Western commodities sent to",apa-IndOc-Gulf-Barygaza-Romanis2025,8,,
adulis,Adulis,anchor,East African Red Sea,15.2617,39.6600,roman_coin,Roman coin,coin,,,,,,same_sentence,"In addition to items for the Egyptian markets, the Western merchants trading in Barygaza could buy commodities to be exchanged while calling at the northeastern African emporia on the return journey: grain, rice, ghee, sesame oil, and sugar to be bartered in the trading centres along the Somali coast;41 Indian iron, steel, and lac dye to be traded in Adulis.42 Finally, copper, teakwood, beams, yards, and logs of sissoo and ebony (materials for the shipbuilding industry?) were also imported from Barygaza to the emporia of the Arab–Persian Gulf.43 The Periplus list of Western commodities sent to",apa-IndOc-Gulf-Barygaza-Romanis2025,8,,
barygaza,Barygaza (Bharuch),anchor,Gujarat,21.7000,72.9900,roman_coin,Roman coin,coin,,,,,Y,same_sentence,"However, in the lists of Barbarikon and Limyrike, the author uses the generic term χρῆμα/χρήματα (money); in the list of Barygaza, he refers explicitly to aurei and denarii, which can be exchanged at some profit for local currency (δηνάριον χρυσοῦν καὶ ἀργυροῦν, ἔχον ἀλλαγὴν καὶ ἐπικέρδειάν τινα πρὸς τὸ ἐντόπιον νόμισμα).46 Coins At the time of the Periplus, the export of Roman coins was a part of Roman commerce with almost every trading centre on the Erythrà Thálassa.47 Moreover, the hoards found in India show that the practice was not limited to the first century CE.",apa-IndOc-Gulf-Barygaza-Romanis2025,9,,
barygaza,Barygaza (Bharuch),anchor,Gujarat,21.7000,72.9900,roman_coin,Roman coin,coin,,,,,Y,within_2,"According to the latter view, while in other periods trade would have been conducted without coins, after Nero’s (or Vespasian’s or Trajan’s) reform, older and heavier denarii and aurei would have been exported to offset the loss caused by the devaluation of the new issues.49 This approach, especially advocated by D.",apa-IndOc-Gulf-Barygaza-Romanis2025,9,,
adulis,Adulis,anchor,East African Red Sea,15.2617,39.6600,roman_coin,Roman coin,coin,,,,,,within_2,It is worth noting the contrast between the importation of aurei from Egypt and the importation of raw gold from the Persian Gulf (Peripl.,apa-IndOc-Gulf-Barygaza-Romanis2025,9,,
barygaza,Barygaza (Bharuch),anchor,Gujarat,21.7000,72.9900,roman_coin,Roman coin,coin,,,,,,same_sentence,"Notes on Barygaza’s Trade 131 export, at first because they were the newest and heaviest denarii available, then eventually because, in addition to being the heaviest, they had become familiar to Indian traders.",apa-IndOc-Gulf-Barygaza-Romanis2025,11,,
barygaza,Barygaza (Bharuch),anchor,Gujarat,21.7000,72.9900,roman_coin,Roman coin,coin,,,,,Y,within_2,"The monetary gains made by Alexandrian merchants exceeded the sums they sent to India to purchase Indian commodities, so it is not surprising that a denarius minted between 2 BCE and 14 CE could wait several decades before being exported from Alexandria to Muziris.",apa-IndOc-Gulf-Barygaza-Romanis2025,11,,
adulis,Adulis,anchor,East African Red Sea,15.2617,39.6600,roman_coin,Roman coin,coin,,,,,Y,within_2,"Literary and archaeological evidence abundantly proves that money was known in several first-century-CE Indian trading centres, and Roman coins were certainly used also (not only, but also) as money.",apa-IndOc-Gulf-Barygaza-Romanis2025,11,,
barygaza,Barygaza (Bharuch),anchor,Gujarat,21.7000,72.9900,roman_coin,Roman coin,coin,,,,,Y,same_sentence,"For the southern part of the subcontinent, for example, the Periplus remarks that the money exported from Egypt circulated in the Coromandel Coast; since the Coromandel Coast was not usually visited by western ships, it follows that the Roman coins were brought there by Indian traders.56 The familiarity with money is particularly evident in Barygaza, where Roman coins merged into a complex monetary circulation system.",apa-IndOc-Gulf-Barygaza-Romanis2025,11,,
barygaza,Barygaza (Bharuch),anchor,Gujarat,21.7000,72.9900,roman_coin,Roman coin,coin,,,,,,same_sentence,"As mentioned above, ships from Egypt brought raw copper, tin, and lead—all metals that were used by Nahapāna for low-value coinage.60 They also carried Roman aurei and denarii, which were primarily intended to pay for local wares, but at Barygaza they could also be exchanged for local currency (ἐντόπιον νόμισμα) at some profit: δηνάριον χρυσοῦν καὶ ἀργυροῦν, ἔχον ἀλλαγὴν καὶ ἐπικέρδειάν τινα πρὸς τὸ ἐντόπιον νόμισμα.",apa-IndOc-Gulf-Barygaza-Romanis2025,12,,
barygaza,Barygaza (Bharuch),anchor,Gujarat,21.7000,72.9900,roman_coin,Roman coin,coin,,,,,Y,within_1,"The hypothesis that the local currency exchanged for aurei and denarii was the small change of Nahapāna is inconsistent with the import from Egypt of copper, tin, and lead; but the alternative hypothesis that it was the silver drachma—either Indo-Greek or of Nahapāna—makes no sense either.",apa-IndOc-Gulf-Barygaza-Romanis2025,12,,
barygaza,Barygaza (Bharuch),anchor,Gujarat,21.7000,72.9900,roman_coin,Roman coin,coin,,,,,,same_sentence,"MacDowall took the suvarṇa to be the Roman aureus and the kārṣāpaṇa the Nahapāna drachma, also concluding that the gold-to-silver ratio was 1:10.69 In my view, any interpretation which derives from the Nasik inscription an unequivocal gold-to-silver ratio of 1:10 must also acknowledge the inconsistency with the report in the Periplus that Roman aurei were exchanged at some profit for local currency at Barygaza.",apa-IndOc-Gulf-Barygaza-Romanis2025,14,,
barygaza,Barygaza (Bharuch),anchor,Gujarat,21.7000,72.9900,roman_coin,Roman coin,coin,,,,,,within_2,They would have been better off just staying home and exchanging aurei for pre-64 CE denarii.,apa-IndOc-Gulf-Barygaza-Romanis2025,14,,
barygaza,Barygaza (Bharuch),anchor,Gujarat,21.7000,72.9900,roman_coin,Roman coin,coin,,,,,,same_sentence,"Notes on Barygaza’s Trade 135 gold, even though the text clearly says ἐντόπιον νόμισμα (local currency).70 MacDowall postulated that only silver denarii were exchanged.",apa-IndOc-Gulf-Barygaza-Romanis2025,15,,
barygaza,Barygaza (Bharuch),anchor,Gujarat,21.7000,72.9900,roman_coin,Roman coin,coin,,,,,,within_1,Roman merchants would have made their profit by exchanging pre-64 CE silver denarii struck at the 1:12 gold-tosilver ratio for Nahapāna drachmas issued at the 1:10 ratio.71 It is difficult to see how a different gold-to-silver ratio would have affected the exchange of silver for silver.,apa-IndOc-Gulf-Barygaza-Romanis2025,15,,
barygaza,Barygaza (Bharuch),anchor,Gujarat,21.7000,72.9900,roman_coin,Roman coin,coin,,,,,,within_2,"In any case, the text says δηνάριον χρυσοῦν καὶ ἀργυροῦν—so both aurei and denarii were exchanged for local currency.",apa-IndOc-Gulf-Barygaza-Romanis2025,15,,
barygaza,Barygaza (Bharuch),anchor,Gujarat,21.7000,72.9900,roman_coin,Roman coin,coin,,,,,,same_sentence,The theory that a Roman aureus was exchanged for thirty-five Nahapāna drachmas is inconsistent with the information in the Periplus that both aurei and denarii were exported and exchanged for local currency at a profit in Barygaza.,apa-IndOc-Gulf-Barygaza-Romanis2025,15,,
barygaza,Barygaza (Bharuch),anchor,Gujarat,21.7000,72.9900,roman_coin,Roman coin,coin,,,,,Y,within_1,"Exchanging an aureus for thirty-five drachmas of Nahapāna would not be profitable for Western merchants, if they could exchange it within the Roman Empire for twenty-five pre-64 CE denarii.",apa-IndOc-Gulf-Barygaza-Romanis2025,15,,
barygaza,Barygaza (Bharuch),anchor,Gujarat,21.7000,72.9900,roman_coin,Roman coin,coin,,,,,,within_1,"The par value of punchmarked coins and Nahapāna drachmas explains why the aureus was officially valued at thirty- five kārṣāpaṇa, why Western merchants could profitably exchange their aurei and denarii for local currency, and why Indian merchants agreed to a disadvantageous exchange.",apa-IndOc-Gulf-Barygaza-Romanis2025,17,,
barygaza,Barygaza (Bharuch),anchor,Gujarat,21.7000,72.9900,roman_coin,Roman coin,coin,,,,,,same_sentence,"Notes on Barygaza’s Trade 139 denarius did come from India, it may have been imported from Barygaza in the form of local currency and used to pay customs duties in Egypt.",apa-IndOc-Gulf-Barygaza-Romanis2025,19,,
barygaza,Barygaza (Bharuch),anchor,Gujarat,21.7000,72.9900,roman_coin,Roman coin,coin,,,,,Y,within_1,"If silver punch-marked coins did contribute to the issue of denarii in the last years of Tiberius, then the import of Indian currency may not have been insignificant during the time between the last years of Tiberius and the writing of the Periplus—an interval that may have ranged from a few years up to several decades.",apa-IndOc-Gulf-Barygaza-Romanis2025,19,,
barygaza,Barygaza (Bharuch),anchor,Gujarat,21.7000,72.9900,roman_coin,Roman coin,coin,,,,,Y,within_2,"Of course, such an unusual source of silver in a period not too far removed from Curtius Rufus’ ornamenta triumphalia would seem to support the desperate Roman search for silver to mint.89 3) The few Roman coins found within or near the borders of Nahapāna’s kingdom are much later than the first century CE.90 Warmington, Turner, and McDowall have suggested that Roman denarii exported at the time of the Periplus were melted down to make Nahapāna’s silver coins.91 However, this hypothesis is difficult to reconcile with the Periplus account of Roman coins being exchanged for local currency at a p",apa-IndOc-Gulf-Barygaza-Romanis2025,19,,
barygaza,Barygaza (Bharuch),anchor,Gujarat,21.7000,72.9900,roman_coin,Roman coin,coin,,,,,,same_sentence,An alternative suggestion is that denarii and aurei were used by Indian traders from Barygaza for their own trade in the subcontinent.,apa-IndOc-Gulf-Barygaza-Romanis2025,19,,
barygaza,Barygaza (Bharuch),anchor,Gujarat,21.7000,72.9900,roman_coin,Roman coin,coin,,,,,,same_sentence,"For example, the Augustan and Tiberian denarii and aurei found at Adam, the Julio-Claudian denarii found at Akkenpalle (more than 1,500, from Augustus to Nero, but mostly Augustan and Tiberian), and other Roman coins found in Telangana, Andhra Pradesh, Tamil Nadu, and Kerala may have entered India via Barygaza.92 89 Tac.",apa-IndOc-Gulf-Barygaza-Romanis2025,19,,
alagankulam,Alagankulam,comparandum,Coromandel,9.3600,79.0200,roman_coin,Roman coin,coin,,,,,,within_1,"Excavations at this site have brought to light fragments of imported amphorae, a large quantity of rouletted ware sherds, stamped pottery and Roman coins of Vallentine (383-395 CE), Theodosius I (383-393 CE) and Arcadius I (395-480 CE), along with a variety of local pottery and antiquities.",apa-IndOc-Gulf-India-Dayalan2019,6,,
arikamedu,Arikamedu,anchor,Coromandel,11.9000,79.8200,bead,Bead (glass or stone),small_find,,,,,,within_1,"In 1937, the historical importance of the site and its connection with the Roman Empire was recognised for the first time after Gabriel Jouveau- Dubreuil collected from here some beads and gems, one of them with the head of Augustus in intaglio. 55 Subsequently, scholars and amateur archaeologists from the Ecole Francaise de Extreme-Orient, Hanoi Museum, Madras Museum and others visited the site and undertook explorations and excavations.",apa-IndOc-Gulf-India-Dayalan2019,12,,
arikamedu,Arikamedu,anchor,Coromandel,11.9000,79.8200,intaglio,Intaglio / gem,small_find,,,,,,within_1,"In 1937, the historical importance of the site and its connection with the Roman Empire was recognised for the first time after Gabriel Jouveau- Dubreuil collected from here some beads and gems, one of them with the head of Augustus in intaglio. 55 Subsequently, scholars and amateur archaeologists from the Ecole Francaise de Extreme-Orient, Hanoi Museum, Madras Museum and others visited the site and undertook explorations and excavations.",apa-IndOc-Gulf-India-Dayalan2019,12,,
arikamedu,Arikamedu,anchor,Coromandel,11.9000,79.8200,its,Italian Sigillata,mediterranean_fineware,,,,,,within_1,"The Arretine ware, produced at Arezzo in Italy, belongs to the terra sigillata (stamped pottery) category as some of it is decorated with a stamped mould.",apa-IndOc-Gulf-India-Dayalan2019,13,,
arikamedu,Arikamedu,anchor,Coromandel,11.9000,79.8200,sigillata_unspec,Sigillata (unspecified),mediterranean_fineware,,,,,,within_1,"The Arretine ware, produced at Arezzo in Italy, belongs to the terra sigillata (stamped pottery) category as some of it is decorated with a stamped mould.",apa-IndOc-Gulf-India-Dayalan2019,13,,
arikamedu,Arikamedu,anchor,Coromandel,11.9000,79.8200,sigillata_unspec,Sigillata (unspecified),mediterranean_fineware,,,,,,within_2,Terra sigillata pottery is believed to have originated in the eastern Mediterranean area.,apa-IndOc-Gulf-India-Dayalan2019,13,,
arikamedu,Arikamedu,anchor,Coromandel,11.9000,79.8200,its,Italian Sigillata,mediterranean_fineware,,,,,,same_sentence,"Some of the Arretine ware found at Arikamedu has the stamping VIBII (VIBIE or VIBIF), CAMVRI and ITTA.61 Large number of sherds of amphorae of a Mediterranean type were found in Arikamedu.",apa-IndOc-Gulf-India-Dayalan2019,13,,
arikamedu,Arikamedu,anchor,Coromandel,11.9000,79.8200,bead,Bead (glass or stone),small_find,,,,,,same_sentence,The large number of beads and bead waste found in excavations at Arikamedu indicates that this site was an important centre of stone as well as glass bead making industry.,apa-IndOc-Gulf-India-Dayalan2019,14,,
arikamedu,Arikamedu,anchor,Coromandel,11.9000,79.8200,bead,Bead (glass or stone),small_find,,,,,,same_sentence,Some of the beads both of stone and glass found in Southeast Asian countries reveal a striking similarity with beads manufactured at Arikamedu.,apa-IndOc-Gulf-India-Dayalan2019,14,,
vasavasamudram,Vasavasamudram,comparandum,Coromandel,12.2400,80.1500,roman_amphora_unspec,Roman amphora (unspecified type),mediterranean_amphora,,,,,Y,same_sentence,"A few Mediterranean amphora fragments have also been found at a coastal place called Vasavasamudram not far from Mamallapuram.69 In addition, there is some epigraphical and literary evidence to prove that the Pallava kings had active contacts across the seas, cordial as well as inimical, with foreign countries like Ceylon, China and the Southeast Asian countries.",apa-IndOc-Gulf-India-Dayalan2019,15,,
mantai,Mantai,comparandum,Sri Lanka,8.9800,79.9800,bead,Bead (glass or stone),small_find,,,,,,same_sentence,"The glass beads of Sembiran resemble south Indian samples.75 Similarly, the beads reported from Ridiyagama and Mantai in Sri Lanka, Ban Khuan Luk Pat in Thailand, Oc-Eo in Vietnam, and Kuala Selinsing in Malaysia appear to have been imported from India.76 The finding of agate and carnelian beads at Ban Don Ta Phet, Thailand, indicates the earliest maritime contacts between India and Southeast Asia in the BCE.77 Motupalli Motupalli (15o 43’ N; 80o 17’ E), another less known seaport of the medieval period, located to the north of Kottapatnam in Andhra Pradesh, has an interesting inscription spea",apa-IndOc-Gulf-India-Dayalan2019,17,,
mantai,Mantai,comparandum,Sri Lanka,8.9800,79.9800,rouletted_ware,Rouletted Ware (Wheeler Type 1),indian_fineware,,,,,Y,within_2,"Viswas Gogte, “The Chandraketugarh-Tamluk Region of Bengal: Source of the Early Historic Rouletted Ware from India and Southeast Asia,” Man and Environment 22, no. 1 (1997): 69-85;",apa-IndOc-Gulf-India-Dayalan2019,17,,
chandraketugarh,Chandraketugarh,comparandum,Ganges delta,22.6800,88.6800,rouletted_ware,Rouletted Ware (Wheeler Type 1),indian_fineware,,,,,Y,same_sentence,"Viswas Gogte, “The Chandraketugarh-Tamluk Region of Bengal: Source of the Early Historic Rouletted Ware from India and Southeast Asia,” Man and Environment 22, no. 1 (1997): 69-85;",apa-IndOc-Gulf-India-Dayalan2019,17,,
tamluk,Tamluk,comparandum,Ganges delta,22.3000,87.9200,rouletted_ware,Rouletted Ware (Wheeler Type 1),indian_fineware,,,,,Y,same_sentence,"Viswas Gogte, “The Chandraketugarh-Tamluk Region of Bengal: Source of the Early Historic Rouletted Ware from India and Southeast Asia,” Man and Environment 22, no. 1 (1997): 69-85;",apa-IndOc-Gulf-India-Dayalan2019,17,,
chandraketugarh,Chandraketugarh,comparandum,Ganges delta,22.6800,88.6800,rouletted_ware,Rouletted Ware (Wheeler Type 1),indian_fineware,,,,,Y,same_sentence,"Gogte, Viswas D. “The Chandraketugarh-Tamluk Region of Bengal: Source of the Early Historic Rouletted Ware from India and Southeast Asia.” Man and Environment 22, no. 1 (1997): 69-85.",apa-IndOc-Gulf-India-Dayalan2019,30,,
tamluk,Tamluk,comparandum,Ganges delta,22.3000,87.9200,rouletted_ware,Rouletted Ware (Wheeler Type 1),indian_fineware,,,,,Y,same_sentence,"Gogte, Viswas D. “The Chandraketugarh-Tamluk Region of Bengal: Source of the Early Historic Rouletted Ware from India and Southeast Asia.” Man and Environment 22, no. 1 (1997): 69-85.",apa-IndOc-Gulf-India-Dayalan2019,30,,
myos_hormos,Myos Hormos (Quseir al-Qadim),anchor,Egyptian Red Sea,26.1567,34.2417,teak,Teak / Indian timber,organic,,,,,,within_2,"Of all the species identiﬁ ed a few were from East Africa, however, the majority were made of teak from India.",apa-IndOc-Gulf-India-Tomber2010,9,,
berenike,Berenike,anchor,Egyptian Red Sea,23.9106,35.4761,teak,Teak / Indian timber,organic,,,,,,within_1,"Of all the species identiﬁ ed a few were from East Africa, however, the majority were made of teak from India.",apa-IndOc-Gulf-India-Tomber2010,9,,
berenike,Berenike,anchor,Egyptian Red Sea,23.9106,35.4761,teak,Teak / Indian timber,organic,,,,,,within_2,"Thus, it would seem that ships operating in the Indian Ocean during the Roman Imperial period were constructed and rigged in the Greco-Roman style, but in some cases at least with Indian teak.",apa-IndOc-Gulf-India-Tomber2010,9,,
barygaza,Barygaza (Bharuch),anchor,Gujarat,21.7000,72.9900,teak,Teak / Indian timber,organic,,,,,,same_sentence,"Again, the PME (36, 48) refers to the export of teak and ‘a considerable amount of cloth of ordinary quality’ from, amongst others, the port of Barygaza in north-west India (Casson 1989: 73, 81;",apa-IndOc-Gulf-India-Tomber2010,9,,
barygaza,Barygaza (Bharuch),anchor,Gujarat,21.7000,72.9900,teak,Teak / Indian timber,organic,,,,,,within_1,"The ﬁ nal scenario is that perhaps some of the vessels involved with trade between the Red Sea and India were constructed in India either by ‘Roman’ shipwrights or Indian craftsmen, using Indian teak for the hull and rigging components, and had sails made from Indian cotton.",apa-IndOc-Gulf-India-Tomber2010,9,,
barygaza,Barygaza (Bharuch),anchor,Gujarat,21.7000,72.9900,teak,Teak / Indian timber,organic,,,,,Y,within_2,"After AD 878 when direct trade links with China were severed, ‘Indian ports such as Cochin, Calicut and Cannanore became even more frequently used by Arabian Ocean going ships not just, as had long been customary, to collect teak and benteak from the forests of the Malabar Coast for the construction of their ships (there being no suitable trees available anywhere in Arabia)…’ (Boxhall 1989: 292).",apa-IndOc-Gulf-India-Tomber2010,9,,
kodungallur,Kodungallur / Cranganore,candidate,Kerala,10.2200,76.2000,roman_pottery_unspec,Roman pottery (unspecified),mediterranean_unspecified,,,,,,within_2,"However, distance measurements provided in the Periplus, coastal geomorphological studies, and the presence of Roman wares at Pattanam provide stronger corroboration that instead Pattanam may be identiﬁ ed as Muziris (see also Shajan et al 2004).",apa-IndOc-Gulf-India-Tomber2010,15,,
pattanam,Pattanam,anchor,Kerala,10.1530,76.2070,roman_pottery_unspec,Roman pottery (unspecified),mediterranean_unspecified,,,,,,same_sentence,"However, distance measurements provided in the Periplus, coastal geomorphological studies, and the presence of Roman wares at Pattanam provide stronger corroboration that instead Pattanam may be identiﬁ ed as Muziris (see also Shajan et al 2004).",apa-IndOc-Gulf-India-Tomber2010,15,,
pattanam,Pattanam,anchor,Kerala,10.1530,76.2070,roman_amphora_unspec,Roman amphora (unspecified type),mediterranean_amphora,,,,,,same_sentence,"The discovery of Roman amphora fragments and other non-local wares at Pattanam (Tomber 2005) supports the assertion that Pattanam was a port site engaged in trade with the Roman empire, whose merchant-sailors actively sought valued spices such as Malabar pepper (Casson 1986;",apa-IndOc-Gulf-India-Tomber2010,18,,
arikamedu,Arikamedu,anchor,Coromandel,11.9000,79.8200,rouletted_ware,Rouletted Ware (Wheeler Type 1),indian_fineware,,,,,,same_sentence,"Compatibility will be an important reason for choosing XRD, especially for sherds identiﬁ ed as Rouletted ware, which have undergone similar examination from Arikamedu and other sites (Gogte 1997;",apa-IndOc-Gulf-India-Tomber2010,19,,
pattanam,Pattanam,anchor,Kerala,10.1530,76.2070,rouletted_ware,Rouletted Ware (Wheeler Type 1),indian_fineware,,,,,,within_1,"A question of particular interest is the range, distribution, and densities of non-local wares such as Rouletted ware, Roman amphorae, and West Asian ceramics.",apa-IndOc-Gulf-India-Tomber2010,20,,
pattanam,Pattanam,anchor,Kerala,10.1530,76.2070,roman_amphora_unspec,Roman amphora (unspecified type),mediterranean_amphora,,,,,,within_1,"A question of particular interest is the range, distribution, and densities of non-local wares such as Rouletted ware, Roman amphorae, and West Asian ceramics.",apa-IndOc-Gulf-India-Tomber2010,20,,
pattanam,Pattanam,anchor,Kerala,10.1530,76.2070,bead,Bead (glass or stone),small_find,1,bead,exact,14,,same_sentence,"A small number of beads were also found, including one carnelian bead blank, perhaps an indication of craft production at Pattanam.",apa-IndOc-Gulf-India-Tomber2010,21,reject,"one carnelian bead blank; presence, not a count"
pattanam,Pattanam,anchor,Kerala,10.1530,76.2070,rouletted_ware,Rouletted Ware (Wheeler Type 1),indian_fineware,,,,,,same_sentence,"What was intriguing in this context was that despite the discovery of characteristic Indian ceramics, including Rouletted ware, in regions as far as Egypt in the West (Tomber 2000) and Indonesia in the East (Walker and Santoso 1977), Kerala has drawn a blank for such material remains, until the identiﬁ cation of Pattanam.",apa-IndOc-Gulf-India-Tomber2010,29,,
pattanam,Pattanam,anchor,Kerala,10.1530,76.2070,roman_coin,Roman coin,coin,,,,,,same_sentence,"ARCHAEOLOGICAL EVIDENCE The importance of Pattanam as a settlement site, unlike the non-occupation (Megalithic burial and coin hoard) sites mentioned above, cannot be overstated.",apa-IndOc-Gulf-India-Tomber2010,32,,
pattanam,Pattanam,anchor,Kerala,10.1530,76.2070,rouletted_ware,Rouletted Ware (Wheeler Type 1),indian_fineware,,,,,,within_2,"Imported Roman amphorae and Rouletted and related ﬁ ne wares, beads of glass and semi-precious stones and nail fragments occur in this cultural period.",apa-IndOc-Gulf-India-Tomber2010,34,,
pattanam,Pattanam,anchor,Kerala,10.1530,76.2070,roman_amphora_unspec,Roman amphora (unspecified type),mediterranean_amphora,,,,,,within_2,"Imported Roman amphorae and Rouletted and related ﬁ ne wares, beads of glass and semi-precious stones and nail fragments occur in this cultural period.",apa-IndOc-Gulf-India-Tomber2010,34,,
pattanam,Pattanam,anchor,Kerala,10.1530,76.2070,bead,Bead (glass or stone),small_find,,,,,,within_2,"Imported Roman amphorae and Rouletted and related ﬁ ne wares, beads of glass and semi-precious stones and nail fragments occur in this cultural period.",apa-IndOc-Gulf-India-Tomber2010,34,,
pattanam,Pattanam,anchor,Kerala,10.1530,76.2070,dressel_2_4,Dressel 2-4 amphora,mediterranean_amphora,,,,,,within_1,"The most readily identiﬁ ed of these is a wine amphora with a double-rod handle, carinated shoulder, bead rim and peg base, known as the Dressel 2–4 amphora (Peacock and Williams 1986: 105–6, Class 10; see also Tomber this volume).",apa-IndOc-Gulf-India-Tomber2010,35,,
pattanam,Pattanam,anchor,Kerala,10.1530,76.2070,bead,Bead (glass or stone),small_find,,,,,,within_1,"The most readily identiﬁ ed of these is a wine amphora with a double-rod handle, carinated shoulder, bead rim and peg base, known as the Dressel 2–4 amphora (Peacock and Williams 1986: 105–6, Class 10; see also Tomber this volume).",apa-IndOc-Gulf-India-Tomber2010,35,,
pattanam,Pattanam,anchor,Kerala,10.1530,76.2070,mes_glazed,Mesopotamian Glazed Ware,mesopotamian,,,,,,within_2,About 10 sherds of turquoise (blue/green) alkaline glazed ware of West Asian origin (Kennet 2004: 29–30) were collected from the surface as well as in the trenches.,apa-IndOc-Gulf-India-Tomber2010,35,,
pattanam,Pattanam,anchor,Kerala,10.1530,76.2070,rouletted_ware,Rouletted Ware (Wheeler Type 1),indian_fineware,,,,,,same_sentence,Rouletted ware and other ﬁ ne wares are the characteristic Early Historic ceramics from Pattanam.,apa-IndOc-Gulf-India-Tomber2010,35,,
arikamedu,Arikamedu,anchor,Coromandel,11.9000,79.8200,rouletted_ware,Rouletted Ware (Wheeler Type 1),indian_fineware,3,sherds,exact,77,,same_sentence,"fragments of Rouletted ware and related ﬁ ne wares have been recovered from the trenches: three rim sherds clearly resemble Type 1 from Arikamedu (Wheeler et al 1946: 45–9, ﬁ gure 12); the remainder (30+) are tiny body sherds.",apa-IndOc-Gulf-India-Tomber2010,36,reject,"the three rim sherds are from Pattanam, compared to Arikamedu Type 1"
arikamedu,Arikamedu,anchor,Coromandel,11.9000,79.8200,rouletted_ware,Rouletted Ware (Wheeler Type 1),indian_fineware,,,,,,within_1,"When ﬁ rst identiﬁ ed in India, Rouletted ware was considered non-local in origin (ibid: 45).",apa-IndOc-Gulf-India-Tomber2010,36,,
arikamedu,Arikamedu,anchor,Coromandel,11.9000,79.8200,bead,Bead (glass or stone),small_find,,,,,Y,within_1,"Francis 2006: 458, ﬁ gure 7.10) have not been recovered from the limited digging and surface collection at Pattanam, and at present it appears that it was not a glass bead manufacturing centre.",apa-IndOc-Gulf-India-Tomber2010,36,,
pattanam,Pattanam,anchor,Kerala,10.1530,76.2070,bead,Bead (glass or stone),small_find,,,,,Y,same_sentence,"Francis 2006: 458, ﬁ gure 7.10) have not been recovered from the limited digging and surface collection at Pattanam, and at present it appears that it was not a glass bead manufacturing centre.",apa-IndOc-Gulf-India-Tomber2010,36,,
pattanam,Pattanam,anchor,Kerala,10.1530,76.2070,roman_pottery_unspec,Roman pottery (unspecified),mediterranean_unspecified,,,,,,within_1,"Firstly, this is the only settlement to produce Roman ceramic materials from primary contexts in Kerala.",apa-IndOc-Gulf-India-Tomber2010,37,,
pattanam,Pattanam,anchor,Kerala,10.1530,76.2070,bead,Bead (glass or stone),small_find,,,,,,same_sentence,"The ﬁ ndings such as the brick-built warehouse, dug-out canoe, a wharf with wooden posts for securing canoes and the large quantity of organic remains, glass beads, amphorae and other artefacts point to the importance of Pattanam as an important hub in the Indian Ocean trade network.",apa-IndOc-Gulf-India-Tomber2010,38,,
arikamedu,Arikamedu,anchor,Coromandel,11.9000,79.8200,rouletted_ware,Rouletted Ware (Wheeler Type 1),indian_fineware,,,,,,same_sentence,"The ﬁ rst, Rouletted or chattered ware (RW) so designated by the decoration on the base of platters is also known as Wheeler 1 from the 1946 Arikamedu typology (Wheeler et al 1946: 45–9, ﬁ gure 12).",apa-IndOc-Gulf-India-Tomber2010,42,,
chandraketugarh,Chandraketugarh,comparandum,Ganges delta,22.6800,88.6800,rouletted_ware,Rouletted Ware (Wheeler Type 1),indian_fineware,,,,,,within_2,"Roman red-slipped wares may be decorated with rouletting, but the occurrence of red-slipped wares in India post-dates the ﬁ rst production of RW and Salles (2002: 197–9) has instead suggested a Seleucid inspiration from Mesopotamia and the Persian Gulf.",apa-IndOc-Gulf-India-Tomber2010,43,,
tamluk,Tamluk,comparandum,Ganges delta,22.3000,87.9200,rouletted_ware,Rouletted Ware (Wheeler Type 1),indian_fineware,,,,,,within_2,"Roman red-slipped wares may be decorated with rouletting, but the occurrence of red-slipped wares in India post-dates the ﬁ rst production of RW and Salles (2002: 197–9) has instead suggested a Seleucid inspiration from Mesopotamia and the Persian Gulf.",apa-IndOc-Gulf-India-Tomber2010,43,,
arikamedu,Arikamedu,anchor,Coromandel,11.9000,79.8200,roman_amphora_unspec,Roman amphora (unspecified type),mediterranean_amphora,,,,,,within_1,"Since many Roman amphorae are well-dated and well-provenanced they, as recognised by Indian scholars (eg Gupta 1993, 2002;",apa-IndOc-Gulf-India-Tomber2010,43,,
nevasa,Nevasa,comparandum,Deccan interior,19.5500,74.9300,roman_amphora_unspec,Roman amphora (unspecified type),mediterranean_amphora,,,,,,within_1,"Since many Roman amphorae are well-dated and well-provenanced they, as recognised by Indian scholars (eg Gupta 1993, 2002;",apa-IndOc-Gulf-India-Tomber2010,43,,
kanchipuram,Kanchipuram,comparandum,Tamil interior,12.8300,79.7000,wheeler_74_75,Wheeler Type 74/5 conical amphora,indian_amphora,,,,,,within_1,"Wheeler identiﬁ ed them at Arikamedu and as a result they are frequently referred to by his nomenclature as Wheeler Type 74 or 75 (Wheeler et al 1946: 77, ﬁ gure 29).",apa-IndOc-Gulf-India-Tomber2010,43,,
arikamedu,Arikamedu,anchor,Coromandel,11.9000,79.8200,wheeler_74_75,Wheeler Type 74/5 conical amphora,indian_amphora,,,,,,same_sentence,"Wheeler identiﬁ ed them at Arikamedu and as a result they are frequently referred to by his nomenclature as Wheeler Type 74 or 75 (Wheeler et al 1946: 77, ﬁ gure 29).",apa-IndOc-Gulf-India-Tomber2010,43,,
arikamedu,Arikamedu,anchor,Coromandel,11.9000,79.8200,rouletted_ware,Rouletted Ware (Wheeler Type 1),indian_fineware,,,,,Y,within_2,"IMPORTED AMPHORAE IN INDIA Unlike RW or RPW, which can universally be regarded as indigenous, amphorae provide a more complex situation for not only are some of them locally produced as outlined above, but imported ones represent a wide variety of source areas and vessel forms, which in the Indian context span between approximately the 2/1st century BC and early 7th century AD.",apa-IndOc-Gulf-India-Tomber2010,43,,
pattanam,Pattanam,anchor,Kerala,10.1530,76.2070,rouletted_ware,Rouletted Ware (Wheeler Type 1),indian_fineware,,,,,Y,within_1,"IMPORTED AMPHORAE IN INDIA Unlike RW or RPW, which can universally be regarded as indigenous, amphorae provide a more complex situation for not only are some of them locally produced as outlined above, but imported ones represent a wide variety of source areas and vessel forms, which in the Indian context span between approximately the 2/1st century BC and early 7th century AD.",apa-IndOc-Gulf-India-Tomber2010,43,,
arikamedu,Arikamedu,anchor,Coromandel,11.9000,79.8200,rpw,Red Polished Ware,indian_fineware,,,,,Y,within_2,"IMPORTED AMPHORAE IN INDIA Unlike RW or RPW, which can universally be regarded as indigenous, amphorae provide a more complex situation for not only are some of them locally produced as outlined above, but imported ones represent a wide variety of source areas and vessel forms, which in the Indian context span between approximately the 2/1st century BC and early 7th century AD.",apa-IndOc-Gulf-India-Tomber2010,43,,
pattanam,Pattanam,anchor,Kerala,10.1530,76.2070,rpw,Red Polished Ware,indian_fineware,,,,,Y,within_1,"IMPORTED AMPHORAE IN INDIA Unlike RW or RPW, which can universally be regarded as indigenous, amphorae provide a more complex situation for not only are some of them locally produced as outlined above, but imported ones represent a wide variety of source areas and vessel forms, which in the Indian context span between approximately the 2/1st century BC and early 7th century AD.",apa-IndOc-Gulf-India-Tomber2010,43,,
arikamedu,Arikamedu,anchor,Coromandel,11.9000,79.8200,koan,Koan amphora,mediterranean_amphora,,,,,,same_sentence,"Will (1996, 2004b) has identiﬁ ed Koan amphorae in some numbers at Arikamedu.",apa-IndOc-Gulf-India-Tomber2010,46,,
arikamedu,Arikamedu,anchor,Coromandel,11.9000,79.8200,dressel_2_4,Dressel 2-4 amphora,mediterranean_amphora,,,,,,within_1,"Like the Koan, the main function of Dressel 2–4 amphorae was as a wine container.",apa-IndOc-Gulf-India-Tomber2010,46,,
arikamedu,Arikamedu,anchor,Coromandel,11.9000,79.8200,koan,Koan amphora,mediterranean_amphora,,,,,,within_1,"Like the Koan, the main function of Dressel 2–4 amphorae was as a wine container.",apa-IndOc-Gulf-India-Tomber2010,46,,
arikamedu,Arikamedu,anchor,Coromandel,11.9000,79.8200,dressel_2_4,Dressel 2-4 amphora,mediterranean_amphora,,,,,,within_2,"The Dressel 2–4 seems to have been particularly associated with wines made from the Aminean grape, renowned from Campania (incorporating the region around Mt Vesuvius/the Bay of Naples) but also commonly grown in central Italy, Bruttium, Sicily, Spain and Syria (Rathbone 1983: 85).",apa-IndOc-Gulf-India-Tomber2010,46,,
myos_hormos,Myos Hormos (Quseir al-Qadim),anchor,Egyptian Red Sea,26.1567,34.2417,roman_coin,Roman coin,coin,,,,,,same_sentence,"And it was in Epeiph 28th AD 62 that 3 ¼ talents – probably in Roman coins – were delivered in Myos Hormos, apparently for export to India44.",apa-IndOc-Gulf-IndiaTrade-Romanis2013,19,,
myos_hormos,Myos Hormos (Quseir al-Qadim),anchor,Egyptian Red Sea,26.1567,34.2417,roman_coin,Roman coin,coin,,,,,Y,within_1,"As for the denarius with the Vespasian countermark, regardless of when and where it joined the other pieces of the Budinatham hoard45, it is clear that the coin was selected to be sent to India not because it was generically pre–reform, but because it was of a type already widely known and accepted in India long before the Budinatham piece crossed the ocean46.",apa-IndOc-Gulf-IndiaTrade-Romanis2013,19,,
myos_hormos,Myos Hormos (Quseir al-Qadim),anchor,Egyptian Red Sea,26.1567,34.2417,roman_coin,Roman coin,coin,,,,,,within_2,"Therefore, the CL CAESARES denarii must have first been 171 39 Periplus Maris Erythraei 49. 40 A terracotta mould with the reverse of the Tiberius PONTIF MAXIM type has been found next to a kiln in Talkad: NARASIMHA MURTHY/DEVARAJ 1995.",apa-IndOc-Gulf-IndiaTrade-Romanis2013,19,,
pattanam,Pattanam,anchor,Kerala,10.1530,76.2070,roman_pottery_unspec,Roman pottery (unspecified),mediterranean_unspecified,,,,,,same_sentence,"Both the author of the Periplus Maris Erythraei and Pliny make special mention of Kuṭṭanādu—Κοτταναρική/Cottonara regio, the lowlands close to the southern part of Vembanad Lake—the former as the land where pepper grows abundantly and the latter as the region from where pepper is conveyed.52 Neither 49 Very likely, it included the area of the Pattanam archaeological site, whose excavations have revealed Roman pottery and artifacts: Shajan, Tomber, Selvakumar, and Cherian 2004.",apa-IndOc-Gulf-IndiaTrade-Romanis2015,19,,
arikamedu,Arikamedu,anchor,Coromandel,11.9000,79.8200,intaglio,Intaglio / gem,small_find,,,,,,within_1,"Among them was an intaglio engraved with the portrait of the ﬁrst Roman emperor, Augustus (27 BC–AD 14) (Begley et al. 1996, pp. 2–3;",apa-IndOc-Gulf-IndianOcean-Seland2014,3,,
arikamedu,Arikamedu,anchor,Coromandel,11.9000,79.8200,rouletted_ware,Rouletted Ware (Wheeler Type 1),indian_fineware,,,,,,same_sentence,"The widely distributed Rouletted Ware, ﬁrst identiﬁed at Arikamedu but since found at approximately 150 sites, including at least 11 outside South Asia (Schenk 2006, pp. 142–146), was originally interpreted as strongly inspired by Mediterranean patterns (Wheeler et al. 1946).",apa-IndOc-Gulf-IndianOcean-Seland2014,5,,
arikamedu,Arikamedu,anchor,Coromandel,11.9000,79.8200,bead,Bead (glass or stone),small_find,,,,,,within_2,"Along with locally produced pottery and beads, ﬁnds include building structures, a wharf, a log boat, imported Mediterranean glass, Fig. 2 South Asian sites and places mentioned in the text (map drawn by author, base map © ESRI 2013, used with permission) J Archaeol Res 123",apa-IndOc-Gulf-IndianOcean-Seland2014,6,,
pattanam,Pattanam,anchor,Kerala,10.1530,76.2070,bead,Bead (glass or stone),small_find,,,,,,within_1,"Along with locally produced pottery and beads, ﬁnds include building structures, a wharf, a log boat, imported Mediterranean glass, Fig. 2 South Asian sites and places mentioned in the text (map drawn by author, base map © ESRI 2013, used with permission) J Archaeol Res 123",apa-IndOc-Gulf-IndianOcean-Seland2014,6,,
aila,Aila (Aqaba),comparandum,Northern Red Sea,29.5200,35.0000,aila,Aila (Aqaba) amphora,mediterranean_amphora,,,,,,same_sentence,"Specimens of Sassanian-period (AD 224–651) torpedo jars from Mesopotamia, late Roman (ﬁfth to seventh centuries) Aila/Aqaba amphorae, glazed Partho-Sassanian pottery, and sherds of probable South Arabian origin also are reported (Cherian 2011;",apa-IndOc-Gulf-IndianOcean-Seland2014,7,,
aila,Aila (Aqaba),comparandum,Northern Red Sea,29.5200,35.0000,torpedo_jar,Torpedo jar,mesopotamian,,,,,,same_sentence,"Specimens of Sassanian-period (AD 224–651) torpedo jars from Mesopotamia, late Roman (ﬁfth to seventh centuries) Aila/Aqaba amphorae, glazed Partho-Sassanian pottery, and sherds of probable South Arabian origin also are reported (Cherian 2011;",apa-IndOc-Gulf-IndianOcean-Seland2014,7,,
pattanam,Pattanam,anchor,Kerala,10.1530,76.2070,torpedo_jar,Torpedo jar,mesopotamian,,,,,,within_1,"By 2008, evidence of commercial contacts with the Red Sea and the Persian Gulf had been recorded from 36 sites in the form of Roman and late Roman amphorae and Mesopotamian torpedo jars (Tomber 2007b, 2008, pp. 126–127, 176).",apa-IndOc-Gulf-IndianOcean-Seland2014,7,,
pattanam,Pattanam,anchor,Kerala,10.1530,76.2070,roman_amphora_unspec,Roman amphora (unspecified type),mediterranean_amphora,,,,,,within_1,"By 2008, evidence of commercial contacts with the Red Sea and the Persian Gulf had been recorded from 36 sites in the form of Roman and late Roman amphorae and Mesopotamian torpedo jars (Tomber 2007b, 2008, pp. 126–127, 176).",apa-IndOc-Gulf-IndianOcean-Seland2014,7,,
tissamaharama,Tissamaharama,comparandum,Sri Lanka,6.2800,81.2900,torpedo_jar,Torpedo jar,mesopotamian,,,,,,same_sentence,"Mesopotamian torpedo jars of the Sassanian period are documented from a number of sites on the Indian subcontinent (Tomber 2007b), and Parthian pottery has been found in stratiﬁed settings in Tissamaharama, Sri Lanka (Schenk 2007).",apa-IndOc-Gulf-IndianOcean-Seland2014,9,,
socotra,Socotra,comparandum,Arabian Sea,12.5000,53.9000,frankincense,Frankincense,organic,,,,,,within_1,The region was a main supplier of frankincense and myrrh.,apa-IndOc-Gulf-IndianOcean-Seland2014,10,,
sumhuram,Sumhuram (Khor Rori),anchor,South Arabia,17.0400,54.4300,frankincense,Frankincense,organic,,,,,,same_sentence,Khor Rori (ancient Sumhuram) was originally excavated by the American Foundation for the Study of Man in the 1950s and was long interpreted as an outpost established and maintained by the kingdom of Hadramawt for the control of the frankincense trade with the Roman world (Albright 1982).,apa-IndOc-Gulf-IndianOcean-Seland2014,10,,
qana,Qana / Kane,anchor,South Arabia,14.0167,48.3200,frankincense,Frankincense,organic,,,,,,within_1,Khor Rori (ancient Sumhuram) was originally excavated by the American Foundation for the Study of Man in the 1950s and was long interpreted as an outpost established and maintained by the kingdom of Hadramawt for the control of the frankincense trade with the Roman world (Albright 1982).,apa-IndOc-Gulf-IndianOcean-Seland2014,10,,
sumhuram,Sumhuram (Khor Rori),anchor,South Arabia,17.0400,54.4300,frankincense,Frankincense,organic,,,,,Y,same_sentence,"Nevertheless, the importance of frankincense production and trade for ancient Sumhuram has never been doubted (Avanzini 2002, 2008).",apa-IndOc-Gulf-IndianOcean-Seland2014,10,,
qana,Qana / Kane,anchor,South Arabia,14.0167,48.3200,frankincense,Frankincense,organic,,,,,,within_1,"The site likely was the main port of the early South Arabian kingdom of Hadramawt, which was arguably the main supplier of frankincense in the ancient world.",apa-IndOc-Gulf-IndianOcean-Seland2014,10,,
socotra,Socotra,comparandum,Arabian Sea,12.5000,53.9000,frankincense,Frankincense,organic,,,,,,same_sentence,"Sedov connects the foundation and existence of Qana with the Hadramawti key role as a supplier of frankincense from South Arabia and Socotra in the monsoon trade with the Mediterranean, India, and the Persian Gulf (Sedov 2010b, pp. 453–454).",apa-IndOc-Gulf-IndianOcean-Seland2014,10,,
qana,Qana / Kane,anchor,South Arabia,14.0167,48.3200,frankincense,Frankincense,organic,,,,,,same_sentence,"Sedov connects the foundation and existence of Qana with the Hadramawti key role as a supplier of frankincense from South Arabia and Socotra in the monsoon trade with the Mediterranean, India, and the Persian Gulf (Sedov 2010b, pp. 453–454).",apa-IndOc-Gulf-IndianOcean-Seland2014,10,,
socotra,Socotra,comparandum,Arabian Sea,12.5000,53.9000,frankincense,Frankincense,organic,,,,,,same_sentence,"Socotra is home to such plants as aloe, Dragon’s blood (Dracaena cinnabari), and frankincense (genus Boswellia, several species) (Cheung et al. 2006, pp. 87–90).",apa-IndOc-Gulf-IndianOcean-Seland2014,11,,
sumhuram,Sumhuram (Khor Rori),anchor,South Arabia,17.0400,54.4300,aila,Aila (Aqaba) amphora,mediterranean_amphora,,,,,,within_2,"Imported late Roman Aila/Aqaba amphorae are reported from the German excavations at the Himyarite highland capital of Zafar (Damgaard 2009, pp. 87–88;",apa-IndOc-Gulf-IndianOcean-Seland2014,12,,
socotra,Socotra,comparandum,Arabian Sea,12.5000,53.9000,aila,Aila (Aqaba) amphora,mediterranean_amphora,,,,,,within_2,"Imported late Roman Aila/Aqaba amphorae are reported from the German excavations at the Himyarite highland capital of Zafar (Damgaard 2009, pp. 87–88;",apa-IndOc-Gulf-IndianOcean-Seland2014,12,,
qana,Qana / Kane,anchor,South Arabia,14.0167,48.3200,aila,Aila (Aqaba) amphora,mediterranean_amphora,,,,,,within_2,"Imported late Roman Aila/Aqaba amphorae are reported from the German excavations at the Himyarite highland capital of Zafar (Damgaard 2009, pp. 87–88;",apa-IndOc-Gulf-IndianOcean-Seland2014,12,,
aila,Aila (Aqaba),comparandum,Northern Red Sea,29.5200,35.0000,aila,Aila (Aqaba) amphora,mediterranean_amphora,,,,,,same_sentence,"Imported late Roman Aila/Aqaba amphorae are reported from the German excavations at the Himyarite highland capital of Zafar (Damgaard 2009, pp. 87–88;",apa-IndOc-Gulf-IndianOcean-Seland2014,12,,
adulis,Adulis,anchor,East African Red Sea,15.2617,39.6600,aila,Aila (Aqaba) amphora,mediterranean_amphora,,,,,,same_sentence,"Near the island of Black Assarca, off the coast and north of Adulis, the recovery of the cargo of a small sixth/seventhcentury merchant ship revealed large numbers of Aila/Aqaba amphorae and also globular pilgrim-ﬂask-type amphorae from kilns at Aila (Pedersen 2008).",apa-IndOc-Gulf-IndianOcean-Seland2014,15,,
aila,Aila (Aqaba),comparandum,Northern Red Sea,29.5200,35.0000,aila,Aila (Aqaba) amphora,mediterranean_amphora,,,,,,same_sentence,"Near the island of Black Assarca, off the coast and north of Adulis, the recovery of the cargo of a small sixth/seventhcentury merchant ship revealed large numbers of Aila/Aqaba amphorae and also globular pilgrim-ﬂask-type amphorae from kilns at Aila (Pedersen 2008).",apa-IndOc-Gulf-IndianOcean-Seland2014,15,,
aksum,Aksum,comparandum,Ethiopian highlands,14.1300,38.7200,teak,Teak / Indian timber,organic,,,,,,within_2,"Buildings from Berenike show reuse of Mediterranean-style ship timbers from Indian teak, revealing that vessels were built or repaired in India in Mediterranean mortise-and-tenon tradition or alternatively that they were built in Egypt from imported wood (Sidebotham 2011, pp. 203–205;",apa-IndOc-Gulf-IndianOcean-Seland2014,16,,
berenike,Berenike,anchor,Egyptian Red Sea,23.9106,35.4761,teak,Teak / Indian timber,organic,,,,,,same_sentence,"Buildings from Berenike show reuse of Mediterranean-style ship timbers from Indian teak, revealing that vessels were built or repaired in India in Mediterranean mortise-and-tenon tradition or alternatively that they were built in Egypt from imported wood (Sidebotham 2011, pp. 203–205;",apa-IndOc-Gulf-IndianOcean-Seland2014,16,,
socotra,Socotra,comparandum,Arabian Sea,12.5000,53.9000,teak,Teak / Indian timber,organic,,,,,,within_1,"Buildings from Berenike show reuse of Mediterranean-style ship timbers from Indian teak, revealing that vessels were built or repaired in India in Mediterranean mortise-and-tenon tradition or alternatively that they were built in Egypt from imported wood (Sidebotham 2011, pp. 203–205;",apa-IndOc-Gulf-IndianOcean-Seland2014,16,,
berenike,Berenike,anchor,Egyptian Red Sea,23.9106,35.4761,black_pepper,Black pepper (Piper nigrum),organic,,,,,,same_sentence,"Finally, Berenike has yielded a rich archaeobotanical record, including the spectacular ﬁnd of an Indian-made vessel resembling a dolium-type transport jar containing 7.55 kg of black pepper (Piper nigrum) imported from South India.",apa-IndOc-Gulf-IndianOcean-Seland2014,16,,
myos_hormos,Myos Hormos (Quseir al-Qadim),anchor,Egyptian Red Sea,26.1567,34.2417,black_pepper,Black pepper (Piper nigrum),organic,,,,,,within_1,"Archaeobotanical materials document imports from the Indian Ocean region, including rice and black pepper (Veen et al. 2011a, b).",apa-IndOc-Gulf-IndianOcean-Seland2014,16,,
berenike,Berenike,anchor,Egyptian Red Sea,23.9106,35.4761,black_pepper,Black pepper (Piper nigrum),organic,,,,,,within_1,"Archaeobotanical materials document imports from the Indian Ocean region, including rice and black pepper (Veen et al. 2011a, b).",apa-IndOc-Gulf-IndianOcean-Seland2014,16,,
myos_hormos,Myos Hormos (Quseir al-Qadim),anchor,Egyptian Red Sea,26.1567,34.2417,roman_glass,Roman glass,glass,,,,,,within_1,"Fragments of Roman glass, already amply documented during the Chicago excavations (Meyer 1992), were abundant in trash dumps (Peacock 2011).",apa-IndOc-Gulf-IndianOcean-Seland2014,16,,
berenike,Berenike,anchor,Egyptian Red Sea,23.9106,35.4761,roman_glass,Roman glass,glass,,,,,,within_1,"Fragments of Roman glass, already amply documented during the Chicago excavations (Meyer 1992), were abundant in trash dumps (Peacock 2011).",apa-IndOc-Gulf-IndianOcean-Seland2014,16,,
qana,Qana / Kane,anchor,South Arabia,14.0167,48.3200,roman_glass,Roman glass,glass,,,,,,within_1,"Fragments of Roman glass, already amply documented during the Chicago excavations (Meyer 1992), were abundant in trash dumps (Peacock 2011).",apa-IndOc-Gulf-IndianOcean-Seland2014,16,,
arikamedu,Arikamedu,anchor,Coromandel,11.9000,79.8200,rouletted_ware,Rouletted Ware (Wheeler Type 1),indian_fineware,,,,,,same_sentence,Rouletted ware at Arikamedu: A new approach.,apa-IndOc-Gulf-IndianOcean-Seland2014,23,,
nevasa,Nevasa,comparandum,Deccan interior,19.5500,74.9300,dressel_2_4,Dressel 2-4 amphora,mediterranean_amphora,,,,,,same_sentence,Dressel 2–4 amphorae and Roman trade with India: The evidence from Nevasa.,apa-IndOc-Gulf-IndianOcean-Seland2014,26,,
aksum,Aksum,comparandum,Ethiopian highlands,14.1300,38.7200,roman_amphora_unspec,Roman amphora (unspecified type),mediterranean_amphora,,,,,,within_1,Mediterranean amphoras in India.,apa-IndOc-Gulf-IndianOcean-Seland2014,33,,
kamrej,Kamrej,comparandum,Gujarat,21.2700,72.9500,bead,Bead (glass or stone),small_find,,,,,,same_sentence,"Preliminary investigations reveal Early Historic Kamrej to be an industrial centre (iron making, shell crafting, bead making, etc.) and a trade port having overseas contacts with the Red Sea and Persian Gulf regions.",apa-IndOc-Gulf-Kammoni-Gupta2004,2,,
aila,Aila (Aqaba),comparandum,Northern Red Sea,29.5200,35.0000,aila,Aila (Aqaba) amphora,mediterranean_amphora,,,,,,same_sentence,A ribbed bodysherd from the surface of the CliffSection can be positively identified as part of a Aqaba amphora (or Ayla-Axum type) produced in the northern Red Sea region between Sth—7th century AD (Gupta 2002: 79-82).,apa-IndOc-Gulf-Kammoni-Gupta2004,23,,
aksum,Aksum,comparandum,Ethiopian highlands,14.1300,38.7200,aila,Aila (Aqaba) amphora,mediterranean_amphora,,,,,,same_sentence,A ribbed bodysherd from the surface of the CliffSection can be positively identified as part of a Aqaba amphora (or Ayla-Axum type) produced in the northern Red Sea region between Sth—7th century AD (Gupta 2002: 79-82).,apa-IndOc-Gulf-Kammoni-Gupta2004,23,,
kamrej,Kamrej,comparandum,Gujarat,21.2700,72.9500,bead,Bead (glass or stone),small_find,,,,,Y,within_1,"There is evidence of crafting of shell (columella) into bangles (Plate VC), glass and stone bead making (Plates [VC, IVE), extensive pottery making 30 | JourNAL OF INDIAN OceAN ArcHAcoLocy No.1, 2004 (especially large storage jars) and iron manufacture (Plate IVF).",apa-IndOc-Gulf-Kammoni-Gupta2004,23,,
kamrej,Kamrej,comparandum,Gujarat,21.2700,72.9500,rpw,Red Polished Ware,indian_fineware,,,,,,within_1,"Among the fine wares the Red Polished Ware is present, including the ubiquitous ‘sprinkler’ forms.",apa-IndOc-Gulf-Kammoni-Gupta2004,24,,
kamrej,Kamrej,comparandum,Gujarat,21.2700,72.9500,bead,Bead (glass or stone),small_find,,,,,,within_2,The bead finds included faceted glass beads imitating precious stones.,apa-IndOc-Gulf-Kammoni-Gupta2004,24,,
tissamaharama,Tissamaharama,comparandum,Sri Lanka,6.2800,81.2900,bead,Bead (glass or stone),small_find,,,,,Y,same_sentence,"These ‘imitation’ beads were actively traded across the Indian Ocean and are to be found in far flung sites such as Ban Don Ta Phet (Thailand), Arikamedu(south India) and Tissamaharama (Sri JourNaL oF INDIAN OcEAN ARCHAEOLOGY No.1, 2004 | 31 “,",apa-IndOc-Gulf-Kammoni-Gupta2004,24,,
arikamedu,Arikamedu,anchor,Coromandel,11.9000,79.8200,bead,Bead (glass or stone),small_find,,,,,Y,same_sentence,"These ‘imitation’ beads were actively traded across the Indian Ocean and are to be found in far flung sites such as Ban Don Ta Phet (Thailand), Arikamedu(south India) and Tissamaharama (Sri JourNaL oF INDIAN OcEAN ARCHAEOLOGY No.1, 2004 | 31 “,",apa-IndOc-Gulf-Kammoni-Gupta2004,24,,
kamrej,Kamrej,comparandum,Gujarat,21.2700,72.9500,roman_glass,Roman glass,glass,,,,,,within_2,The provenance of the glass fragments needs to be determined.,apa-IndOc-Gulf-Kammoni-Gupta2004,25,,
kamrej,Kamrej,comparandum,Gujarat,21.2700,72.9500,bead,Bead (glass or stone),small_find,,,,,,same_sentence,"The preliminary findings in the 2003 excavation season at Kamrej suggest that the site was an Early Historic port, having a rich agricultural resource base and thriving iron, bead and shell crafting industries.",apa-IndOc-Gulf-Kammoni-Gupta2004,25,,
kilwa,Kilwa,comparandum,East Africa,-8.9600,39.5200,bead,Bead (glass or stone),small_find,,,,,,within_2,"This coast has played an important role in the transoceanic Indian Ocean maritime commerce in which mangroves, gold, ivory and slaves were exported, and cloth, glass, beads and incense imported.",apa-IndOc-Gulf-Kilwa-Pollard2016,1,,
kilwa,Kilwa,comparandum,East Africa,-8.9600,39.5200,bead,Bead (glass or stone),small_find,,,,,,within_1,"That is particularly displayed in the midden cliff face and eroded materials on the beach below, which reveals large amounts of local and imported pottery, slag, spindle whorls, coins, beads, and bone, indicating industrial and maritime activity in the ﬁrst half of the second millennium (Pollard, 2008a: 93– 4).",apa-IndOc-Gulf-Kilwa-Pollard2016,9,,
kilwa,Kilwa,comparandum,East Africa,-8.9600,39.5200,bead,Bead (glass or stone),small_find,,,,,,within_1,"Prestholdt (1998) has attested to the levels of adornment and material consumption of the wealthy populations of the Swahili city-states, much of which would involve imports of lighter weight commodities, such as clothing materials, beads and other jewellery, precious metals, porcelain, incense and beauty products.",apa-IndOc-Gulf-Kilwa-Pollard2016,15,,
alagankulam,Alagankulam,comparandum,Coromandel,9.3600,79.0200,torpedo_jar,Torpedo jar,mesopotamian,,,,,,within_1,Eg. 1 – Anfora ‘Torpedo’ e sue principali localizzazioni in India e Srii Lanka (da T 2007).,apa-IndOc-Gulf-Madayipara-Hill2020,9,,
pattanam,Pattanam,anchor,Kerala,10.1530,76.2070,torpedo_jar,Torpedo jar,mesopotamian,,,,,,within_1,Eg. 1 – Anfora ‘Torpedo’ e sue principali localizzazioni in India e Srii Lanka (da T 2007).,apa-IndOc-Gulf-Madayipara-Hill2020,9,,
mafia,Mafia Island,candidate,East Africa,-7.8000,39.7500,bead,Bead (glass or stone),small_find,,,,,,same_sentence,"While both sites have traded items in their deposits, Kisimani Mafia seemingly played a more active role in international exchange networks, with greater abundance of coins, imported pottery and beads among other items (Chittick 1961;",apa-IndOc-Gulf-Mafia-Christie2017,4,,
unguja_ukuu,Unguja Ukuu (Zanzibar),candidate,East Africa,-6.3400,39.3000,bead,Bead (glass or stone),small_find,5,beads,exact,12,Y,same_sentence,"Five of the beads found in the lowest excavated level (Context 104) (Figure 10q–u), are comparable to many found at Unguja Ukuu on Zanzibar, which dates to between the seventh and tenth centuries, suggesting that they may be considerably older than the other beads in the Ukunju assemblage, but they are not Greco-Roman and instead probably come from South Asia.",apa-IndOc-Gulf-Mafia-Crowther2014,17,reject,"the five beads are from Mafia, compared to Unguja Ukuu"
mafia,Mafia Island,candidate,East Africa,-7.8000,39.7500,bead,Bead (glass or stone),small_find,,,,,,same_sentence,"Recent excavations by the Sealinks Project at the nearby Juani Primary School site, located only 1.5 km (30 minutes walk) to the north, also identified a well-stratified MIA horizon containing TT/TIW pottery, domestic remains such as mofa ovens and midden debris, crop remains (including sorghum and possible evidence of cowpea) and small quantities of Indian Ocean trade goods, including glass beads and Middle Eastern ceramics similar to those found at Ukunju (Crowther et al. 2012).",apa-IndOc-Gulf-Mafia-Crowther2014,21,,
rufiji,Rufiji delta,candidate,East Africa,-7.9000,39.3300,bead,Bead (glass or stone),small_find,,,,,,same_sentence,"Efforts deployed into the Rufiji Delta in search of the lost metropolis of Rhapta found many sites of the Early Iron Age (EIA) Roman period some with Roman trade materials such as beads and glass [4, 22].",apa-IndOc-Gulf-Mafia-Ryano2021,2,,
mafia,Mafia Island,candidate,East Africa,-7.8000,39.7500,roman_pottery_unspec,Roman pottery (unspecified),mediterranean_unspecified,,,,,,same_sentence,Isolated pieces of red-brick fabric colour sherds attributed to the Roman ware have already been reported from some sites on the Mafia archipelago [25].,apa-IndOc-Gulf-Mafia-Ryano2021,9,,
sumhuram,Sumhuram (Khor Rori),anchor,South Arabia,17.0400,54.4300,frankincense,Frankincense,organic,,,,,,same_sentence,"In the Periplus (sec. 32), Moscha is described as a “designated harbour (hórmos apodedeigménos) for loading the Sachalite frankincense”, “Sachalitês” being the name of the region.",apa-IndOc-Gulf-Moscha-Seland2008,5,,
qana,Qana / Kane,anchor,South Arabia,14.0167,48.3200,frankincense,Frankincense,organic,,,,,,within_2,"These ships “take on a return cargo (antiphortízousin)” of local frankincense in exchange for cloth, grain, and oil.",apa-IndOc-Gulf-Moscha-Seland2008,5,,
barygaza,Barygaza (Bharuch),anchor,Gujarat,21.7000,72.9900,frankincense,Frankincense,organic,,,,,,within_1,"These ships “take on a return cargo (antiphortízousin)” of local frankincense in exchange for cloth, grain, and oil.",apa-IndOc-Gulf-Moscha-Seland2008,5,,
sumhuram,Sumhuram (Khor Rori),anchor,South Arabia,17.0400,54.4300,frankincense,Frankincense,organic,,,,,,within_1,"These ships “take on a return cargo (antiphortízousin)” of local frankincense in exchange for cloth, grain, and oil.",apa-IndOc-Gulf-Moscha-Seland2008,5,,
sumhuram,Sumhuram (Khor Rori),anchor,South Arabia,17.0400,54.4300,frankincense,Frankincense,organic,,,,,,same_sentence,An investigation into the origin of the ships at Moscha can help us determine the role of that enigmatic port in a wider context than the frankincense trade to which it is normally connected.,apa-IndOc-Gulf-Moscha-Seland2008,5,,
sumhuram,Sumhuram (Khor Rori),anchor,South Arabia,17.0400,54.4300,frankincense,Frankincense,organic,,,,,,same_sentence,"The presence of wintering ships in Dhofar could provide additional motivation for the ДaΡramī kings to establish and maintain the settlement at Moscha/ Khor Rori, although frankincense production is likely to have been the primary motivation. • The old notion that only Greek and Roman ships dared to sail the passage with the southwest monsoon (Hourani 1995: 27–28;",apa-IndOc-Gulf-Moscha-Seland2008,8,,
alagankulam,Alagankulam,comparandum,Coromandel,9.3600,79.0200,rouletted_ware,Rouletted Ware (Wheeler Type 1),indian_fineware,,,,,,same_sentence,Rouletted Fot Sherd with Graffito from Alagankulam.,apa-IndOc-Gulf-MuzirisPapyrus-Romanis2012,1,,
berenike,Berenike,anchor,Egyptian Red Sea,23.9106,35.4761,black_pepper,Black pepper (Piper nigrum),organic,,,,,,within_1,"VI 103), thè southernmost Egyptian port on thè Red Sea. - In generai, on Roman trade and black pepper import from India, cfr.",apa-IndOc-Gulf-MuzirisPapyrus-Romanis2012,16,,
pattanam,Pattanam,anchor,Kerala,10.1530,76.2070,roman_pottery_unspec,Roman pottery (unspecified),mediterranean_unspecified,,,,,,same_sentence,"Both the author of the Periplus Maris Erythraei and Pliny make special mention of Kuṭṭanādu—Κοτταναρική/Cottonara regio, the lowlands close to the southern part of Vembanad Lake—the former as the land where pepper grows abundantly and the latter as the region from where pepper is conveyed.52 Neither 49 Very likely, it included the area of the Pattanam archaeological site, whose excavations have revealed Roman pottery and artifacts: Shajan, Tomber, Selvakumar, and Cherian 2004.",apa-IndOc-Gulf-MuzirisPapyrus-Romanis2015,19,,
ras_hafun,Ras Hafun,anchor,Horn of Africa,10.4400,51.2600,red_sandy_ware,Red Sandy Ware,east_african,,,,,,within_1,"Sandy Red-slipped Fabric (SyLsRS) ‘Burnished Red Sandy Ware’ The ceramics in this category have a diversity of inclusions, among which are sand, limestone and plant fragments, usually present in small quantities and perhaps merely the result of incomplete cleaning of the clay.",apa-IndOc-Gulf-RasHafun-Smith1988,7,,
ras_hafun,Ras Hafun,anchor,Horn of Africa,10.4400,51.2600,lamp,Roman lamp,small_find,,,,,,within_2,"First, tucked amidst the small ceramic sample in Nairobi is a badly eroded fragment of a lamp (fig. 4n).",apa-IndOc-Gulf-RasHafun-Smith1988,10,,
rufiji,Rufiji delta,candidate,East Africa,-7.9000,39.3300,bead,Bead (glass or stone),small_find,,,,,,within_2,"The materials which await identifi- cation, include stone artifacts, bone, fragmented iron objects, beads and pottery.",apa-IndOc-Gulf-Rhapta-Chami1998,5,,
rufiji,Rufiji delta,candidate,East Africa,-7.9000,39.3300,bead,Bead (glass or stone),small_find,,,,,,same_sentence,The presence of beads in the hinterland of the Rufiji delta indicates some early trade contacts with the north Indian and probably the Mediterranean communi- \ ties (Casson 1989;,apa-IndOc-Gulf-Rhapta-Chami1998,8,,
rufiji,Rufiji delta,candidate,East Africa,-7.9000,39.3300,bead,Bead (glass or stone),small_find,,,,,Y,same_sentence,"NYAME AKUMA No. 49 June 1998 Figure 6: Objects from different archaeological contexts: a and b are dark blue wound glass beads from the Nkukutu TIW cultural horizon; c is a drawn (caned) glass bead from the Nkukutu EIW cultural horizon; d and e are pointed iron objects; f is a grooved red sandstone from the Mkukutu EIW cultural context, and g and h are spindle whorls from Temboni in a PW cultural context. @ @ @ 8 a b",apa-IndOc-Gulf-Rhapta-Chami1998,11,,
kilwa,Kilwa,comparandum,East Africa,-8.9600,39.5200,bead,Bead (glass or stone),small_find,,,,,,same_sentence,"Imports included glass, beads and ceramic, typical to those found at Kilwa (Chittick 1974).",apa-IndOc-Gulf-Rhapta-Chami1999,5,,
mafia,Mafia Island,candidate,East Africa,-7.8000,39.7500,bead,Bead (glass or stone),small_find,,,,,,within_1,"Objects of trade found in this context include red-painted ceramics now thought to have been related to ones found in south-east Asia, as well as other pottery and glass beads from the Middle East, the Mediterranean and India.",apa-IndOc-Gulf-Rhapta-Chami2002,6,,
rufiji,Rufiji delta,candidate,East Africa,-7.9000,39.3300,bead,Bead (glass or stone),small_find,,,,,,within_2,"These sites have been found to contain remains of trade goods including beads and pottery from the Mediterranean world, the Middle East and India (Chami 1999;",apa-IndOc-Gulf-Rhapta-Chami2002,11,,
mafia,Mafia Island,candidate,East Africa,-7.8000,39.7500,bead,Bead (glass or stone),small_find,,,,,,within_2,"These sites have been found to contain remains of trade goods including beads and pottery from the Mediterranean world, the Middle East and India (Chami 1999;",apa-IndOc-Gulf-Rhapta-Chami2002,11,,
ras_hafun,Ras Hafun,anchor,Horn of Africa,10.4400,51.2600,bead,Bead (glass or stone),small_find,,,,,,within_2,Close to the latter was fowld a blue glass bead.,apa-IndOc-Gulf-Somalia-Chittick1976,5,,
sopara,Sopara,comparandum,Konkan,19.4200,72.7900,rpw,Red Polished Ware,indian_fineware,,,,,,within_1,Buddha Stupa Exploration (1994) in the adjoining area has yielded RPW and Glazed Ware.,apa-IndOc-Gulf-Sopara-Shah2020,13,,
sumhuram,Sumhuram (Khor Rori),anchor,South Arabia,17.0400,54.4300,frankincense,Frankincense,organic,,,,,,within_2,"Avanzini, director of the excavations, and thanks to the Ofice of the Adviser to H.M. the Sultan for Cultural Affairs, which supported many ield-activities, particularly those regarding the frankincense tree (Boswellia sacra).",apa-IndOc-Gulf-Sumhuram-Avanzini2011,10,,
sumhuram,Sumhuram (Khor Rori),anchor,South Arabia,17.0400,54.4300,frankincense,Frankincense,organic,,,,,,within_1,In Dhofar the species yielding frankincense is Boswellia sacra that also grows in Yemen (Hadramawt) and in northern Somalia.,apa-IndOc-Gulf-Sumhuram-Avanzini2011,13,,
sumhuram,Sumhuram (Khor Rori),anchor,South Arabia,17.0400,54.4300,frankincense,Frankincense,organic,,,,,,within_2,"Boswellia sacra is a tree up to 7 m tall, commonly branched from the base, rarely with a single trunk.",apa-IndOc-Gulf-Sumhuram-Avanzini2011,13,,
sumhuram,Sumhuram (Khor Rori),anchor,South Arabia,17.0400,54.4300,frankincense,Frankincense,organic,,,,,,within_1,Fig. 8 Distribution of Boswellia sacra in Dhofar: the circles are proportional to the abundance of the frankincense tree in the areas.,apa-IndOc-Gulf-Sumhuram-Avanzini2011,14,,
sumhuram,Sumhuram (Khor Rori),anchor,South Arabia,17.0400,54.4300,frankincense,Frankincense,organic,,,,,,within_1,The chambers were plastered with a thick coat of mortar which probably helped to improve the conditions of conservation of the merchandise stored within (frankincense or other produce).,apa-IndOc-Gulf-Sumhuram-Avanzini2011,23,,
qana,Qana / Kane,anchor,South Arabia,14.0167,48.3200,frankincense,Frankincense,organic,,,,,,within_1,The chambers were plastered with a thick coat of mortar which probably helped to improve the conditions of conservation of the merchandise stored within (frankincense or other produce).,apa-IndOc-Gulf-Sumhuram-Avanzini2011,23,,
sumhuram,Sumhuram (Khor Rori),anchor,South Arabia,17.0400,54.4300,frankincense,Frankincense,organic,,,,,,same_sentence,"Furthermore, its vicinity to the Nejd, the pre-desert area in which the highest quality of frankincense is grown, made Sumhuram a perfect new foundation for the kingdom of the Hadramawt, to exploit the proitable trade in spices and aromas which was being plied along the shores of the Indian Ocean.",apa-IndOc-Gulf-Sumhuram-Avanzini2011,51,,
sumhuram,Sumhuram (Khor Rori),anchor,South Arabia,17.0400,54.4300,rouletted_ware,Rouletted Ware (Wheeler Type 1),indian_fineware,,,,,,within_2,"The discovery of fragments of true Rouletted Ware (ig. 3), a variant of Fine Gray pottery, is to be considered exceptional, as being the only evidence of this kind to be found in all the Arabian peninsula.",apa-IndOc-Gulf-Sumhuram-Avanzini2011,52,,
pattanam,Pattanam,anchor,Kerala,10.1530,76.2070,rouletted_ware,Rouletted Ware (Wheeler Type 1),indian_fineware,,,,,Y,same_sentence,"Rouletted ware became very widespread in India’s eastern coastline while being almost totally absent on the western coast where it was discovered quite recently only near Pattanam, along the Malabar coast.",apa-IndOc-Gulf-Sumhuram-Avanzini2011,52,,
pattanam,Pattanam,anchor,Kerala,10.1530,76.2070,rouletted_ware,Rouletted Ware (Wheeler Type 1),indian_fineware,,,,,Y,within_2,"The discovery of Rouletted Ware, which went out of production in the 1st century BC (Schenk 2006), in strata that can be dated to when the city was irst inhabited, not only conirms the ‘early’ dating of Sumhuram, but also how it very soon became involved in the international trade between Arabia and India.",apa-IndOc-Gulf-Sumhuram-Avanzini2011,52,,
myos_hormos,Myos Hormos (Quseir al-Qadim),anchor,Egyptian Red Sea,26.1567,34.2417,rouletted_ware,Rouletted Ware (Wheeler Type 1),indian_fineware,,,,,Y,within_1,"The discovery of Rouletted Ware, which went out of production in the 1st century BC (Schenk 2006), in strata that can be dated to when the city was irst inhabited, not only conirms the ‘early’ dating of Sumhuram, but also how it very soon became involved in the international trade between Arabia and India.",apa-IndOc-Gulf-Sumhuram-Avanzini2011,52,,
berenike,Berenike,anchor,Egyptian Red Sea,23.9106,35.4761,rouletted_ware,Rouletted Ware (Wheeler Type 1),indian_fineware,,,,,Y,within_1,"The discovery of Rouletted Ware, which went out of production in the 1st century BC (Schenk 2006), in strata that can be dated to when the city was irst inhabited, not only conirms the ‘early’ dating of Sumhuram, but also how it very soon became involved in the international trade between Arabia and India.",apa-IndOc-Gulf-Sumhuram-Avanzini2011,52,,
sumhuram,Sumhuram (Khor Rori),anchor,South Arabia,17.0400,54.4300,rouletted_ware,Rouletted Ware (Wheeler Type 1),indian_fineware,,,,,Y,same_sentence,"The discovery of Rouletted Ware, which went out of production in the 1st century BC (Schenk 2006), in strata that can be dated to when the city was irst inhabited, not only conirms the ‘early’ dating of Sumhuram, but also how it very soon became involved in the international trade between Arabia and India.",apa-IndOc-Gulf-Sumhuram-Avanzini2011,52,,
myos_hormos,Myos Hormos (Quseir al-Qadim),anchor,Egyptian Red Sea,26.1567,34.2417,rouletted_ware,Rouletted Ware (Wheeler Type 1),indian_fineware,,,,,Y,within_2,"Rouletted ware therefore enables us to establish that there was a link among the three ports of Arikamedu, Sumhuram and Berenike; it is not, however, the only evidence of this.",apa-IndOc-Gulf-Sumhuram-Avanzini2011,52,,
berenike,Berenike,anchor,Egyptian Red Sea,23.9106,35.4761,rouletted_ware,Rouletted Ware (Wheeler Type 1),indian_fineware,,,,,Y,same_sentence,"Rouletted ware therefore enables us to establish that there was a link among the three ports of Arikamedu, Sumhuram and Berenike; it is not, however, the only evidence of this.",apa-IndOc-Gulf-Sumhuram-Avanzini2011,52,,
sumhuram,Sumhuram (Khor Rori),anchor,South Arabia,17.0400,54.4300,rouletted_ware,Rouletted Ware (Wheeler Type 1),indian_fineware,,,,,Y,same_sentence,"Rouletted ware therefore enables us to establish that there was a link among the three ports of Arikamedu, Sumhuram and Berenike; it is not, however, the only evidence of this.",apa-IndOc-Gulf-Sumhuram-Avanzini2011,52,,
arikamedu,Arikamedu,anchor,Coromandel,11.9000,79.8200,rouletted_ware,Rouletted Ware (Wheeler Type 1),indian_fineware,,,,,Y,same_sentence,"Rouletted ware therefore enables us to establish that there was a link among the three ports of Arikamedu, Sumhuram and Berenike; it is not, however, the only evidence of this.",apa-IndOc-Gulf-Sumhuram-Avanzini2011,52,,
sumhuram,Sumhuram (Khor Rori),anchor,South Arabia,17.0400,54.4300,rouletted_ware,Rouletted Ware (Wheeler Type 1),indian_fineware,,,,,,within_2,"Similarly to Rouletted Ware, this, too, is a guide fossil of great interest.",apa-IndOc-Gulf-Sumhuram-Avanzini2011,52,,
sumhuram,Sumhuram (Khor Rori),anchor,South Arabia,17.0400,54.4300,frankincense,Frankincense,organic,,,,,Y,within_2,"Such an early involvement does not seem to have been due to the trade of frankincense as to its favourable geographic position, in the centre of the southern",apa-IndOc-Gulf-Sumhuram-Avanzini2011,52,,
sumhuram,Sumhuram (Khor Rori),anchor,South Arabia,17.0400,54.4300,sigillata_unspec,Sigillata (unspecified),mediterranean_fineware,,,,,,same_sentence,"Sumhuram and the Mediterranean Objects from the Mediterranean area - speciically amphorae and terra sigillata (ig. 11-12) - have been, from the beginning, more recognizable.",apa-IndOc-Gulf-Sumhuram-Avanzini2011,54,,
sumhuram,Sumhuram (Khor Rori),anchor,South Arabia,17.0400,54.4300,dressel_2_4,Dressel 2-4 amphora,mediterranean_amphora,,,,,,within_1,"The largest group, numerically, is that of Dressel 2-4 of Italic production, recognizable both for its shape and the fabric which is bright red in fracture, rich in a great variety of volcanic inclusions (the pyroxenes typical of the Campanian region).There is also a good number from the Aegean - mostly Dressel 2-5 - recognizable for their orange-pink colour and the ine fabric.",apa-IndOc-Gulf-Sumhuram-Avanzini2011,54,,
sumhuram,Sumhuram (Khor Rori),anchor,South Arabia,17.0400,54.4300,sigillata_unspec,Sigillata (unspecified),mediterranean_fineware,,,,,,within_1,"As regards terra sigillata, fragments of Italic Terra Sigillata, Eastern Sigillata A, Eastern Sigillata B have been discovered along with very few fragments of ine Cypriot and ine Hellenistic ceramics (R.",apa-IndOc-Gulf-Sumhuram-Avanzini2011,54,,
aksum,Aksum,comparandum,Ethiopian highlands,14.1300,38.7200,sigillata_unspec,Sigillata (unspecified),mediterranean_fineware,,,,,,within_1,"As regards terra sigillata, fragments of Italic Terra Sigillata, Eastern Sigillata A, Eastern Sigillata B have been discovered along with very few fragments of ine Cypriot and ine Hellenistic ceramics (R.",apa-IndOc-Gulf-Sumhuram-Avanzini2011,54,,
qana,Qana / Kane,anchor,South Arabia,14.0167,48.3200,sigillata_unspec,Sigillata (unspecified),mediterranean_fineware,,,,,,within_1,"As regards terra sigillata, fragments of Italic Terra Sigillata, Eastern Sigillata A, Eastern Sigillata B have been discovered along with very few fragments of ine Cypriot and ine Hellenistic ceramics (R.",apa-IndOc-Gulf-Sumhuram-Avanzini2011,54,,
sumhuram,Sumhuram (Khor Rori),anchor,South Arabia,17.0400,54.4300,esa,Eastern Sigillata A,mediterranean_fineware,,,,,,within_1,"As regards terra sigillata, fragments of Italic Terra Sigillata, Eastern Sigillata A, Eastern Sigillata B have been discovered along with very few fragments of ine Cypriot and ine Hellenistic ceramics (R.",apa-IndOc-Gulf-Sumhuram-Avanzini2011,54,,
aksum,Aksum,comparandum,Ethiopian highlands,14.1300,38.7200,esa,Eastern Sigillata A,mediterranean_fineware,,,,,,within_1,"As regards terra sigillata, fragments of Italic Terra Sigillata, Eastern Sigillata A, Eastern Sigillata B have been discovered along with very few fragments of ine Cypriot and ine Hellenistic ceramics (R.",apa-IndOc-Gulf-Sumhuram-Avanzini2011,54,,
qana,Qana / Kane,anchor,South Arabia,14.0167,48.3200,esa,Eastern Sigillata A,mediterranean_fineware,,,,,,within_1,"As regards terra sigillata, fragments of Italic Terra Sigillata, Eastern Sigillata A, Eastern Sigillata B have been discovered along with very few fragments of ine Cypriot and ine Hellenistic ceramics (R.",apa-IndOc-Gulf-Sumhuram-Avanzini2011,54,,
sumhuram,Sumhuram (Khor Rori),anchor,South Arabia,17.0400,54.4300,esb,Eastern Sigillata B,mediterranean_fineware,,,,,,within_1,"As regards terra sigillata, fragments of Italic Terra Sigillata, Eastern Sigillata A, Eastern Sigillata B have been discovered along with very few fragments of ine Cypriot and ine Hellenistic ceramics (R.",apa-IndOc-Gulf-Sumhuram-Avanzini2011,54,,
aksum,Aksum,comparandum,Ethiopian highlands,14.1300,38.7200,esb,Eastern Sigillata B,mediterranean_fineware,,,,,,within_1,"As regards terra sigillata, fragments of Italic Terra Sigillata, Eastern Sigillata A, Eastern Sigillata B have been discovered along with very few fragments of ine Cypriot and ine Hellenistic ceramics (R.",apa-IndOc-Gulf-Sumhuram-Avanzini2011,54,,
qana,Qana / Kane,anchor,South Arabia,14.0167,48.3200,esb,Eastern Sigillata B,mediterranean_fineware,,,,,,within_1,"As regards terra sigillata, fragments of Italic Terra Sigillata, Eastern Sigillata A, Eastern Sigillata B have been discovered along with very few fragments of ine Cypriot and ine Hellenistic ceramics (R.",apa-IndOc-Gulf-Sumhuram-Avanzini2011,54,,
qana,Qana / Kane,anchor,South Arabia,14.0167,48.3200,sigillata_unspec,Sigillata (unspecified),mediterranean_fineware,,,,,,within_1,"A prevalence of Italic terra sigillata has also been noted in the sites of Berenike and Myos Hormos, indicating that they may have had trade relations with Sumhuram.",apa-IndOc-Gulf-Sumhuram-Avanzini2011,54,,
myos_hormos,Myos Hormos (Quseir al-Qadim),anchor,Egyptian Red Sea,26.1567,34.2417,sigillata_unspec,Sigillata (unspecified),mediterranean_fineware,,,,,,same_sentence,"A prevalence of Italic terra sigillata has also been noted in the sites of Berenike and Myos Hormos, indicating that they may have had trade relations with Sumhuram.",apa-IndOc-Gulf-Sumhuram-Avanzini2011,54,,
berenike,Berenike,anchor,Egyptian Red Sea,23.9106,35.4761,sigillata_unspec,Sigillata (unspecified),mediterranean_fineware,,,,,,same_sentence,"A prevalence of Italic terra sigillata has also been noted in the sites of Berenike and Myos Hormos, indicating that they may have had trade relations with Sumhuram.",apa-IndOc-Gulf-Sumhuram-Avanzini2011,54,,
sumhuram,Sumhuram (Khor Rori),anchor,South Arabia,17.0400,54.4300,sigillata_unspec,Sigillata (unspecified),mediterranean_fineware,,,,,,same_sentence,"A prevalence of Italic terra sigillata has also been noted in the sites of Berenike and Myos Hormos, indicating that they may have had trade relations with Sumhuram.",apa-IndOc-Gulf-Sumhuram-Avanzini2011,54,,
qana,Qana / Kane,anchor,South Arabia,14.0167,48.3200,esa,Eastern Sigillata A,mediterranean_fineware,,,,,,within_2,"By contrast with the scarcity of fragments of Eastern Sigillata A there are, instead, a fair number of Eastern Sigillata B ones which are attested more in the Aegean area and in Egypt than in the",apa-IndOc-Gulf-Sumhuram-Avanzini2011,54,,
myos_hormos,Myos Hormos (Quseir al-Qadim),anchor,Egyptian Red Sea,26.1567,34.2417,esa,Eastern Sigillata A,mediterranean_fineware,,,,,,within_1,"By contrast with the scarcity of fragments of Eastern Sigillata A there are, instead, a fair number of Eastern Sigillata B ones which are attested more in the Aegean area and in Egypt than in the",apa-IndOc-Gulf-Sumhuram-Avanzini2011,54,,
berenike,Berenike,anchor,Egyptian Red Sea,23.9106,35.4761,esa,Eastern Sigillata A,mediterranean_fineware,,,,,,within_1,"By contrast with the scarcity of fragments of Eastern Sigillata A there are, instead, a fair number of Eastern Sigillata B ones which are attested more in the Aegean area and in Egypt than in the",apa-IndOc-Gulf-Sumhuram-Avanzini2011,54,,
sumhuram,Sumhuram (Khor Rori),anchor,South Arabia,17.0400,54.4300,esa,Eastern Sigillata A,mediterranean_fineware,,,,,,within_1,"By contrast with the scarcity of fragments of Eastern Sigillata A there are, instead, a fair number of Eastern Sigillata B ones which are attested more in the Aegean area and in Egypt than in the",apa-IndOc-Gulf-Sumhuram-Avanzini2011,54,,
qana,Qana / Kane,anchor,South Arabia,14.0167,48.3200,esb,Eastern Sigillata B,mediterranean_fineware,,,,,,within_2,"By contrast with the scarcity of fragments of Eastern Sigillata A there are, instead, a fair number of Eastern Sigillata B ones which are attested more in the Aegean area and in Egypt than in the",apa-IndOc-Gulf-Sumhuram-Avanzini2011,54,,
myos_hormos,Myos Hormos (Quseir al-Qadim),anchor,Egyptian Red Sea,26.1567,34.2417,esb,Eastern Sigillata B,mediterranean_fineware,,,,,,within_1,"By contrast with the scarcity of fragments of Eastern Sigillata A there are, instead, a fair number of Eastern Sigillata B ones which are attested more in the Aegean area and in Egypt than in the",apa-IndOc-Gulf-Sumhuram-Avanzini2011,54,,
berenike,Berenike,anchor,Egyptian Red Sea,23.9106,35.4761,esb,Eastern Sigillata B,mediterranean_fineware,,,,,,within_1,"By contrast with the scarcity of fragments of Eastern Sigillata A there are, instead, a fair number of Eastern Sigillata B ones which are attested more in the Aegean area and in Egypt than in the",apa-IndOc-Gulf-Sumhuram-Avanzini2011,54,,
sumhuram,Sumhuram (Khor Rori),anchor,South Arabia,17.0400,54.4300,esb,Eastern Sigillata B,mediterranean_fineware,,,,,,within_1,"By contrast with the scarcity of fragments of Eastern Sigillata A there are, instead, a fair number of Eastern Sigillata B ones which are attested more in the Aegean area and in Egypt than in the",apa-IndOc-Gulf-Sumhuram-Avanzini2011,54,,
sumhuram,Sumhuram (Khor Rori),anchor,South Arabia,17.0400,54.4300,rouletted_ware,Rouletted Ware (Wheeler Type 1),indian_fineware,,,,,,within_1,Fig. 3 Fragment of Rouletted Ware.,apa-IndOc-Gulf-Sumhuram-Avanzini2011,55,,
sumhuram,Sumhuram (Khor Rori),anchor,South Arabia,17.0400,54.4300,frankincense,Frankincense,organic,,,,,,same_sentence,"The Greek source reports the same kind of control over the frankincense trade, which was only allowed in harbors of the Hadramawt: in the port of Khor Rori a god protects the precious substance from greedy sailors.",apa-IndOc-Gulf-Sumhuram-Avanzini2011,58,,
sumhuram,Sumhuram (Khor Rori),anchor,South Arabia,17.0400,54.4300,frankincense,Frankincense,organic,,,,,Y,same_sentence,"In the Periplus Maris Erythraei, Moscha limén is not described as a port of trade (emporion), but only as a “hormos apodedeigmenos tou Sachalitou libanou pros embolen”, a “well known harbor to load the Sachalite frankincense”.",apa-IndOc-Gulf-Sumhuram-Avanzini2011,58,,
sumhuram,Sumhuram (Khor Rori),anchor,South Arabia,17.0400,54.4300,frankincense,Frankincense,organic,,,,,,same_sentence,"Both ‘Hellenic’ and Arabian ships called at Moscha limén, but on different circumstances and for different purposes. ‘Hellenic’ ships moored at Moscha only sailing back from the Indian ports of Barygaza (nowadays Broach) and of Limyrike (nowadays Kerala): on those occasions, they gave Indian items - cotton, grain and oil - in return for frankincense.",apa-IndOc-Gulf-Sumhuram-Avanzini2011,58,,
barygaza,Barygaza (Bharuch),anchor,Gujarat,21.7000,72.9900,frankincense,Frankincense,organic,,,,,,same_sentence,"Both ‘Hellenic’ and Arabian ships called at Moscha limén, but on different circumstances and for different purposes. ‘Hellenic’ ships moored at Moscha only sailing back from the Indian ports of Barygaza (nowadays Broach) and of Limyrike (nowadays Kerala): on those occasions, they gave Indian items - cotton, grain and oil - in return for frankincense.",apa-IndOc-Gulf-Sumhuram-Avanzini2011,58,,
barygaza,Barygaza (Bharuch),anchor,Gujarat,21.7000,72.9900,frankincense,Frankincense,organic,,,,,,within_2,"Certainly, when they sailed back to Kane, those ships carried the Sachalite frankincense to be sold to merchants from Roman Egypt.",apa-IndOc-Gulf-Sumhuram-Avanzini2011,58,,
sumhuram,Sumhuram (Khor Rori),anchor,South Arabia,17.0400,54.4300,frankincense,Frankincense,organic,,,,,,within_1,"Certainly, when they sailed back to Kane, those ships carried the Sachalite frankincense to be sold to merchants from Roman Egypt.",apa-IndOc-Gulf-Sumhuram-Avanzini2011,58,,
qana,Qana / Kane,anchor,South Arabia,14.0167,48.3200,frankincense,Frankincense,organic,,,,,,same_sentence,"Certainly, when they sailed back to Kane, those ships carried the Sachalite frankincense to be sold to merchants from Roman Egypt.",apa-IndOc-Gulf-Sumhuram-Avanzini2011,58,,
barygaza,Barygaza (Bharuch),anchor,Gujarat,21.7000,72.9900,frankincense,Frankincense,organic,,,,,,within_2,"The irst one is the transfer to Kane of the frankincense collected in the Dhofar region: around the month of September, ships from Kane used to sail to Moscha in order to bring back to the main emporion of the Hadramawt the best quality of frankincense, which the Latin authors call cariathum, collected from mid-June to mid-September and exported from October onward.",apa-IndOc-Gulf-Sumhuram-Avanzini2011,61,,
sumhuram,Sumhuram (Khor Rori),anchor,South Arabia,17.0400,54.4300,frankincense,Frankincense,organic,,,,,,same_sentence,"The irst one is the transfer to Kane of the frankincense collected in the Dhofar region: around the month of September, ships from Kane used to sail to Moscha in order to bring back to the main emporion of the Hadramawt the best quality of frankincense, which the Latin authors call cariathum, collected from mid-June to mid-September and exported from October onward.",apa-IndOc-Gulf-Sumhuram-Avanzini2011,61,,
qana,Qana / Kane,anchor,South Arabia,14.0167,48.3200,frankincense,Frankincense,organic,,,,,,same_sentence,"The irst one is the transfer to Kane of the frankincense collected in the Dhofar region: around the month of September, ships from Kane used to sail to Moscha in order to bring back to the main emporion of the Hadramawt the best quality of frankincense, which the Latin authors call cariathum, collected from mid-June to mid-September and exported from October onward.",apa-IndOc-Gulf-Sumhuram-Avanzini2011,61,,
sumhuram,Sumhuram (Khor Rori),anchor,South Arabia,17.0400,54.4300,frankincense,Frankincense,organic,,,,,,within_1,Apparently the “Greek ships” from Egypt didn’t like to venture beyond Kane to get the frankincense: departing from Egypt too early would have meant navigating the seas beyond Bab el-Mandeb during a particularly hazardous time of the year.,apa-IndOc-Gulf-Sumhuram-Avanzini2011,61,,
qana,Qana / Kane,anchor,South Arabia,14.0167,48.3200,frankincense,Frankincense,organic,,,,,,same_sentence,Apparently the “Greek ships” from Egypt didn’t like to venture beyond Kane to get the frankincense: departing from Egypt too early would have meant navigating the seas beyond Bab el-Mandeb during a particularly hazardous time of the year.,apa-IndOc-Gulf-Sumhuram-Avanzini2011,61,,
sumhuram,Sumhuram (Khor Rori),anchor,South Arabia,17.0400,54.4300,frankincense,Frankincense,organic,,,,,,within_2,"Consequently, the frankincense from Dhofar had to be irst conveyed to Kane in order to be exported to Egypt.",apa-IndOc-Gulf-Sumhuram-Avanzini2011,61,,
qana,Qana / Kane,anchor,South Arabia,14.0167,48.3200,frankincense,Frankincense,organic,,,,,,same_sentence,"Consequently, the frankincense from Dhofar had to be irst conveyed to Kane in order to be exported to Egypt.",apa-IndOc-Gulf-Sumhuram-Avanzini2011,61,,
qana,Qana / Kane,anchor,South Arabia,14.0167,48.3200,frankincense,Frankincense,organic,,,,,,within_1,"The ships which were sent to Moscha for this purpose very likely belonged to the Hadramawt king Eleazos, who controlled most of the trade of his realm and was understandably willing to maximize the export to Egypt of the highly prized cariathum frankincense collected throughout his realm (ig. 1).",apa-IndOc-Gulf-Sumhuram-Avanzini2011,61,,
sumhuram,Sumhuram (Khor Rori),anchor,South Arabia,17.0400,54.4300,frankincense,Frankincense,organic,,,,,,same_sentence,"The ships which were sent to Moscha for this purpose very likely belonged to the Hadramawt king Eleazos, who controlled most of the trade of his realm and was understandably willing to maximize the export to Egypt of the highly prized cariathum frankincense collected throughout his realm (ig. 1).",apa-IndOc-Gulf-Sumhuram-Avanzini2011,61,,
sumhuram,Sumhuram (Khor Rori),anchor,South Arabia,17.0400,54.4300,frankincense,Frankincense,organic,,,,,,within_1,"At these emporia, ships sailing from Barygaza or Limyrike ofloaded Indian cotton cloth, grain and (sesamine?) oil in return for frankincense.",apa-IndOc-Gulf-Sumhuram-Avanzini2011,61,,
barygaza,Barygaza (Bharuch),anchor,Gujarat,21.7000,72.9900,frankincense,Frankincense,organic,,,,,,same_sentence,"At these emporia, ships sailing from Barygaza or Limyrike ofloaded Indian cotton cloth, grain and (sesamine?) oil in return for frankincense.",apa-IndOc-Gulf-Sumhuram-Avanzini2011,61,,
sumhuram,Sumhuram (Khor Rori),anchor,South Arabia,17.0400,54.4300,frankincense,Frankincense,organic,,,,,,within_2,"This is what has been recently deined ‘triangular commerce’ (Gupta 2007): a “Greek ship” sailed to India to get Indian items, which will be exchanged in Arabia (and in Somaliland) for frankincense and other aromatics (ig. 2).",apa-IndOc-Gulf-Sumhuram-Avanzini2011,61,,
barygaza,Barygaza (Bharuch),anchor,Gujarat,21.7000,72.9900,frankincense,Frankincense,organic,,,,,,within_1,"This is what has been recently deined ‘triangular commerce’ (Gupta 2007): a “Greek ship” sailed to India to get Indian items, which will be exchanged in Arabia (and in Somaliland) for frankincense and other aromatics (ig. 2).",apa-IndOc-Gulf-Sumhuram-Avanzini2011,61,,
sumhuram,Sumhuram (Khor Rori),anchor,South Arabia,17.0400,54.4300,frankincense,Frankincense,organic,,,,,,same_sentence,"It then becomes necessary to understand this seemingly distinctive feature of the port of Moscha, and we shall see that it is in all likelihood related to the peculiar nature of the frankincense harvest in the Dhofar region.",apa-IndOc-Gulf-Sumhuram-Avanzini2011,61,,
sumhuram,Sumhuram (Khor Rori),anchor,South Arabia,17.0400,54.4300,frankincense,Frankincense,organic,,,,,Y,same_sentence,"If ships wintered in Moscha and in no other harbor of the area of the Gulf of Aden, the reason is that in those months (March to June) larger quantities of frankincense were available at Moscha.",apa-IndOc-Gulf-Sumhuram-Avanzini2011,61,,
sumhuram,Sumhuram (Khor Rori),anchor,South Arabia,17.0400,54.4300,frankincense,Frankincense,organic,,,,,Y,within_1,"This frankincense, one should note, was not the remnants of the previous season’s harvest.",apa-IndOc-Gulf-Sumhuram-Avanzini2011,61,,
sumhuram,Sumhuram (Khor Rori),anchor,South Arabia,17.0400,54.4300,frankincense,Frankincense,organic,,,,,,within_2,"Pliny the Elder mentions two kinds of frankincense: cariathum, considered the best frankincense, and the less valuable dathiathum.",apa-IndOc-Gulf-Sumhuram-Avanzini2011,61,,
qana,Qana / Kane,anchor,South Arabia,14.0167,48.3200,frankincense,Frankincense,organic,,,,,,within_2,From Arabia the key export was frankincense.,apa-IndOc-Gulf-Sumhuram-Avanzini2011,64,,
sumhuram,Sumhuram (Khor Rori),anchor,South Arabia,17.0400,54.4300,frankincense,Frankincense,organic,,,,,,within_1,The kings of Hadramawt were obliged to organize a sort of state transshipment to Kane in order to re-export Dhofar autumn frankincense (cariathum) in Roman Egypt.,apa-IndOc-Gulf-Sumhuram-Avanzini2011,64,,
qana,Qana / Kane,anchor,South Arabia,14.0167,48.3200,frankincense,Frankincense,organic,,,,,,same_sentence,The kings of Hadramawt were obliged to organize a sort of state transshipment to Kane in order to re-export Dhofar autumn frankincense (cariathum) in Roman Egypt.,apa-IndOc-Gulf-Sumhuram-Avanzini2011,64,,
qana,Qana / Kane,anchor,South Arabia,14.0167,48.3200,frankincense,Frankincense,organic,,,,,,within_2,"On the other hand, Dhofar production of spring frankincense (dathiathum) attracted ships from Lower Mesopotamia and Iran and gave a second chance to unlucky India traders from Roman Egypt.",apa-IndOc-Gulf-Sumhuram-Avanzini2011,64,,
sumhuram,Sumhuram (Khor Rori),anchor,South Arabia,17.0400,54.4300,frankincense,Frankincense,organic,,,,,,within_1,"On the other hand, Dhofar production of spring frankincense (dathiathum) attracted ships from Lower Mesopotamia and Iran and gave a second chance to unlucky India traders from Roman Egypt.",apa-IndOc-Gulf-Sumhuram-Avanzini2011,64,,
sumhuram,Sumhuram (Khor Rori),anchor,South Arabia,17.0400,54.4300,rouletted_ware,Rouletted Ware (Wheeler Type 1),indian_fineware,,,,,,same_sentence,"Ce n’est qu’à Sumhuram, dans toute la péninsule arabique, que l’on a retrouvé des fragments de véritable Rouletted Ware et de Paddle-impressedware, des poteries qui ont cessé d’être produites en Inde au Ier siècle av.",apa-IndOc-Gulf-Sumhuram-Avanzini2014,4,,
sumhuram,Sumhuram (Khor Rori),anchor,South Arabia,17.0400,54.4300,rouletted_ware,Rouletted Ware (Wheeler Type 1),indian_fineware,,,,,,same_sentence,"FIG. 6. – Céramique indienne (Rouletted Ware) trouvée à Sumhuram (Italian Mission To Oman, dessins : 1, 2 Sergio Martelli ; 3 Vincenzo Labianca, échelle 1:3).",apa-IndOc-Gulf-Sumhuram-Avanzini2014,6,,
myos_hormos,Myos Hormos (Quseir al-Qadim),anchor,Egyptian Red Sea,26.1567,34.2417,rouletted_ware,Rouletted Ware (Wheeler Type 1),indian_fineware,,,,,,within_1,FIG. 7. – Plan de distribution de la RoulettedWare et de la PaddleImpressedWare (Italian Mission To Oman).,apa-IndOc-Gulf-Sumhuram-Avanzini2014,7,,
ras_hafun,Ras Hafun,anchor,Horn of Africa,10.4400,51.2600,roman_glass,Roman glass,glass,,,,,,within_1,"Also in Puntland, another site with Roman materials was discovered in Daamo. 4 In Somaliland, the presence of Roman merchants is known since the late 19th century, when French explorer Georges Révoil discovered an assemblage of Roman glass and pottery in the cairns of Heis, a locality currently known in Somali as Xiis. 5 The site was visited by Neville Chittick in 1976, who found Roman glass “of about the 4th century AD” in a small robbed cairn, and potsherds on the surface of the site that he dated between the 2nd and 5th centuries AD. 6 G.",apa-IndOc-Gulf-Xiis-Fernandez2022,10,,
xiis,Xiis (Heis),comparandum,Horn of Africa,11.1300,47.1500,roman_glass,Roman glass,glass,,,,,,same_sentence,"Also in Puntland, another site with Roman materials was discovered in Daamo. 4 In Somaliland, the presence of Roman merchants is known since the late 19th century, when French explorer Georges Révoil discovered an assemblage of Roman glass and pottery in the cairns of Heis, a locality currently known in Somali as Xiis. 5 The site was visited by Neville Chittick in 1976, who found Roman glass “of about the 4th century AD” in a small robbed cairn, and potsherds on the surface of the site that he dated between the 2nd and 5th centuries AD. 6 G.",apa-IndOc-Gulf-Xiis-Fernandez2022,10,,
xiis,Xiis (Heis),comparandum,Horn of Africa,11.1300,47.1500,frankincense,Frankincense,organic,,,,,,within_1,"This place offers a market for the aforementioned and, similarly, from it is exported the aforementioned merchandise [myrrh, frankincense, cassia, and slaves] plus the incense called mokrotou.",apa-IndOc-Gulf-Xiis-Fernandez2022,11,,
xiis,Xiis (Heis),comparandum,Horn of Africa,11.1300,47.1500,roman_amphora_unspec,Roman amphora (unspecified type),mediterranean_amphora,,,,,,same_sentence,Fig. 2 – Roman amphorae found during the survey of Xiis (A.,apa-IndOc-Gulf-Xiis-Fernandez2022,13,,
xiis,Xiis (Heis),comparandum,Horn of Africa,11.1300,47.1500,roman_amphora_unspec,Roman amphora (unspecified type),mediterranean_amphora,,,,,,same_sentence,Fig. 3 – Greek graffito in a Roman amphora found during the survey of Xiis (C.,apa-IndOc-Gulf-Xiis-Fernandez2022,14,,
xiis,Xiis (Heis),comparandum,Horn of Africa,11.1300,47.1500,sigillata_unspec,Sigillata (unspecified),mediterranean_fineware,,,,,,same_sentence,Fig. 4 – Terra sigillata and Egyptian wares found during the survey of Xiis (A.,apa-IndOc-Gulf-Xiis-Fernandez2022,15,,
myos_hormos,Myos Hormos (Quseir al-Qadim),anchor,Egyptian Red Sea,26.1567,34.2417,bead,Bead (glass or stone),small_find,,,,,,same_sentence,"It was transported first by river to Coptos, then overland to Myos Hormos (or Berenike) and finally by sea toward sub‑Saharan Africa, Arabia and India. 54 However, other origins in the Mediterranean are also possible, including Rome itself, or even in the Red Sea: the Periplus mentions Muza as a place of production of polychrome glass. 55 We can divide the assemblage into three groups: monochrome and mosaic vessels; inlays, plaques and tiles; and glass beads.",apa-IndOc-Gulf-Xiis-Fernandez2022,19,,
berenike,Berenike,anchor,Egyptian Red Sea,23.9106,35.4761,bead,Bead (glass or stone),small_find,,,,,,same_sentence,"It was transported first by river to Coptos, then overland to Myos Hormos (or Berenike) and finally by sea toward sub‑Saharan Africa, Arabia and India. 54 However, other origins in the Mediterranean are also possible, including Rome itself, or even in the Red Sea: the Periplus mentions Muza as a place of production of polychrome glass. 55 We can divide the assemblage into three groups: monochrome and mosaic vessels; inlays, plaques and tiles; and glass beads.",apa-IndOc-Gulf-Xiis-Fernandez2022,19,,
myos_hormos,Myos Hormos (Quseir al-Qadim),anchor,Egyptian Red Sea,26.1567,34.2417,roman_glass,Roman glass,glass,,,,,,within_2,"Révoil’s, as all these groups are present in his collection. 56 Monochrome and mosaic vessels Several glass vessels have been found during survey and excavation.",apa-IndOc-Gulf-Xiis-Fernandez2022,19,,
berenike,Berenike,anchor,Egyptian Red Sea,23.9106,35.4761,roman_glass,Roman glass,glass,,,,,,within_2,"Révoil’s, as all these groups are present in his collection. 56 Monochrome and mosaic vessels Several glass vessels have been found during survey and excavation.",apa-IndOc-Gulf-Xiis-Fernandez2022,19,,
sumhuram,Sumhuram (Khor Rori),anchor,South Arabia,17.0400,54.4300,roman_glass,Roman glass,glass,,,,,,same_sentence,"Révoil. 61 This is doubtless the most popular of the glass vessels in the Red Sea during the first half of the 1st century AD. 62 It has been documented in the Omani coast, in Khor Rori, 63 and as far away as Afghanistan and India. 64 60.",apa-IndOc-Gulf-Xiis-Fernandez2022,20,,
xiis,Xiis (Heis),comparandum,Horn of Africa,11.1300,47.1500,bead,Bead (glass or stone),small_find,,,,,,same_sentence,"Other beads Non-glass beads have also been found at Xiis, including the bronze beads from the necklace of Tomb 120, which appeared in combination with faience and stone beads.",apa-IndOc-Gulf-Xiis-Fernandez2022,22,,
xiis,Xiis (Heis),comparandum,Horn of Africa,11.1300,47.1500,bead,Bead (glass or stone),small_find,,,,,,within_1,Carnelian and agate beads are among the most typical and widespread elements in Indo-Roman trade.,apa-IndOc-Gulf-Xiis-Fernandez2022,22,,
xiis,Xiis (Heis),comparandum,Horn of Africa,11.1300,47.1500,bead,Bead (glass or stone),small_find,,,,,,within_2,"Although they are traditionally believed to come from India, Egyptian products have also been detected. 73 Whatever their origin, carnelian beads are present in virtually all sites along the Red Sea.",apa-IndOc-Gulf-Xiis-Fernandez2022,22,,
xiis,Xiis (Heis),comparandum,Horn of Africa,11.1300,47.1500,bead,Bead (glass or stone),small_find,2,beads,exact,22,,same_sentence,"In Xiis we have some barrel and globular-shaped examples and one with truncated-cone shape found in Tomb 14, along with two cylindrical agate beads.",apa-IndOc-Gulf-Xiis-Fernandez2022,22,accept,two agate beads from Tomb 14
xiis,Xiis (Heis),comparandum,Horn of Africa,11.1300,47.1500,bead,Bead (glass or stone),small_find,,,,,Y,same_sentence,"Beads made of shells have also been attested, although they are not as common in Xiis as in other necropolises of North-East Africa. 74 Mollusk shell beads associated with tombs have been found in both the 2018 and 2019 surveys.",apa-IndOc-Gulf-Xiis-Fernandez2022,22,,
myos_hormos,Myos Hormos (Quseir al-Qadim),anchor,Egyptian Red Sea,26.1567,34.2417,sigillata_unspec,Sigillata (unspecified),mediterranean_fineware,,,,,,within_1,The Italian terra sigillata has a 1st century AD chronology.,apa-IndOc-Gulf-Xiis-Fernandez2022,23,,
ras_hafun,Ras Hafun,anchor,Horn of Africa,10.4400,51.2600,sigillata_unspec,Sigillata (unspecified),mediterranean_fineware,,,,,,within_1,The Italian terra sigillata has a 1st century AD chronology.,apa-IndOc-Gulf-Xiis-Fernandez2022,23,,
berenike,Berenike,anchor,Egyptian Red Sea,23.9106,35.4761,sigillata_unspec,Sigillata (unspecified),mediterranean_fineware,,,,,,within_1,The Italian terra sigillata has a 1st century AD chronology.,apa-IndOc-Gulf-Xiis-Fernandez2022,23,,
sumhuram,Sumhuram (Khor Rori),anchor,South Arabia,17.0400,54.4300,sigillata_unspec,Sigillata (unspecified),mediterranean_fineware,,,,,,within_1,The Italian terra sigillata has a 1st century AD chronology.,apa-IndOc-Gulf-Xiis-Fernandez2022,23,,
qana,Qana / Kane,anchor,South Arabia,14.0167,48.3200,sigillata_unspec,Sigillata (unspecified),mediterranean_fineware,,,,,,within_1,The Italian terra sigillata has a 1st century AD chronology.,apa-IndOc-Gulf-Xiis-Fernandez2022,23,,
sumhuram,Sumhuram (Khor Rori),anchor,South Arabia,17.0400,54.4300,bead,Bead (glass or stone),small_find,,,,,,same_sentence,"Although contacts with India are attested through carnelian and agate beads, whose most likely provenance is South Asia, we have been unable to find Indian pottery so far, which is common in other Red Sea sites, including Hafun in Somalia and Kanē and Sumhuram in South Arabia.",apa-IndOc-Gulf-Xiis-Fernandez2022,24,,
ras_hafun,Ras Hafun,anchor,Horn of Africa,10.4400,51.2600,bead,Bead (glass or stone),small_find,,,,,,same_sentence,"Although contacts with India are attested through carnelian and agate beads, whose most likely provenance is South Asia, we have been unable to find Indian pottery so far, which is common in other Red Sea sites, including Hafun in Somalia and Kanē and Sumhuram in South Arabia.",apa-IndOc-Gulf-Xiis-Fernandez2022,24,,
qana,Qana / Kane,anchor,South Arabia,14.0167,48.3200,bead,Bead (glass or stone),small_find,,,,,,same_sentence,"Although contacts with India are attested through carnelian and agate beads, whose most likely provenance is South Asia, we have been unable to find Indian pottery so far, which is common in other Red Sea sites, including Hafun in Somalia and Kanē and Sumhuram in South Arabia.",apa-IndOc-Gulf-Xiis-Fernandez2022,24,,
xiis,Xiis (Heis),comparandum,Horn of Africa,11.1300,47.1500,roman_glass,Roman glass,glass,,,,,,within_2,It has been assumed hitherto that local nomads were basically acquiring fine glass vessels to deposit them as 83.,apa-IndOc-Gulf-Xiis-Fernandez2022,24,,
berenike,Berenike,anchor,Egyptian Red Sea,23.9106,35.4761,roman_glass,Roman glass,glass,,,,,,within_2,"Stern, “Early Roman glass from Heis on the north Somali coast”, in Annales du 10e congrès de l’Association internationale pour l’histoire du verre, Madrid‑Segovie, 23‑28 septembre 1985, Amsterdam, Association internationale pour l’histoire du verre, 1987, pp. 23-39.",apa-IndOc-Gulf-Xiis-Fernandez2022,27,,
xiis,Xiis (Heis),comparandum,Horn of Africa,11.1300,47.1500,roman_glass,Roman glass,glass,,,,,,same_sentence,"Stern, “Early Roman glass from Heis on the north Somali coast”, in Annales du 10e congrès de l’Association internationale pour l’histoire du verre, Madrid‑Segovie, 23‑28 septembre 1985, Amsterdam, Association internationale pour l’histoire du verre, 1987, pp. 23-39.",apa-IndOc-Gulf-Xiis-Fernandez2022,27,,
rufiji,Rufiji delta,candidate,East Africa,-7.9000,39.3300,roman_coin,Roman coin,coin,,,,,,same_sentence,"This site may be anywhere between the Rufiji delta area, where ancient trade goods including Roman beads have been excavated and further north, where a number of fortuitous discoveries of early Roman coins have been made so far.",apa-IndOc-Gulf-Zanzibar-Juma2004,24,,
rufiji,Rufiji delta,candidate,East Africa,-7.9000,39.3300,bead,Bead (glass or stone),small_find,,,,,,same_sentence,"This site may be anywhere between the Rufiji delta area, where ancient trade goods including Roman beads have been excavated and further north, where a number of fortuitous discoveries of early Roman coins have been made so far.",apa-IndOc-Gulf-Zanzibar-Juma2004,24,,
rufiji,Rufiji delta,candidate,East Africa,-7.9000,39.3300,frankincense,Frankincense,organic,,,,,,within_2,The collapse of African overland trading network weakened the frankincense market in the northern trade branch and affected the early south Arabian kingdoms that among other things relied on it.,apa-IndOc-Gulf-Zanzibar-Juma2004,24,,
kilwa,Kilwa,comparandum,East Africa,-8.9600,39.5200,bead,Bead (glass or stone),small_find,,,,,,within_2,"The reason for his urban characterisation is probably the early occurrence of stone relics and the considerable quantity of imports recovered there; otherwise the two sites largely resemble each other in their fundamental characteristics e.g. in the shapes, size and colours of glass, shell beads and local wares recovered from the early period (Morrison 1984, pp. 181, 183;",apa-IndOc-Gulf-Zanzibar-Juma2004,36,,
manda,Manda,comparandum,East Africa,-2.2800,40.9500,bead,Bead (glass or stone),small_find,,,,,,within_1,"The reason for his urban characterisation is probably the early occurrence of stone relics and the considerable quantity of imports recovered there; otherwise the two sites largely resemble each other in their fundamental characteristics e.g. in the shapes, size and colours of glass, shell beads and local wares recovered from the early period (Morrison 1984, pp. 181, 183;",apa-IndOc-Gulf-Zanzibar-Juma2004,36,,
unguja_ukuu,Unguja Ukuu (Zanzibar),candidate,East Africa,-6.3400,39.3000,roman_glass,Roman glass,glass,,,,,,within_2,"First, this comprises widely traded exotic goods such as glass vessels and beads, glazed ceramic vessels that occur very early in the sequence.",apa-IndOc-Gulf-Zanzibar-Juma2004,37,,
rufiji,Rufiji delta,candidate,East Africa,-7.9000,39.3300,roman_glass,Roman glass,glass,,,,,,within_2,"First, this comprises widely traded exotic goods such as glass vessels and beads, glazed ceramic vessels that occur very early in the sequence.",apa-IndOc-Gulf-Zanzibar-Juma2004,37,,
unguja_ukuu,Unguja Ukuu (Zanzibar),candidate,East Africa,-6.3400,39.3000,bead,Bead (glass or stone),small_find,,,,,,within_2,"First, this comprises widely traded exotic goods such as glass vessels and beads, glazed ceramic vessels that occur very early in the sequence.",apa-IndOc-Gulf-Zanzibar-Juma2004,37,,
rufiji,Rufiji delta,candidate,East Africa,-7.9000,39.3300,bead,Bead (glass or stone),small_find,,,,,,within_2,"First, this comprises widely traded exotic goods such as glass vessels and beads, glazed ceramic vessels that occur very early in the sequence.",apa-IndOc-Gulf-Zanzibar-Juma2004,37,,
sohar,Sohar,comparandum,Gulf,24.3500,56.7300,rpw,Red Polished Ware,indian_fineware,,,,,,same_sentence,"Kervran (1996, pp. 38, 42–3) has reported from excavations of Sohar (Level V) in Oman, similar examples named “Red Polished Ware” with a neck that is typical of a metallic water vessel called hando (Swah) or handi (Arabic), which have been dated to the late Sasanian period (c. 600 AD).",apa-IndOc-Gulf-Zanzibar-Juma2004,115,,
sohar,Sohar,comparandum,Gulf,24.3500,56.7300,crsw,Coarse Red-slipped Wares,indian_coarseware,,,,,,same_sentence,"Kervran (1996, pp. 38, 42–3) has reported from excavations of Sohar (Level V) in Oman, similar examples named “Red Polished Ware” with a neck that is typical of a metallic water vessel called hando (Swah) or handi (Arabic), which have been dated to the late Sasanian period (c. 600 AD).",apa-IndOc-Gulf-Zanzibar-Juma2004,115,,
unguja_ukuu,Unguja Ukuu (Zanzibar),candidate,East Africa,-6.3400,39.3000,roman_glass,Roman glass,glass,,,,,Y,within_2,No. 2 Fragment of quality colorless glass vessel with a greenish tinge.,apa-IndOc-Gulf-Zanzibar-Juma2004,124,,
unguja_ukuu,Unguja Ukuu (Zanzibar),candidate,East Africa,-6.3400,39.3000,bead,Bead (glass or stone),small_find,,,,,,same_sentence,"128 Unguja Ukuu Period Ia: Shell-beads are most abundant during this period, three times more than the glass beads.",apa-IndOc-Gulf-Zanzibar-Juma2004,128,,
unguja_ukuu,Unguja Ukuu (Zanzibar),candidate,East Africa,-6.3400,39.3000,bead,Bead (glass or stone),small_find,,,,,,within_1,"The latter are largely drawn beads, translucent and barrel shaped (87%).",apa-IndOc-Gulf-Zanzibar-Juma2004,128,,
unguja_ukuu,Unguja Ukuu (Zanzibar),candidate,East Africa,-6.3400,39.3000,bead,Bead (glass or stone),small_find,,,,,,within_2,"The preferred colour is bluish green, while light-green beads are less prevalent during this period.",apa-IndOc-Gulf-Zanzibar-Juma2004,128,,
unguja_ukuu,Unguja Ukuu (Zanzibar),candidate,East Africa,-6.3400,39.3000,bead,Bead (glass or stone),small_find,,,,,,same_sentence,We noted that beads occur very early in the early archaeological sequence of Unguja Ukuu as we know from other sites on the east African coast.,apa-IndOc-Gulf-Zanzibar-Juma2004,129,,
unguja_ukuu,Unguja Ukuu (Zanzibar),candidate,East Africa,-6.3400,39.3000,bead,Bead (glass or stone),small_find,,,,,,within_1,"These places include the Rufiji delta in Tanzania that produced Roman beads, apart from such beads fortuitously discovered from other probably Rhapta-related sites.",apa-IndOc-Gulf-Zanzibar-Juma2004,129,,
rufiji,Rufiji delta,candidate,East Africa,-7.9000,39.3300,bead,Bead (glass or stone),small_find,,,,,,same_sentence,"These places include the Rufiji delta in Tanzania that produced Roman beads, apart from such beads fortuitously discovered from other probably Rhapta-related sites.",apa-IndOc-Gulf-Zanzibar-Juma2004,129,,
unguja_ukuu,Unguja Ukuu (Zanzibar),candidate,East Africa,-6.3400,39.3000,bead,Bead (glass or stone),small_find,,,,,,within_2,"Perhaps the continuation of imported beads, similar to other widely traded exotic items, into the succeeding periods, shows their sustained importance to the trading networks and the exchange system connected to development of urbanism.",apa-IndOc-Gulf-Zanzibar-Juma2004,129,,
rufiji,Rufiji delta,candidate,East Africa,-7.9000,39.3300,bead,Bead (glass or stone),small_find,,,,,,within_1,"Perhaps the continuation of imported beads, similar to other widely traded exotic items, into the succeeding periods, shows their sustained importance to the trading networks and the exchange system connected to development of urbanism.",apa-IndOc-Gulf-Zanzibar-Juma2004,129,,
rufiji,Rufiji delta,candidate,East Africa,-7.9000,39.3300,bead,Bead (glass or stone),small_find,,,,,,within_2,"On the other hand, there was of course parallel local contribution to this development for example provided from the marine shell beads that were possibly produced from womencontrolled traditional industries at Unguja Ukuu and other sites on the east African coast. 7.3 Faunal remains Large quantities of faunal remains were recovered from the excavations.",apa-IndOc-Gulf-Zanzibar-Juma2004,129,,
unguja_ukuu,Unguja Ukuu (Zanzibar),candidate,East Africa,-6.3400,39.3000,bead,Bead (glass or stone),small_find,,,,,,same_sentence,"On the other hand, there was of course parallel local contribution to this development for example provided from the marine shell beads that were possibly produced from womencontrolled traditional industries at Unguja Ukuu and other sites on the east African coast. 7.3 Faunal remains Large quantities of faunal remains were recovered from the excavations.",apa-IndOc-Gulf-Zanzibar-Juma2004,129,,
unguja_ukuu,Unguja Ukuu (Zanzibar),candidate,East Africa,-6.3400,39.3000,bead,Bead (glass or stone),small_find,,,,,,same_sentence,The few excellent early pieces from the Mediterranean and the bead evidence revealing the artistic lifestyles of the community both indicate the early external trade links of Unguja Ukuu.,apa-IndOc-Gulf-Zanzibar-Juma2004,145,,
unguja_ukuu,Unguja Ukuu (Zanzibar),candidate,East Africa,-6.3400,39.3000,bead,Bead (glass or stone),small_find,,,,,,within_1,"Shell beads, potsherds, animal bones including the remains of domesticated chicken and cat date to at least the end of the first millennium BC (Chami 2001b, pp. 84–97).",apa-IndOc-Gulf-Zanzibar-Juma2004,148,,
unguja_ukuu,Unguja Ukuu (Zanzibar),candidate,East Africa,-6.3400,39.3000,bead,Bead (glass or stone),small_find,,,,,,within_1,"There are a number of pits containing dense concentrations of pottery, shell beads, bones, metal fragments and glass beads that indicate long-term use. c) Exchange I have already emphasized that the exchange system was probably significant for alleviating deficits of food in the settlement and securing raw materials for local industries.",apa-IndOc-Gulf-Zanzibar-Juma2004,150,,
unguja_ukuu,Unguja Ukuu (Zanzibar),candidate,East Africa,-6.3400,39.3000,roman_glass,Roman glass,glass,,,,,,within_2,"Finds of glass vessels, foreign beads and other exotic objects in the basal levels partly indicate a trade motive.",apa-IndOc-Gulf-Zanzibar-Juma2004,150,,
unguja_ukuu,Unguja Ukuu (Zanzibar),candidate,East Africa,-6.3400,39.3000,bead,Bead (glass or stone),small_find,,,,,,within_2,"Finds of glass vessels, foreign beads and other exotic objects in the basal levels partly indicate a trade motive.",apa-IndOc-Gulf-Zanzibar-Juma2004,150,,
unguja_ukuu,Unguja Ukuu (Zanzibar),candidate,East Africa,-6.3400,39.3000,bead,Bead (glass or stone),small_find,,,,,,within_1,The beads recovered from the site served as protective by some sections of the community.,apa-IndOc-Gulf-Zanzibar-Juma2004,152,,
unguja_ukuu,Unguja Ukuu (Zanzibar),candidate,East Africa,-6.3400,39.3000,bead,Bead (glass or stone),small_find,,,,,,same_sentence,"Some pottery, stone vessels, and glass material and beads of antiquity recovered at Unguja Ukuu Ukuu are identified as coming from India, the Arabian Gulf and the Mediterranean world, and even north-western Europe.",apa-IndOc-Gulf-Zanzibar-Juma2004,159,,
rufiji,Rufiji delta,candidate,East Africa,-7.9000,39.3300,bead,Bead (glass or stone),small_find,,,,,,same_sentence,"Roman beads from the Rufiji Delta, Tanzania: first incontrovertible archaeological link with Periplus.",apa-IndOc-Gulf-Zanzibar-Juma2004,162,,
adulis,Adulis,anchor,East African Red Sea,15.2617,39.6600,roman_coin,Roman coin,coin,,,,,,same_sentence,Adulis in the written sources: the exported products Periplus Maris Erythraei Nonnosus and Philostorgius 1st c AD 6thc AD Egyptian textiles Sandal wood Glass Copper Silk Metal vessels Iron lron tools Roman coins Wine Olive oil | UNIVERSITA DI NAPOLI ~4 LORIENTALE C.,apa-RedSea-Adulis-Zazzaro2021,5,,
berenike,Berenike,anchor,Egyptian Red Sea,23.9106,35.4761,bead,Bead (glass or stone),small_find,,,,,,within_2,Some wore collars made of iron or beads.,apa-RedSea-Berenike-Sidebotham2020,6,,
berenike,Berenike,anchor,Egyptian Red Sea,23.9106,35.4761,roman_pottery_unspec,Roman pottery (unspecified),mediterranean_unspecified,,,,,,within_2,"X 1 and 2) appeared, from initial examination of the geomagnetic map and prior to excavation, to be horrea, i.e. typically shaped Roman warehouses.",apa-RedSea-Berenike-Sidebotham2020,8,,
berenike,Berenike,anchor,Egyptian Red Sea,23.9106,35.4761,bead,Bead (glass or stone),small_find,1,objects,exact,78,,same_sentence,The documentation of numbers of Indo-Pacific beads from excavations at both Berenike and Meroe suggest that the former was one avenue by which objects from the Indian Ocean trade reached Nubia.37 This may also suggest that people from Meroe had come to Berenike independently for commercial purposes.,apa-RedSea-Berenike-Sidebotham2020,9,reject,"describes a single specimen, not an assemblage"
berenike,Berenike,anchor,Egyptian Red Sea,23.9106,35.4761,teak,Teak / Indian timber,organic,,,,,,within_1,"For instance, teak was the only wood employed to manufacture the dovetail clamps used in the temple to hold the large stone blocks together.52 Apart from architectural elements, teak was also recycled into an array of wooden objects, including part of the wooden coffin found in the 1st century AD cemetery (BE19125: see Pl.",apa-RedSea-Berenike-Sidebotham2020,12,,
myos_hormos,Myos Hormos (Quseir al-Qadim),anchor,Egyptian Red Sea,26.1567,34.2417,teak,Teak / Indian timber,organic,,,,,,within_2,The best-preserved teak Sarapis bust measured 24.5 cm in height x ca. 20 cm in width x ca. 11.7 cm in thickness (Pl.,apa-RedSea-Berenike-Sidebotham2020,13,,
berenike,Berenike,anchor,Egyptian Red Sea,23.9106,35.4761,teak,Teak / Indian timber,organic,,,,,,same_sentence,"Accordingly, at Berenike only three small heads of alabaster and limestone excavated within the temple in earlier seasons, which must have been imported from the Nile valley, show the canonical Sarapis type.67 The others differ, but the well-preserved bust made of teak is of a type that has a close parallel in a probably late Hellenistic head from Egypt, whose iconography may be traced back to representations of the god from the 3rd century BC.68 A further find from trench 126, also related to sea travel, is in the form of a fragment of the GraecoRoman sea god Poseidon/Neptune (Pl.",apa-RedSea-Berenike-Sidebotham2020,14,,
berenike,Berenike,anchor,Egyptian Red Sea,23.9106,35.4761,frankincense,Frankincense,organic,,,,,,same_sentence,"From Berenike] Passengers generally set sail at midsummer, before the rising of the Dog-star, or else immediately after, and in about 30 days arrive at Ocelis in Arabia, or else at Cane, in the region which bears frankincense.",apa-RedSea-LeukeKome-Nappo2010,7,,
myos_hormos,Myos Hormos (Quseir al-Qadim),anchor,Egyptian Red Sea,26.1567,34.2417,black_pepper,Black pepper (Piper nigrum),organic,,,,,,within_2,"A unique example of this is a large Indian storage jar found in situ at Berenike and containing 7.5 kg of black pepper from southwest India (Tomber 2008, 76;",apa-RedSea-MyosHormos-PeacockandBlue2011,15,,
berenike,Berenike,anchor,Egyptian Red Sea,23.9106,35.4761,black_pepper,Black pepper (Piper nigrum),organic,,,,,,same_sentence,"A unique example of this is a large Indian storage jar found in situ at Berenike and containing 7.5 kg of black pepper from southwest India (Tomber 2008, 76;",apa-RedSea-MyosHormos-PeacockandBlue2011,15,,
myos_hormos,Myos Hormos (Quseir al-Qadim),anchor,Egyptian Red Sea,26.1567,34.2417,dressel_2_4,Dressel 2-4 amphora,mediterranean_amphora,,,,,,same_sentence,"One such text from Myos Hormos is a Dressel 2-4 amphora made from a Cilician fabric with a written inscription that mentions Miresis, a rare name but one of Nikanor’s son who was active at Myos Hormos and Berenike between AD 41 and 62.",apa-RedSea-MyosHormos-PeacockandBlue2011,16,,
berenike,Berenike,anchor,Egyptian Red Sea,23.9106,35.4761,dressel_2_4,Dressel 2-4 amphora,mediterranean_amphora,,,,,,same_sentence,"One such text from Myos Hormos is a Dressel 2-4 amphora made from a Cilician fabric with a written inscription that mentions Miresis, a rare name but one of Nikanor’s son who was active at Myos Hormos and Berenike between AD 41 and 62.",apa-RedSea-MyosHormos-PeacockandBlue2011,16,,
berenike,Berenike,anchor,Egyptian Red Sea,23.9106,35.4761,dressel_2_4,Dressel 2-4 amphora,mediterranean_amphora,,,,,,within_2,"Reynolds also suggests that instead of, or in addition to, the Dressel 2-4, the East Cilician Pompeii 5 or products of Ras Basit may be ladikena (ibid.).",apa-RedSea-MyosHormos-PeacockandBlue2011,17,,
myos_hormos,Myos Hormos (Quseir al-Qadim),anchor,Egyptian Red Sea,26.1567,34.2417,aila,Aila (Aqaba) amphora,mediterranean_amphora,,,,,,within_1,"At Aila, Type 3B and 3C were found to be made of the local fabric, proving that purpose-made stoppers of at least two types were made for Aila amphorae.",apa-RedSea-MyosHormos-PeacockandBlue2011,25,,
aila,Aila (Aqaba),comparandum,Northern Red Sea,29.5200,35.0000,aila,Aila (Aqaba) amphora,mediterranean_amphora,,,,,,same_sentence,"At Aila, Type 3B and 3C were found to be made of the local fabric, proving that purpose-made stoppers of at least two types were made for Aila amphorae.",apa-RedSea-MyosHormos-PeacockandBlue2011,25,,
myos_hormos,Myos Hormos (Quseir al-Qadim),anchor,Egyptian Red Sea,26.1567,34.2417,ae3,Amphore Egyptienne 3,mediterranean_amphora,,,,,,within_2,One example was found in the neck of an AE3 Egyptian amphora and they vary in diameter from 50-135 mm (average 82 mm).,apa-RedSea-MyosHormos-PeacockandBlue2011,26,,
myos_hormos,Myos Hormos (Quseir al-Qadim),anchor,Egyptian Red Sea,26.1567,34.2417,ae3,Amphore Egyptienne 3,mediterranean_amphora,,,,,,within_2,"The use of AE3 amphorae for oil DQG¿VKSURGXFWVKDVEHHQFRQ¿UPHGE\DGGLWLRQDOdipinti written on the amphorae (Cuvigny 2006, 177-8).",apa-RedSea-MyosHormos-PeacockandBlue2011,26,,
berenike,Berenike,anchor,Egyptian Red Sea,23.9106,35.4761,ae3,Amphore Egyptienne 3,mediterranean_amphora,,,,,,within_2,"The use of AE3 amphorae for oil DQG¿VKSURGXFWVKDVEHHQFRQ¿UPHGE\DGGLWLRQDOdipinti written on the amphorae (Cuvigny 2006, 177-8).",apa-RedSea-MyosHormos-PeacockandBlue2011,26,,
myos_hormos,Myos Hormos (Quseir al-Qadim),anchor,Egyptian Red Sea,26.1567,34.2417,roman_amphora_unspec,Roman amphora (unspecified type),mediterranean_amphora,3,amphora,exact,15,,same_sentence,"Only two examples were found in late 1st to early 2nd century AD deposits at Myos Hormos, of 37-57 mm diameter, and they provide XVZLWKQRIXUWKHUVLJQL¿FDQWIHDWXUHVDVWRWKHLUSXUSRVH or origin. 3.5 Text and Symbol Text and symbols come in three forms on Roman amphora stoppers; dipinti (commercial or inscriptions of ownership written in ink), personal or estate stamps, and commercial stamps.",apa-RedSea-MyosHormos-PeacockandBlue2011,28,reject,the 3 comes from the section number 3.5
myos_hormos,Myos Hormos (Quseir al-Qadim),anchor,Egyptian Red Sea,26.1567,34.2417,roman_pottery_unspec,Roman pottery (unspecified),mediterranean_unspecified,,,,,,within_1,"Roberta Tomber (Roman ceramics), Wilfried Van Rengen (Epigraphy), Rebecca Bridgeman (Islamic ceramics), -LOO 3KLOOLSV VPDOO ¿QGV 0DULMNH YDQ GHU 9HHQ ÀRUD and Sheila Hamilton-Dyre (fauna) have also helped with specialist areas of this study.",apa-RedSea-MyosHormos-PeacockandBlue2011,41,,
arikamedu,Arikamedu,anchor,Coromandel,11.9000,79.8200,roman_glass,Roman glass,glass,,,,,,within_1,"Roman glass was of course well known to the Chinese, who may have regarded it on a par with crystal (Leslie and Gardiner 1996, 212).",apa-RedSea-MyosHormos-PeacockandBlue2011,68,,
arikamedu,Arikamedu,anchor,Coromandel,11.9000,79.8200,bead,Bead (glass or stone),small_find,,,,,,within_2,"This is reinforced by the absence of similar beads on sites such as Fustat (Scanlon and Pinder-Wilson 2001, 119).",apa-RedSea-MyosHormos-PeacockandBlue2011,85,,
myos_hormos,Myos Hormos (Quseir al-Qadim),anchor,Egyptian Red Sea,26.1567,34.2417,bead,Bead (glass or stone),small_find,,,,,,within_1,"This is reinforced by the absence of similar beads on sites such as Fustat (Scanlon and Pinder-Wilson 2001, 119).",apa-RedSea-MyosHormos-PeacockandBlue2011,85,,
myos_hormos,Myos Hormos (Quseir al-Qadim),anchor,Egyptian Red Sea,26.1567,34.2417,bead,Bead (glass or stone),small_find,,,,,,within_2,The decorated bead is blue with white spots each with a blue centre in the manner of an eye [B13 from Tr. 13 (5520)] (Fig. 7.14).,apa-RedSea-MyosHormos-PeacockandBlue2011,85,,
myos_hormos,Myos Hormos (Quseir al-Qadim),anchor,Egyptian Red Sea,26.1567,34.2417,teak,Teak / Indian timber,organic,,,,,,same_sentence,"However, if the timbers from Tomb 2 at Quseir al-Qadim are in fact reused ship timbers then the introduction of iron nails in the construction of vessels may well have occurred prior to the Portuguese arrival.",apa-RedSea-MyosHormos-PeacockandBlue2011,191,,
myos_hormos,Myos Hormos (Quseir al-Qadim),anchor,Egyptian Red Sea,26.1567,34.2417,crsw_scooped,CRSW with organic (bamboo) wiping,indian_coarseware,,,,,,same_sentence,"Among the wood species used in the construction of hull and rig were a predominance of Indian and East African teak and blackwood (Chapter 17, this volume). 7KHSUHVHQFHRIZRRGFKLSVFRQ¿UPVWKDWWKHZRRGXVHG was shaped (or re-shaped) in Myos Hormos, as was also the case at Berenike (Vermeeren 2000b), where the LGHQWL¿HGZRRGFKLSVZHUHPDLQO\WHDNEXWDOVRLQFOXGHG local lagoon or desert species (acacia, mangrove, palm and tamarisk), Mediterranean conifers, oak and elm and bamboo (Vermeeren 2000a, table 2).",apa-RedSea-MyosHormos-PeacockandBlue2011,193,,
berenike,Berenike,anchor,Egyptian Red Sea,23.9106,35.4761,crsw_scooped,CRSW with organic (bamboo) wiping,indian_coarseware,,,,,,same_sentence,"Among the wood species used in the construction of hull and rig were a predominance of Indian and East African teak and blackwood (Chapter 17, this volume). 7KHSUHVHQFHRIZRRGFKLSVFRQ¿UPVWKDWWKHZRRGXVHG was shaped (or re-shaped) in Myos Hormos, as was also the case at Berenike (Vermeeren 2000b), where the LGHQWL¿HGZRRGFKLSVZHUHPDLQO\WHDNEXWDOVRLQFOXGHG local lagoon or desert species (acacia, mangrove, palm and tamarisk), Mediterranean conifers, oak and elm and bamboo (Vermeeren 2000a, table 2).",apa-RedSea-MyosHormos-PeacockandBlue2011,193,,
myos_hormos,Myos Hormos (Quseir al-Qadim),anchor,Egyptian Red Sea,26.1567,34.2417,teak,Teak / Indian timber,organic,,,,,,same_sentence,"Among the wood species used in the construction of hull and rig were a predominance of Indian and East African teak and blackwood (Chapter 17, this volume). 7KHSUHVHQFHRIZRRGFKLSVFRQ¿UPVWKDWWKHZRRGXVHG was shaped (or re-shaped) in Myos Hormos, as was also the case at Berenike (Vermeeren 2000b), where the LGHQWL¿HGZRRGFKLSVZHUHPDLQO\WHDNEXWDOVRLQFOXGHG local lagoon or desert species (acacia, mangrove, palm and tamarisk), Mediterranean conifers, oak and elm and bamboo (Vermeeren 2000a, table 2).",apa-RedSea-MyosHormos-PeacockandBlue2011,193,,
berenike,Berenike,anchor,Egyptian Red Sea,23.9106,35.4761,teak,Teak / Indian timber,organic,,,,,,same_sentence,"Among the wood species used in the construction of hull and rig were a predominance of Indian and East African teak and blackwood (Chapter 17, this volume). 7KHSUHVHQFHRIZRRGFKLSVFRQ¿UPVWKDWWKHZRRGXVHG was shaped (or re-shaped) in Myos Hormos, as was also the case at Berenike (Vermeeren 2000b), where the LGHQWL¿HGZRRGFKLSVZHUHPDLQO\WHDNEXWDOVRLQFOXGHG local lagoon or desert species (acacia, mangrove, palm and tamarisk), Mediterranean conifers, oak and elm and bamboo (Vermeeren 2000a, table 2).",apa-RedSea-MyosHormos-PeacockandBlue2011,193,,
myos_hormos,Myos Hormos (Quseir al-Qadim),anchor,Egyptian Red Sea,26.1567,34.2417,black_pepper,Black pepper (Piper nigrum),organic,,,,,,within_2,"Black pepper (Piper nigrum) Originates in southwest India and has been found in both 5RPDQDQG,VODPLFGHSRVLWVWKHHDUOLHVW¿QGVVRIDUGDWH to the early 1st century AD (Fig. 18.1).",apa-RedSea-MyosHormos-PeacockandBlue2011,235,,
myos_hormos,Myos Hormos (Quseir al-Qadim),anchor,Egyptian Red Sea,26.1567,34.2417,teak,Teak / Indian timber,organic,,,,,,within_2,"These issues are addressed LQWKH¿QDOYROXPHYDQGHU9HHQIRUWKFRPLQJ 18.9 Wood Used in Artefacts Large numbers of wooden artefacts have been recovered during the excavations (see Chapter 14, this volume), including mundane objects such as combs, spoons, bowls, lids, needles and pegs, as well as maritime artefacts such as brail rings, pulleys, sheaves and ship timbers (see Chapter 15, this volume).",apa-RedSea-MyosHormos-PeacockandBlue2011,241,,
berenike,Berenike,anchor,Egyptian Red Sea,23.9106,35.4761,frankincense,Frankincense,organic,,,,,,within_1,"South Arabia Although some frankincense was exported from East Africa, South Arabian frankincense was of a finer quality and more highly prized, as is clear from the Periplus (27, 29, 32).",apa-RedSea-RedSea-Tomber2012,4,,
berenike,Berenike,anchor,Egyptian Red Sea,23.9106,35.4761,frankincense,Frankincense,organic,,,,,,within_1,"However, since the 2009 excavations, Boswellia wood has been recovered in growing quantities, primarily from early Roman levels (Sidebotham 2011, 240–41;",apa-RedSea-RedSea-Tomber2012,5,,
berenike,Berenike,anchor,Egyptian Red Sea,23.9106,35.4761,frankincense,Frankincense,organic,,,,,,within_1,This is compatible with trade in a commodity such as frankincense that would be light and require ballasting.,apa-RedSea-RedSea-Tomber2012,5,,
berenike,Berenike,anchor,Egyptian Red Sea,23.9106,35.4761,frankincense,Frankincense,organic,,,,,,within_2,It would be particularly needed if the traffic included a closed route between Kanê and the Red Sea aimed at the incense trade or indeed on the return from India if the Indian cargo was off-loaded for frankincense.,apa-RedSea-RedSea-Tomber2012,5,,
qana,Qana / Kane,anchor,South Arabia,14.0167,48.3200,roman_pottery_unspec,Roman pottery (unspecified),mediterranean_unspecified,,,,,,same_sentence,Sizeable quantities of Roman pottery from Qana’ support identification of this closed route (Sedov and Benvenuti 2002;,apa-RedSea-RedSea-Tomber2012,5,,
barygaza,Barygaza (Bharuch),anchor,Gujarat,21.7000,72.9900,black_pepper,Black pepper (Piper nigrum),organic,,,,,,same_sentence,"Within the Periplus, other local items, such as Piper longum (long pepper) in the case of Barygaza, and Piper nigrum (black pepper) and transparent gems for Limyrikê, seem to be specific to one port or one region.",apa-RedSea-RedSea-Tomber2012,5,,
barygaza,Barygaza (Bharuch),anchor,Gujarat,21.7000,72.9900,black_pepper,Black pepper (Piper nigrum),organic,,,,,,within_1,"Those items with a restricted production and export area, exemplified by long versus black pepper, are, therefore, most valuable in trying to reconstruct trade routes from India to Egypt.",apa-RedSea-RedSea-Tomber2012,5,,
berenike,Berenike,anchor,Egyptian Red Sea,23.9106,35.4761,black_pepper,Black pepper (Piper nigrum),organic,,,,,Y,same_sentence,"From the Red Sea, black pepper (not long pepper) has been identified archaeologically, most spectacularly by 7.5kg in an Indian pottery vessel found at Berenike (Cappers 2006, 114–16).",apa-RedSea-RedSea-Tomber2012,5,,
berenike,Berenike,anchor,Egyptian Red Sea,23.9106,35.4761,crsw_scooped,CRSW with organic (bamboo) wiping,indian_coarseware,,,,,,same_sentence,"Although these vessels were produced throughout India, a proportion of those found at Quseir and Berenike have distinctive internal wiping marks that could be the result of bamboo tools (Tomber and Begley 2000,",apa-RedSea-RedSea-Tomber2012,5,,
arikamedu,Arikamedu,anchor,Coromandel,11.9000,79.8200,black_pepper,Black pepper (Piper nigrum),organic,,,,,,within_1,"This correspondence in cooking vessels, together with the black pepper and other finds from the Egyptian ports, establishes the material connection between the Red Sea and southwest India mentioned in the texts.",apa-RedSea-RedSea-Tomber2012,6,,
pattanam,Pattanam,anchor,Kerala,10.1530,76.2070,black_pepper,Black pepper (Piper nigrum),organic,,,,,,within_1,"This correspondence in cooking vessels, together with the black pepper and other finds from the Egyptian ports, establishes the material connection between the Red Sea and southwest India mentioned in the texts.",apa-RedSea-RedSea-Tomber2012,6,,
pattanam,Pattanam,anchor,Kerala,10.1530,76.2070,sigillata_unspec,Sigillata (unspecified),mediterranean_fineware,,,,,,within_1,"These include Roman glass and large quantities (more than 6,000 sherds) of Roman amphorae, mostly for wine, and sigillata (Cherian, Selvakumar and Shajan 2007).",apa-RedSea-RedSea-Tomber2012,6,,
pattanam,Pattanam,anchor,Kerala,10.1530,76.2070,roman_amphora_unspec,Roman amphora (unspecified type),mediterranean_amphora,,,,,,within_1,"These include Roman glass and large quantities (more than 6,000 sherds) of Roman amphorae, mostly for wine, and sigillata (Cherian, Selvakumar and Shajan 2007).",apa-RedSea-RedSea-Tomber2012,6,,
pattanam,Pattanam,anchor,Kerala,10.1530,76.2070,roman_glass,Roman glass,glass,,,,,,within_1,"These include Roman glass and large quantities (more than 6,000 sherds) of Roman amphorae, mostly for wine, and sigillata (Cherian, Selvakumar and Shajan 2007).",apa-RedSea-RedSea-Tomber2012,6,,
alagankulam,Alagankulam,comparandum,Coromandel,9.3600,79.0200,ae3,Amphore Egyptienne 3,mediterranean_amphora,,,,,,within_1,"The AE3 has been found only at Pattanam and Arikamedu, the two sites with the largest amphora assemblages (Fig. 4).",apa-RedSea-RedSea-Tomber2012,6,,
arikamedu,Arikamedu,anchor,Coromandel,11.9000,79.8200,ae3,Amphore Egyptienne 3,mediterranean_amphora,,,,,,same_sentence,"The AE3 has been found only at Pattanam and Arikamedu, the two sites with the largest amphora assemblages (Fig. 4).",apa-RedSea-RedSea-Tomber2012,6,,
pattanam,Pattanam,anchor,Kerala,10.1530,76.2070,ae3,Amphore Egyptienne 3,mediterranean_amphora,,,,,,same_sentence,"The AE3 has been found only at Pattanam and Arikamedu, the two sites with the largest amphora assemblages (Fig. 4).",apa-RedSea-RedSea-Tomber2012,6,,
alagankulam,Alagankulam,comparandum,Coromandel,9.3600,79.0200,dressel_2_4,Dressel 2-4 amphora,mediterranean_amphora,,,,,,within_2,The Dressel 2–4 would have been traded for,apa-RedSea-RedSea-Tomber2012,6,,
arikamedu,Arikamedu,anchor,Coromandel,11.9000,79.8200,dressel_2_4,Dressel 2-4 amphora,mediterranean_amphora,,,,,,within_1,The Dressel 2–4 would have been traded for,apa-RedSea-RedSea-Tomber2012,6,,
pattanam,Pattanam,anchor,Kerala,10.1530,76.2070,dressel_2_4,Dressel 2-4 amphora,mediterranean_amphora,,,,,,within_1,The Dressel 2–4 would have been traded for,apa-RedSea-RedSea-Tomber2012,6,,
qana,Qana / Kane,anchor,South Arabia,14.0167,48.3200,sigillata_unspec,Sigillata (unspecified),mediterranean_fineware,,,,,,within_2,"The detailed information available from these sites has enormous implications for our understanding of Indian Ocean trade, and it is significant that both pottery assemblages, in addition to large quantities of Roman amphorae and smaller amounts of sigillata which can be paralleled with the assemblages from Quseir and Berenike, also contain Egyptian coarse pottery.",apa-RedSea-RedSea-Tomber2012,7,,
sumhuram,Sumhuram (Khor Rori),anchor,South Arabia,17.0400,54.4300,sigillata_unspec,Sigillata (unspecified),mediterranean_fineware,,,,,,within_1,"The detailed information available from these sites has enormous implications for our understanding of Indian Ocean trade, and it is significant that both pottery assemblages, in addition to large quantities of Roman amphorae and smaller amounts of sigillata which can be paralleled with the assemblages from Quseir and Berenike, also contain Egyptian coarse pottery.",apa-RedSea-RedSea-Tomber2012,7,,
berenike,Berenike,anchor,Egyptian Red Sea,23.9106,35.4761,sigillata_unspec,Sigillata (unspecified),mediterranean_fineware,,,,,,same_sentence,"The detailed information available from these sites has enormous implications for our understanding of Indian Ocean trade, and it is significant that both pottery assemblages, in addition to large quantities of Roman amphorae and smaller amounts of sigillata which can be paralleled with the assemblages from Quseir and Berenike, also contain Egyptian coarse pottery.",apa-RedSea-RedSea-Tomber2012,7,,
qana,Qana / Kane,anchor,South Arabia,14.0167,48.3200,roman_amphora_unspec,Roman amphora (unspecified type),mediterranean_amphora,,,,,,within_2,"The detailed information available from these sites has enormous implications for our understanding of Indian Ocean trade, and it is significant that both pottery assemblages, in addition to large quantities of Roman amphorae and smaller amounts of sigillata which can be paralleled with the assemblages from Quseir and Berenike, also contain Egyptian coarse pottery.",apa-RedSea-RedSea-Tomber2012,7,,
sumhuram,Sumhuram (Khor Rori),anchor,South Arabia,17.0400,54.4300,roman_amphora_unspec,Roman amphora (unspecified type),mediterranean_amphora,,,,,,within_1,"The detailed information available from these sites has enormous implications for our understanding of Indian Ocean trade, and it is significant that both pottery assemblages, in addition to large quantities of Roman amphorae and smaller amounts of sigillata which can be paralleled with the assemblages from Quseir and Berenike, also contain Egyptian coarse pottery.",apa-RedSea-RedSea-Tomber2012,7,,
berenike,Berenike,anchor,Egyptian Red Sea,23.9106,35.4761,roman_amphora_unspec,Roman amphora (unspecified type),mediterranean_amphora,,,,,,same_sentence,"The detailed information available from these sites has enormous implications for our understanding of Indian Ocean trade, and it is significant that both pottery assemblages, in addition to large quantities of Roman amphorae and smaller amounts of sigillata which can be paralleled with the assemblages from Quseir and Berenike, also contain Egyptian coarse pottery.",apa-RedSea-RedSea-Tomber2012,7,,
sumhuram,Sumhuram (Khor Rori),anchor,South Arabia,17.0400,54.4300,dressel_2_4,Dressel 2-4 amphora,mediterranean_amphora,,,,,Y,within_2,"At Qana’, Ballet (1996, 824–29) has identified AE3 (fig. 25) vessels and an Egyptian (but not Mareotic) Dressel 2–4 amongst the range of amphora imports.",apa-RedSea-RedSea-Tomber2012,7,,
berenike,Berenike,anchor,Egyptian Red Sea,23.9106,35.4761,dressel_2_4,Dressel 2-4 amphora,mediterranean_amphora,,,,,Y,within_1,"At Qana’, Ballet (1996, 824–29) has identified AE3 (fig. 25) vessels and an Egyptian (but not Mareotic) Dressel 2–4 amongst the range of amphora imports.",apa-RedSea-RedSea-Tomber2012,7,,
qana,Qana / Kane,anchor,South Arabia,14.0167,48.3200,dressel_2_4,Dressel 2-4 amphora,mediterranean_amphora,,,,,Y,same_sentence,"At Qana’, Ballet (1996, 824–29) has identified AE3 (fig. 25) vessels and an Egyptian (but not Mareotic) Dressel 2–4 amongst the range of amphora imports.",apa-RedSea-RedSea-Tomber2012,7,,
sumhuram,Sumhuram (Khor Rori),anchor,South Arabia,17.0400,54.4300,ae3,Amphore Egyptienne 3,mediterranean_amphora,,,,,Y,within_2,"At Qana’, Ballet (1996, 824–29) has identified AE3 (fig. 25) vessels and an Egyptian (but not Mareotic) Dressel 2–4 amongst the range of amphora imports.",apa-RedSea-RedSea-Tomber2012,7,,
berenike,Berenike,anchor,Egyptian Red Sea,23.9106,35.4761,ae3,Amphore Egyptienne 3,mediterranean_amphora,,,,,Y,within_1,"At Qana’, Ballet (1996, 824–29) has identified AE3 (fig. 25) vessels and an Egyptian (but not Mareotic) Dressel 2–4 amongst the range of amphora imports.",apa-RedSea-RedSea-Tomber2012,7,,
qana,Qana / Kane,anchor,South Arabia,14.0167,48.3200,ae3,Amphore Egyptienne 3,mediterranean_amphora,,,,,Y,same_sentence,"At Qana’, Ballet (1996, 824–29) has identified AE3 (fig. 25) vessels and an Egyptian (but not Mareotic) Dressel 2–4 amongst the range of amphora imports.",apa-RedSea-RedSea-Tomber2012,7,,
sumhuram,Sumhuram (Khor Rori),anchor,South Arabia,17.0400,54.4300,egyptian_coarse,Egyptian coarse table wares,mediterranean_coarseware,,,,,,same_sentence,"At Khor Rori, a wider functional range of Egyptian coarse wares seemingly in larger quantities are found: jugs, cooking pots and bowls.",apa-RedSea-RedSea-Tomber2012,7,,
sumhuram,Sumhuram (Khor Rori),anchor,South Arabia,17.0400,54.4300,frankincense,Frankincense,organic,,,,,,within_1,"According to the Periplus, Kanê was the most important South Arabian port for the export of frankincense, for ‘All the frankincense grown in the land is brought into Kanê ...",apa-RedSea-RedSea-Tomber2012,7,,
qana,Qana / Kane,anchor,South Arabia,14.0167,48.3200,frankincense,Frankincense,organic,,,,,,within_1,"According to the Periplus, Kanê was the most important South Arabian port for the export of frankincense, for ‘All the frankincense grown in the land is brought into Kanê ...",apa-RedSea-RedSea-Tomber2012,7,,
barygaza,Barygaza (Bharuch),anchor,Gujarat,21.7000,72.9900,frankincense,Frankincense,organic,,,,,,within_2,"Some vessels are customarily sent to it from Kanê; in addition, those sailing by from Limyrikê or Baygaza that passed the winter because of the season being late, by arrangement with the royal agents take on, in exchange for cotton cloth and grain and oil, a return cargo of frankincense, the Sachalite variety throughout, at a mole that stands there unguarded, thanks to some power of the gods who watch over this place.",apa-RedSea-RedSea-Tomber2012,7,,
sumhuram,Sumhuram (Khor Rori),anchor,South Arabia,17.0400,54.4300,frankincense,Frankincense,organic,,,,,,within_1,"Some vessels are customarily sent to it from Kanê; in addition, those sailing by from Limyrikê or Baygaza that passed the winter because of the season being late, by arrangement with the royal agents take on, in exchange for cotton cloth and grain and oil, a return cargo of frankincense, the Sachalite variety throughout, at a mole that stands there unguarded, thanks to some power of the gods who watch over this place.",apa-RedSea-RedSea-Tomber2012,7,,
sumhuram,Sumhuram (Khor Rori),anchor,South Arabia,17.0400,54.4300,frankincense,Frankincense,organic,,,,,Y,within_2,"For, neither covertly nor overtly can frankincense be loaded aboard a ship without royal permission, if even a grain is lifted aboard, the ship cannot sail, since it is against the god’s will (Periplus 32).",apa-RedSea-RedSea-Tomber2012,7,,
sumhuram,Sumhuram (Khor Rori),anchor,South Arabia,17.0400,54.4300,egyptian_coarse,Egyptian coarse table wares,mediterranean_coarseware,,,,,,within_1,"The small quantities of Egyptian coarse wares at Qana’, and perhaps Pattanam, could easily be on-board provisions for Egyptian sailors travelling to those sites.",apa-RedSea-RedSea-Tomber2012,8,,
pattanam,Pattanam,anchor,Kerala,10.1530,76.2070,egyptian_coarse,Egyptian coarse table wares,mediterranean_coarseware,,,,,,same_sentence,"The small quantities of Egyptian coarse wares at Qana’, and perhaps Pattanam, could easily be on-board provisions for Egyptian sailors travelling to those sites.",apa-RedSea-RedSea-Tomber2012,8,,
qana,Qana / Kane,anchor,South Arabia,14.0167,48.3200,egyptian_coarse,Egyptian coarse table wares,mediterranean_coarseware,,,,,,same_sentence,"The small quantities of Egyptian coarse wares at Qana’, and perhaps Pattanam, could easily be on-board provisions for Egyptian sailors travelling to those sites.",apa-RedSea-RedSea-Tomber2012,8,,
ras_hafun,Ras Hafun,anchor,Horn of Africa,10.4400,51.2600,dressel_2_4,Dressel 2-4 amphora,mediterranean_amphora,,,,,,within_1,"Amongst the Dressel 2–4 amphorae (fig. 4, b–c; k–m) are ones likely to be Egyptian (fig. 4, b–c, k–m?), Egyptian AE3 amphora (fig. 4, a, e) and some conical bowls (fig. 4, h–i), which are very common in Egypt and were probably manufactured there.",apa-RedSea-RedSea-Tomber2012,8,,
ras_hafun,Ras Hafun,anchor,Horn of Africa,10.4400,51.2600,ae3,Amphore Egyptienne 3,mediterranean_amphora,,,,,,within_1,"Amongst the Dressel 2–4 amphorae (fig. 4, b–c; k–m) are ones likely to be Egyptian (fig. 4, b–c, k–m?), Egyptian AE3 amphora (fig. 4, a, e) and some conical bowls (fig. 4, h–i), which are very common in Egypt and were probably manufactured there.",apa-RedSea-RedSea-Tomber2012,8,,
berenike,Berenike,anchor,Egyptian Red Sea,23.9106,35.4761,dressel_2_4,Dressel 2-4 amphora,mediterranean_amphora,,,,,,within_1,Un atelier de Dressel 2–4 en Égypte au IIIe siècle de notre ère.,apa-RedSea-RedSea-Tomber2012,9,,
myos_hormos,Myos Hormos (Quseir al-Qadim),anchor,Egyptian Red Sea,26.1567,34.2417,dressel_2_4,Dressel 2-4 amphora,mediterranean_amphora,,,,,,same_sentence,http://www.britishmuseum.org/research/online_journals/bmsaes/issue_18/tomber.aspx 2012 213 EGYPTIAN PORTS & TRADING PARTNERS Fig. 3: Italian Dressel 2–4 from the amphora jetty at Quseir al-Qadim (Photo: D.,apa-RedSea-RedSea-Tomber2012,13,,
myos_hormos,Myos Hormos (Quseir al-Qadim),anchor,Egyptian Red Sea,26.1567,34.2417,dressel_2_4,Dressel 2-4 amphora,mediterranean_amphora,,,,,Y,within_1,Fig. 2: Dressel 2–4 (left) and Amphore égyptienne 3 (right) (not to scale) (Antony Simpson).,apa-RedSea-RedSea-Tomber2012,13,,
