port,score,passage,source,page
Leuke Kome,12,"Report on the Excavations at Berenike, including a Survey in the Eastern Desert, Warsaw, PCMA: 117-162 Krystyna Gawlikowska The shells A preliminary report The excavations in Aynuna yielded 1707 marine mollusc shells preserved sufficiently well to make the identification of family, and in most cases also species, possible.",Gawlikowski-Juchniewicz-al-Zahrani-2021-Aynuna-Nabataean-Port-Red-Sea,0
Leuke Kome,10,"Despite these difficulties, the equation of Aynuna with Leuke Kome has been favoured by most scholars due to a lack of alternate excavated sites on the Arabian coast of the Red Sea, and because the correct identification of the site of Myos Hormos with Quseir alQadim is still relatively recent.",Nappo-2010-JRA-23-On-the-Location-of-Leuke-Kome,5
Leuke Kome,9,"Most scholars believe that it should be located in the area of modern Aynuna, c.5 km from the coast at the mouth of the Gulf of Aqaba;3 surveys of the area have revealed extensive architecture, including a tower and a necropolis.4 Although the evidence is meager, this identification is generally accepted.",Nappo-2010-JRA-23-On-the-Location-of-Leuke-Kome,3
Leuke Kome,9,"The consensus, at the moment, is that Ptolemy inadvertently confused Leukos Limen with Leuke Kome in Saudi Arabia (ibid.: n. 7; Cuvigny 20038: 28-30), setting modern scholars off on a search for a non-existent site on the western Red Sea.® Earher excavations by the University of Chicago had identified two major structural periods at Myos Hormos, an 58 3.",Tomber-2008-Indo-Roman-Trade-From-Pots-to-Pepper,0
Leuke Kome,8,"Though Leuke Kome has not been precisely located, a survey in the Kuraybah-’Aynunah area of northwestern Saudi Arabia found evidence of ancient activity there.3 These remains are unexcavated.4 The site, which includes Nabataean and early Roman potsherds, lies near the Strait of Tiran.",Sidebotham-2011-Berenike-and-the-Ancient-Maritime-Spice-Route,0
Leuke Kome,7,"Some of these sherds might have fallen from Upper Aynuna over the cliff, but those found in connection with the excavated foundations must belong to the building phase.",Gawlikowski-Juchniewicz-al-Zahrani-2021-Aynuna-Nabataean-Port-Red-Sea,0
Leuke Kome,7,"A.D. for trade with India.1 Myos Hormos and Berenike have been identified and investigated: Berenike was sited just south of the large peninsula of Ras Benas, while Quseir al-Qadim is generally regarded as the site of Myos Hormos (fig. 1).2 The exact location of Leuke Kome, however, remains uncertain.",Nappo-2010-JRA-23-On-the-Location-of-Leuke-Kome,3
Leuke Kome,7,"Perhaps a settlement at Iotabê, which remains unidentiﬁed but was likely in the area of the Strait of Tiran, replaced Leuke Kome as a customs post/port beginning sometime in the ﬁfth century; in any case, Iotabe appears to have operated for only about sixty years before it was abandoned.12 AILA/AELA/AELANA Excavations at Aila (modern Aqaba), the northeasternmost- point on the Red Sea, have produced little indicating that it operated the Hellenistic period.13 Nor does extant evidence suggest much activity here prior to Roman annexation in 106 c.e. or during the O T H E R E M P O R I A • 177 early Roman occupation.",Sidebotham-2011-Berenike-and-the-Ancient-Maritime-Spice-Route,198
Leuke Kome,6,"Bronze, 25 mm Both sides completely worn. 27 28 319 Michał Gawlikowski The excavations at Aynuna in the years 2015-2018 have yielded altogether twentyeight coins, of which two are completely obliterated.",Gawlikowski-Juchniewicz-al-Zahrani-2021-Aynuna-Nabataean-Port-Red-Sea,0
Leuke Kome,6,"Casson points out, we must infer that a journey of ""two to three runs"" would have been about 1,000 or 1,500 stadia, or 100 to 150 nautical miles (equivalent to between 185 and 278 km),14 The traditional identification of Leuke Kome with Aynuna does not fit the Periplus' description.",Nappo-2010-JRA-23-On-the-Location-of-Leuke-Kome,4
Leuke Kome,6,"Fintanto che quest’ultima città era stata identificata con ’Abu Sha’ar, l’identificazione di Leuke Kome con ‘Aynunah poteva avere un senso.",apa-RedSea-RedSea-Nappo2018,0
Leuke Kome,5,"On the location of Leuke Kome 339 Beginning in 1987, five seasons of excavation at Abu Shaar ascertained its role in long-distance commerce,20 but not as a port.",Nappo-2010-JRA-23-On-the-Location-of-Leuke-Kome,0
Leuke Kome,5,"The identification of Egra Kome is even more difficult than of Leuke Kome, and it largely depends on the opinion where the latter should be located.",apa-RedSea-LeukeKome-Fiema2020,0
Leuke Kome,4,"Ciesielska Bioarchaeological analysis of human remains from Lower Aynuna 287 Karol Juchniewicz Area 3 – preliminary remarks 295 Michał Gawlikowski Catalogue of coins 303 M.ichał Gawlikowski The inscriptions 323 Krystyna Gawlikowska Glass finds 329 Krystyna Gawlikowska The shells 351 Marek Truszkowski Appendix: Shell artefacts 429 Conclusion 449 Foreword This is the report on the Saudi-Polish excavations at Aynuna on the Red Sea, Tabuk province, which were conducted from 2014 to 2018.",Gawlikowski-Juchniewicz-al-Zahrani-2021-Aynuna-Nabataean-Port-Red-Sea,0
Leuke Kome,4,"It was however linked to the identification of the port of Myos Hormos on the Egyptian shore as the modern site of Abu Shaar practically on the same latitude as Aynuna, because the Periplus puts Leuke Kome two or three days sailing east from Myos Hormos.",Gawlikowski-Juchniewicz-al-Zahrani-2021-Aynuna-Nabataean-Port-Red-Sea,0
Leuke Kome,4,"Though no trace of a Roman camp was identified on the shore, it seems to us that it could have been located on the terrace opposite the Lower Aynuna site.",Gawlikowski-Juchniewicz-al-Zahrani-2021-Aynuna-Nabataean-Port-Red-Sea,0
Leuke Kome,4,"Overall, the corpus of mortuary remains excavated within Aynuna site is comprised mostly of chance finds in amFig. 2 Burial in Khan 5, Trench 9. 292 Bioarchaeological analysis of human remains from Lower Aynuna biguous burial circumstances.",Gawlikowski-Juchniewicz-al-Zahrani-2021-Aynuna-Nabataean-Port-Red-Sea,0
Leuke Kome,4,"(1959) Notes d’épigraphie et de topographie palestiniennes, Revue Biblique 66 : 550-575 The glass finds come mainly from regular excavations in Lower Aynuna from Khans 1,2 and 3 (see map p. 15).",Gawlikowski-Juchniewicz-al-Zahrani-2021-Aynuna-Nabataean-Port-Red-Sea,326
Leuke Kome,4,"The characteristics of both sites favour the identification of Aynuna with Leuke Kome of Classical sources.1 It is reported that the wares were taxed in that place with the 25% quarter tax on value perceived by a Roman customs official, in spite of the region belonging to the Nabataean Kingdom up to AD 106.",Gawlikowski-Juchniewicz-al-Zahrani-2021-Aynuna-Nabataean-Port-Red-Sea,0
Leuke Kome,4,"Though as yet unconfirmed by direct evidence, the identification of Aynuna as Leuke Kome, postulated already in 1979 and advocated recently by Ali al-Ghabban, seems to us most likely.2 Michał Gawlikowski 1 See M.",Gawlikowski-Juchniewicz-al-Zahrani-2021-Aynuna-Nabataean-Port-Red-Sea,0
Leuke Kome,4,"In this brief paper the author reviews some data that bring light to bear on the issue of the nautical challenges posed by sailing conditions in the Red Sea, their potential influence on the maritime trade, and the importance of Aynuna as a port in northern Arabia which, taken together, support with greater strength the identification of this location with the Leuke Kome from the ancient written sources.",Juchniewicz-PAM-26-2-The-Port-of-Aynuna-in-the-Pre-Islamic-Period,1
Leuke Kome,4,"The excavation follows from a research grant focused on the subject of the “Indian Trade” between the Mediterranean in general terms and India and its infrastructure during the Roman period.1 The trade facilities in Wadi Aynuna as well as the adjacent settlement and the tentative location of an ancient port are believed to be the Nabatean Leuke Kome, connecting Petra with the Red Sea trade network [Fig. 1].",Juchniewicz-PAM-26-2-The-Port-of-Aynuna-in-the-Pre-Islamic-Period,0
Leuke Kome,4,Identifying Leuke Kome has been the topic of numerous scientific discourses and it is beyond the scope of this paper to study the pros and cons of all the diverse views and arguments.,Juchniewicz-PAM-26-2-The-Port-of-Aynuna-in-the-Pre-Islamic-Period,0
Leuke Kome,4,Identifying the correct location of Leuke Kome is crucial for developing a more complete picture of Red Sea trade from the 1st c.,Nappo-2010-JRA-23-On-the-Location-of-Leuke-Kome,0
Leuke Kome,4,"Most recently, a detailed examination of the distances preserved in ancient sources, combined with the features of the natural terrain and the comparative analysis of the location of ʿAynunah convincingly demonstrated that Leuke Kome must definitely have been located further south than ʿAynunah and that the area of al-Wajh is the optimal location for that ancient seaport (Nappo 2010).",apa-RedSea-LeukeKome-Fiema2020,0
Leuke Kome,3,"Sir Laurance Kirwan, Honorable Life President of the British Institute in Eastern Africa, sent me a prepublication copy of a vitally important paper on the identification of Leuke Kome.",Casson-1989-Periplus-Maris-Erythraei-text-translation-commentary,0
Leuke Kome,3,Identification with 'Aynunah is supported as well by the findings of archaeologists who have surveyed the area.,Casson-1989-Periplus-Maris-Erythraei-text-translation-commentary,0
Leuke Kome,3,"If we assume the identification with 'Aynunah (see under 19:6.26-28), the route would have followed the Wadi al Afal to Aqaba and, from there, the track that, in the next century, was to be utilized by the builders of the Via Nova Traiana; see Kirwan (op. cit. under 19.6.26-28) 83.",Casson-1989-Periplus-Maris-Erythraei-text-translation-commentary,0
Leuke Kome,3,The occupation of Aynuna in the fourth century cannot be safely attributed to the Roman presence.,Gawlikowski-Juchniewicz-al-Zahrani-2021-Aynuna-Nabataean-Port-Red-Sea,0
Leuke Kome,3,"Yellow scale is 1 m. 44 Wadi Aynuna Geological Report (3) It is now impossible to identify 100% of all minerals from hypergenic zone, due to quantitative differences in the structure of the copper and iron minerals of silicates, carbonates and water.",Gawlikowski-Juchniewicz-al-Zahrani-2021-Aynuna-Nabataean-Port-Red-Sea,0
Leuke Kome,3,In the spring 2017 a short stretch of a dam once barring the wadi was identified at the foot of the rocky ascent to the Upper Aynuna site.,Gawlikowski-Juchniewicz-al-Zahrani-2021-Aynuna-Nabataean-Port-Red-Sea,61
Leuke Kome,3,"Wasilewska) limit of excavation foot of the wall floor 64 The Aynuna Dam and its Aqueduct roughly cut stones of various kinds, 30-40 cm wide on the average.",Gawlikowski-Juchniewicz-al-Zahrani-2021-Aynuna-Nabataean-Port-Red-Sea,0
Leuke Kome,3,The excavated fragment of the complete aqueduct 70 The Aynuna Dam and its Aqueduct village of Khurayba (see fig. 6).,Gawlikowski-Juchniewicz-al-Zahrani-2021-Aynuna-Nabataean-Port-Red-Sea,0
Leuke Kome,3,"Gawlikowski M., Juchniewicz K., al Zahrani A. 2020 The Saudi-Polish Excavations at Aynuna, a Nabataean Port on the Red Sea, Atlal 29, 63-77., forthcoming.",Gawlikowski-Juchniewicz-al-Zahrani-2021-Aynuna-Nabataean-Port-Red-Sea,117
Leuke Kome,3,"To facilitate the understanding of the chosen identification system, it was decided to include the numbering of individual rooms, hence the code AY18/11L/ 86 should be read as Aynuna season 2018 room 11L context 86.",Gawlikowski-Juchniewicz-al-Zahrani-2021-Aynuna-Nabataean-Port-Red-Sea,0
Leuke Kome,3,"General plan, context: 002, 004, 007, 010 (Drawing K.Ochnio) 272 Khan 4, Trench 26 drawn by Karol Ochnio levelings in m. a.s.l. 1:100 - top of the context 101,20 0 5m C.002 43,02 42,56 C.002 42,12 C.004 42,27 - context 3 unexcavated bedrock bedrock 42,81 42,87 C.010 42,00 42,04 41,95 41,87 41,90 C.010 C.008 C.009 C.009 42,67 42,63 42,64 42,55 C.008 - later wall - reddish gravel, levelling layer above the bedrock C.009 Aynuna 2018 8 22.02.201 Trench 26 Context: 008, 009 Fig. 20.",Gawlikowski-Juchniewicz-al-Zahrani-2021-Aynuna-Nabataean-Port-Red-Sea,0
Leuke Kome,3,"The architectural layout of features excavated so far clearly distinguishes the burials in Lower Aynuna from supposedly Nabatean tombs of Upper Aynuna, which clearly recall hundreds of non-monumental tombs attributable to this culture (see for example Wadeson 2012; Johnson et al. 2007; Lenoble et al. 2001; Perry 2015).",Gawlikowski-Juchniewicz-al-Zahrani-2021-Aynuna-Nabataean-Port-Red-Sea,0
Leuke Kome,3,"However, during the investigation of Khan no. 1 in Lower Aynuna, two monumental funerary structures were identified, which may be considered an intermediary phase of mortuary treatment applied at the eve of Islam.",Gawlikowski-Juchniewicz-al-Zahrani-2021-Aynuna-Nabataean-Port-Red-Sea,0
Leuke Kome,3,"The Egyptian port of Myos Hormos, today Qusair al-Qadim, yielded over twenty thousand of invertebrate remains, most of them shells.5 While the species present in Aynuna are basically the same, as was only to be expected, the proportions between them differ.",Gawlikowski-Juchniewicz-al-Zahrani-2021-Aynuna-Nabataean-Port-Red-Sea,0
Leuke Kome,3,"By the spring of 2016 the team had carried out three seasons of archaeological survey and excavation work at Wadi Aynuna, supported by Dr.",Juchniewicz-PAM-26-2-The-Port-of-Aynuna-in-the-Pre-Islamic-Period,0
Leuke Kome,3,Juchniewicz) Karol Juchniewicz 38 PAM 26/2: Special Studies SAUDI ARABIA EL WAJH Of the various places identified with ancient Leuke Kome the small port of El Wajh appears to be a most likely contender.,Juchniewicz-PAM-26-2-The-Port-of-Aynuna-in-the-Pre-Islamic-Period,0
Leuke Kome,3,"The only advantage of El Wajh, and a contested one at that, is its situation op- posite Qusair/Myos Hormos, corresponding thus to the description in the Periplus, which says that Leuke Kome is to the east of this port.",Juchniewicz-PAM-26-2-The-Port-of-Aynuna-in-the-Pre-Islamic-Period,0
Leuke Kome,3,The safe anchorage and the convenient land connection with Petra make Aynuna a strong contender for identification with ancient Leuke Kome.,Juchniewicz-PAM-26-2-The-Port-of-Aynuna-in-the-Pre-Islamic-Period,0
Leuke Kome,3,Hill has posited the identification of al-Wajh with Leuke Kome on the basis of Chinese texts?,Nappo-2010-JRA-23-On-the-Location-of-Leuke-Kome,3
Leuke Kome,3,"The first goal of this article is to explore in greater detail the hypothesis put forward by Gatier and Salles, Cuvigny, and Hill, and to demonstrate that the equation of Leuke Kome with al-Wajh is the best possible one.",Nappo-2010-JRA-23-On-the-Location-of-Leuke-Kome,3
Leuke Kome,3,"If we assume an average offset of 45° from the intended line of direction,17 then the actual distance covered by a ship going from Myos Hormos to Aynuna would be increased by roughly 40% beyond the straight-line distance, which works out at an overall actual distance of c.250 nautical miles (330 km).",Nappo-2010-JRA-23-On-the-Location-of-Leuke-Kome,0
Leuke Kome,3,"This must mean passing across the entrance to the gulf, probably the Gulf of Aqaba rather than the Gulf of Suez because the crossing appears to occur towards the end of the voyage, as one nears the harbour of Leuke Kome, If this interpretation is correct, it entails a line from Myos Hormos somewhat north of east, and this calls for a search along the whole coast between Duba and the entrance to the Gulf of Aqaba,26 Kirwan's reconstruction is not without problems, as he himself admitted.",Nappo-2010-JRA-23-On-the-Location-of-Leuke-Kome,0
Leuke Kome,3,"Starting from Abu Shaar, he could not find a suitable place on the Arabian coast for Leuke Kome.27 In order to avoid the problem, he adjusted the account of the Periplu8 to the geography of N Arabia (""one can hardly expect absolute precision from the Periplus"").",Nappo-2010-JRA-23-On-the-Location-of-Leuke-Kome,0
Leuke Kome,3,"Correcting this mistake, we can then explain how the equation of al-Wajh with Leuke Kome suits the accounts of Strabo and the Periplus.",Nappo-2010-JRA-23-On-the-Location-of-Leuke-Kome,0
Leuke Kome,3,"This suggests a well-organised system, perhaps established by the Nabataeans and inherited and improved by the Romans (a centurio is attested at Leuke Kome).39 Leuke Kome and the Red Sea's port system Resolving the location of Leuke Kome permits us to understand more fully the economic dynamics operating in the Red Sea between the 1st c.",Nappo-2010-JRA-23-On-the-Location-of-Leuke-Kome,7
Leuke Kome,3,"There has been debate about the centurion’s “nationality.” Unfortunately, the term does not invariably denote that troops stationed here were Roman, since the Nabataean army also used this rank.11 We cannot be certain what role Leuke Kome played in the Red Sea–Indian Ocean trade, though the port appears to have been in contact with Egyptian Red Sea entrepôts and with other harbors on the Arabian Red Sea coast.",Sidebotham-2011-Berenike-and-the-Ancient-Maritime-Spice-Route,0
Leuke Kome,3,"Evolution of the Roman Red Sea Surface pottery from Aynuna included Nabataean wares (Ingraham et al. 1981: pls 82,86), but no Egyptian or Eastern ones can be identified from the literature.",Tomber-2008-Indo-Roman-Trade-From-Pots-to-Pepper,0
Leuke Kome,3,Ce site de Egra kômè a été récemment identifié par A. al-Ghabban avec un cap situé à une quarantaine de kilomètres au sud de la ville d’al-Wajh 22.,apa-RedSea-EgraKome-Nehme2009,0
Leuke Kome,3,"The Saudi and The al-’Ulā–al-Wajh Survey Project 2013 Saudi-French excavations revealed that a large, walled settlement at Madāʾin Ṣāliḥ would presumably have existed as early as the 3rd century B.C. and at least until the 4th century A.D.",apa-RedSea-LeukeKome-Fiema2020,0
Leuke Kome,3,"In such case, ancient Leuke Kome might, in fact, have been located somewhere in a large bay located just south of al-Wajh.",apa-RedSea-LeukeKome-Fiema2020,0
Leuke Kome,3,"The ruins at Quseir a+ Qadim were the subject of exploratory excavations between 1978 and 1982 (Whitcomb and Johnson 1979; 1982a,b), when it was thought to be the relatively mnor Roman port of Leucos Limen, a view apparently confirmed by a somewhat enigmatic ostracon (Bagnall 1986), and held by Casson.",apa-RedSea-LeukeKome-Gibson2004,1
Leuke Kome,3,"L’ipotesi giudicata più probabile dal Tarn stesso è che la fondazione sia da attribuirsi a Tolomeo II, fautore di una politica molto attiva in Arabia.23 Infine, egli suggeriva che Ampelona si potesse forse identificare con la successiva Leuke Kome.24 Arsinoe/Kleopatris Le maggiori informazioni su questo porto ci provengono da Strabone, che però sembra non avere le idee chiare.",apa-RedSea-RedSea-Nappo2018,0
Leuke Kome,3,"L’ipotesi maggiormente condivisa oggi vuole che la città si trovasse all’ingresso del Golfo di ‘Aqaba, forse nella moderna ‘Aynunah.107 In realtà non vi è alcuna ragione obiettiva per propendere per una simile identificazione.",apa-RedSea-RedSea-Nappo2018,0
Leuke Kome,3,"Questa ipotesi, però, creerebbe uno scenario alquanto irrealistico: «If the merchants had to pay a 25% duty on their imports at Leuke Kome upon entering the Nabatean Kingdom, and then again on entering Roman territory (possibly at Gaza, Pliny NH 12.32), this would seem to amount to a total of 50%, not counting other imposts and portoria which were no doubt considerable.",apa-RedSea-RedSea-Nappo2018,0
Leuke Kome,3,"Per cominciare, cerchiamo di verificare quale fu la sorte di quelli che abbiamo identificato essere i tre porti principali di epoca altoimperiale, cioè Berenice e Myos Hormos sulla costa egiziana, e Leuke Kome su quella araba.",apa-RedSea-RedSea-Nappo2018,0
Leuke Kome,2,"The site is located on the western bank of Wadi Aynuna at a distance of about 3 km from the harbour on Aynuna Bay, though the ancient shore line might have been somewhat closer, in the present wadi bed.",Gawlikowski-Juchniewicz-al-Zahrani-2021-Aynuna-Nabataean-Port-Red-Sea,0
Leuke Kome,2,"Two archaeological sites are examined: Upper Aynuna, located on the plateau of Miocene carbonate rocks and Lower Aynuna on the alluvial fan at the mouth of the Wadi Aynuna gorge (Fig. 1).",Gawlikowski-Juchniewicz-al-Zahrani-2021-Aynuna-Nabataean-Port-Red-Sea,0
Leuke Kome,2,"The darker area (A) of slag accumulation, a place of metal smelting, is situated west of Lower Aynuna site not far from the quarries at the foot of the carbonate barrier reef.",Gawlikowski-Juchniewicz-al-Zahrani-2021-Aynuna-Nabataean-Port-Red-Sea,0
Leuke Kome,2,"Necropolis 1 is located directly to the west of the buildings of Lower Aynuna, while Necropolis 2 covers the area north of the so-called ‘Tower’, a dozen meter-high pile of dry stones and boulders in the middle of the site, presumably concealing its most prominent structure [Fig. 1].",Gawlikowski-Juchniewicz-al-Zahrani-2021-Aynuna-Nabataean-Port-Red-Sea,0
Leuke Kome,2,"(2009), Palaeopathology, Cambridge: University Press Karol Juchniewicz Area C – preliminary remarks Area C is a designation of archaeological remains located directly south of Area A (Lower Aynuna), on the opposite terrace of Wadi Aynuna.",Gawlikowski-Juchniewicz-al-Zahrani-2021-Aynuna-Nabataean-Port-Red-Sea,293
Leuke Kome,2,"SAUDI ARABIA 31 PAM 26/2: Special Studies The port of Aynuna in the pre-Islamic period: nautical and topographical considerations on the location of Leuke Kome Karol Juchniewicz Polish Centre of Mediterranean Archaeology, University of Warsaw Abstract: The trade facility in Wadi Aynuna, as well as the adjacent settlement and tentative location of an ancient port are believed to be the ancient Leuke Kome, a Nabatean port which connected Petra with the Red Sea trade network.",Juchniewicz-PAM-26-2-The-Port-of-Aynuna-in-the-Pre-Islamic-Period,0
Leuke Kome,2,"El Wajh, a small port approximately 200 km south of Aynuna along the coast of Arabia, is usually considered as the other likely location, based on an interpretation of the two written sources.",Juchniewicz-PAM-26-2-The-Port-of-Aynuna-in-the-Pre-Islamic-Period,2
Leuke Kome,2,"However, the mouth of Wadi Hamd and the site of the temple lie about 50 km to the south of El Wajh cove.",Juchniewicz-PAM-26-2-The-Port-of-Aynuna-in-the-Pre-Islamic-Period,0
Leuke Kome,2,"However, if we look at the relative location of Myos Hormos and Aynuna, we find that the latter is 18° NNE from Myos Hormos, so we would expect that the anonymous author would have said el<; '[ov ｾｯｑｬＱｶ＠ ""northwards"", rather than el<; Ｇ｛ｾｶ＠ av(x'[0;\11v, ""eastwards"".16 Point 2 is more significant.",Nappo-2010-JRA-23-On-the-Location-of-Leuke-Kome,5
Leuke Kome,2,"First, the actual distance between Quseir al-Qadim and Aynuna is about 130 nautical miles (240 km) as the crow flies, a distance which seems to fit the Periplus' description.",Nappo-2010-JRA-23-On-the-Location-of-Leuke-Kome,5
Leuke Kome,2,IS To the evidence in Table 1 we may add that the particular regimen of winds in the N part of the Red Sea would make Aynuna a very difficult port to reach for ships coming from the south.,Nappo-2010-JRA-23-On-the-Location-of-Leuke-Kome,0
Leuke Kome,2,"Musil suggested that the settlement at al-Wajh was the port of al-Hegr, its maritime counterpart, and was in some way linked to the inland town: It is true that al-Hegr lies not by the sea, but inland; but near this town Aelius Gallus left the trade route and branched off to the coast, upon which the port of al-Hegr was situated.",Nappo-2010-JRA-23-On-the-Location-of-Leuke-Kome,6
Leuke Kome,2,The archaeological evidence for the functioning of the port and trading center of Aynuna over 700 years from the 1st century BC/1st century AD through the 7th century is the first such evidence available from the northern Hidjaz coast.,PAM-27-2020-includes-Aynuna-on-the-Red-Sea,0
Leuke Kome,2,"Relations between the Ptolemies and Nabataeans were sometimes poor, with the former accusing the latter of piratical activities,5 suggesting that the Nabataeans operated from somewhere on the Red Sea, perhaps Leuke Kome.",Sidebotham-2011-Berenike-and-the-Ancient-Maritime-Spice-Route,0
Leuke Kome,2,"Most scholars suggest the Nabataean port of Leuke Kome was located at Aynuna (Graf 2000), near the entrance to the Gulf of Aqaba, where remains of a Nabataean settlement are documented (Ingraham et al. 1981, pp. 76–78); others have favored al-Wajh, 250 km farther south, on topographical and literary grounds (Nappo 2010).",apa-IndOc-Gulf-IndianOcean-Seland2014,17
Leuke Kome,2,"Historical Background Rather than recording all archaeological sites located within the area, as delineated above, the main goal of the al-ʿUlā–al-Wajh Survey Project is related to the patterns of ancient long- distance trade and communication routes in the Western Arabia and the Red Sea region.",apa-RedSea-LeukeKome-Fiema2020,0
Leuke Kome,2,"If Egra Kome was indeed a harbor situated in the environs of modern al- Wajh, just like Leuke Kome, this would create an issue of two seaports located nearby, a rather unlikely scenario.",apa-RedSea-LeukeKome-Fiema2020,0
Leuke Kome,2,From this location on the west shore of the Gulf of Suez he followed the writers description and came to the conclusion that Leuce Come was located in the vicmity of Aynunah on the shores of Saudi Arabia (page 143).,apa-RedSea-LeukeKome-Gibson2004,0
Leuke Kome,2,"INSCRIPTION OF THE SULTAN OF GUJARAT, HIMMATNAGAR, DISTRICT SABAR KANTHA.— An epigraph of Mahmud Shah assigns the construction of 'a noble and auspicious place' (by which probably a mosque is meant) to Mubarak, son of Taj, son of Hasan, son of Sher with the surname Sherani, the Fief-holder (Wajhadar) of the town (Qasba) of Muhammadabad alias Diyadar, in A.H. 875 (A.D. 1471). 6.",IAR_1978-79__indianarchaeology197879arevi,0
Leuke Kome,1,It may help to resolve such issues as the location of the Nabataean-Roman port of Leuke Kome (Young 1997).,Barrington-Atlas-Map83-Nabataea-Meridionalis-directory,1
Leuke Kome,1,"This has been located at various sites on the Arabian coast, including al-Haura' or Umm Lajj (Sprenger 1875, 28), Yanbu' al-Bar (RE Suppl. 12, cols. 540-42; von Wissmann 1976, 466; not marked), and Egra (modern al-Wajh; Gatier 1988, 186-87).",Barrington-Atlas-Map83-Nabataea-Meridionalis-directory,1
Leuke Kome,1,"The archaeological (Ingraham 1981, 71) and topographical (Kirwan 1984, 55) evidence, however, points to 'Aynuna further north.",Barrington-Atlas-Map83-Nabataea-Meridionalis-directory,0
Leuke Kome,1,"The northeast coast of the Red Sea, with its port ofLeuke Kome, was controlled by the Nabataeans; the king at this time was Malichus II, with his capital at Petra, its traditional location (19:6.28-29 and see above, Text and Author: The Date).",Casson-1989-Periplus-Maris-Erythraei-text-translation-commentary,0
Leuke Kome,1,"Such a course took a vessel past the mouth of the Gulf of Suez and Gulf of Aqaba to the coast in the vicinity of'Aynunah (28°2'N, 35°i2'E), a voyage of some 100 nautical miles.",Casson-1989-Periplus-Maris-Erythraei-text-translation-commentary,0
Leuke Kome,1,"Wellsted, who went over the route in the days of sail, placed Leuke Kome at 'Aynunah; it offered what he considered a suitable, well-sheltered harbor and, what is more, had an abundant supply of good water nearby (ii 161-67).",Casson-1989-Periplus-Maris-Erythraei-text-translation-commentary,0
Leuke Kome,1,"The port would have been not at 'Aynunah itself, which is a short distance inland, but at the modern village of Khuraybah on the water.",Casson-1989-Periplus-Maris-Erythraei-text-translation-commentary,0
Leuke Kome,1,Rome might possibly have stationed its own personnel at some major commercial center where imperial interests could be involved but hardly at a place like Leuke Kome.,Casson-1989-Periplus-Maris-Erythraei-text-translation-commentary,0
Leuke Kome,1,"Thanks to a generous grant UMO2014/14/M/HS3/00795 provided by Polish National Science Centre, the proposal could be taken up by the Polish Centre of Mediterranean Archaeology of the University of Warsaw and discussed during the 6th Red Sea Conference in Tabuk (2013), in which Professors Piotr Bieliński, then Director of the Polish Centre, and Michał Gawlikowski took part and were shown the site of Aynuna in the Northern Hijāz, close to the coast in the northeast corner of the Red Sea, about 40 km east from the entrance to the Gulf of ‘Aqaba (Fig. 01).",Gawlikowski-Juchniewicz-al-Zahrani-2021-Aynuna-Nabataean-Port-Red-Sea,0
Leuke Kome,1,Our topographers have also mapped the Upper Aynuna site on top of Jabal al-Safra north of the lower site and some 40 m above it.,Gawlikowski-Juchniewicz-al-Zahrani-2021-Aynuna-Nabataean-Port-Red-Sea,0
Leuke Kome,1,"This is the situation described in the Periplus of the Erythraean Sea (19) in the passage about the place called Leuke Kome: it was the head of a “way inland up to Petra, to Malichus, king of the Nabataeans”, Before going on their way, the merchants were to acquit there the “quarter tax”, 25% on value.",Gawlikowski-Juchniewicz-al-Zahrani-2021-Aynuna-Nabataean-Port-Red-Sea,0
Leuke Kome,1,"According to the same source, the tax collector 20 Aynuna, a Nabataean Port on the Red Sea resided in Leuke Kome, which was in the same time an emporium and a frourion, that is a market place and a fort.",Gawlikowski-Juchniewicz-al-Zahrani-2021-Aynuna-Nabataean-Port-Red-Sea,0
Leuke Kome,1,"Whatever the reality of these victories, the name of Leuke Kome was apparently adduced there because the place was traditionally considered to be at the northern frontier of Arabia, as already in the Periplus : “Immediately after this harbor begins the country of Arabia, extending lengthwise far down the Erythraean Sea.” The site of Aynuna has been pinpointed by several modern authors as the ancient Leuke Kome.",Gawlikowski-Juchniewicz-al-Zahrani-2021-Aynuna-Nabataean-Port-Red-Sea,0
Leuke Kome,1,This is why Dario Nappo (2010) and most latest authors would place Leuke Kome in or near al-Wajh (e.g.,Gawlikowski-Juchniewicz-al-Zahrani-2021-Aynuna-Nabataean-Port-Red-Sea,0
Leuke Kome,1,Location of archaeological sites on the background of modern and earlier sedimentary boundaries of Wadi Aynuna alluvial fan.,Gawlikowski-Juchniewicz-al-Zahrani-2021-Aynuna-Nabataean-Port-Red-Sea,0
Leuke Kome,1,"It runs north-east to south-west for a distance of about 50 km across several geological units, cutting the heavily eroded plateau built of Proterozoic igneous rocks, Miocene barrier reef and Pleistocene-Holocene gravel and sand cover developing an extensive system of alluvial fans entering the Red Sea in the Aynuna Bay area (Fig. 2 after Clark, 1986).",Gawlikowski-Juchniewicz-al-Zahrani-2021-Aynuna-Nabataean-Port-Red-Sea,0
Leuke Kome,1,Location of archaeological sites on the background of geological substratum and geomorphological forms in the region of Wadi Aynuna. 33 Hubert kiersnowski Fig. 12-13.,Gawlikowski-Juchniewicz-al-Zahrani-2021-Aynuna-Nabataean-Port-Red-Sea,0
Leuke Kome,1,Lower Aynuna Lower City is largely built of igneous rock pebbles deposited at the mouth of the gorge of Wadi Aynuna.,Gawlikowski-Juchniewicz-al-Zahrani-2021-Aynuna-Nabataean-Port-Red-Sea,0
Leuke Kome,1,The surface of Wadi Aynuna alluvial fan with a layer of cementation (“terrace”) on which the lower site is built. 49 Hubert kiersnowski The shoreline changes are probably related to the rise of sea level in the Middle Holocene.,Gawlikowski-Juchniewicz-al-Zahrani-2021-Aynuna-Nabataean-Port-Red-Sea,0
Leuke Kome,1,"As the estuary of Wadi Aynuna was always subject to periodic and rapid flash floods, the original port and the seaside settlement should have been located to the left or right side of the wadi.",Gawlikowski-Juchniewicz-al-Zahrani-2021-Aynuna-Nabataean-Port-Red-Sea,0
Leuke Kome,1,"The inner side of the dam 66 The Aynuna Dam and its Aqueduct Wagner) is mostly composed of fragments of hand-made local pottery of uncertain date, but includes also a few characteristic sherds of bowls that can be classified as Nabataean, as well as fragments of amphorae Dressel 2 and 3.",Gawlikowski-Juchniewicz-al-Zahrani-2021-Aynuna-Nabataean-Port-Red-Sea,0
Leuke Kome,1,"The two lower lines, respectively at 42.30 and 41 m, are too low to feed the aqueduct, but they could have been used to irrigate palm groves in the wadi bed and perhaps to fill a pool close to the Lower Aynuna site.",Gawlikowski-Juchniewicz-al-Zahrani-2021-Aynuna-Nabataean-Port-Red-Sea,69
Leuke Kome,1,"The terrace of Lower Aynuna raises today from the level of 31 m in the wadi bed up to the average level of 42 m, but the difference in Antiquity was probably less.",Gawlikowski-Juchniewicz-al-Zahrani-2021-Aynuna-Nabataean-Port-Red-Sea,76
Leuke Kome,1,"The structure downstream from the dam, probably foundations of a mill 78 The Aynuna Dam and its Aqueduct Fig. 28.",Gawlikowski-Juchniewicz-al-Zahrani-2021-Aynuna-Nabataean-Port-Red-Sea,0
Leuke Kome,1,"It consisted of a set of rooms resembling in shape letter L, an adjacent set of units erected at the southern slope of Wadi Aynuna, a series of later extensions located in the south-west and north (see trench 24).",Gawlikowski-Juchniewicz-al-Zahrani-2021-Aynuna-Nabataean-Port-Red-Sea,0
Leuke Kome,1,"A trench was established in order to find the level, at which bedrock could be found in this part of the Wadi Aynuna slope (Fig. 24 and 31).",Gawlikowski-Juchniewicz-al-Zahrani-2021-Aynuna-Nabataean-Port-Red-Sea,132
Leuke Kome,1,"Context 008: bedrock (Photo K.Ochnio) 261 Karol Juchniewicz, Karol Ochnio drawn by Karol Ochnio levelings in m. a.s.l. 1:100 -top of the context 101,20 0 5m Aynuna 201 0 . .2017 8 2 02 Context 002, 004, 005, 006 43,02 42,78 42,50 C.005 C.006 C.004 C.002 C.002 - ashes - concentration of ashes, a ﬁreplace ﬂanked by a wall c.003 and a granite boulder 42,42 42,69 42,38 42,57 C.005 C.006 - south east corner of khan 5 C.004 C.003 - wall of a shelter C.002 - layer of ashes - silt above the bedrock 42,20 C.004 42,10 C.003 Fig. 16.",Gawlikowski-Juchniewicz-al-Zahrani-2021-Aynuna-Nabataean-Port-Red-Sea,0
Leuke Kome,1,"Context 010- bedrock (Photo K.Ochnio) 271 Karol Juchniewicz, Karol Ochnio drawn by Karol Ochnio levelings in m. a.s.l. 1:100 - top of the context 101,20 0 5m C.005 42,22 43,02 - C.003 context deleted C.002 C.006 C.005 42,96 C.001 42,96 42,56 C.002 42,44 41,97 41,99 42,05 C.004 42,27 42,12 42,10 42,06 - C.006- ﬁreplace C.004 - remains of the walls C.002 Aynuna 2018 8 22.02.201 Trench 26 Context: 002,004,005, 006 Fig. 19.",Gawlikowski-Juchniewicz-al-Zahrani-2021-Aynuna-Nabataean-Port-Red-Sea,0
Leuke Kome,1,"We can find it in the Bible, too, clearly meaning “rows” (of precious stones) and “courses” (of ashlars or beams).7 It seems that it is possible to relate the use of the word in our inscription to the layout of the buildings found in Aynuna, in particular of the Khans 2 and 3: there are long rows of rooms, apparently meant for storage, which quite necessarily had had closing doors.",Gawlikowski-Juchniewicz-al-Zahrani-2021-Aynuna-Nabataean-Port-Red-Sea,0
Leuke Kome,1,"The general system for assigning numbers for the entire site was carried out according to the format AYXX/AA/BBB/ CCC where AY is abbrv. for Aynuna, XX Appendix Marek Truszkowski Shell artefacts is research season, AA is trench number, BBB is context number and CCC is small find number.",Gawlikowski-Juchniewicz-al-Zahrani-2021-Aynuna-Nabataean-Port-Red-Sea,0
Leuke Kome,1,SAUDI ARABIA 37 PAM 26/2: Special Studies WADI ‘IFAL: TRADE ROUTE BETWEEN AYNUNA AND PETRA Its location in the northernmost regions of the Red Sea make Aynuna and excellent stop on the land route connecting Nabatea with the rest of Northern Arabia while avoiding at the same time the hardships of the Gulf of Aqaba.,Juchniewicz-PAM-26-2-The-Port-of-Aynuna-in-the-Pre-Islamic-Period,0
Leuke Kome,1,Both were easily available in the valley of Aynuna and the caravan station would have been located halfway between the port and the camel pastures.,Juchniewicz-PAM-26-2-The-Port-of-Aynuna-in-the-Pre-Islamic-Period,0
Leuke Kome,1,"However, while the Periplus seems to be quite accurate in its descriptions, it shows a surprising generality in the case of Leuke Kome: an ap- proximate distance (“two or three days Karol Juchniewicz 40 PAM 26/2: Special Studies SAUDI ARABIA Dr.",Juchniewicz-PAM-26-2-The-Port-of-Aynuna-in-the-Pre-Islamic-Period,0
Leuke Kome,1,The location of Aynuna on the contrary suits most of the topogra- phical directions regarding Leuke Kome in the Periplus and given by Strabo (Gawlikowski forthcoming).,Juchniewicz-PAM-26-2-The-Port-of-Aynuna-in-the-Pre-Islamic-Period,0
Leuke Kome,1,"Davenport aerial photographs and a GIS platform On the location of Leuke Kome The building inscription from the fort at Udruh and Aelius Flavianus, tetrarchic praeses of Palaestina R.",Nappo-2010-JRA-23-On-the-Location-of-Leuke-Kome,0
Leuke Kome,1,"On the location of Leuke Kome Dario Nappo Roman harbours on the Red Sea are described in a number of literary sources, the most important of which are Strabo's Geographia, Pliny's Naturalis Historia, Ptolemy's Geographia and the anonymous Periplus Maris Erythraei (hereafter Periplus).",Nappo-2010-JRA-23-On-the-Location-of-Leuke-Kome,0
Leuke Kome,1,Salles analysed some of the features of Leuke Kome described by the Periplus and cautiously suggested locating it at al-Wajh or possibly Qarna.5 H.,Nappo-2010-JRA-23-On-the-Location-of-Leuke-Kome,3
Leuke Kome,1,"Cuvigny has also suggested al-Wajh on the basis of the description provided by the Periplus and the site's geographical setting.6 Most recently, J.",Nappo-2010-JRA-23-On-the-Location-of-Leuke-Kome,0
Leuke Kome,1,The second is to show how the location of Leuke Kome can be used to advance our understanding of the development of the Roman port system over time.,Nappo-2010-JRA-23-On-the-Location-of-Leuke-Kome,3
Leuke Kome,1,"The location of Leuke Kome The two main sources on Leuke Kome are Strabo and the Periplus.8 In Book 16, Strabo tells the story of Aelius Gallus' failed military expedition which aimed to conquer S Arabia.9 2 3 4 5 6 7 8 9 See Sidebotham 1986a; De Romanis 1996; Young 2001; Tomber 2008.",Nappo-2010-JRA-23-On-the-Location-of-Leuke-Kome,0
Leuke Kome,1,We may surmise that Leuke Kome was located along a fertile stretch of coast suitable for an encampment and able to provide sufficient food for Gallus' army for several months. 10 This mistake would prove to be crucial for the final outcome of the expedition.,Nappo-2010-JRA-23-On-the-Location-of-Leuke-Kome,0
Leuke Kome,1,On the location of Leuke Kome 337 The information that the Periplus supplies on Leuke Kome is far more accurate than Strabo since it is a first-hand guide for merchants sailing the Red Sea.,Nappo-2010-JRA-23-On-the-Location-of-Leuke-Kome,0
Leuke Kome,1,"Immediately after this harbor begins the country of Arabia, extending lengthwise far down the Erythraean Sea.12 The Periplus' account has been studied several times in order to calculate the exact location of Leuke Kome and its role in the Nabataean or Roman fiscal administration.13 As L.",Nappo-2010-JRA-23-On-the-Location-of-Leuke-Kome,0
Leuke Kome,1,"Geographic characteristics of Aynuna A ynuna is not located eastwards from Myos Hormos, but NNE.",Nappo-2010-JRA-23-On-the-Location-of-Leuke-Kome,0
Leuke Kome,1,"Kirwan, the first scholar to postulate that Leuke Kome was located at Aynuna, used these correlations to reach his conclusion: Taking a line approximately due east from Myos Hormos and one can hardly expect absolute precision from the Periplus would carry to the al-Muwaylih-Duba area.",Nappo-2010-JRA-23-On-the-Location-of-Leuke-Kome,5
Leuke Kome,1,"Since the area of Duba was not suitable for Leuke Kome, he searched the coast for a more convenient place and found it in Aynuna.2S His reconstruction is based on a weak premise.",Nappo-2010-JRA-23-On-the-Location-of-Leuke-Kome,0
Leuke Kome,1,"It is possible and indeed probable that this harbour was also called al-Hegr, just as the port of Madjan was likewise known as Madjan, and it is perhaps identical with the modern harbour of al-Wegh [i.e., al-Wajh].32 However, the notion that there was a port called Egra (or Hegra) at al-Wajh is contradicted by our sources.",Nappo-2010-JRA-23-On-the-Location-of-Leuke-Kome,6
Leuke Kome,1,"Since the Periplus states that the distance between Myos Hormos and Leuke Kome was 2 or 3 days, one could infer that Egra was much farther south from Myos Hormos than Leuke Kome, because Gallus was coming northwards from S Arabia.",Nappo-2010-JRA-23-On-the-Location-of-Leuke-Kome,0
Leuke Kome,1,"Strabo describes Egra as situated within the Nabataean kingdom, but this is contradicted by the Periplus, which claims that Leuke Kome lies on the frontier of the Nabataean kingdom.",Nappo-2010-JRA-23-On-the-Location-of-Leuke-Kome,6
Leuke Kome,1,"If al-Wajh was Egra, Leuke Kome (no matter where it was located) would be farther from Myos Hormos than Egra.",Nappo-2010-JRA-23-On-the-Location-of-Leuke-Kome,0
Leuke Kome,1,"On the location of Leuke Kome 341 Myos Hormos from al-Wajh, but he failed to recognise that al-Wajh is Leuke Kome itself.",Nappo-2010-JRA-23-On-the-Location-of-Leuke-Kome,0
Leuke Kome,1,"Mada'in Salih is roughly 150 km from al-Wajh, which would be a 7- or 8-day march for the army, assuming an average march of 20 km per day.35 If we add to this 2 or 3 days (which the Periplus states are necessary to sail from Leuke Kome to Myos Hormos), and perhaps 1 day of preparation for the departure, the entire journey would have lasted between 10 and 12 days, which is perfectly compatible with Strabo's statement.",Nappo-2010-JRA-23-On-the-Location-of-Leuke-Kome,0
Leuke Kome,1,"The correspondences are precise in every respect, and we may conclude that the correct location of Leuke Kome is al-Wajh.",Nappo-2010-JRA-23-On-the-Location-of-Leuke-Kome,6
Leuke Kome,1,"With regard to point 2, the straight-line distance between Myos Hormos and al-Wajh is 108 nautical miles (175 km).",Nappo-2010-JRA-23-On-the-Location-of-Leuke-Kome,6
Leuke Kome,1,"It is uncertain whether A ynuna was on the S border of the Nabataean kingdom, since the precise extension of its southern border remains unclear. al-Wajh AI-Wajh is located precisely eastwards of Quseir al-Qadim.",Nappo-2010-JRA-23-On-the-Location-of-Leuke-Kome,0
Leuke Kome,1,"This also explains why, during the Ptolemaic age, the heavy tAEcpav'CllY0l, ships transporting elephants from Africa to Egypt, moored at Berenike;44 it would have been difficult for ships of that tonnage to travel farther north to Myos Hormos.45 If Berenike were the chief hub for direct trade with S India, what role did ports like Myos Hormos and Leuke Kome serve?",Nappo-2010-JRA-23-On-the-Location-of-Leuke-Kome,7
Leuke Kome,1,The project has cleared 27 units from five buildings (one cleared in its entirety) constituting inns located on the caravan route out of Aynuna.,PAM-27-2020-includes-Aynuna-on-the-Red-Sea,0
Leuke Kome,1,"W^hite Village {Leuke Kome) is placed by most commenta- tors at El Haura, 25° 7' N., 37° 13' E. , which lies in a bay protected by Hasani island.",Schoff-1912-Periplus-of-the-Erythraean-Sea,0
Leuke Kome,1,"Augustus himself boasts of this expedition in the Res Gestae (5.26), which suggests that he viewed it as a politicaldiplomatic triumph.9 According to Strabo (Geography 16.4.23), a heavily used caravan route linked Leuke Kome to Petra.10 The Periplus (19) also mentions this road and Leuke Kome.",Sidebotham-2011-Berenike-and-the-Ancient-Maritime-Spice-Route,0
Leuke Kome,1,The earliest extant evidence of a Roman ﬂeet in the Red Sea leads us to the conclusion that it was constructed at Clysma to convey Aelius Gallus’s army to Leuke Kome for the invasion of southern Arabia in 26/25 b.c.e.,Sidebotham-2011-Berenike-and-the-Ancient-Maritime-Spice-Route,217
Leuke Kome,1,The site of Aynuna is probably identical to the port of Leuke Kome mentioned by Strabo and the Periplus of the Erythraean Sea.,apa-RedSea-Aynuna-Gawlikowski2022,1
Leuke Kome,1,"This paper presents the evidence for a Nabataean presence in the 1st century BC and the 1st century AD, such as coins, an inscription and an aqueduct. À l’entrée du golfe d’Aqaba, une large baie protégée par un récif de corail abrite aujourd’hui un petit port de pêcheurs appelé al‑Khuraybah, « la petite ruine » (fig. 1‑2). À quelque 3 km de la côte, on trouve deux sites voisins situés au bord du Ouadi Aynouna.",apa-RedSea-Aynuna-Gawlikowski2022,1
Leuke Kome,1,"Juchniewicz, « The port of Aynuna in the pre‑Islamic period : nautical and topographical considerations on the location of Leuke Kome », PAM 26/2, 2017, p. 31‑42, https://pam‑journal.pl/ resources/html/article/details?id=175198 (consulté le 26/01/2021).",apa-RedSea-Aynuna-Gawlikowski2022,10
Leuke Kome,1,"Nappo, 2010, « On the Location of Leuke Kome », Journal of Roman Archaeology 23, p. 335-348.",apa-RedSea-GallusExpe-Arbach2017,0
Leuke Kome,1,"Fiema, Laïla Nehmé, Dhaifallah al-Talhi, and Will Kennedy The reconnaissance season of the al-‘Ulā–alWajh Survey Project (UWSP) took place in October 5-8, 2013.",apa-RedSea-LeukeKome-Fiema2020,2
Leuke Kome,1,"In this context, the existence and location of the seaport at Leuke Kome is of capital importance.",apa-RedSea-LeukeKome-Fiema2020,0
Leuke Kome,1,This harbour also functions as a trade port for small craft that arrive loaded with freight from southern Arabia” (Periplus 19) The location of Leuke Kome is much debated.,apa-RedSea-LeukeKome-Fiema2020,0
Leuke Kome,1,Strabo confirms that Leuke Kome was a natural harbour (hormos) and so the bay south of al-Wajh would have provided a sufficiently large anchorage to accommodate the fleet of 120 large cargo ships used by Aelius Gallus in his expedition.,apa-RedSea-LeukeKome-Fiema2020,0
Leuke Kome,1,The presence of Nabataean remains should indicate that the environs of al-Wajh may indeed be crucial in the location of an ancient seaport in the central part of the Saudi littoral.,apa-RedSea-LeukeKome-Fiema2020,4
Leuke Kome,1,"Finally and more importantly, if Leuke Kome is indeed located somewhere in the area of al-Wajh, and, as the ancient sources indicate, the South Arabian produce was unloaded there for further transshipment overland, it would be logical to expect a caravan route(s) leading from the area of al-Wajh to Hegra (Madāʾin Ṣāliḥ), presumably through alʿUlā.",apa-RedSea-LeukeKome-Fiema2020,4
Leuke Kome,1,"Project‘s Methods and Objectives In practical terms the UWSP intends to locate a route(s) between the areas of al-ʿUlā and al- Wajh, which: -with regard to the terrain and climate could have served to allow passage of a considerable number of humans and animals -with regard to availability of water and animal fodder, it could have sustained such number of humans and animals during the passage which would have lasted several days -displays unambiguous traces of ancient usage of such passage.",apa-RedSea-LeukeKome-Fiema2020,0
Leuke Kome,1,"Kennedy). .المواقع المكتشفة في العيينة وسدوس، والحيسية Sites discovered in Al-Uyayna, Sdaws and Haisiyya. م2013/هـ١٤٣٤ الوجه موسم استطالع-العالThe al-’Ulā–al-Wajh Survey Project 2013 م٢٠١٤/هـ١٤٣5 مسح وادي حنيفة مبنطقة الرياضPlate 7.1 7.1 اللوحةStone Age in Wadi Hanifa 2014",apa-RedSea-LeukeKome-Fiema2020,0
Leuke Kome,1,"The new work was prompted by the discovery that the site of Quseir al-Qadim was, in all probability, not that of the minor port of Leucos Limen, as had been previously thought, but none other than Myos Hormos (Peacock 1993).",apa-RedSea-MyosHormos-PeacockandBlue2011,0
Leuke Kome,1,The sea between Leuke Kome and Myos Hormos was probably sailed only occasionally by those South Arabian πλοία οὐ μεγάλα that visited Leuke Kome.23 c.,apa-RedSea-PeriplusMarisErythraei-Romanis2016,15
Leuke Kome,1,"Sidebotham e Casson hanno sottolineato che, non essendo il sito citato da Strabone, né dall’anonimo autore del Periplus, si potrebbe immaginare che esso sia stato fondato dopo la metà del I secolo d.C.55 Per quanto riguarda l’ubicazione del sito, è stata ipotizzata l’area a sud di Quseir al-Qadim.56 Successivamente, è stata avanzata l’ipotesi che non sarebbe mai esistito alcun sito di nome Leukos Limen: semplicemente, Tolomeo avrebbe per errore riportato in maniera non corretta il nome di Leuke Kome, nel redigere la sua lista, trasformandolo in Leukos Limen.57 52 Si veda a tal proposito l’interessante testimonianza di P.Petrie II, 40 (= Chrest.",apa-RedSea-RedSea-Nappo2018,0
Leuke Kome,1,"Per questo motivo, per protezione c’è collocato (a Leuke Kome) un doganiere incaricato di riscuotere la tetarte, e anche un centurione con un gruppo di soldati.” La totalità degli studiosi che si sono confrontati con questo passo ha focalizzato la propria attenzione su un punto nodale, e cioè se il παραλήπτης e lo ἑκατοντάρχης citati nel testo fossero funzionari romani, o piuttosto nabatei e, conseguentemente, se Leuke Kome fosse parte dell’Impero Romano o del regno dei Nabatei, al tempo in cui l’anonimo scrisse la sua opera. È da questo primo problema che si dovrà partire per poter utilizzare adeguatamente la testimonianza del Periplus.",apa-RedSea-RedSea-Nappo2018,0
Leuke Kome,1,"Abbiamo già ricordato le truppe dislocate lungo la carovaniera Coptos <-> Berenice / Myos Hormos, nonché la presenza nella stessa Coptos di un praefectus Berenicidis montis; in Nabatea (poi provincia d’Arabia) un centurione romano era perennemente stanziato a Leuke Kome, mentre un altro distaccamento era dislocato a Hegra.",apa-RedSea-RedSea-Nappo2018,0
Barbarikon,5,"Burghardtare suggests certain features of a gateway city: (1) a gateway is characterized best by long-distance trade connections, (2) an entrance into an extended hinterland is the essence of a gateway and, (3) such a city will tend to be located on a site of considerable transportational signiicance, i.e. either at a bulk-breaking point or at a node of transport lines.57 We can say with some conidence that Barbarikon fulilled some of these features. however, gateway cities were also related to central places and the only problem for Barbarikon that i can see is that there was no central place.",Ghosh-Barbarikon-in-the-Maritime-Trade-Network-of-Early-India,13
Barbarikon,5,"Banbhore on the basis of its location and discovery of RPW from its earliest levels, could be identified with the famed port city of Barbarikon which was an active participant of the Indo-Roman trade network which included the cities of Arabian/ Persian Gulf and the Red Sea regions where comparable ceramics have been found.",Pakistan-Archaeology-33-2018,0
Barbarikon,5,"Minnagara.— This capital was identified by Miiller with the modern Indore, but according to Vincent Smith Up- cit., 192-3) may be the ancient town of Madhyamika or Nagarl, one of the oldes' sites in India, of which the ruins still exist, about eleven miles north ofChitor (24° 53' N., 74° 39' E.). ""\lcCrindle and Fabricius prefer, but quite conjecturally, to place it in Kathiawar; but the text indicates the mainland in observing that from Minnagara cotton cloth was ""brought down,"" by river pre- sumably, to Barygaza.",Schoff-1912-Periplus-of-the-Erythraean-Sea,0
Barbarikon,4,"Even though there is no general agreement among scholars, the location and the imposing structures of the fortified citadel of Banbhore on the Indus’ delta led us at least to pose the question of its identification with Daybul/Debol.",Felici-et-al-Banbhore-Pakistani-Italian-Excavations,0
Barbarikon,4,"For this reason, two trenches were cut across the partition wall (Trench 7) and just west of it (Trench 8), in an area where the wall and that supposed axis might be close.7 Figure 1: Map of Sindh with the location of Banbhore (© A.Tilia) Anna Candida Felici et al. 119 The excavation in Trench 7 (Fig. 3) showed that the partition wall together with one of its towers was built directly on top of two buildings that were heavily collapsed at the time.",Felici-et-al-Banbhore-Pakistani-Italian-Excavations,2
Barbarikon,3,"Both it and Barbarikon/Minnagar imported clothing, but the latter was content with merely an adequate number of undecorated garments and a limited number of prints (39:13.7-8), whereas Barygaza received ""all kinds of clothing with no adornment or of printed fabric"" as well as specially wide girdles (49:16.22-23).",Casson-1989-Periplus-Maris-Erythraei-text-translation-commentary,0
Barbarikon,3,"Smith (245) prudently observes that ""the extensive changes which have occurred in the rivers of Sind during the course of eighteen centuries preclude the possibility of satisfactory identifications of either of these towns [Barbarikon and Minnagar]."" 188 G E N E R A L C O M M E N T A R Y 38:13.3 Minnagar The name means ""Saka-town"" (cf.",Casson-1989-Periplus-Maris-Erythraei-text-translation-commentary,0
Barbarikon,3,"Cunningham (op. cit. under 38:13.2, 289) thought Minnagar was at or near modern Tatta (24°45'N, 67°55'E), ""as the position [of Tatta] at the head of the inferior Delta commanded the whole traffic of the river."" McCrindle cites three other identifications, all different.",Casson-1989-Periplus-Maris-Erythraei-text-translation-commentary,0
Barbarikon,3,"The layers below yielded a large collection of vessels (and some coins as well) attributed by Khan to the ‘Scytho-Parthian’ period.6 But the virgin soil was not reached due to heavy water infiltration, and information on the early stages of life at Banbhore remained incomplete.",Felici-et-al-Banbhore-Pakistani-Italian-Excavations,2
Barbarikon,3,"See especially Fazal Ahmad Khan, ‘Excavations at Banbhore’, Pakistan Archaeology, 1 (1964), pp. 48-55; and F.A.",Felici-et-al-Banbhore-Pakistani-Italian-Excavations,13
Barbarikon,3,"For further information see Anna Candida Felici, Agnese Fusaro, Asma Ibrahim, Khaleemullah Lashari, Niccolò Manassero, Mario Piacentini, Valeria Piacentini Fiorani, Alessandro Tilia, ‘Archaeological Excavations at Banbhore, Sindh.",Felici-et-al-Banbhore-Pakistani-Italian-Excavations,14
Barbarikon,3,"The exercise of royal authority over the port and its transactions are amply clear from the statement in the Periplus that ‘Vessels moor at Barbarikon, but all the cargoes are taken up the river to the king at the metropolis’.20 it has been suggested that this statement may have two possibilities.21 One, the king at Minnagara, probably imposed some control over the import-export trade.",Ghosh-Barbarikon-in-the-Maritime-Trade-Network-of-Early-India,6
Barbarikon,3,"Whether Barbarikon functioned as a gateway in the sense that the expression ‘gateway city’ is used by scholars, cannot be said with any certainty for want of data. a.F.",Ghosh-Barbarikon-in-the-Maritime-Trade-Network-of-Early-India,13
Barbarikon,3,"S. $ 40 Published by The Department of Archaeology and Museums Government of Pakistan, Islamabad (Published in 2021) Printed by Graphics Point Office # 3-A, Mezzanine Floor, Wasil Plaza Fazel-e-Haq Road, Blue Area, Islamabad-Pakistan Ph:051-2806257 CONTENTS Illustrations Editorial The Scytho-Parthian Red Polished Ware (RPW) from the port city of Banbhore (Barbarikon), southern Pakistan Mohammad Rafique Mughal Gumbat-Balo Kale, Swat (GBK 1) A Revised Excavation Report L.M.",Pakistan-Archaeology-33-2018,0
Barbarikon,3,The study establishes and identifies Banbhore with the port city of Barbarikon which was an active participant of the Indo-Roman trade network which included the cities of Arabian/ Persian Gulf and the Red Sea regions where comparable ceramics have been found.,Pakistan-Archaeology-33-2018,0
Barbarikon,3,The earliest levels of Banbhore yielded mostly red wares among which one category of pottery stands out due to the vessel forms and surface treatment.,Pakistan-Archaeology-33-2018,0
Barbarikon,3,Its distribution in South Asia and beyond almost follows what is generally labelled as the Parthian Ware period beginning slightly earlier than the first centuries BCE with a mix of glazed wares not yet found or identified at Banbhore in the earliest horizon containing RPW.,Pakistan-Archaeology-33-2018,0
Barbarikon,3,"It was clear that the site of Banbhore was abandoned at least in the area where excavation was done, if not the entire site.",Pakistan-Archaeology-33-2018,0
Barbarikon,3,"The sailing course along this coast, from Barbaricum to the promontory called Papica, opposite Barygaza, and before Astacampra, is of three thousand stadia. 42.",Schoff-1912-Periplus-of-the-Erythraean-Sea,0
Barbarikon,3,"The most northerly is Barbarikon (PME 39), a port strategically located on the mouth of the Indus in modern Pakistan that served the royal capital at Minnagar, at an unspecified spot further up the river.",Tomber-2008-Indo-Roman-Trade-From-Pots-to-Pepper,0
Barbarikon,3,"The distance Ptolemais–Oreine Island is worked out from the distance Ptolemais–Adulis minus the distance Oreine Island–Adulis (3,000 and 200 stadioi respectively: PME 4). 20 Myos Hormos–Berenice: 1,800 stadioi (1); Berenice–Muza 12,000 stadioi (21); crossing of the Syagros Gulf, 600 (32); crossing of the straits of the Persian Gulf, 600 (35); paraplus Barbarikon–Astakapra 3,000 (41). 21 Two dromoi from Malao to Moundou (9), 2 or 3 from Moundou to Mosyllon (10) and 2 again up to promontory Elephas (11).",apa-RedSea-PeriplusMarisErythraei-Romanis2016,13
Barbarikon,2,"As metropolis of the region, Minnagara was probably also the capital; cf. 4:2.8 (Axum), 23:7.27-28 (Saphar), 27:9.7-8 (Saubatha). 41:14.9 Barygaza The spelling, following the usual Greek method of transcribing the sounds of Sanskrit, represents the Sanskrit name Bharukaccha (see Shafer 1 9 9 G E N E R A L C O M M E N T A R Y [op. cit. under 41:14.4] 114), modern Broach near the mouth of the Narmada River.",Casson-1989-Periplus-Maris-Erythraei-text-translation-commentary,0
Barbarikon,2,"Finally, i shall look further west and assess Barbarikon’s role in seafaring from the indus delta to the famous port of spasinou Charax that was situated to the north of the Persian gulf. attested irst in the third millennium bce when the cities of the indus civilization traded with the gulf and Mesopotamia, these connections continued through the centuries, extending their reach to the ports of the arabian Peninsula.",Ghosh-Barbarikon-in-the-Maritime-Trade-Network-of-Early-India,0
Barbarikon,2,"Monique kevran tentatively locates Minnagara in the region of Brahminabad, in Pakistan.11 she also discusses Barbarikon’s location in Patalene. it is generally assumed that the Parthians or Parthian princes were successors of gondophares (c.20/21 ce45/46 ce) the famous indo-Parthian ruler.",Ghosh-Barbarikon-in-the-Maritime-Trade-Network-of-Early-India,0
Barbarikon,2,"The Periplus speaks of Proklais, identiied with Pushkalavati, through which nard came to Barygaza.35 The present location is Charsadda, situated strategically at the conluence of the swat and kabul rivers, on routes from the West and Central asia, within the fertile valley of Peshawar. as an archaeological site, Bala hissar of Charsadda came into prominence when it Barbarikon in the Maritime Trade Network of Early India 67 was possible to match it with the historically recorded city of Pushkalavati, the city of lotuses.",Ghosh-Barbarikon-in-the-Maritime-Trade-Network-of-Early-India,8
Barbarikon,2,"Therefore, it was important for ships from Barbarikon to explore the Persian gulf, which was well connected to the lower indus area. a passage of Pliny’s Naturalis Historia speaks of the distance between the Caspian gates and the extreme point of Patala, thereby suggesting that routes from the Caspian gates ran into the lower indus area.54 From the lower indus one could move into arachosia lying on the great highway, mentioned by Pliny, through the Bolan Pass or the Mula Pass.",Ghosh-Barbarikon-in-the-Maritime-Trade-Network-of-Early-India,0
Barbarikon,2,The writer had an opportunity to dig the first deep trench (GV/6) at the Northern Sector of the site located west of the Great Mosque of Banbhore and correlated the evidence with that found in other trenches.,Pakistan-Archaeology-33-2018,0
Barbarikon,2,The evidence so far gathered from several sites and the coastal city of Banbhore would suggest a date approximately between the 1st century BCE and 2nd centuries CE for the Red Polished Ware which is also reported from a number of sites connected with the Indo-Roman trade.,Pakistan-Archaeology-33-2018,0
Barbarikon,1,"He explains (3:1.14-15) how Ptolemais Theron got its name from the hunting parties sent out from it by the Ptolemies, he remarks (41:14.9-11) that remains of buildings and wells around Barygaza or Minnagara go back to the time of Alexander, and he informs us (47:16.7) that Alexander reached the Ganges (he did not; see under 47:16.7); he recounts (57:19.2-12) the discovery of the direct route over open water to India; he notes (26:8.31-32) the recent destruction of Eudaimon Arabia at the hands of the Romans. 9 I N T R O D U C T I O N Curiously, one subject he gives short shrift to is religion.",Casson-1989-Periplus-Maris-Erythraei-text-translation-commentary,0
Barbarikon,1,Barbarikon was merely a port: all the merchandise that arrived there was forwarded to the royal capital at Minnagar upriver (39:13.5-6).,Casson-1989-Periplus-Maris-Erythraei-text-translation-commentary,0
Barbarikon,1,"In textiles, Barbarikon exported only silk cloth, which had come there from China (see under B 39:13.11), whereas Barygaza exported cotton cloth of all kinds in addition to silk (49:16.29-30); some kinds were supplied by Ozene (Ujjain) inland (48:16.14-16) but some surely must have been manufactured right in town.20 Barygaza seems to have been a somewhat more sophisticated place, to judge from the greater number of luxuries it required.",Casson-1989-Periplus-Maris-Erythraei-text-translation-commentary,0
Barbarikon,1,"Arabian frankincense was available only at Kane and, being a monopoly of the temple and state, only through royal agents.SI At Barbarikon in northwest India, all imports were forwarded upriver ""to the king"" (39 : i3-5 -6); it follows that their sale would have been arranged with the king's agents.",Casson-1989-Periplus-Maris-Erythraei-text-translation-commentary,0
Barbarikon,1,"First came a district inhabited by a people called the Parsidai (37:12.13-14 and note ad loc.) and then Skythia, more or less modern Sind (38:12.23 and note ad loc.); here was the area's major port, Barbarikon at the mouth of the Indus.",Casson-1989-Periplus-Maris-Erythraei-text-translation-commentary,0
Barbarikon,1,"Vessels moor at Barbarikon, but all the cargoes are taken up the river to the king at the metropolis.",Casson-1989-Periplus-Maris-Erythraei-text-translation-commentary,0
Barbarikon,1,"The anonymous city probably was either Rhambakia or whatever settlement had supplanted it. 37:12.18 site of a royal palace The area was under the rule of Indo-Parthian kings (cf. under 37:12.1314 and 38:13.3-4), whose capital was at Minnagar (38:13.3).",Casson-1989-Periplus-Maris-Erythraei-text-translation-commentary,0
Barbarikon,1,"Tarn (235) guardedly places Minnagar ""somewhere eastward of the Indus Delta."" 38:13.3-4 in the hands of Parthians The Parthian invasion of Sind ended Saka rule there (cf. under 38:12.23), and Gondophares, first of the Indo-Parthian kings (so called to distinguish them from the rulers of the Parthian Kingdom, Rome's great rival), replaced Azes II.",Casson-1989-Periplus-Maris-Erythraei-text-translation-commentary,0
Barbarikon,1,"The tall, dark-skinned people referred to here, he suggests (20, 119) were their descendants. 41:14.8 The metropolis of the region is Minnagara This is a second ""Saka-town,"" to be distinguished from the Minnagar in Sind (38:13.3); the latter had been taken over by Parthians, but this was still a Saka center.",Casson-1989-Periplus-Maris-Erythraei-text-translation-commentary,0
Barbarikon,1,"This would mean that, whereas silk cloth was brought down to Barygaza (49:16.30) and Muziris/Nelkynda (56:18.24), the other ports that handled Chinese products, to Barbarikon alone—which offered more varied Chinese products than any other port (it was the one place where Chinese pelts were available)—only silk yarn was brought down.",Casson-1989-Periplus-Maris-Erythraei-text-translation-commentary,0
Barbarikon,1,"Between the Isle ofSarapis (Masirah Island) and the port of Barbarikon (somewhere on the Indus Delta), the author provides (36:12.3-4) but one figure, for the stretch from the mouth of the Persian Gulf to Omana, and this he gives only in runs; he provides nothing for Sarapis to the Persian Gulf or Omana to Barbarikon.",Casson-1989-Periplus-Maris-Erythraei-text-translation-commentary,0
Barbarikon,1,"He states (41:14.11-13) that it is 3000 stades from Barbarikon to Astakapra, i.e., from the mouth of the Indus around the Kathiawar Peninsula and up the Gulf of Cambay to a point opposite Broach.",Casson-1989-Periplus-Maris-Erythraei-text-translation-commentary,0
Barbarikon,1,"Houses and workshops and a so-called ‘industrial’ area were revealed as well.5 Various kinds of valuable and interesting objects were uncovered, evidence of the wealth and importance of Banbhore during the Islamic age.",Felici-et-al-Banbhore-Pakistani-Italian-Excavations,0
Barbarikon,1,Our joint expedition resumed works at Banbhore in order to date the site and get detailed archaeological evidence for its urban structure.,Felici-et-al-Banbhore-Pakistani-Italian-Excavations,2
Barbarikon,1,"They have a peculiar dot and circle decoration which suggests a date around the tenth-eleventh Figure 5: Trench 9, view (© A.Tilia) 122 Banbhore century CE and associates these vessels with similar specimens circulating in the Persian Gulf area.8 Glass items are also noteworthy.",Felici-et-al-Banbhore-Pakistani-Italian-Excavations,5
Barbarikon,1,"What is important to note is that the author Barbarikon in the Maritime Trade Network of Early India 63 categorically mentions that roman coins had a great value in Barygaza as against local currency, thus suggesting a proit on foreign exchange values.13 The nature of transactions difered in Barbarikon. according to Casson, coinage was used as currency in Barbarikon.14 The silver currency used there was always of high intrinsic value irrespective of the political authorities issuing them.",Ghosh-Barbarikon-in-the-Maritime-Trade-Network-of-Early-India,4
Barbarikon,1,"Perhaps the trading potential of this region prompted the rulers to keep to a particular standard and, consequently, we may say that a standard coinage was a means to administer foreign trade. as attested by Chinese sources, Vima was well aware of the economic potential of this area. eventually, he annexed Barbarikon to the kushana empire by ousting gondophares’ group.",Ghosh-Barbarikon-in-the-Maritime-Trade-Network-of-Early-India,5
Barbarikon,1,"We know that long-distance trade involves the movement of supplies from relatively distant sources to destinations where there is a demand for commodities to be distributed. section 39 of the Periplus refers to Chinese pelts as merchandise for the return cargo. later, in section 64 it is also said that from Thina (China), silk loss and yarn are shipped via Bactria to Barygaza. in the same way it might have come to Barbarikon through the indus.",Ghosh-Barbarikon-in-the-Maritime-Trade-Network-of-Early-India,0
Barbarikon,1,"Plain clothing was much in demand in Barbarikon and so it was brought in ‘good quantity’, whereas printed fabric was brought in ‘limited quantity’. so was the case with wine. it appears that good quantity actually related to bulk and perhaps there was also a consistent demand for plain fabric in the hinterlands.",Ghosh-Barbarikon-in-the-Maritime-Trade-Network-of-Early-India,0
Barbarikon,1,"The signiicance of this port emerges from the fact that the Periplus notes the proper time for setting out (which beneits skippers intending a round trip) only for the major ports and that Barbarikon features in that group along with adulis, Muza, kane, Barygaza, Muziris and the nearby pepper ports.44 Barbarikon and Spasinou Charax The author of the Periplus refers to the mouth of the indus after briely looking at the Persian gulf.",Ghosh-Barbarikon-in-the-Maritime-Trade-Network-of-Early-India,11
Barbarikon,1,"We saw earlier that Chinese silk and pelts were obtainable in the port of Barbarikon, located in scythia, according to the Periplus.",Ghosh-Barbarikon-in-the-Maritime-Trade-Network-of-Early-India,11
Barbarikon,1,"Chaudhuri who wrote on a period later than early historic india, it may be said that Barbarikon displayed a ‘unity of maritime, Barbarikon in the Maritime Trade Network of Early India 71 riverine and overland routes’. 56 Though Chaudhuri’s comment relates to the segmented voyages from around c. 1000 ce, one can perhaps use the idea in a much earlier period in a diferent context.",Ghosh-Barbarikon-in-the-Maritime-Trade-Network-of-Early-India,12
Barbarikon,1,"Ptolemy’s silence regarding any market town in indo-scythia suggests a decline in trade relations between the lower indus zone and the West. nevertheless, even as Barbarikon waned, the indus delta continued to facilitate port formations. as example, we can see the prominence of the port of daibul (dabhol) from the early seventh century. notes and references 1.",Ghosh-Barbarikon-in-the-Maritime-Trade-Network-of-Early-India,0
Barbarikon,1,"Gorea, ‘Les vestiges antiques de la grotte de Hoˆq (Suqutra, Ye´men)’, Comptes Rrendus de l’Acade´mie des Inscriptions et Belles-Lettres, 146, 2, 2002, pp. 409–45; Ingo Strauch, ed., Foreign sailors on Socotra: the inscriptions and drawings from the cave Hoq, Bremen: Hempen, 2012. 37 8 j E I V I N D H E L D A A S S E L A N D https://doi.org/10.1017/S1740022813000338 Published online by Cambridge University Press Socotra (section 30), Barbarikon at the mouth of the Indus, Barygaza on the Narmada river (sections 39, 49), and Muziris and Nelkynda in South India (section 56).",Networks-and-Social-Cohesion-in-Ancient-Indian-Ocean-Trade,6
Barbarikon,1,"Present issue contains an excellent study of the Red Burnished Ware (RBW) recovered from the port city of Banbhore, countributed by Dr.",Pakistan-Archaeology-33-2018,0
Barbarikon,1,"(Mahmood-ul-Hasan) Editor The Scytho-Parthian Red Polished Ware (RPW) from the port city of Banbhore (Barbarikon), southern Pakistan Mohammad Rafique Mughal Banbhore is located on an ancient shore of the Arabian Sea in southern Sindh.",Pakistan-Archaeology-33-2018,0
Barbarikon,1,"The combined evidence of coins, ceramics of distinctive types, inscribed materials and other objects established a firm chronology of the site from the beginning of occupation to the abandonment of Banbhore from circa 1st century BCE to early 12th century CE at least.",Pakistan-Archaeology-33-2018,0
Barbarikon,1,"Timeline and geographical extent of the RPW At the time of discovery of Red Polished Ware at Banbhore, its date was indicated by comparison of pottery similar in form and surface treatment with that from Bhir Mound, Stratum II ,the first city of Taxila which Sir John Marshall dated approximately to the 3rd century BCE (Marshall 1951, volume 2: 414).",Pakistan-Archaeology-33-2018,0
Barbarikon,1,"Lionel Casson’s translation of The Periplus Maris Erythraci (1989), a Roman treatise written as a guidebook for trade and sea travel from the Red Sea to eastern India, refers to the west coast of ancient India as the prime trading area which included two trading centres: Barbarikon (or Barabican) and Barygaza, respectively referring almost certainly to Banbhore in Sindh, southern Pakistan and Broach in Western India.",Pakistan-Archaeology-33-2018,0
Barbarikon,1,"On the present evidence from several sites, a central date of 1st century BCE and 1st century CE would be an accurate conclusion for the Red Polished Wares found at the first settlement of Banbhore or Barbarikon of the Roman traders.",Pakistan-Archaeology-33-2018,0
Barbarikon,1,"In § 38 is mentioned the sea-coast of Scythia"" around the mouth of the Indus, and the metropoHs of Scythia, Minnagara, which was subject to Parthian princes at war among themselves."" In § 41 is mentioned another city Minnagara, which, as indicated in the notes, is simply the Hindu name for 'city of the invaders."" In § 47 is mentioned the ""very war-like inland nation of the Bactrians. ' ' As explained in the notes, the Scythians of the Periplus are the Saka tribe, who had been driven from Eastern Turkestan by the Yueh- chi, and overran Beluchistan, the lower Indus valley, and adjacent parts of the coast of India itself.",Schoff-1912-Periplus-of-the-Erythraean-Sea,0
Barbarikon,1,"Gawlikowski 1994), but also merchants travelling by ship to the Kushan kingdom, presumably to the port of Barbarikon in present-day Pakistan (Delplace 2003).",apa-IndOc-Gulf-IndianOcean-Seland2014,0
Barbarikon,1,"La forteresse de Ratto Kot est l'élément le plus avancé vers l'ouest de ces vestiges et sa découverte est d'autant plus intéressante que cette place forte contrôlait l'entrée dans le bras d'estuaire occidental, aux IVe- Ve siècles, protégeant ainsi le site de Banbhore d'incursions indésirables44.",apa-IndOc-Gulf-Indus-Kervran1995,0
Barbarikon,1,"LE DELTA DE L'INDUS AU TEMPS D'ALEXANDRE 283 Banbhore qui, pour être protégée des vents de mousson, fut construite dans l'estuaire de la Sagada (à une distance de la mer que l'on ignore), aux alentours du i"" siècle av.",apa-IndOc-Gulf-Indus-Kervran1995,51
Barbarikon,1,"Kervran M., « The fortress of Ratto Kot at the mouth of the Banbhore river », Pakistan Archaeology 27 ', 1992, p. 143-170. « Le port multiple des bouches de l'Indus : Barbariké, Deb, Daybul, Lahori Bandar, Diul Sinde », Res Orientales VIII, 1996, p. 45-92.",apa-IndOc-Gulf-Indus-Kervran1995,53
Tyndis,8,"Muziris, of the same Kingdom, abounds in ships sent there with car- goes from Arabia, and by the Greeks; it is located on a river, distant from Tyndis by river and sea five hundred stadia, and up the river from the shore twenty stadia.",Schoff-1912-Periplus-of-the-Erythraean-Sea,0
Tyndis,6,"III. 208 The text tells us that Muziris was distant from Tyndis, ' 'by river and sea, 500 stadia,"" and Nelcynda from Muziris, by river and sea, 500 stadia. "" This can hardly refer to anything but the Cochin backwaters. 53.",Schoff-1912-Periplus-of-the-Erythraean-Sea,0
Tyndis,5,"The exact location of the port is still unknown; however, scholars have tried to identify this place with either modern day Kadalundi or Ponnani or Pantalayani Kollam.",Dayalan-2018-Ancient-Seaports-Western-Coast-India,0
Tyndis,4,"After briefly highlighting the coastline of India and its favourable nature for safe anchorage of ships and the strategic position of the seaports of western India, an extensive account of the major ancient seaports of western India like Barygaza, Ashtacampra, Gundigar, Kammoni, Khambhat, Bardaxema, Suparaka, Calliena, Semylla, Sanjan, Naura, Tyndis, Muziris, 2 Nelcyndaand other seaports, and their maritime trade activities are given based on archaeological excavations and explorations, literature, epigraphy, foreign accounts, and numismatic evidence.",Dayalan-2018-Ancient-Seaports-Western-Coast-India,0
Tyndis,4,"The distance between Tyndis and Muziris, another important seaport on the western coast mentioned in the Periplus Maris Erythraei, is about five hundred stadia (about 95 km) by river and sea.",Dayalan-2018-Ancient-Seaports-Western-Coast-India,0
Tyndis,4,"Ga%., VIII, 17.) But the distance of 500 stadia between Tyndis and Muziris indicates Ponnani. 53.",Schoff-1912-Periplus-of-the-Erythraean-Sea,0
Tyndis,4,"On ne trouve ensuite plus de distances jusqu’à l’évaluation de la distance totale jusqu’à la Limyrique (§ 51), puis à nouveau des séquences de toponymes sans distances jusqu’au § 54 où sont données les distances de Muziris à Nelkynda et Tyndis.",apa-RedSea-PeriplusMarisErythraei-Arnaud2012,0
Tyndis,3,"It is described as a village in plain sight on the shore, "" and may be identified with the modern Ponnani (10° 48' N. , 75° 56' E. ).",Schoff-1912-Periplus-of-the-Erythraean-Sea,0
Tyndis,3,"Rajendran, Research student, Deccan College Postgraduate and Research Institute, Pune, undertook a detailed study of the course of the Bharatapuzha from Palghat to Ponnani and the sediments exposed in the dam-excavation at Kanhirapuzha and Malampuzha.",IAR_1973-74__indianarchaeology197374arevi,0
Tyndis,2,"Ships sailing down the coast came first to the Chera kingdom, whose northern border was just above Tyndis (54:17.29) and whose southern was somewhere between Muziris and Nelkynda (54:18.4-6), in modern terms, north of Ponnani and south of Cranganore (App. 5).",Casson-1989-Periplus-Maris-Erythraei-text-translation-commentary,0
Tyndis,2,"Pillai further argues that Ptolemy's Nitraiai (7.1.7 = the Nitriae of Pliny 6.104), which the geographer listsjust before Tyndis, is an298 INDIA'S WEST COAST (8°44'N), the very same location he gave to the Red Mountain.",Casson-1989-Periplus-Maris-Erythraei-text-translation-commentary,316
Tyndis,2,"It is to be placed further south, at Vilinjam (8°22'N).15 In sum, there is fairly good evidence for locating Muziris near Cranganore, Tyndis near Ponnani or Beypore, Bakare near Pirakkad with Nelkynda some twelve miles inland, Red Mountain near Anjengo, and Balita near Vilinjam.",Casson-1989-Periplus-Maris-Erythraei-text-translation-commentary,0
Tyndis,2,"Pantalayini Kollam (different from the port of Kurakkenikollam (Quilon) of South Malabar) was an important port on the Malabar Coast, located a little north of Koyilandy.",Medieval-Ports-Maritime-Activities-North-Malabar,0
Tyndis,2,"Rubr. 54: ‘ἡ δὲ Νέλκυνδα σταδίους μὲν ἀπὸ Μουζίρεως ἀπέχει σχεδὸν πεντακοσίους, ὁμοίως διά τε ποταμοῦ καὶ διὰ θαλάσσης.’ Less important was Tyndis (= Tamil Toṇḍi = Ponnāni?), located some 500 stadioi north of Muziris, and Naoura (= tamil Naravu), presumably further north.",apa-IndOc-Gulf-IndiaTrade-Romanis2015,19
Tyndis,2,The estimated distances of Nelkynda and Tyndis from Muziris suggest that the pepper emporia of the mid 1st century ce extended in latitude just a little less than the region delimited by Tomé Pires—from Chettuva to Kayamkulam—for his estimate of the Malabar pepper production.,apa-IndOc-Gulf-IndiaTrade-Romanis2015,19
Tyndis,1,"Pantalayinikollam, north of Kozhikkode, was a wintering port for Chinese ships and Chinese sources mention southern Kollam as a major port (Varier 2003).",Archaeological-Literary-Ethnographic-Evidence,0
Tyndis,1,Craftsmen of Beypore perhaps built boats of different types for various markets; and hence they could have copied and experimented with a combination of technologies.,Archaeological-Literary-Ethnographic-Evidence,0
Tyndis,1,"Ptolemy is of scant help, since his sites often do not coincide and, in addition, he omits some of the Periplus's listings (or gives them different names) and shifts the position of others.3 A further complication is that extensive changes have taken place in the coastline.4 ' 53:17.22-27 (Semylla, Mandagora, Palaipatmai, Melizeigara, Byzantion, Toparon [?], Tyrannosboas, Sesekreienai Islands, Isle of the Aigidioi, Isle o f the Kaineitoi, White Island, Naura, Tyndis, Muziris, Nelkynda [-Bakare]); 58:19.13-18 (Red Mountain, Balita, K o mar).",Casson-1989-Periplus-Maris-Erythraei-text-translation-commentary,0
Tyndis,1,"Toparon 2 (1937), taking it for a proper reading, locates it at Devgarh (I6°23'). 2 54:18.2-5: Tyndis is 500 stades before Muziris and Nelkynda 500 after it. 3 Ptolemy (7.1.7) immediately after Byzantion lists ""the Peninsula,"" omitting all the names that the Periplus puts between the two.",Casson-1989-Periplus-Maris-Erythraei-text-translation-commentary,0
Tyndis,1,Early Tamil literature (c. 2nd century BCE-2nd century CE) mentions this place as Tonͅ dͅ i and states that it was an important coastal town of the Cēra kings who ruled this region during the Saṅgam period (c. 2nd century BCE to 2nd century CE).37 Tyndis or Tonͅ dͅ i was an ancient seaport and harbourtown in the ancient Cēra kingdom (Cerobothra) on the Malabar coast.,Dayalan-2018-Ancient-Seaports-Western-Coast-India,0
Tyndis,1,"Beypore, which served as a major shipbuilding centre in the late historical period, also perhaps existed in the medieval period.",Medieval-Ports-Maritime-Activities-North-Malabar,0
Tyndis,1,"It stands on a river, and is 500 stades distant from Tundis by river and by sea, and 20 stades from the mouth of the river…” [The Periplus of the Erythraean Sea, 1980, G.W.B.",PAMA-Unearthing-Pattanam-Excavation-Catalogue,11
Tyndis,1,"This Ponnani river, according to the Imperial Gazetteer (XX, 164), unlike nearly all others on the west coast, is navigable for small vessels for some distance inland.",Schoff-1912-Periplus-of-the-Erythraean-Sea,0
Tyndis,1,"ROCK-CUT CAVE, KALADY, DISTRICT PALGHAT.—During quarrying operations for brick-making, a rock-cut cave with a central pillar and a side opening was discovered in Kalady in Taluk Ponnani.",IAR_1965-66__indianarchaeology196566arevi,88
Tyndis,1,"In this context, the discovery in Taluk Ponnani of the so-called Russet-coated (wavy line) Painted Ware, which overlaps with the megalithic Black-and-red Ware in the early centuries of the Christian era, is of great significance.",IAR_1970-71__indianarchaeology197071arevi,27
Tyndis,1,"Rajendran, Research student of the Deccan College Post-graduate and Research Institute, Pune, resumed exploration in the valleys of Bharatha- puzha and Beypore and located sites yielding Middle Palaeolithic and Mesolithic tools.",IAR_1975-76__indianarchaeology197576arevi,29
Tyndis,1,"Raman Namboodiri of the Southern Circle of the Survey, while investigating for the sites showing Roman contact in the Ponnani valley, discovered: megalithic burials of topikal type at Alancode, Ongallur (pi.",IAR_1978-79__indianarchaeology197879arevi,104
Nelkynda,6,"Logan, Malabar (Madras, 1887), i 3, 77. 2 9 7 APPENDIX 1 the river Baris, must be considered together with its harbor, Bakare, which lay 120 stades downriver at the mouth.10 Schoff identifies Nelkynda with Kottayam (9°35'N, 76°3i'E) on the Minachil River and Bakare with Pirakkad on the coast (9°2i'N).",Casson-1989-Periplus-Maris-Erythraei-text-translation-commentary,315
Nelkynda,6,"III. 208 The text tells us that Muziris was distant from Tyndis, ' 'by river and sea, 500 stadia,"" and Nelcynda from Muziris, by river and sea, 500 stadia. "" This can hardly refer to anything but the Cochin backwaters. 53.",Schoff-1912-Periplus-of-the-Erythraean-Sea,0
Nelkynda,6,"Bacafe. — (Ptolemy gives Barkare, which is perhaps the preferable reading. ) This place, distant 120 stadia from Nelcynda, at an inlet of the sea, can be no other than Porakad (9° 22' N., 76° 22' E. ) for which it is a close transliteration; while the distance from Kottayam is exactly in accord with the text.",Schoff-1912-Periplus-of-the-Erythraean-Sea,0
Nelkynda,4,"The consensus is that all are versions of Kuttanadu, a place name found in ancient Tamil literature and still in use for the area that includes the valley of the Pambiyar, noted for its fine pepper; both Nelkynda and Bakare very likely stood on the Pambiyar (see App. 5).",Casson-1989-Periplus-Maris-Erythraei-text-translation-commentary,0
Nelkynda,4,"After briefly highlighting the coastline of India and its favourable nature for safe anchorage of ships and the strategic position of the seaports of western India, an extensive account of the major ancient seaports of western India like Barygaza, Ashtacampra, Gundigar, Kammoni, Khambhat, Bardaxema, Suparaka, Calliena, Semylla, Sanjan, Naura, Tyndis, Muziris, 2 Nelcyndaand other seaports, and their maritime trade activities are given based on archaeological excavations and explorations, literature, epigraphy, foreign accounts, and numismatic evidence.",Dayalan-2018-Ancient-Seaports-Western-Coast-India,0
Nelkynda,4,"Other possible identifications of this place are with the modern Kallada or Neendakara or Nirkunnam or Kannetri or Kollam, all in south Kerala.",Dayalan-2018-Ancient-Seaports-Western-Coast-India,0
Nelkynda,4,"Bakare or Becare, the shipping port of Nelcynda at the mouth of the river, is identified by scholars either with modern Markari or Varakkai or it may be between Kanetti and Kollam in Kerala.",Dayalan-2018-Ancient-Seaports-Western-Coast-India,0
Nelkynda,4,"The earlier identification of Muziris and Nelcynda placed them at Mangalore and Nileshwar (12° 52' N., 74° 51' E., and 12° 16' 206 207 N., 75° 8' E. j.",Schoff-1912-Periplus-of-the-Erythraean-Sea,0
Nelkynda,4,"Black pepper was cultivated in southwestern India and the Western Ghat Mountains and was shipped from nearby ports along the Kerala coast (southwestern coast of India) like Muziris and Nelkynda.21 White pepper is merely black pepper that has ripened.22 Long pepper was cultivated in northern India and was shipped to the Mediterranean from Barygaza on the northwest coast.23 Yet, although excavations recovered other items at Berenike, including some matting and semiprecious stones, that likely came via Barygaza, we have not yet identiﬁed any long pepper.",Sidebotham-2011-Berenike-and-the-Ancient-Maritime-Spice-Route,0
Nelkynda,4,"On ne trouve ensuite plus de distances jusqu’à l’évaluation de la distance totale jusqu’à la Limyrique (§ 51), puis à nouveau des séquences de toponymes sans distances jusqu’au § 54 où sont données les distances de Muziris à Nelkynda et Tyndis.",apa-RedSea-PeriplusMarisErythraei-Arnaud2012,0
Nelkynda,3,"As it happens, orpiment is found in India, in the northwestern parts (Watt v 497); this may explain why none was imported at Barygaza. 56:18.21-22 grain in sufficient amount. . . because the [sc. local] merchants do not use it The grain was for the resident foreigners as against the local merchants; see Introduction: Trade in the Indian Ocean, The Trade with India. 56:18.23 Kottanarike This is the same as the Cottonara that Pliny (6.105) locates near Bakare and describes as pepper country, as the ""Kottiara a metropolis"" that Ptolemy (7.1.9) lists south of ""Melkynda"" (= Nelkynda), and as the Cotiara that the Tabula Peutingeriana (see under 51:17.15) places south of Muziris.",Casson-1989-Periplus-Maris-Erythraei-text-translation-commentary,0
Nelkynda,3,"Muziris, which shared with Nelkynda the distinction of being one of the two key ports of the Malabar coast,6 is securely located, thanks to mention in Tamil literature: a poem that manifestly describes events of the early post-Christian centuries includes a passage which talks of the city where the beautiful vessels, the masterpieces of the Yavanas [Westerners], stir white foam on the Periyar, river of Kerala, arriving with gold and departing with pepper—when that Muqiri, brimming with prosperity, was besieged by the din of war.7 The poem not only names Muziris but conveniently locates it—at the mouth of the Periyar.",Casson-1989-Periplus-Maris-Erythraei-text-translation-commentary,0
Nelkynda,3,"NELCYNDA The Periplus Maris Erythraei mentions that Nelcynda was about five hundred stadia (about 95 km) by river and sea from Muziris and was of another kingdom, the Pandian.",Dayalan-2018-Ancient-Seaports-Western-Coast-India,0
Nelkynda,3,"Nakkada near Niranam in Pathanamthitta District, Kerala, is often identified with Nelcynda.",Dayalan-2018-Ancient-Seaports-Western-Coast-India,0
Nelkynda,3,"Nelcynda is distant from Muziris by river and sea about five hundred stadia, and is of another King- dom, the Pandian.",Schoff-1912-Periplus-of-the-Erythraean-Sea,0
Nelkynda,3,"Horse-faces and Long-faces. — This is no invention of our author, but was no doubt told him by some friend at Nelcynda, who spoke by his book — the Sanscrit writings.",Schoff-1912-Periplus-of-the-Erythraean-Sea,0
Nelkynda,3,"It also helps to explain why in the ĳirst century ce the export of Malabar pepper was split between two major emporia: Muziris , at the delta of the Periyar,49 and Becare-Nelkynda, located on a river that flowed less than 500 stadioi south of Muziris,50 pointing to a place in the southern part of Vembanad Lake.",apa-IndOc-Gulf-IndiaTrade-Romanis2015,0
Nelkynda,3,"It also helps to explain why in the fĳirst century ce the export of Malabar pepper was split between two major emporia: Muziris , at the delta of the Periyar,49 and Becare-Nelkynda, located on a river that flowed less than 500 stadioi south of Muziris,50 pointing to a place in the southern part of Vembanad Lake.",apa-IndOc-Gulf-MuzirisPapyrus-Romanis2015,0
Nelkynda,2,"In addition, a passage in a Tamil poem attests to the presence of a colony of Westerners at a port on the mouth of the Kaveri River to the south of Arikamedu (see under 60:20.6).26 It could well be that the Westerners resident in these places were chiefly engaged in forwarding goods not all the way to Egypt but only to associates stationed in Muziris/Nelkynda, who then sold them to the merchants from Roman Egypt.",Casson-1989-Periplus-Maris-Erythraei-text-translation-commentary,0
Nelkynda,2,"But India does have copper: there are deposits near Ajmer in Rajasthan that, if worked in ancient days, would have been convenient for transport to Barygaza, and deposits near Madras that would have been convenient for Muziris/Nelkynda (Watt ii 647).37 What is more, there is clear evidence that either these or other deposits were worked: Strabo lists a series of objects that he characterizes as being made of ""Indian copper.""38 Indeed, the Periplus itself reports that Barygaza—the very place that took in shipments of copper from the West—sent out shipments to Apologos at the head of the Persian Gulf and to Omana, a port passed en route there (36:12.6).",Casson-1989-Periplus-Maris-Erythraei-text-translation-commentary,0
Nelkynda,2,"Ships sailing down the coast came first to the Chera kingdom, whose northern border was just above Tyndis (54:17.29) and whose southern was somewhere between Muziris and Nelkynda (54:18.4-6), in modern terms, north of Ponnani and south of Cranganore (App. 5).",Casson-1989-Periplus-Maris-Erythraei-text-translation-commentary,0
Nelkynda,2,"The suggestion that Nelkynda was Niranom (Neranom), which is about 500 stades from Muziris and which is on the Pambiyar twelve miles east of Pirakkad, at least puts the port of trade and its harbor on the same stream and the proper distance from each other.",Casson-1989-Periplus-Maris-Erythraei-text-translation-commentary,315
Nelkynda,2,"It is to be placed further south, at Vilinjam (8°22'N).15 In sum, there is fairly good evidence for locating Muziris near Cranganore, Tyndis near Ponnani or Beypore, Bakare near Pirakkad with Nelkynda some twelve miles inland, Red Mountain near Anjengo, and Balita near Vilinjam.",Casson-1989-Periplus-Maris-Erythraei-text-translation-commentary,0
Nelkynda,2,"The establishment of mid-ocean routes is often attributed to the ""discovery"" of monsoon winds without taking into account the long-term dynamics of maritime activities that existed before the ""discovery."" We have about half a dozen sources of various genres that refer to the key Early Historic port sites in the Indian Ocean Rim.3 The most important among them on the southwest coast of India were Tindis, Muziris, Nelcynda and Becare.",Cherian-Pattanam-Evidence-of-Maritime-Exchanges,0
Nelkynda,2,"There was another place at the mouth of this river, the village of Bacare, to which ships dropped by on the outward voyage from Nelcynda and anchored in the roadstead to take on their cargoes because the river was full of shoals and the channels were not clear.",Dayalan-2018-Ancient-Seaports-Western-Coast-India,0
Nelkynda,2,"There is another place at the mouth of this river, the village of Bacare; to which ships drop down on the outward voyage from Nelcynda, and anchor in the roadstead to take on their cargoes; because the river is full of shoals and the channels are not clear.",Schoff-1912-Periplus-of-the-Erythraean-Sea,0
Nelkynda,2,The estimated distances of Nelkynda and Tyndis from Muziris suggest that the pepper emporia of the mid 1st century ce extended in latitude just a little less than the region delimited by Tomé Pires—from Chettuva to Kayamkulam—for his estimate of the Malabar pepper production.,apa-IndOc-Gulf-IndiaTrade-Romanis2015,19
Nelkynda,2,"The distances indicated by the Periplus recommend not locating Nelkynda near Varkala; Banaji’s arguments to the contrary in this volume are dubious. 51 Plin., hn 6.104: ‘inde vento hippalo navigant diebus xl ad primum emporium Indiae Muzirim [. . .] alius utilior portus gentis Neacyndon, qui vocatur Becare.’ 52 Peripl.",apa-IndOc-Gulf-IndiaTrade-Romanis2015,19
Nelkynda,1,"Gangetic nard is a good case in point: collected at and shipped out from a port at the mouth of the Ganges (63:21.3-5), it was picked up by the merchants of Roman Egypt at Muziris or Nelkynda (56:18.25).",Casson-1989-Periplus-Maris-Erythraei-text-translation-commentary,0
Nelkynda,1,"This was almost certainly the case at Muziris/Nelkynda, where indeed there may well have been a resident colony of Westerners.52 50 For investment in trade by high-level Romans through agents and representatives, see J.",Casson-1989-Periplus-Maris-Erythraei-text-translation-commentary,0
Nelkynda,1,"Another settlement lies at the very mouth of the river, Bakare, to which vessels drop downriver from Nelkynda for the outbound voyage; they anchor in the open roads to take on their cargoes because the river has sandbanks and channels that are shoal.",Casson-1989-Periplus-Maris-Erythraei-text-translation-commentary,0
Nelkynda,1,"Nelkynda For the location of the sites listed in these lines, see App. 5. 53:17.22-23 Mandagora, Palaipatmai Ptolemy reverses the order.",Casson-1989-Periplus-Maris-Erythraei-text-translation-commentary,0
Nelkynda,1,"Pliny (6.105) a nd Ptolemy (7.1.89) also refer to it as ""Pandion's"" (for the naming of a king after his country, see under 54:17.29) and agree with the Periplus in setting its upper boundary north of Nelkynda.",Casson-1989-Periplus-Maris-Erythraei-text-translation-commentary,0
Nelkynda,1,"For the location of their capitals, see under 54:17.29 and 54:18.5-6. 55:18.13 snakes See under 38:12.27-28. 55:18.13-14 these are also black I.e., like those found off the Gulf of Kutch (40:13.30). 56:18.16 these ports of trade I.e., Muziris and Nelkynda.",Casson-1989-Periplus-Maris-Erythraei-text-translation-commentary,0
Nelkynda,1,"Meile (1045) suggests that at Muziris/Nelkynda the amount was ""in limited quantity"" in comparison with other, bulkier imports such as metals. 56:18.21 orpiment Orpiment—yellow sulphide of arsenic—is the meaning commonly assigned to the Greek arsenikon\ see LSJ s.v. and Caley-Richards (op. cit. under 39:13.11) 171.",Casson-1989-Periplus-Maris-Erythraei-text-translation-commentary,0
Nelkynda,1,Warmington (248) suggests that those shipped from Muziris/Nelkynda may have come from areas in southern India as well.,Casson-1989-Periplus-Maris-Erythraei-text-translation-commentary,0
Nelkynda,1,"It also indicates that at this time native gold coins were still rare enough to be singled out for comment. 63:21.10 the finest tortoise shell The tortoise shell ended up at Muziris and Nelkynda (see 56:18.26-27), almost certainly by way of the port of Ganges which shipped numerous products to those cities (cf. under 56:18.17a and 56:18.25). 64:21.13 Thina This is the earliest occurrence of the name.",Casson-1989-Periplus-Maris-Erythraei-text-translation-commentary,0
Nelkynda,1,"This would mean that, whereas silk cloth was brought down to Barygaza (49:16.30) and Muziris/Nelkynda (56:18.24), the other ports that handled Chinese products, to Barbarikon alone—which offered more varied Chinese products than any other port (it was the one place where Chinese pelts were available)—only silk yarn was brought down.",Casson-1989-Periplus-Maris-Erythraei-text-translation-commentary,0
Nelkynda,1,"But the author is presenting a list of items that merchants can expect to sell at Muziris/Nelkynda, and crews' provisions have no place there.",Casson-1989-Periplus-Maris-Erythraei-text-translation-commentary,0
Nelkynda,1,"Ptolemy is of scant help, since his sites often do not coincide and, in addition, he omits some of the Periplus's listings (or gives them different names) and shifts the position of others.3 A further complication is that extensive changes have taken place in the coastline.4 ' 53:17.22-27 (Semylla, Mandagora, Palaipatmai, Melizeigara, Byzantion, Toparon [?], Tyrannosboas, Sesekreienai Islands, Isle of the Aigidioi, Isle o f the Kaineitoi, White Island, Naura, Tyndis, Muziris, Nelkynda [-Bakare]); 58:19.13-18 (Red Mountain, Balita, K o mar).",Casson-1989-Periplus-Maris-Erythraei-text-translation-commentary,0
Nelkynda,1,"Toparon 2 (1937), taking it for a proper reading, locates it at Devgarh (I6°23'). 2 54:18.2-5: Tyndis is 500 stades before Muziris and Nelkynda 500 after it. 3 Ptolemy (7.1.7) immediately after Byzantion lists ""the Peninsula,"" omitting all the names that the Periplus puts between the two.",Casson-1989-Periplus-Maris-Erythraei-text-translation-commentary,0
Nelkynda,1,"Gorea, ‘Les vestiges antiques de la grotte de Hoˆq (Suqutra, Ye´men)’, Comptes Rrendus de l’Acade´mie des Inscriptions et Belles-Lettres, 146, 2, 2002, pp. 409–45; Ingo Strauch, ed., Foreign sailors on Socotra: the inscriptions and drawings from the cave Hoq, Bremen: Hempen, 2012. 37 8 j E I V I N D H E L D A A S S E L A N D https://doi.org/10.1017/S1740022813000338 Published online by Cambridge University Press Socotra (section 30), Barbarikon at the mouth of the Indus, Barygaza on the Narmada river (sections 39, 49), and Muziris and Nelkynda in South India (section 56).",Networks-and-Social-Cohesion-in-Ancient-Indian-Ocean-Trade,6
Nelkynda,1,"Like the following ports, Muziris and Nelcynda, these two have 204 been placed too far north by most of the commentators.",Schoff-1912-Periplus-of-the-Erythraean-Sea,0
Nelkynda,1,"Grangetic spikenard. — This was probably the true spike- nard, from the Himalayas, noted under § 49, and valued sufficiently to be shipped in considerable quantity to Nelcynda, where the Romans fouftd it (§ 56).",Schoff-1912-Periplus-of-the-Erythraean-Sea,0
Bakare,6,"Logan, Malabar (Madras, 1887), i 3, 77. 2 9 7 APPENDIX 1 the river Baris, must be considered together with its harbor, Bakare, which lay 120 stades downriver at the mouth.10 Schoff identifies Nelkynda with Kottayam (9°35'N, 76°3i'E) on the Minachil River and Bakare with Pirakkad on the coast (9°2i'N).",Casson-1989-Periplus-Maris-Erythraei-text-translation-commentary,315
Bakare,4,"The consensus is that all are versions of Kuttanadu, a place name found in ancient Tamil literature and still in use for the area that includes the valley of the Pambiyar, noted for its fine pepper; both Nelkynda and Bakare very likely stood on the Pambiyar (see App. 5).",Casson-1989-Periplus-Maris-Erythraei-text-translation-commentary,0
Bakare,4,"Other possible identifications of this place are with the modern Kallada or Neendakara or Nirkunnam or Kannetri or Kollam, all in south Kerala.",Dayalan-2018-Ancient-Seaports-Western-Coast-India,0
Bakare,4,"Bakare or Becare, the shipping port of Nelcynda at the mouth of the river, is identified by scholars either with modern Markari or Varakkai or it may be between Kanetti and Kollam in Kerala.",Dayalan-2018-Ancient-Seaports-Western-Coast-India,0
Bakare,3,"As it happens, orpiment is found in India, in the northwestern parts (Watt v 497); this may explain why none was imported at Barygaza. 56:18.21-22 grain in sufficient amount. . . because the [sc. local] merchants do not use it The grain was for the resident foreigners as against the local merchants; see Introduction: Trade in the Indian Ocean, The Trade with India. 56:18.23 Kottanarike This is the same as the Cottonara that Pliny (6.105) locates near Bakare and describes as pepper country, as the ""Kottiara a metropolis"" that Ptolemy (7.1.9) lists south of ""Melkynda"" (= Nelkynda), and as the Cotiara that the Tabula Peutingeriana (see under 51:17.15) places south of Muziris.",Casson-1989-Periplus-Maris-Erythraei-text-translation-commentary,0
Bakare,3,"Five names—Semylla, Muziris, Bakare, Red Mountain, Komar—can be identified with more confidence than the others.",Casson-1989-Periplus-Maris-Erythraei-text-translation-commentary,0
Bakare,3,"It also helps to explain why in the ĳirst century ce the export of Malabar pepper was split between two major emporia: Muziris , at the delta of the Periyar,49 and Becare-Nelkynda, located on a river that flowed less than 500 stadioi south of Muziris,50 pointing to a place in the southern part of Vembanad Lake.",apa-IndOc-Gulf-IndiaTrade-Romanis2015,0
Bakare,3,"It also helps to explain why in the fĳirst century ce the export of Malabar pepper was split between two major emporia: Muziris , at the delta of the Periyar,49 and Becare-Nelkynda, located on a river that flowed less than 500 stadioi south of Muziris,50 pointing to a place in the southern part of Vembanad Lake.",apa-IndOc-Gulf-MuzirisPapyrus-Romanis2015,0
Bakare,2,"The suggestion that Nelkynda was Niranom (Neranom), which is about 500 stades from Muziris and which is on the Pambiyar twelve miles east of Pirakkad, at least puts the port of trade and its harbor on the same stream and the proper distance from each other.",Casson-1989-Periplus-Maris-Erythraei-text-translation-commentary,315
Bakare,2,"It is to be placed further south, at Vilinjam (8°22'N).15 In sum, there is fairly good evidence for locating Muziris near Cranganore, Tyndis near Ponnani or Beypore, Bakare near Pirakkad with Nelkynda some twelve miles inland, Red Mountain near Anjengo, and Balita near Vilinjam.",Casson-1989-Periplus-Maris-Erythraei-text-translation-commentary,0
Bakare,2,"The establishment of mid-ocean routes is often attributed to the ""discovery"" of monsoon winds without taking into account the long-term dynamics of maritime activities that existed before the ""discovery."" We have about half a dozen sources of various genres that refer to the key Early Historic port sites in the Indian Ocean Rim.3 The most important among them on the southwest coast of India were Tindis, Muziris, Nelcynda and Becare.",Cherian-Pattanam-Evidence-of-Maritime-Exchanges,0
Bakare,2,"The distances indicated by the Periplus recommend not locating Nelkynda near Varkala; Banaji’s arguments to the contrary in this volume are dubious. 51 Plin., hn 6.104: ‘inde vento hippalo navigant diebus xl ad primum emporium Indiae Muzirim [. . .] alius utilior portus gentis Neacyndon, qui vocatur Becare.’ 52 Peripl.",apa-IndOc-Gulf-IndiaTrade-Romanis2015,19
Bakare,1,"Another settlement lies at the very mouth of the river, Bakare, to which vessels drop downriver from Nelkynda for the outbound voyage; they anchor in the open roads to take on their cargoes because the river has sandbanks and channels that are shoal.",Casson-1989-Periplus-Maris-Erythraei-text-translation-commentary,0
Bakare,1,"Ptolemy is of scant help, since his sites often do not coincide and, in addition, he omits some of the Periplus's listings (or gives them different names) and shifts the position of others.3 A further complication is that extensive changes have taken place in the coastline.4 ' 53:17.22-27 (Semylla, Mandagora, Palaipatmai, Melizeigara, Byzantion, Toparon [?], Tyrannosboas, Sesekreienai Islands, Isle of the Aigidioi, Isle o f the Kaineitoi, White Island, Naura, Tyndis, Muziris, Nelkynda [-Bakare]); 58:19.13-18 (Red Mountain, Balita, K o mar).",Casson-1989-Periplus-Maris-Erythraei-text-translation-commentary,0
Bakare,1,It is for the first time a neolithic axe has been discovered from the higher reaches of the Kallada river basin.,IAR_2006-07__asi22,0
Muziris,16,"PATTANAM EXCAVATIONS Recent excavations at Pattanam (100 09’ N; 760 12’ E), 7 km south of Kodungallur, Eranakulam District, Kerala, have provided tangible evidence to recognize this place as the ancient Muziris or Mucir̤ i.45 The excavations have yielded evidence for Mediterranean and west Asian contacts.",Dayalan-2018-Ancient-Seaports-Western-Coast-India,0
Muziris,13,"This includes Eritro-British and Eritro-Italian work at the site of ancient Adulis; excavations in the 1990s at Qanaʾ or Qāni (probably the Kane of the Periplus Maris Eythraei, a few kilometres away from modern Bir ʿAlī); recent work at Khor Rori (probably the Moscha Limen of the Periplus Maris Eythraei); and ongoing excavations at Pattanam (ancient Muziris).TheselocationshaverevealedmuchRomanandnon-Romanmaterial relatingtotheIndianOceantrade.Inthecaseof Pattanamfragmentsof Roman ceramics have been discovered on a scale not matched in previous excavations in India.58 With such increased volumes of archaeological material available for analysis, a number of surveys have appeared.",Cobb-2018-Rome-and-the-Indian-Ocean-Trade-introduction,27
Muziris,11,"The other potteries so far discovered from Kerala are from the excavated coastal, urban and habitation sites at Pattanam (About 300930 body sherds, 55935 Rim sherds, 5801 Decorated Pottery, 581 Edge ground pottery, 9 Spout, 1,586 fragments of Lid, 61 pot sherds of Organic impressed, 20 Handle sherds, 103 Pottery base were found from the Pattanam excavations from 2007-2014.",Historical-Archaeology-Iron-Age-Early-Historic-Kerala,0
Muziris,10,Textile and Leather Works: The discovery of terracotta spindle whorls from the Pattanam excavations (About 70 spindle whorls were yielded from 2007 to 2014 Pattanam excavations.,Historical-Archaeology-Iron-Age-Early-Historic-Kerala,16
Muziris,10,ME DIEVAL 18 19 Digging on the Periyar excavating Pattanam’s past Digging on the Periyar excavating Pattanam’s past Archaeological excavation is a process of discovery; it begins with questions and hypotheses regarding a site in its landscape.,PAMA-Unearthing-Pattanam-Excavation-Catalogue,0
Muziris,9,"This reﬂ ects the greater intensity of excavation rather than archaeological patterns, and excavations at Pattanam have now yielded large quantities of amphorae (see Selvakumar et al this volume).",apa-IndOc-Gulf-India-Tomber2010,47
Muziris,8,"Pattanam has yielded the maximum number of amphora sherds ever Sl no Name of object 2007 2008 2009 2010 2011 Total 1 Amphora 177 286 572 2215 2779 6029 2 TGP 71 107 66 422 861 1527 3 Torpedo 50 156 142 767 1983 3098 4 Rouletted 1037 1266 442 3320 2469 8534 5 Terra sigillata 2 7 0 2 111 122 6 Chinese 10 31 28 106 64 239 7 Graffiti 41 0 33 19 2 95 8 Brahmi 5 2 0 1 2 10 9 Local ceramics 517831 367079 286475 1471870 894209 3537464 TOTAL CERAMICS Unidentified distinct pottery adds another 94671 sherds to the assemblage. 35,57,118 26 Cherian, P.J found from an archaeological site in the Indian subcontinent.",Cherian-Pattanam-Evidence-of-Maritime-Exchanges,4
Muziris,8,Pattanam excavations produced the largest ever assemblage of the Indian rouletted ware.24 It should also be noted that roulette ware has not been reported from the southwestern coast of India till Pattanam excavations.,Cherian-Pattanam-Evidence-of-Maritime-Exchanges,5
Muziris,8,"The evidences of gold ornaments including pendants, rings, threads that were probably used in cloth stitching from the Pattanam excavations (About 178 gold objects including ornaments and manufacturing wastages are found at Pattanam excavations from 2007 to 2015.",Historical-Archaeology-Iron-Age-Early-Historic-Kerala,14
Muziris,8,"As evidenced by the excavation finds and post excavation studies, Pattanam has a life history stretching over 3000 years.",PAMA-Unearthing-Pattanam-Excavation-Catalogue,0
Muziris,8,"Muziris, of the same Kingdom, abounds in ships sent there with car- goes from Arabia, and by the Greeks; it is located on a river, distant from Tyndis by river and sea five hundred stadia, and up the river from the shore twenty stadia.",Schoff-1912-Periplus-of-the-Erythraean-Sea,0
Muziris,8,"Analysis of the pottery from the excavation at Arikamedu in the 1990s by Begley and Selvakumar (Begley et al., in press) identified numerous sherds that were Indian in origin but not in keeping with the locally produced pottery; the Pattanam finds indicate that some of the unsourced fabrics from Arikamedu could come from the W coast, particularly the region of Pattanam.",Shajan-Tomber-Selvakumar-Cherian-2004-JRA-Locating-the-Ancient-Port-of-Muziris,6
Muziris,8,"While future work may identify other settlements north of the Periyar, the arguments for equating Pattanam with ancient Muziris, or at least as part of the Muziris network, are strong.",Shajan-Tomber-Selvakumar-Cherian-2004-JRA-Locating-the-Ancient-Port-of-Muziris,7
Muziris,7,The excavations at Pattanam yielded a wide variety of archaeological evidence for maritime trade contacts.,Cherian-2011-Pattanam-5th-Season-Field-Report,0
Muziris,7,"The Malabar Coast also abounds in myths and legends that mention trade and ports, but being products of social imagination, they serve more as complex riddles than sources for the study of the past.4 Most of the ancient port sites elsewhere on the Indian Ocean littoral have been identified on land, but those on the southwest coast of India were believed to have been wiped out forever since none of the searches for them was fruitful.5 The southwest coast of India also had not yielded a single Early Historic habitation site, until the discovery of Pattanam.",Cherian-Pattanam-Evidence-of-Maritime-Exchanges,0
Muziris,7,"At the same time studies and excavations on contemporary sites and trade routes had yielded evidence for intercontinental maritime connectivity.8 Pattanam - background Pattanam is a typical Kerala coastal village, thickly populated and densely cultivated.",Cherian-Pattanam-Evidence-of-Maritime-Exchanges,2
Muziris,7,The rouletted ware sherds are the largest in quantity (8534) among the distinct ceramic fabrics identified from Pattanam excavations.,Cherian-Pattanam-Evidence-of-Maritime-Exchanges,0
Muziris,7,"The Roman evidence yielded at Pattanam, which could be part of ancient Muziris, include some fragments of Roman Amphora (About 9017 Amphorae shreds were found at Pattanam excavations from 2007-2014.",Historical-Archaeology-Iron-Age-Early-Historic-Kerala,0
Muziris,7,"Beauty is located at the shifting centre of slow time that enables us to stand on solid ground – to plunge into waters that carry us to other shores. ‘Black Gold’ CURATORS NOTE: P J Cherian 80,000 body sherds out of the 4.5 million body sherds recovered from the excavation at Pattanam were used to make this installation.",PAMA-Unearthing-Pattanam-Excavation-Catalogue,0
Muziris,7,"The distance from the proposed coastline around 2000 BP and the site of Pattanam via the canal more or less matches with the distance of 20 stadia (3.5 km) mentioned in the Periplus (PME 54). • There exist a number of channels present in the area south of the present course of the Periyar, some of which may date back to the early period.",apa-IndOc-Gulf-India-Tomber2010,37
Muziris,6,"EXCAVATIONS PATTANAM ARCHAEOLOGICAL RESEARCH PATTANAM ARCHAEOLOGICAL RESEARCH FIFTH SEASON FIELD REPORT P A T T A N A M 2011 Multi-disciplinary research with cutting edge technological support Multi-disciplinary research with cutting edge technological support Trivandrum, Kerala, India Field Report 2011 Green Archeology - List of donors Kesavan Family Fund - List of donors Abstracts - Colombo conference papers on Pattanam Publications related to Pattanam Research Photographs (attached separately) CONTENTS 1 - Fifth Season Field Report Report of the Fifth Season Excavation at Pattanam P.",Cherian-2011-Pattanam-5th-Season-Field-Report,0
Muziris,6,"Pattanam (Muziris?) excavations - A port town on the Malabar Coast; A few observations Dr.M.Nambirajan* , Dr.P.J.Cherian# * Archaeological Survey of India, Thrissur Circle # Kerala Council for Historical Research The Pattanam excavations undertaken from 2007 by KCHR in collaboration with the Archaeological Survey of India are important in the early history of South India and the East –West exchanges in the Indian Ocean rim.",Cherian-2011-Pattanam-5th-Season-Field-Report,25
Muziris,6,"The enormous amount of artifacts recovered from excavations, unique features of the site and the location significance in relation to the palaeo coastline and water bodies suggest that Pattanam could have been part of the ancient port of Muziris.",Cherian-2011-Pattanam-5th-Season-Field-Report,26
Muziris,6,"Issue 1-2 (April-July 2012) 25 Pattanam – finds Five seasons of excavations have unearthed a treasure trove of antiquities of an unprecedented magnitude, probably exceeding the finds from any of the known Early Historic port sites on the Indian Ocean littoral.",Cherian-Pattanam-Evidence-of-Maritime-Exchanges,0
Muziris,6,"(Babington, Thapar, Gurukkal and Raghava Varier, Rajesh) from the megaliths along with the bead manufacturing wastes of nonlocal semi-precious stones like carnelian, amethyst, quartz, beryl, chalcedony, topaz, onyx etc. from Pattanam excavations (About 1062 semi-precious stone debitages found at Pattanam during the 2007-2014 excavations.",Historical-Archaeology-Iron-Age-Early-Historic-Kerala,7
Muziris,6,The archaeological site of Pattanam also yielded a number of West Asian ceramics like Torpedo jars (About 398 Torpedo jar shreds were found at Pattanam excavations from 2007-2014.,Historical-Archaeology-Iron-Age-Early-Historic-Kerala,10
Muziris,6,Distilling the eight years of the Pattanam excavations in a way that would be accessible without losing academic rigour was a tough task for the curatorial team. the research at pattanam The excavations carried out at Pattanam since 2007 by the Kerala Council for Historical Research (KCHR) have revealed the global significance of an otherwise ordinary village in the Ernakulam district of Kerala state.,PAMA-Unearthing-Pattanam-Excavation-Catalogue,6
Muziris,6,"The Pattanam excavations have unearthed 1,29,083 artefacts, 5,16,676 diagnostic potsherds (i.e. rims, necks, handles, bases etc of pots), 1,40,165 non-Indian pottery sherds and 4.5 million local body sherds.",PAMA-Unearthing-Pattanam-Excavation-Catalogue,7
Muziris,6,"The science and methodology employed in the Pattanam excavations are shared through a short documentary, and the panel ‘Excavation Wall’.",PAMA-Unearthing-Pattanam-Excavation-Catalogue,8
Muziris,6,The film ‘A Glimpse into the Pattanam Excavation Methodology’ gives an overview of procedures from the initial stages of the identification of a site to the publication of preliminary reports.,PAMA-Unearthing-Pattanam-Excavation-Catalogue,0
Muziris,6,"Here, you will see photographs of various stages from the excavations at Pattanam that produced the material that was exhibited. 20 21 The exhibition includes a to-scale replica of one of the trenches (PT 14 LI) dug during the 2014 excavation season.",PAMA-Unearthing-Pattanam-Excavation-Catalogue,0
Muziris,6,"Since 2006-’07 the KCHR has conducted eight seasons of excavations at Pattanam, and has dug 60 excavation units or trenches, so far.",PAMA-Unearthing-Pattanam-Excavation-Catalogue,72
Muziris,6,"III. 208 The text tells us that Muziris was distant from Tyndis, ' 'by river and sea, 500 stadia,"" and Nelcynda from Muziris, by river and sea, 500 stadia. "" This can hardly refer to anything but the Cochin backwaters. 53.",Schoff-1912-Periplus-of-the-Erythraean-Sea,0
Muziris,6,"ADDENDUM Since the initial research and trial excavations at Pattanam through 2006, Kerala Council of Historical Research (KCHR) has excavated more than 300 sq m in the northeastern part of the site for three seasons between 2007 and 2009 (Cherian et al 2007a, 2007b, 2009a).",apa-IndOc-Gulf-India-Tomber2010,0
Muziris,5,"Pattanam Canoe Excavations at the Early Historic site of Pattanam (25 km north of Kochi), proposed to be Muciri, produced the lower portion of a dugout (extended?) canoe (6 m+) (Figure 1B), near a wharf with bollards of teak.",Archaeological-Literary-Ethnographic-Evidence,0
Muziris,5,"So far 6029 amphora sherds were found from the five seasons of Pattanam excavations.17 According to Roberta Tomber,18 the majority of Roman amphorae sherds found at Pattanam, including those with double-rod handles, were transport-containers for wine.",Cherian-Pattanam-Evidence-of-Maritime-Exchanges,0
Muziris,5,"It provided the most important concentration of Roman ceramics in India until the recent discoveries at Pattanam,Kerala(probablyancientMuziris,oratleastasatellitesettlement).44 The uncovered material encouraged Wheeler to assert that Graeco-Roman merchants resided at Arikamedu.45 However, re-evaluation of this material by Begley, as well as subsequent excavations in the 1990s, have overturned many of Wheeler’s interpretations.",Cobb-2018-Rome-and-the-Indian-Ocean-Trade-introduction,0
Muziris,5,"Some important south Indian port-cities like Alagankulam, Arikamedu, Kaveripattinam, Kayalpattinam, Korkai, Mamallapuram, Nagapattinam, Periyapattinam and others on the Tamil Nadu coast; Dharanikota, Kalingapatna, Kottapattanam, Machilipatnam (Maisolia) and Motupalli in Andhra Pradesh; and Kochi, Cannanore (Naura), Pattanam (perhaps the ancient Muziris) and others in Kerala have yielded material evidence exhibiting their dominant role in transoceanic trade and commerce with many countries in the early period. 20 Pur̤ anān̤ ūr̤ u, verse. 66, 2 line.",Dayalan-2018-Ancient-Seaports-Western-Coast-India,0
Muziris,5,"Cultural Crossings As mentioned earlier, the excavated finds, the location, and ancient Tamil and other written sources, point to the possibility that Pattanam may indeed have been the legendary port of “Muciri Pattinam” or Muziris.",PAMA-Unearthing-Pattanam-Excavation-Catalogue,0
Muziris,5,"Eight seasons of Pattanam excavations have unearthed 1,29,083 artifacts, 5,16,676 diagnostic potsherds (i.e. rims, necks, handles, bases etc.) and 4.5 million body sherds.",PAMA-Unearthing-Pattanam-Excavation-Catalogue,0
Muziris,5,"Iraq), Gerrha (Al Ahsa, Saudi Arabia), Khor Rori (Sumhuram, Oman), Cana (Al Mukalla, Yemen), Socotra island (Yemen), Muza (Yemen), Berenike (Berenice, Egypt), Myos Hormos (Quseir al- Qadim, Egypt), Aqaba (Aila, Jordan), Coptos (Qift, Egypt), Alexandria (Egypt) and Cilicia (Turkey) are some of the port sites identified as contemporary to Pattanam during the Historic Period, signifying its potential trade links with them. trade routes and ports linked to Pattanam 28 29 Muziris in Literature The possibility of Pattanam having been the Muziris of Sangam and GrecoRoman texts arises due to the fact that Muziris is supposed to have been located at the mouth of the Periyar River.",PAMA-Unearthing-Pattanam-Excavation-Catalogue,0
Muziris,5,"It was probably in the backwaters, or thoroughfares, behind Cochin (9° 58' N., 76° 14' E. j, the exact location being uncertain because of the frequent shifting of river-beds, sand-bars and islands; but cer- tainly very near the modern Kottayam ( 9° 36' N., 76° 31' E. ), which is exactly 500 stadia, or 50 miles, from Cranganore.",Schoff-1912-Periplus-of-the-Erythraean-Sea,0
Muziris,5,The site and finds at Pattanam The identification of both earlier and later sites suggested that their absence in the Early Historic period was mainly due to lack of detailed systematic investigations.,Shajan-Tomber-Selvakumar-Cherian-2004-JRA-Locating-the-Ancient-Port-of-Muziris,0
Muziris,5,"As I write the final pages, excavations are taking place at Pattanam by the Kerala Council for Historical Research and the Archaeological Survey of India, the results from which will enhance and alter the evidence presented here.",Tomber-2008-Indo-Roman-Trade-From-Pots-to-Pepper,0
Muziris,5,"CONCLUSIONS Although problem-oriented archaeological investigations into Late Prehistoric and Early Historic South India are certainly growing, substantive contributions from sites in Kerala are only just now becoming available, triggered in no small part by the new insights made possible by the Pattanam excavations.",apa-IndOc-Gulf-India-Tomber2010,0
Muziris,5,"MIGRATION, TRADE AND PEOPLES, PART 1: INDIAN COMMERCE AND THE ARCHAEOLOGY OF WESTERN INDIA, New Evidence for the Location of Ancient Muziris, 29-41; ISBN978-0-955-39-24-5-0 30 NEW EVIDENCE FOR THE LOCATION OF ANCIENT MUZIRIS FIGURE 1: THE CENTRAL KERALA COAST SHOWING ARCHAEOLOGICAL SITES (AFTER SHAJAN ET AL 2004, FIG 1) History of research The location of Muziris has commanded the attention of Orientalists, archaeologists and historians for centuries and the view that Muziris is at Kodungallur has been strongly held since Logan (1887).",apa-IndOc-Gulf-India-Tomber2010,29
Muziris,5,"Produced in a number of different centres, at least 10 of the Pattanam sherds from surface and excavation, including a rim, handle and sizeable base fragment, come from the Bay of Naples/Mt Vesuvius region where production took place from around the late 1st century BC through the ﬁ rst three-quarters of the 1st century AD.",apa-IndOc-Gulf-India-Tomber2010,35
Muziris,5,These excavations have produced further evidence to support the claim that Pattanam could be the location of ancient Muziris.,apa-IndOc-Gulf-India-Tomber2010,0
Muziris,4,"Next to Muziris this map shows (section 5 of segment xi) a building identified as Templ(um) Augusti, ""temple to Augustus""; such a building could only have been put up by Roman subjects living there.22 Almost as clear evidence is provided by the papyrus from the Vienna collection (see above, ""Between Alexandria and the Red Sea"").",Casson-1989-Periplus-Maris-Erythraei-text-translation-commentary,0
Muziris,4,Pattanam continues to be the 3 - Fifth Season Field Report paradise of antiquities and suggesting hierarchies prior to post-excavation analyses would be premature.,Cherian-2011-Pattanam-5th-Season-Field-Report,0
Muziris,4,"The following features of Pattanam site would be discussed :- a, Maritime b, Urban c, Commercial – artifacts of external and regional links and d, Industrial Excavation in the densely populated Pattanam site: challenges and responses PJ Cherian*, V Selvakumar,+ K P Shajan* *Kerala Council for Historical Research (KCHR), +Tamil University The Pattanam site represents one of the major archaeological discoveries of the past several decades and vouches for the unparalleled role of Malabar Coast in early Indian Ocean trade.",Cherian-2011-Pattanam-5th-Season-Field-Report,16
Muziris,4,"Pattanam excavations and the advantages of employing Harris Matrix in understanding pits KP Rajesh PJ Cherian Kerala Council for Historical Research (KCHR) Pattanam (N 10 09’ 24.1”, E 076 12’ 32.9”) is the first multi-cultural site on the Malabar Coast to yield a plethora of archaeological evidence on the ancient Indian Ocean exchanges, especially on the Roman and the West Asian contacts.",Cherian-2011-Pattanam-5th-Season-Field-Report,29
Muziris,4,"Terracotta objects from Pattanam excavations with special reference to spindle-whorls, hop scotches, wheels/discs and lamps Sarathchandrababu*, P J Cherian* and V Selvakumar+ *Kerala Council for Historical Research (KCHR), & +Tamil University Pattanam archaeological site can claim uniqueness owing to its huge quantity of potsherds from early historic cultural layers.",Cherian-2011-Pattanam-5th-Season-Field-Report,31
Muziris,4,"Cherian* ABSTRACT Pattanam, located on the southwestern coast of India excavated by the Kerala Council for Historical Research (KCHR), Thiruvananthapuram since 2007 revealed an early historic (1st c BCE – 5th c CE), multi-cultural port site, is now widely considered as an integral part of the ancient port of Muziris.",Cherian-Pattanam-Evidence-of-Maritime-Exchanges,0
Muziris,4,"Keywords: Muziris, Maritime Trade, Excavations, Early Historic Period, spice trade Maritime exchanges and the southwest coast of India The processes and impact of long distance maritime exchanges have always been fascinating fields of enquiry for researchers in archeology and history; the foci of investigations being mostly the ancient port sites.",Cherian-Pattanam-Evidence-of-Maritime-Exchanges,1
Muziris,4,"The surface surveys in the 1990s were conducted by a small group of researchers who shared boundless excitement in teaching, learning and practicing archaeology, and finally led them to the site.9 The present multi-disciplinary excavations evolved from those efforts.10 Pattanam - location Pattanam (10° 09.434' N Latitude and 76° 12.587' E Longitude) is a densely populated hamlet in the Vadakkekkara revenue village in Paravur taluk of Ernakulam District in Kerala, India.",Cherian-Pattanam-Evidence-of-Maritime-Exchanges,2
Muziris,4,"Respecting the primacy of material evidence, one of the fundamentals of the archaeology discipline, observations and inferences are made from literally touching and brooding over the objects excavated from Pattanam.",Cherian-Pattanam-Evidence-of-Maritime-Exchanges,0
Muziris,4,"Pattanam Excavations from 2007-2011 - Ceramics Amphora is a terracotta jar, used across the Mediterranean world and beyond, for storage and transportation of wine, olive oil and garum (fish sauce).16 The amphora sherds at Pattanam vouch for India’s linkages with the Roman world in the Early Historic period.",Cherian-Pattanam-Evidence-of-Maritime-Exchanges,0
Muziris,4,"Onrecentargumentsabouttheidentificationof Pattanamsee,Malekandathil(2015):347– 348; Mathew (2015): 18–19; Selvakumar (2015): 285–289; Gurukkal (2016): 166–167. 45 Wheeler, Ghosh, and Deva (1946); Wheeler (1951); Wheeler (1954). 46 Begley (1983): 461–481; Begley (1988): 427–440; Begley (1996c); Begley (2004c). 47 Miller (1969): 18, 20.",Cobb-2018-Rome-and-the-Indian-Ocean-Trade-introduction,23
Muziris,4,"After briefly highlighting the coastline of India and its favourable nature for safe anchorage of ships and the strategic position of the seaports of western India, an extensive account of the major ancient seaports of western India like Barygaza, Ashtacampra, Gundigar, Kammoni, Khambhat, Bardaxema, Suparaka, Calliena, Semylla, Sanjan, Naura, Tyndis, Muziris, 2 Nelcyndaand other seaports, and their maritime trade activities are given based on archaeological excavations and explorations, literature, epigraphy, foreign accounts, and numismatic evidence.",Dayalan-2018-Ancient-Seaports-Western-Coast-India,0
Muziris,4,"The distance between Tyndis and Muziris, another important seaport on the western coast mentioned in the Periplus Maris Erythraei, is about five hundred stadia (about 95 km) by river and sea.",Dayalan-2018-Ancient-Seaports-Western-Coast-India,0
Muziris,4,"The material remains from the megalithic burials and from the excavated contexts at Pattanam along with evidence from Sangam literature have inferred to the formation of a complex society with knowledge and skills in agricultural production, metallurgy, masonry, pottery making, salt making, fishing, manufacturing of semi-precious stone articles etc.",Historical-Archaeology-Iron-Age-Early-Historic-Kerala,1
Muziris,4,"However, the discovery of copper and lead coins from the Pattanam excavation seems to shown a material wise difference in the value of coins.",Historical-Archaeology-Iron-Age-Early-Historic-Kerala,28
Muziris,4,"No Early Historic site had been identified on the Kerala coast, prior to the discovery of Pattanam.",PAMA-Unearthing-Pattanam-Excavation-Catalogue,11
Muziris,4,"Unearthing Pattanam histories, cultures, crossings ‘Onthumkavu Excavation Site’, drawing by E P Unny 12 13 “Mouziris…is a flourishing [place] with ships from Ariake coming to it, and also Greeks.",PAMA-Unearthing-Pattanam-Excavation-Catalogue,0
Muziris,4,Stone weights 0 5 cm 0 5 cm 114 115 Architectural remnants Walls recovered in the excavations at Pattanam show that bricks were used in construction.,PAMA-Unearthing-Pattanam-Excavation-Catalogue,0
Muziris,4,"Ga%., VIII, 17.) But the distance of 500 stadia between Tyndis and Muziris indicates Ponnani. 53.",Schoff-1912-Periplus-of-the-Erythraean-Sea,0
Muziris,4,"The earlier identification of Muziris and Nelcynda placed them at Mangalore and Nileshwar (12° 52' N., 74° 51' E., and 12° 16' 206 207 N., 75° 8' E. j.",Schoff-1912-Periplus-of-the-Erythraean-Sea,0
Muziris,4,"The most recent contribution is a detailed synthesis of the historical, archaeological and topographical evidence by Gurukkal and Whittaker in JRA 14 (2001); they suggested the most probable location for Muziris, but still lacked significant archaeological evidence.",Shajan-Tomber-Selvakumar-Cherian-2004-JRA-Locating-the-Ancient-Port-of-Muziris,2
Muziris,4,"The implication is that some remnant of Muziris should be visible on the ground if indeed it was located at the northern confluence of the Periyar and Pullut rivers, as Gurukkal and Whittaker suggested. 1 Marine terraces at different elevations result from the pause or temporary stabilization of the coast line of an advancing sea (“still stands”). 2 A5-mhigh stand of sea level has been proposed on the basis of elevation differences between the sample location at Valloor (C14 date of 5520 +/- 160) and present sea level.",Shajan-Tomber-Selvakumar-Cherian-2004-JRA-Locating-the-Ancient-Port-of-Muziris,4
Muziris,4,A date of the 8th or 9th c. for the beginning of this transfer is hinted at by excavated finds from Kodungallur (Champakalakshmi 1975-76).,Shajan-Tomber-Selvakumar-Cherian-2004-JRA-Locating-the-Ancient-Port-of-Muziris,8
Muziris,4,"It is here proposed that Pattanam was part of the legendary Muziris, although this needs to be tested by open-area excavations and explorations in the Periyar basin.",Shajan-Tomber-Selvakumar-Cherian-2004-JRA-Locating-the-Ancient-Port-of-Muziris,8
Muziris,4,"There is also the argument that the erection of such a temple at Muziris was a diplomatic maneuver by indigenous peoples.164 On the other hand, the term may be only a Roman misunderstanding for the name of a monument dedicated to some Indian deity.165 Undoubtedly the best-known emporium in India afﬁliated with long-distance maritime commerce with the Roman world and with Southeast Asia was one the Periplus (60) and Claudius Ptolemy (Geography 7.1) call “Poduca emporium”/Podukê (modern Arikamedu).166 It lies about 3 km south of Pondicherry on India’s Coromandel Coast, situated on the south bank of the Ariyankuppam River about 1 km west of the Bay of Bengal.",Sidebotham-2011-Berenike-and-the-Ancient-Maritime-Spice-Route,0
Muziris,4,"Black pepper was cultivated in southwestern India and the Western Ghat Mountains and was shipped from nearby ports along the Kerala coast (southwestern coast of India) like Muziris and Nelkynda.21 White pepper is merely black pepper that has ripened.22 Long pepper was cultivated in northern India and was shipped to the Mediterranean from Barygaza on the northwest coast.23 Yet, although excavations recovered other items at Berenike, including some matting and semiprecious stones, that likely came via Barygaza, we have not yet identiﬁed any long pepper.",Sidebotham-2011-Berenike-and-the-Ancient-Maritime-Spice-Route,0
Muziris,4,In doing so he identified an archaeological site at the village of Pattanam associated with Early Historic pottery and other finds.,Tomber-2008-Indo-Roman-Trade-From-Pots-to-Pepper,143
Muziris,4,"A convincing argument for equating Pattanam with Muziris was being constructed (Shajan et al. 2004), but additional investigation was needed.",Tomber-2008-Indo-Roman-Trade-From-Pots-to-Pepper,143
Muziris,4,"The largest assemblages are at Arikamedu and Pattanam, the next largest at Nevasa; otherwise distribution is thin, occurring as 1-3 sherds, but with a steady trickle reported from ongoing excavations.",Tomber-2008-Indo-Roman-Trade-From-Pots-to-Pepper,0
Muziris,4,"Changing scenes and forces amphorae to India, as well as the rare sherds of Organic Storage Jars identified at Pattanam and Arikamedu; but both could also result from a stopover between the Red Sea and India.",Tomber-2008-Indo-Roman-Trade-From-Pots-to-Pepper,0
Muziris,4,"The current excavations of the earliest urban settlement in Kerala at Pattanam near the mouth of the Periyar River, however, have now presented south Indian archaeologists with a unique opportunity to rethink existing perspectives about the organisation of Malabar coastal communities and the nature of their participation in early Indian Ocean trade networks (Cherian et al 2009, Shajan et al 2008).",apa-IndOc-Gulf-India-Tomber2010,14
Muziris,4,"In addition, MRAS will contribute to Indian Ocean trade studies by supplementing the rich data being recovered from excavations at one of its most important participants: the Malabar port Muziris.",apa-IndOc-Gulf-India-Tomber2010,15
Muziris,4,"Furthermore, when these ceramic data are eventually correlated with the huge database of local earthenwares recovered from stratiﬁ ed contexts in the Pattanam excavations, it will be possible to explore the range of chronological variation in the surface remains.",apa-IndOc-Gulf-India-Tomber2010,19
Muziris,4,Thus the major changes on the coastline took place before the generally accepted date for the occupation of Muziris.,apa-IndOc-Gulf-India-Tomber2010,0
Muziris,4,"ARCHAEOLOGICAL EVIDENCE The importance of Pattanam as a settlement site, unlike the non-occupation (Megalithic burial and coin hoard) sites mentioned above, cannot be overstated.",apa-IndOc-Gulf-India-Tomber2010,0
Muziris,4,Trial excavations at Pattanam Surface and sub-surface ﬁ nds from dug-out areas provide ﬁ rm evidence for Early Historic occupation at the site.,apa-IndOc-Gulf-India-Tomber2010,0
Muziris,4,Oral tradition among the villagers of Pattanam also supports occupation in the modern period. 34 NEW EVIDENCE FOR THE LOCATION OF ANCIENT MUZIRIS Ceramic evidence Ceramics are the most important archaeological evidence at the site.,apa-IndOc-Gulf-India-Tomber2010,34
Muziris,4,So far more than 50 imported amphora sherds have been collected from Pattanam from surface (by various individuals) and excavation levels.,apa-IndOc-Gulf-India-Tomber2010,35
Muziris,4,"Unlike the situation at Arikamedu, the main port of Muciri may not have been directly adjacent to the Periyar River; this difference may be attributed to the higher water discharge of the Peryar which made the location at Pattanam ideally suited for navigation. • Pattanam abounds in typical Early Historic material remains, as well as being relatively rich in Mediterranean and West Asian ceramics. • The Valmiki Ramayana mentions Muracipattinam which can be identiﬁ ed with Muciri; thus Pattanam could be a survival of the ancient name Muciripattanam. • The absence of materials datable to the Early Historic in the excavations by Achan 37 V.",apa-IndOc-Gulf-India-Tomber2010,37
Muziris,4,"Arguably the most important Indian site excavated after Arikamedu is Pattanam, generally identiﬁed with the port of Muziris, mentioned in Roman as well as Tamil literary sources (Shajan et al. 2004).",apa-IndOc-Gulf-IndianOcean-Seland2014,6
Muziris,4,"On ne trouve ensuite plus de distances jusqu’à l’évaluation de la distance totale jusqu’à la Limyrique (§ 51), puis à nouveau des séquences de toponymes sans distances jusqu’au § 54 où sont données les distances de Muziris à Nelkynda et Tyndis.",apa-RedSea-PeriplusMarisErythraei-Arnaud2012,0
Muziris,4,"At present the only known and excavated settlement site of this period in southwest India is Pattanam, where imports from West Asia and the Roman world have been recovered.",apa-RedSea-RedSea-Tomber2012,6
Muziris,4,"EXPLORATION IN DISTRICT TRICHUR.—The trial digs at various places in and around Cranganore during the previous year (1969-70, p. 13) had not yielded any tangible evidence relating to the second Chera empire.",IAR_1970-71__indianarchaeology197071arevi,27
Muziris,4,"The objectives of excavation included to understand the cultural and chronological sequence of the site; study the spatiotemporal organization of the settlement, reconstruct the palaeo-environment, understand the layout of the port-town; study its industrial output and technological legacy, unravel the cross cultural movements; map the maritime heritage of the west coast, evaluate the role of Pattanam in the Indian ocean trade, study the state and polity of the region, locate Muziris the ancient trade emporium on the west coast, and establish site museums and interpretation centers at Pattanam.",IAR_2008-09__asi20,82
Muziris,4,A boat survey of about 20km distance in the vicinity of Pattanam was conducted to identify the paleo-channels that connect Pattanam mound with Paravur Thodu and Cheraikayal or Pallipuram channel.,IAR_2008-09__asi20,0
Muziris,3,Archaeological excavations revealed a medieval sailboat at Kadakkarappally in 2003 and an Early Historic canoe at Pattanam in 2007.,Archaeological-Literary-Ethnographic-Evidence,1
Muziris,3,"Archaeological excavations exposed an Early Historic canoe at Pattanam (Cherian, et al. 2007a; Cherian, et al. 2007b; Cherian, et al. 2009) and a medieval sailboat at Thaikkal-Kadakkarappally (Nair, et al. 2003; Pedersen 2004; Selvakumar 2006a; Tomalin, et al. 2004).",Archaeological-Literary-Ethnographic-Evidence,2
Muziris,3,"As it happens, orpiment is found in India, in the northwestern parts (Watt v 497); this may explain why none was imported at Barygaza. 56:18.21-22 grain in sufficient amount. . . because the [sc. local] merchants do not use it The grain was for the resident foreigners as against the local merchants; see Introduction: Trade in the Indian Ocean, The Trade with India. 56:18.23 Kottanarike This is the same as the Cottonara that Pliny (6.105) locates near Bakare and describes as pepper country, as the ""Kottiara a metropolis"" that Ptolemy (7.1.9) lists south of ""Melkynda"" (= Nelkynda), and as the Cotiara that the Tabula Peutingeriana (see under 51:17.15) places south of Muziris.",Casson-1989-Periplus-Maris-Erythraei-text-translation-commentary,0
Muziris,3,"And, carried by the southwest monsoon, they sailed over open water either to the mouth of the Indus River or Barygaza (on the Gulf of Cambay) on India's northwest coast or to Muziris on the southwest coast (57:19.7—12).17 The voyage from the straits to Muziris, in round numbers some 2000 nautical miles, should have taken about twenty days.18 The return was no problem: departure was in December-January (Pliny 6.106) and this meant that it took place during the benign northeast monsoon (Chart 4 D/E, 5 D/E).",Casson-1989-Periplus-Maris-Erythraei-text-translation-commentary,0
Muziris,3,"Five names—Semylla, Muziris, Bakare, Red Mountain, Komar—can be identified with more confidence than the others.",Casson-1989-Periplus-Maris-Erythraei-text-translation-commentary,0
Muziris,3,"Muziris, which shared with Nelkynda the distinction of being one of the two key ports of the Malabar coast,6 is securely located, thanks to mention in Tamil literature: a poem that manifestly describes events of the early post-Christian centuries includes a passage which talks of the city where the beautiful vessels, the masterpieces of the Yavanas [Westerners], stir white foam on the Periyar, river of Kerala, arriving with gold and departing with pepper—when that Muqiri, brimming with prosperity, was besieged by the din of war.7 The poem not only names Muziris but conveniently locates it—at the mouth of the Periyar.",Casson-1989-Periplus-Maris-Erythraei-text-translation-commentary,0
Muziris,3,A small excavation carried out at Kodurigalur (Cranganore) uncovered Chinese and Arab wares but no Roman; see C.,Casson-1989-Periplus-Maris-Erythraei-text-translation-commentary,0
Muziris,3,"The supplementary agreement then spells out what happens if the borrower does not pay off his loan ""on the date for repayment specified in the loan agreements at Muziris""—specified, no doubt, the way it had been in the contract cited by Demosthenes, as a given number of days after safe arrival at Egypt.",Casson-1990-ZPE-New-Light-on-Maritime-Loans-Muziris-Papyrus,14
Muziris,3,"Cherian he fifth season excavations at Pattanam (Eranakulam District, Kerala, India), adds yet another important chapter to the story of the brisk maritime contacts of the South West Coast of India with the Mesopotamian and Mediterranean regions.",Cherian-2011-Pattanam-5th-Season-Field-Report,0
Muziris,3,"This is a report of the multi-disciplinary excavation conducted as part of the Muziris Heritage Project by the Kerala Council for Historical Research (KCHR), in collaboration with the Archaeological Survey of India (ASI) and various institutes and universities inside and outside the nation.",Cherian-2011-Pattanam-5th-Season-Field-Report,0
Muziris,3,The exploration of spatial organization of this ancient port town (Muziris) was attempted by laying trenches in the northwestern sector 500 m away from the area where a wharf structure and a ca. 2000-year-old canoe were excavated earlier.,Cherian-2011-Pattanam-5th-Season-Field-Report,3
Muziris,3,"The others in this category are Indian Rouletted Ware (3410), Pattanam Ware (186), Black and Red Ware (125), Chinese Ceramics (66) and a host of unidentified fine wares (37,650).",Cherian-2011-Pattanam-5th-Season-Field-Report,0
Muziris,3,"The only Late Roman (fifth/sixth) transport amphora so far identified at Pattanam, the Aqaba (ancient Aila) amphora also occurred."" Dr.",Cherian-2011-Pattanam-5th-Season-Field-Report,6
Muziris,3,"This study, designed to complement the archaeological excavations is 7 - Fifth Season Field Report 6 - Fifth Season Field Report crucial in the revisualisation of the ancient landscape and seascape of the Pattanam (Muziris) port site.",Cherian-2011-Pattanam-5th-Season-Field-Report,7
Muziris,3,"The primary aim was to identify sub-surface features such as brick walls, hearths, kilns and dumps in order to map the ancient maritime landscape of Pattanam.",Cherian-2011-Pattanam-5th-Season-Field-Report,0
Muziris,3,"(kchrtvm@gmail.com) Loss of a loyal hand Kesavan, one of the local workers assisting the Pattanam excavations, died of heart attack on the early hours of May 7th.",Cherian-2011-Pattanam-5th-Season-Field-Report,0
Muziris,3,"The Centre would transform the academic impact of Pattanam research into opportunities for advanced studies in material culture. 8 - Fifth Season Field Report Yoga Sessions In archaeological excavations, team work and multi-tasking are more the norm than exception.",Cherian-2011-Pattanam-5th-Season-Field-Report,0
Muziris,3,"Anu Harilal, Pathanamthitta A well-wisher KCHR Director, Staff & Researchers Co-workers of Kesavan Kesavan Family Fund - List of donors (Kindly intimate any missing donors in the list to kchrtvm@gmail.com) Pattanam research team attended the first conference of the International Association for Asian Heritage during the second week of April 2011 at Colombo, Sri Lanka and presented sixteen papers in a session on Pattanam excavations and Indian Ocean exchanges.",Cherian-2011-Pattanam-5th-Season-Field-Report,0
Muziris,3,"Excavation in the densely populated Pattanam site: challenges and responses, Cherian P J et al. 3.",Cherian-2011-Pattanam-5th-Season-Field-Report,14
Muziris,3,"Digital documentation of Excavation Data : Pattanam archaeological research, Deepak P et al. 4.",Cherian-2011-Pattanam-5th-Season-Field-Report,14
Muziris,3,"Pattanam (Muziris?) excavations - a port town on the Malabar coast; a few observations, Nambirajan M et al. 8.",Cherian-2011-Pattanam-5th-Season-Field-Report,14
Muziris,3,"Terracotta objects for Pattanam excavations with special reference to spindle-whorls, hop scotches, wheels/discs and lamps, Sharathchandrababu et al. 14.",Cherian-2011-Pattanam-5th-Season-Field-Report,14
Muziris,3,"Local Pottery from Pattanam, Kerala: A Report of the 2007 Excavations, Selvakumar V et al. 15.",Cherian-2011-Pattanam-5th-Season-Field-Report,14
Muziris,3,Major trade goods transacted between Berenike on the Red Sea Coast and Pattanam identified as Muziris on South West Coast of India.,Cherian-2011-Pattanam-5th-Season-Field-Report,15
Muziris,3,Water bodies surround Pattanam and geological studies have identified paleo channels crisscrossing the area.,Cherian-2011-Pattanam-5th-Season-Field-Report,16
Muziris,3,"Instead, in the 2011 Season of Pattanam Excavations, we switched to a software that is cutom-built for data entry.",Cherian-2011-Pattanam-5th-Season-Field-Report,0
Muziris,3,The springboard of this enquiry is the authors’ experience in the photographic documentation of built heritages and real-time documentation of the fifth season Pattanam excavation data and activities.,Cherian-2011-Pattanam-5th-Season-Field-Report,27
Muziris,3,Excavations conducted at Pattanam during the last five seasons since 2007 have brought out a unique assemblage of beads distributed across the five cultural layers of Pattanam.,Cherian-2011-Pattanam-5th-Season-Field-Report,0
Muziris,3,"Pattanam being identified as an integral part of the legendary port of Muziris, the paper would try to explore the purpose of bead making at the site.",Cherian-2011-Pattanam-5th-Season-Field-Report,28
Muziris,3,"Early Historic hinterland trade in the Tamil Nadu - Kerala region – in the backdrop of the recent excavations at Thandikudi, Porunthal and Pattanam K.Rajan*, P.J.Cherian# * Pondicherry University # Kerala Council of Historical Research The early historic period of peninsular India witnessed proliferation of literary, industrial, trade and commercial activities.",Cherian-2011-Pattanam-5th-Season-Field-Report,28
Muziris,3,"The recent excavations conducted at Thandikudi, Porunthal and Pattanam shed much light on this aspect.",Cherian-2011-Pattanam-5th-Season-Field-Report,0
Muziris,3,This paper attempts to discuss how Harris matrix method employed in excavations helps in the better understanding of the pits as perceived from the Pattanam experience.,Cherian-2011-Pattanam-5th-Season-Field-Report,30
Muziris,3,All trenches at Pattanam had pits in one or more layers and naturally yielded artifacts belonging to different cultural periods.,Cherian-2011-Pattanam-5th-Season-Field-Report,30
Muziris,3,This paper focuses on the local pottery unearthed from the 2007 season's excavations at Pattanam.,Cherian-2011-Pattanam-5th-Season-Field-Report,33
Muziris,3,"Ramia* *Kerala Council for Historical Research (KCHR) +Tamil University, India One of the biggest challenges faced by the researchers at Pattanam excavations is the documentation and classification of the huge quantity of pottery unearthed there.",Cherian-2011-Pattanam-5th-Season-Field-Report,0
Muziris,3,"Eco-facts of Pattanam archaeological site with special reference to Trench XVIII- 2010 season P K Vijimol P J Cherian Kerala Council for Historical Research (KCHR) Since culture cannot be understood independent of environment, eco-facts are crucial to any archaeological site.",Cherian-2011-Pattanam-5th-Season-Field-Report,34
Muziris,3,The recovery of eco-facts at Pattanam was through locus based excavation and flotation methods.,Cherian-2011-Pattanam-5th-Season-Field-Report,35
Muziris,3,"K. & Shajan K.P., ""Trial Excavation at Pattanam: a Preliminary Report"", Journal of the Centre for Heritage Studies Vol 2, Thripunithura, 2005, pp 57-66 4.",Cherian-2011-Pattanam-5th-Season-Field-Report,36
Muziris,3,"P., Selvakumar V., ""Pattanam: the first Iron Age early historic settlement of Kerala"", ""Recent Archaeological Excavations at Pattanam, Kerala"", in Manmathan, M R, (ed), Archaeology in Kerala: Past and Present, Kozhikkode, 2007, Pp 30-45 7.",Cherian-2011-Pattanam-5th-Season-Field-Report,36
Muziris,3,"P., ""The Muziris Heritage Project: Excavations at Pattanam-2007"" in Sunil Gupta (Ed), Journal of Indian Ocean Archaeology, November, 2007, New Delhi, 2008, pp 1-10 11.",Cherian-2011-Pattanam-5th-Season-Field-Report,36
Muziris,3,"P., ""Manufacturing of Stone Ornaments at Pattanam, Kerala : a Preliminary Study from 2007 Excavations"", National Seminar on Buddhism in Orissa & Joint Annual Conference, Dept. of Culture, Govt. of Orissa 20.",Cherian-2011-Pattanam-5th-Season-Field-Report,0
Muziris,3,"P., ""Maritime traditions of the Malabar coast and the findings of Pattanam excavations- 2007"", Paddayya K et al (Ed.), Recent Research Trends in South Asian Archaeology, (Prof.",Cherian-2011-Pattanam-5th-Season-Field-Report,37
Muziris,3,"P., Interim Report of Pattanam Excavations 2007 KCHR Publication, Thiruvananthapuram, 2007 26.",Cherian-2011-Pattanam-5th-Season-Field-Report,37
Muziris,3,"P., Interim Report of Pattanam Excavations 2008, KCHR Publication, Thiruvananthapuram, 2008 27.",Cherian-2011-Pattanam-5th-Season-Field-Report,37
Muziris,3,"P., Interim Report of Pattanam Excavations 2009, KCHR Publication, Thiruvananthapuram, 2009 28.",Cherian-2011-Pattanam-5th-Season-Field-Report,37
Muziris,3,"P., Interim Report of Pattanam Excavations 2010, KCHR Publication, Thiruvananthapuram, 2010 29.",Cherian-2011-Pattanam-5th-Season-Field-Report,0
Muziris,3,"It becomes more mysterious when most of the contemporary port sites such as Korkai, Alagankulam, Poompuhar (Kaveripattinam) and Vasavasamudram could be successfully investigated on the Coromandal coast (southeast coast of India) following Arikamedu (Veeram Pattanam) excavations.7 The southwest coast of India remained an archaeological vacuum (except a few coin hoards) as far as its legacy of international maritime exchanges was concerned.",Cherian-Pattanam-Evidence-of-Maritime-Exchanges,0
Muziris,3,"Pattanam Excavations From 2007-2011 - Antiquities Sl no Name of object 2007 2008 2009 2010 2011 Total 1 Gold 1 2 4 38 22 67 2 Copper objects 6 27 18 68 42 161 3 Coins 13 12 18 31 24 98 4 Lead objects 4 19 23 63 100 209 5 Iron objects 529 758 906 3033 2358 7584 6 Glass beads 1122 1915 6373 22214 7094 38718 7 stone beads 50 7 108 234 148 547 8 Spindle whorl 4 6 5 15 9 39 9 Cameo blank 2 6 3 8 29 48 10 Glass fragments 35 53 138 334 778 1338 11 Lamps 0 4 4 8 22 38 12 Ring stones 0 0 0 15 9 15 TOTAL ANTIQUITIES 48,862 Tamil Civilization Vol. 24.",Cherian-Pattanam-Evidence-of-Maritime-Exchanges,0
Muziris,3,"The double-rod style originated in the fourth century BCE, along with the Greek Koan amphorae produced on the island of Kos.19 Their production was primarily during the Hellenistic period (c.336-30BCE) but it continued into the Roman Empire period through the first century CE.20 Tomber21 further identifies Dressel 2-4, the most common variety found at Pattanam as belonging to Kos (Greek Island), Campania, (Southern Italy and Bay of Naples) and Cilicia (Eastern Turkey and Syria).",Cherian-Pattanam-Evidence-of-Maritime-Exchanges,5
Muziris,3,"The akananooru poem 149, refers to the pepper trade where as purananooru poem 343 mentions about a water craft kazhithoni resembling the dugout canoe excavated at Pattanam.42 This also corroborates with information from the Periplus that Roman ships anchored off shore and collected spices and other trade items using small watercrafts (lightering).",Cherian-Pattanam-Evidence-of-Maritime-Exchanges,7
Muziris,3,Issue 1-2 (April-July 2012) 29 Acknowlegdements The author acknowledges the contributions of Pattanam excavation team members and various experts associated with the Pattanam archaeological research during the last five years.,Cherian-Pattanam-Evidence-of-Maritime-Exchanges,0
Muziris,3,"Pattanam Excavations: Interim Reports- 2009, Trivandrum:KCHR: 236-40. 13 Cherian, P.J., Nambirajan, M., Selvakumar, V., Shajan K.P. and Rajan, K. 2010.",Cherian-Pattanam-Evidence-of-Maritime-Exchanges,0
Muziris,3,"Pattanam Excavations: Interim Reports- 2010, Trivandrum:KCHR; Cherian, P.J., Nambirajan, M., Selvakumar, V., Shajan K.P. and Rajan, K. 2011.",Cherian-Pattanam-Evidence-of-Maritime-Exchanges,0
Muziris,3,"Pattanam Excavations: Interim Reports- 2011, Trivandrum:KCHR. 14 Cherian, P.J. et. al. 2007; Cherian, P.J. et. al.2008; Cherian, P.J. et. al.2009; Cherian, P.J. et.al. 2010; Cherian, P.J. et. al.2011. 15 Ibid. 16 Roberta Tomber. 2008a.",Cherian-Pattanam-Evidence-of-Maritime-Exchanges,0
Muziris,3,Claudius Ptolemy placed the Muziris emporium north of the mouth of the Pseudostomus River in his Geographia.,Dayalan-2018-Ancient-Seaports-Western-Coast-India,0
Muziris,3,"NELCYNDA The Periplus Maris Erythraei mentions that Nelcynda was about five hundred stadia (about 95 km) by river and sea from Muziris and was of another kingdom, the Pandian.",Dayalan-2018-Ancient-Seaports-Western-Coast-India,0
Muziris,3,"Recently, a thin Iron Age cultural layer found in the excavation trench at Pattanam, proves the presence of an Iron Age population in the west coast of Kerala (Cherian ed. 2015a-i).",Historical-Archaeology-Iron-Age-Early-Historic-Kerala,3
Muziris,3,"It mainly includes, burial tombs made using granite and laterite and brick structural remains like those found in the Pattanam excavations.",Historical-Archaeology-Iron-Age-Early-Historic-Kerala,15
Muziris,3,"The archaeological remains, especially the non-local semi-precious stones beads and manufacturing waste of carnelian, amethyst, chalcedony etc. from megaliths and from the Pattanam excavations respectively have shown the possible contact of the traders or craftsmen of the region with the northern parts of the country.",Historical-Archaeology-Iron-Age-Early-Historic-Kerala,29
Muziris,3,"Shajan. 2005. “Trial Excavations at Pattanam, Paravur Taluk, Ernakulam district, Kerala: A preliminary report.",Historical-Archaeology-Iron-Age-Early-Historic-Kerala,0
Muziris,3,"Jaya Menon edited by Arundhati Chowdhury designed by Siddhartha Chatterjee cata l ogue for the 2014 exhibition National Museum-New Delhi Kerala Council for Historical Research Unearthing Pattanam histories, cultures, crossings Unearthing Pattanam histories, cultures, crossings To be run as a scroll here A view of the excavated wharf, with a wooden canoe and bollards radiocarbon dated to the period between the 1st century BCE – 1st century CE.",PAMA-Unearthing-Pattanam-Excavation-Catalogue,0
Muziris,3,"The excavations at Pattanam have not only indicated the antiquity of the Southern Indian ports to be of nearly 3000 years, they have also brought to light the fact that this important town was a hub of international exchange, trade and culture sharing.",PAMA-Unearthing-Pattanam-Excavation-Catalogue,4
Muziris,3,"The invitation from the National Museum to showcase the Pattanam excavations, and the challenge of having to curate it with a view to providing a glimpse into human proto-history, were daunting.",PAMA-Unearthing-Pattanam-Excavation-Catalogue,6
Muziris,3,"The objects and features discovered suggest that Pattanam was probably the ancient port of Muziris, or Muciri Pattinam, mentioned in classical Tamil, Greek and Latin sources as a key port in the maritime networks of the period.",PAMA-Unearthing-Pattanam-Excavation-Catalogue,6
Muziris,3,"Archaeological Record The KCHR has so far excavated 60 trenches at the Pattanam mound, covering less than 1% of the 70 hectares of the mound.",PAMA-Unearthing-Pattanam-Excavation-Catalogue,0
Muziris,3,The objects on display are only a fraction of the archaeological record excavated at Pattanam.,PAMA-Unearthing-Pattanam-Excavation-Catalogue,8
Muziris,3,"Also exhibited are replicas of the amphora types so far identified at Pattanam, made some 2000 years ago in different parts of the Mediterranean and Red Sea coasts.",PAMA-Unearthing-Pattanam-Excavation-Catalogue,9
Muziris,3,"The exhibition traces a fascinating story of retrieval: through the circumscribed site of excavations carried out in Pattanam, Kerala, from 2007 to 2013, it summons up the life and times of one of the most ancient port cities of the sub-continent.",PAMA-Unearthing-Pattanam-Excavation-Catalogue,0
Muziris,3,"The nature of the excavated material has spurred archaeological research on Pattanam among scholars within the subcontinent, and outside.",PAMA-Unearthing-Pattanam-Excavation-Catalogue,11
Muziris,3,"Muziris is one of the ports mentioned in the anonymous navigator’s account, the Periplus Maris Erythraei, and identified to be on the Kerala coast.",PAMA-Unearthing-Pattanam-Excavation-Catalogue,11
Muziris,3,"This visual experience shows not only how the past continues to capture the imagination, but also how it shapes the present and the future. - the fabled Muziris? 14 15 The eight seasons of excavations by the KCHR have unearthed a large volume and array of Indian and non-Indian artefacts belonging to different cultures and cultural periods.",PAMA-Unearthing-Pattanam-Excavation-Catalogue,0
Muziris,3,"KCHR has so far excavated 60 trenches at Pattanam, covering less than 1% of the 70 hectares of the Pattanam mound.",PAMA-Unearthing-Pattanam-Excavation-Catalogue,0
Muziris,3,"NE SE Datum line 0 100 cm 100 cm 200 cm 200 cm 300 cm 300 cm 375 cm 400 cm Unexcavated Surface level 0 002 005 006 011 012 013 014 036 031 032 053 046 048 0 1 2 3 4 5 cm Scale 4cm=1m 26 27 Trade links of Pattanam Pattanam, as presently known, had connections with the Mediterranean, the Red Sea and the Indian Ocean littorals (from East Africa to the South China region) and with other parts of the Indian subcontinent during various phases in its history spanning three millennia.",PAMA-Unearthing-Pattanam-Excavation-Catalogue,0
Muziris,3,"Naturalis Historia (VI, 26) by Gaius Plinius Secundus or Pliny the Elder (published in c. 77 CE) “Thence from Ocelis with the wind Hippalus they sail in forty days to Muziris the first emporium of India, not to be sought on account of the pirates in the neighbourhood.” the Muziris papyrus 32 33 Stamped potsherd The physical evidence of writing at Pattanam is in the form of a few inscribed and stamped potsherds.",PAMA-Unearthing-Pattanam-Excavation-Catalogue,0
Muziris,3,"This is significant because the Chera coins excavated at Pattanam carry on their obverse, the symbol of elephants.",PAMA-Unearthing-Pattanam-Excavation-Catalogue,0
Muziris,3,"All such pottery with distinct fabric and morphology, yet not belonging to the well recognised categories, has been termed Unidentified Distinct Pottery by the Pattanam researchers.",PAMA-Unearthing-Pattanam-Excavation-Catalogue,0
Muziris,3,"Here, it might be worthwhile to mention that an Indian pot with 7.5 kg of black pepper was excavated from Berenike, a contemporary port site of Muziris, on the Red Sea Coast.",PAMA-Unearthing-Pattanam-Excavation-Catalogue,0
Muziris,3,Coconut Frankincense Crumbs of frankincense were found in several excavated layers at Pattanam.,PAMA-Unearthing-Pattanam-Excavation-Catalogue,0
Muziris,3,A rope made from an unidentified plant fiber was also obtained. 88 89 The pottery that is local to the Malabar Coast constitutes about 99% of the total pottery from Pattanam.,PAMA-Unearthing-Pattanam-Excavation-Catalogue,0
Muziris,3,"In the 2007 Pattanam excavation, a highly decayed 6 m-long wooden dug-out canoe was found adjacent and parallel to the wharf like structure.",PAMA-Unearthing-Pattanam-Excavation-Catalogue,0
Muziris,3,"The Pattanam Archaeological Database - excavation data - has also been digitized, making access easier.",PAMA-Unearthing-Pattanam-Excavation-Catalogue,0
Muziris,3,"Nelcynda is distant from Muziris by river and sea about five hundred stadia, and is of another King- dom, the Pandian.",Schoff-1912-Periplus-of-the-Erythraean-Sea,0
Muziris,3,"The focus of the search for Muziris has generally been the N bank of the Periyar river, in the region of Thiruvanchikulam (a suburb of Kodungallur/Cranganore), because of its identification with Vanji, the Chera capital mentioned in the Sangam literature (Menon 1991, 50) and the Periplus (Casson 1989, 217-18).",Shajan-Tomber-Selvakumar-Cherian-2004-JRA-Locating-the-Ancient-Port-of-Muziris,2
Muziris,3,They attributed the inability to identify Muziris on the ground to coastal changes resulting from erosion and monsoonal activity (ibid. 342).,Shajan-Tomber-Selvakumar-Cherian-2004-JRA-Locating-the-Ancient-Port-of-Muziris,2
Muziris,3,"Its location, scale and place-name all suggest that Pattanam could be linked to ancient Muziris.",Shajan-Tomber-Selvakumar-Cherian-2004-JRA-Locating-the-Ancient-Port-of-Muziris,2
Muziris,3,"On the basis of Mathai and Nair’s arguments, the sudden abutment of sand ridges and dunal sediments by deltaic sediments in the Paravur area (visible in the satellite imagery of Narayana et al. 2000) suggests that some 2000 years ago the Periyar’s course passed immediately south of Pattanam in the Paravur thodu.",Shajan-Tomber-Selvakumar-Cherian-2004-JRA-Locating-the-Ancient-Port-of-Muziris,0
Muziris,3,The pottery collected at Pattanam also reveals external contacts because foreign vessels from outside India have been identified.,Shajan-Tomber-Selvakumar-Cherian-2004-JRA-Locating-the-Ancient-Port-of-Muziris,7
Muziris,3,Pattanam is the first settlement on the Malabar coast identified as having a typical Early Historic assemblage like that found on other Indian sites.,Shajan-Tomber-Selvakumar-Cherian-2004-JRA-Locating-the-Ancient-Port-of-Muziris,8
Muziris,3,An architectural feature pictured in South India has frequently been identified as a Temple of Augustus at Muziris and by implication used to emphasise the importance of Roman culture in the area.,Tomber-2008-Indo-Roman-Trade-From-Pots-to-Pepper,0
Muziris,3,"Various locations have been proposed as the site for Muziris, but until recently there was no evidence on the ground.",Tomber-2008-Indo-Roman-Trade-From-Pots-to-Pepper,142
Muziris,3,Historically the search for Muziris has centred on the northern banks of the Periyar River and equated Muziris with the adjacent Portuguese fort at Cranganore/Kodungallur (Gurukkal & Whittaker 2001).,Tomber-2008-Indo-Roman-Trade-From-Pots-to-Pepper,142
Muziris,3,"It was at this point, in November 2003, on a visit to Kerala that I was shown the Pattanam pottery and identified an Early Roman amphora, an organic storage jar possibly from Yemen, and Glazed Ware and Torpedo jars of uncertain date from Mesopotamia.",Tomber-2008-Indo-Roman-Trade-From-Pots-to-Pepper,0
Muziris,3,Trial excavations by Shajan and Selvakumar show that Pattanam is a multi-phase site with occupational layers that include the Iron Age (c 1000 – 300 BC) and Early Historic (c 300 BC to AD 300) periods (Selvakumar et al 2005; Shajan et al 2004).,apa-IndOc-Gulf-India-Tomber2010,18
Muziris,3,"(2005) ‘Amphorae from Pattanam’, Journal of the Centre for Heritage Studies 2, 67–8 Trautmann, TR and Sinopoli, CM (2002) ‘In the beginning was the word: excavating the relations between history and archaeology in South Asia’, Journal of the Economic and Social History of the Orient 45(4), 492–523 Wendrich, WZ, Tomber, RS, Sidebotham, SE, Harrell, JA, Cappers, RTS and Bagnall, RS (2003) ‘Berenike crossroads: the integration of information’, Journal of the Economic and Social History of the Orient 46(1), 46–87 Wheatley, D and Gillings, M (2002) Spatial Technology and Archaeology: The Archaeological Applications of GIS, London: Taylor and Francis 28 SHINU A.",apa-IndOc-Gulf-India-Tomber2010,28
Muziris,3,"The iron nails were mostly found in the layers adjacent to the brick walls. 36 NEW EVIDENCE FOR THE LOCATION OF ANCIENT MUZIRIS TOPONYMICAL EVIDENCE The importance of the site is preserved in its current name Pattanam, which in modern Malayalam means an urban centre.",apa-IndOc-Gulf-India-Tomber2010,36
Muziris,3,"The following are the arguments for proposing Pattanam as Muziris: • Satellite imagery studies by Narayana et al (2001) and geoarchaeological investigations conducted by Shajan (1998) have suggested the possible movement of the course of the Periyar River northwards, from the Paravur Todu in ancient times to the present course near Kodungallur.",apa-IndOc-Gulf-India-Tomber2010,37
Muziris,3,"It also helps to explain why in the ĳirst century ce the export of Malabar pepper was split between two major emporia: Muziris , at the delta of the Periyar,49 and Becare-Nelkynda, located on a river that flowed less than 500 stadioi south of Muziris,50 pointing to a place in the southern part of Vembanad Lake.",apa-IndOc-Gulf-IndiaTrade-Romanis2015,0
Muziris,3,"Both the author of the Periplus Maris Erythraei and Pliny make special mention of Kuṭṭanādu—Κοτταναρική/Cottonara regio, the lowlands close to the southern part of Vembanad Lake—the former as the land where pepper grows abundantly and the latter as the region from where pepper is conveyed.52 Neither 49 Very likely, it included the area of the Pattanam archaeological site, whose excavations have revealed Roman pottery and artifacts: Shajan, Tomber, Selvakumar, and Cherian 2004.",apa-IndOc-Gulf-IndiaTrade-Romanis2015,0
Muziris,3,The weight of Col. 11. 3 (z talents + 58 minae) is thè quantity corresponding to a further deduction36. 84 Playing Sudoku on thè Verso of thè 'Muziris Papyrus' A quarter-tax ending with 143/4 minae must come from a total quantity ending with 59 minae; thè remaining three-quarters must be a quantity ending with 44% minae.,apa-IndOc-Gulf-MuzirisPapyrus-Romanis2012,10
Muziris,3,"It also helps to explain why in the fĳirst century ce the export of Malabar pepper was split between two major emporia: Muziris , at the delta of the Periyar,49 and Becare-Nelkynda, located on a river that flowed less than 500 stadioi south of Muziris,50 pointing to a place in the southern part of Vembanad Lake.",apa-IndOc-Gulf-MuzirisPapyrus-Romanis2015,0
Muziris,3,"Cherian (ed.), Pattanam excavations: interim report of the eighth season, Thiruvananthapuram, Kerala Council for Historical Research, 2014, pp. 47-51.",apa-IndOc-Gulf-Xiis-Fernandez2022,0
Muziris,3,"In the ethnographic literature this technique is restricted to northern Kerala, and archaeologically it has been identified from the site at Pattanam, Kerala, but not from other major Early Historic sites throughout India such as Arikamedu (Podukê).",apa-RedSea-RedSea-Tomber2012,0
Muziris,3,"Although not common, the Egyptian examples have been identified at a number of sites in India—Hathab, Pattanam, Arikamedu and Alagankulam.",apa-RedSea-RedSea-Tomber2012,0
Muziris,3,"Unnithan, respectively, carried out excavations at various places in and around Cranganore viz., at Karuppadana, Kilattali, Madilakam, Tirukkulasekharapuram, and Tiruvanjikulam.",IAR_1969-70__indianarchaeology196970arevi,0
Muziris,3,"EXCAVATION AND EXPLORATION AT PATTANAM, DISTRICT ERANAKULAM: Pattanam (10° 09.434'; 76° 12.587') is a hamlet under Vadakkekkara revenue village in Paravur taluk of Ernakulam District.",IAR_2008-09__asi20,0
Muziris,3,"Rear Admiral HS Bhaktvatsala, VSM of Southern Naval Command flagged off the Survey and EXPLORATIONS AND EXCAVATIONS 79 Plate 37 Brick structure and toilet feature, Pattanam.",IAR_2008-09__asi20,0
Muziris,3,"Field surveys were organized in the area around 10km of Pattanam site during weekends to identify Early Historic satellite sites and to collect archaeological, anthropological and topographical information.",IAR_2008-09__asi20,89
Muziris,2,"In addition, a passage in a Tamil poem attests to the presence of a colony of Westerners at a port on the mouth of the Kaveri River to the south of Arikamedu (see under 60:20.6).26 It could well be that the Westerners resident in these places were chiefly engaged in forwarding goods not all the way to Egypt but only to associates stationed in Muziris/Nelkynda, who then sold them to the merchants from Roman Egypt.",Casson-1989-Periplus-Maris-Erythraei-text-translation-commentary,0
Muziris,2,"But India does have copper: there are deposits near Ajmer in Rajasthan that, if worked in ancient days, would have been convenient for transport to Barygaza, and deposits near Madras that would have been convenient for Muziris/Nelkynda (Watt ii 647).37 What is more, there is clear evidence that either these or other deposits were worked: Strabo lists a series of objects that he characterizes as being made of ""Indian copper.""38 Indeed, the Periplus itself reports that Barygaza—the very place that took in shipments of copper from the West—sent out shipments to Apologos at the head of the Persian Gulf and to Omana, a port passed en route there (36:12.6).",Casson-1989-Periplus-Maris-Erythraei-text-translation-commentary,0
Muziris,2,"Ships sailing down the coast came first to the Chera kingdom, whose northern border was just above Tyndis (54:17.29) and whose southern was somewhere between Muziris and Nelkynda (54:18.4-6), in modern terms, north of Ponnani and south of Cranganore (App. 5).",Casson-1989-Periplus-Maris-Erythraei-text-translation-commentary,0
Muziris,2,"The suggestion that Nelkynda was Niranom (Neranom), which is about 500 stades from Muziris and which is on the Pambiyar twelve miles east of Pirakkad, at least puts the port of trade and its harbor on the same stream and the proper distance from each other.",Casson-1989-Periplus-Maris-Erythraei-text-translation-commentary,315
Muziris,2,"It is to be placed further south, at Vilinjam (8°22'N).15 In sum, there is fairly good evidence for locating Muziris near Cranganore, Tyndis near Ponnani or Beypore, Bakare near Pirakkad with Nelkynda some twelve miles inland, Red Mountain near Anjengo, and Balita near Vilinjam.",Casson-1989-Periplus-Maris-Erythraei-text-translation-commentary,0
Muziris,2,The nature of distribution of torpedo jar fragments and their occurrence in large quantity this season suggests the strong commercial links of Pattanam with the West Asian region probably even before and beyond the Roman phase.,Cherian-2011-Pattanam-5th-Season-Field-Report,0
Muziris,2,"Rajan* , Preeta Nayar# # Kerala Council for Historical Research + Tamil University, ^ Archaeological Survey of India, Thrissur Circle , * Pondicherry University The paper attempts a) To discuss the evidence on the Early Historic exchanges between India and the Mediterranean world, with Muziris and Berenike ports as reference points. b) To interrogate some of the existing perspectives on the Indian Ocean exchanges, sources and to generate new questions. c) To situate Indian Ocean exchanges and local/regional trade networks, prior to and after the Roman peak phase at Pattanam, in the light of the new archaeological evidence.",Cherian-2011-Pattanam-5th-Season-Field-Report,0
Muziris,2,"Pattanam is a small village located in Chittatukara Panchayat – Vadakkekkara village, lying between Kodungallur and North Paravur in the Periyar delta, about 25 km north of Ernakulam/Kochi.",Cherian-2011-Pattanam-5th-Season-Field-Report,26
Muziris,2,"The most striking material evidence unearthed at Pattanam is the enormous quantity of terracotta objects, ranging from sherds of a variety of jars and pots to roof-tiles and bricks.",Cherian-Pattanam-Evidence-of-Maritime-Exchanges,1
Muziris,2,The waterlogged area also produced a plethora of paleo-botanical and other archaeological evidence prompting one to propose a hypothesis that Pattanam is a major emporium of the spice trade network of the Early Historic Period (1st c BCE – 5th c CE).,Cherian-Pattanam-Evidence-of-Maritime-Exchanges,0
Muziris,2,"The establishment of mid-ocean routes is often attributed to the ""discovery"" of monsoon winds without taking into account the long-term dynamics of maritime activities that existed before the ""discovery."" We have about half a dozen sources of various genres that refer to the key Early Historic port sites in the Indian Ocean Rim.3 The most important among them on the southwest coast of India were Tindis, Muziris, Nelcynda and Becare.",Cherian-Pattanam-Evidence-of-Maritime-Exchanges,0
Muziris,2,"About one km south of the site flows the Paravur Todu, a tributary of the river Periyar which is about six km to the north of Pattanam.",Cherian-Pattanam-Evidence-of-Maritime-Exchanges,2
Muziris,2,"Issue 1-2 (April-July 2012) 27 that Pattanam sherds could potentially, at the very broadest level, be dated as early as 5th century BCE to as late as the 14th century CE.32 However, based on his closer analysis of the sherds from the 2007 archaeological field season, Kennet33 concludes that, those may most likely be dated between the 3rd/2nd century BCE and the 7th/8th century CE.",Cherian-Pattanam-Evidence-of-Maritime-Exchanges,0
Muziris,2,"The industrial character of the site is suggested by the scale and range of specialisation in technology—metallurgy, lapidary industries (cutting, polishing or engraving of gems and other stones), cotton-weaving and terracotta production. the curator’s introduction 2 3 The lack of evidence of religious practices at the site could mean that the people of ancient Pattanam followed practices that are unfamiliar today in terms of Brahmanic, Christian or Islamic belief.",PAMA-Unearthing-Pattanam-Excavation-Catalogue,0
Muziris,2,"While Pattanam is a disturbed site due to intense population pressure, there is enough tantalizing evidence to suggest that the ancient settlement was urban, and focused on trade and production.",PAMA-Unearthing-Pattanam-Excavation-Catalogue,0
Muziris,2,"The location of Pattanam, as well as the material evidence unearthed here, point to the possibility that Pattanam could have been an integral part of the long lost, legendary port of Muciri Pattinam or Muziris, copiously mentioned in Indian and European classical sources.",PAMA-Unearthing-Pattanam-Excavation-Catalogue,0
Muziris,2,"Ample evidence of Pattanam’s Mediterranean connections, during the period 100 BCE – 500 CE, is available at the site in the form of sherds of amphorae, terra sigillata, intaglios, cameo blanks, Roman glass fragments, Roman gaming counters etc.",PAMA-Unearthing-Pattanam-Excavation-Catalogue,0
Muziris,2,"The Pattanam TGP sherds are proposed as belonging to the 3rd century BCE and 8th century CE. 0 5cm 1:1 Turquoise Glazed Pottery (tgp) x2 x2 58 59 The oldest Chinese dictionaries define porcelain as “fine, compact pottery”.",PAMA-Unearthing-Pattanam-Excavation-Catalogue,0
Muziris,2,The KCHR proposes the non-destructive use of the Pattanam body sherds for a “Public Art” at the Pattanam archaeological site.,PAMA-Unearthing-Pattanam-Excavation-Catalogue,0
Muziris,2,"This discrepancy between the historical and archaeological evidence has ensured that the search for Muziris remained in the forefront of scholarly inquiry, despite the lack of new evidence.",Shajan-Tomber-Selvakumar-Cherian-2004-JRA-Locating-the-Ancient-Port-of-Muziris,2
Muziris,2,"Common Early Historic pottery forms found at both Pattanam and on the Red Sea coast: Wheeler type 24 (top); Wheeler type 29 (bottom). the region produced a large concentration of surface finds of Early Historic and later pottery, bricks, and other finds at Pattanam, spanning an area up to 1 square km.",Shajan-Tomber-Selvakumar-Cherian-2004-JRA-Locating-the-Ancient-Port-of-Muziris,6
Muziris,2,"Evidence of brick structures was noticed at several locations at the site, substantially distinguishing Pattanam from megalithic habitation sites of S India.",Shajan-Tomber-Selvakumar-Cherian-2004-JRA-Locating-the-Ancient-Port-of-Muziris,6
Muziris,2,"Among the Pattanam types that can be paralleled on the E coast are an Indian jar base and body sherd similar to Wheeler Type 75 (Wheeler et al. 1946, fig. 29), oven fragments (ibid., cf. fig. 38, Type 148), paddle-impressed pottery (ibid. pl. 31c, 24), lids/bowls of Wheeler Type 29 (ibid. fig. 22; fig. 4 here), and sherds decorated with textile impressions (Begley et al. 1996, fig 4.201).",Shajan-Tomber-Selvakumar-Cherian-2004-JRA-Locating-the-Ancient-Port-of-Muziris,6
Muziris,2,"Normally concentrated on the eastern coast of India and prolific on a variety of sites, including sites associated with Indo-Roman trade, the discovery of Rouletted Ware dishes at Pattanam has a significance well beyond the chronological, by documenting long-distance networks between Early Historic sites within India.",Shajan-Tomber-Selvakumar-Cherian-2004-JRA-Locating-the-Ancient-Port-of-Muziris,0
Muziris,2,"Several scholars have suggested that there was a colony of foreigners (people from the Mediterranean and other regions west of India whom the Indians referred to as Yavanas) residing at Muziris, undoubtedly for commercial purposes.162 There is a Tamil Sangam poem that mentions a Yavana settlement at Puhar,163 and there must have been other locations in India with westerners in residence in the Roman period.",Sidebotham-2011-Berenike-and-the-Ancient-Maritime-Spice-Route,0
Muziris,2,"Until recently Arikamedu held a unique position as the only Indian site to have produced Roman sigillata, although it has now lost this status with sherds also recovered from Alagankulam and Pattanam (see below).",Tomber-2008-Indo-Roman-Trade-From-Pots-to-Pepper,137
Muziris,2,"The discovery of Pattanam not only provides a convincing location on the ground for Muziris, but, as the first Early Historic settlement in Kerala, enables the relationship between the Malabar and Coromandel Coasts to be explored. 143 Indo-Roman Trade We have already traced communication between the coasts through the exchange of artefacts.",Tomber-2008-Indo-Roman-Trade-From-Pots-to-Pepper,145
Muziris,2,"In the Malabar region, canals and backwater transport routes form complex networks along the coast that even today serve to integrate the local population. 17 THE MALABAR REGION ARCHAEOLOGICAL SURVEY FIGURE 2: MALABAR COAST, KERALA Geomorphological studies of the Malabar coast provide ample evidence for ﬂ uctuations in sea level during the Pleistocene and Holocene; the widest expanse of coastal build-up occurred during Holocene times in the stretch where Pattanam is located (Gurukkal and Varier 1999; Sreekala et al 1998).",apa-IndOc-Gulf-India-Tomber2010,17
Muziris,2,"Pattanam (Figure 2) is located about 0.5 km north-west of Parur city, and was discovered during geoarchaeological surface explorations along the Malabar coast (Selvakumar et al 2005; Shajan et al 2004).",apa-IndOc-Gulf-India-Tomber2010,18
Muziris,2,"Situated near the mouth of the Periyar River, Pattanam is 5 km from the present Indian coastline and less than 2 km from the purported paleocoastline (Narayana et al 2001; Shajan 2004).",apa-IndOc-Gulf-India-Tomber2010,18
Muziris,2,"Two seasons of surface survey at Pattanam have already taken place (in 2004–5 and 2005–6), resulting in the construction of a GIS site database and a preliminary artefact corpus (including nearly 10,000 ceramic sherds) from 10 hectares in the site core.",apa-IndOc-Gulf-India-Tomber2010,18
Muziris,2,"ABRAHAM Archaeological Investigations at Pattanam, Kerala: New Evidence for the Location of Ancient Muziris V.",apa-IndOc-Gulf-India-Tomber2010,0
Muziris,2,"Against this background the research undertaken at the site of Pattanam has, for the ﬁ rst time, brought out interesting material evidence for Indo-Roman trade in Kerala, as well as indicating a different location for ancient Muziris.",apa-IndOc-Gulf-India-Tomber2010,29
Muziris,2,"Imported pottery Given the amount of exploration that has taken place at Pattanam, the relative quantity of imported pottery is signiﬁ cant in demonstrating the long-distance contacts of the site and includes both Roman and non-Roman sources.",apa-IndOc-Gulf-India-Tomber2010,0
Muziris,2,"Rubr. 54: ‘ἡ δὲ Νέλκυνδα σταδίους μὲν ἀπὸ Μουζίρεως ἀπέχει σχεδὸν πεντακοσίους, ὁμοίως διά τε ποταμοῦ καὶ διὰ θαλάσσης.’ Less important was Tyndis (= Tamil Toṇḍi = Ponnāni?), located some 500 stadioi north of Muziris, and Naoura (= tamil Naravu), presumably further north.",apa-IndOc-Gulf-IndiaTrade-Romanis2015,19
Muziris,2,The estimated distances of Nelkynda and Tyndis from Muziris suggest that the pepper emporia of the mid 1st century ce extended in latitude just a little less than the region delimited by Tomé Pires—from Chettuva to Kayamkulam—for his estimate of the Malabar pepper production.,apa-IndOc-Gulf-IndiaTrade-Romanis2015,19
Muziris,2,"Tomber (2010), ‘Archaeological Investigations at Pattanam, Kerala: New Evidence for the Location of Ancient Muziris’, in L.",apa-IndOc-Gulf-IndiaTrade-Romanis2015,0
Muziris,2,"Archaeological investigations at Pattanam, Kerala: New evidence for the location of ancient Muziris.",apa-IndOc-Gulf-IndianOcean-Seland2014,0
Muziris,2,"RING-WELLS, DISTRICT ALLEPPEY.—Ring-wells, similar to the ones discovered in the Cranganore area, were discovered by the Director of Archaeology, Kerala State, at Pallathara-Pallipuram in Taluk Shertallai.",IAR_1970-71__indianarchaeology197071arevi,73
Muziris,1,"It contains a reference23 to ""loan agreements at Muziris,"" agreements between two merchants, one of whom very probably was resident at Muziris.",Casson-1989-Periplus-Maris-Erythraei-text-translation-commentary,0
Muziris,1,"Gangetic nard is a good case in point: collected at and shipped out from a port at the mouth of the Ganges (63:21.3-5), it was picked up by the merchants of Roman Egypt at Muziris or Nelkynda (56:18.25).",Casson-1989-Periplus-Maris-Erythraei-text-translation-commentary,0
Muziris,1,"As it happens, they were acting as private individuals; there is not the least hint of governmental connections.45 The Vienna papyrus mentioned above unfortunately provides no names, although it makes clear that the trading venture it deals with, a shipment of goods from Muziris to Alexandria, was a matter of private enterprise.46 In a papyrus containing the poll-tax register of the town of Arsinoe for the year A.D. 72/73, one Arsinoite, a certain ""Gaion, also called Diodoros,"" is reported as being away in India;47 he could well have been resident there, as one of the parties in the Vienna papyrus probably was.",Casson-1989-Periplus-Maris-Erythraei-text-translation-commentary,0
Muziris,1,"This was almost certainly the case at Muziris/Nelkynda, where indeed there may well have been a resident colony of Westerners.52 50 For investment in trade by high-level Romans through agents and representatives, see J.",Casson-1989-Periplus-Maris-Erythraei-text-translation-commentary,0
Muziris,1,"For the location of their capitals, see under 54:17.29 and 54:18.5-6. 55:18.13 snakes See under 38:12.27-28. 55:18.13-14 these are also black I.e., like those found off the Gulf of Kutch (40:13.30). 56:18.16 these ports of trade I.e., Muziris and Nelkynda.",Casson-1989-Periplus-Maris-Erythraei-text-translation-commentary,0
Muziris,1,"Meile (1045) suggests that at Muziris/Nelkynda the amount was ""in limited quantity"" in comparison with other, bulkier imports such as metals. 56:18.21 orpiment Orpiment—yellow sulphide of arsenic—is the meaning commonly assigned to the Greek arsenikon\ see LSJ s.v. and Caley-Richards (op. cit. under 39:13.11) 171.",Casson-1989-Periplus-Maris-Erythraei-text-translation-commentary,0
Muziris,1,"Sreedhara Menon, A Survey of Kerala History (Kottayam, 1967), 60. 2 2 1 G E N E R A L C O M M E N T A R Y 56:18.24 pearls Very likely from the Gulf of Mannar; see under 59:19.22-23. 56:18.24a ivory The papyrus from the Vienna collection (see Introduction: Trade in the Indian Ocean, Between Alexandria and the Red Sea) mentions ivory shipped out of Muziris (Harrauer-Sijpesteijn 132, verso col. ii.4-15; the recto deals with a shipment originating in Muziris, and the verso probably concerns the same shipment [cf.",Casson-1989-Periplus-Maris-Erythraei-text-translation-commentary,0
Muziris,1,Warmington (248) suggests that those shipped from Muziris/Nelkynda may have come from areas in southern India as well.,Casson-1989-Periplus-Maris-Erythraei-text-translation-commentary,0
Muziris,1,"It also indicates that at this time native gold coins were still rare enough to be singled out for comment. 63:21.10 the finest tortoise shell The tortoise shell ended up at Muziris and Nelkynda (see 56:18.26-27), almost certainly by way of the port of Ganges which shipped numerous products to those cities (cf. under 56:18.17a and 56:18.25). 64:21.13 Thina This is the earliest occurrence of the name.",Casson-1989-Periplus-Maris-Erythraei-text-translation-commentary,0
Muziris,1,"This would mean that, whereas silk cloth was brought down to Barygaza (49:16.30) and Muziris/Nelkynda (56:18.24), the other ports that handled Chinese products, to Barbarikon alone—which offered more varied Chinese products than any other port (it was the one place where Chinese pelts were available)—only silk yarn was brought down.",Casson-1989-Periplus-Maris-Erythraei-text-translation-commentary,0
Muziris,1,"But the author is presenting a list of items that merchants can expect to sell at Muziris/Nelkynda, and crews' provisions have no place there.",Casson-1989-Periplus-Maris-Erythraei-text-translation-commentary,0
Muziris,1,"Ptolemy is of scant help, since his sites often do not coincide and, in addition, he omits some of the Periplus's listings (or gives them different names) and shifts the position of others.3 A further complication is that extensive changes have taken place in the coastline.4 ' 53:17.22-27 (Semylla, Mandagora, Palaipatmai, Melizeigara, Byzantion, Toparon [?], Tyrannosboas, Sesekreienai Islands, Isle of the Aigidioi, Isle o f the Kaineitoi, White Island, Naura, Tyndis, Muziris, Nelkynda [-Bakare]); 58:19.13-18 (Red Mountain, Balita, K o mar).",Casson-1989-Periplus-Maris-Erythraei-text-translation-commentary,0
Muziris,1,"Toparon 2 (1937), taking it for a proper reading, locates it at Devgarh (I6°23'). 2 54:18.2-5: Tyndis is 500 stades before Muziris and Nelkynda 500 after it. 3 Ptolemy (7.1.7) immediately after Byzantion lists ""the Peninsula,"" omitting all the names that the Periplus puts between the two.",Casson-1989-Periplus-Maris-Erythraei-text-translation-commentary,0
Muziris,1,"This now empties into the sea at i o ° n ' N , but in ancient times its mouth was a little further north, where Cranganur (Cranganore) stands.8 Cranganur, in other words, marks the site of ancient Muziris. mouth of the Periyar River and opening an estuary at Cochin which made that city into a fine port, hastened the end of Cranganore's days as a major port and led to Cochin's rise; see Padmanabha Menon 339 and G.",Casson-1989-Periplus-Maris-Erythraei-text-translation-commentary,0
Muziris,1,"Raschke, ""Papyrological Evidence for Ptolemaic and Roman Trade with India,"" Proceedings of the XIV International Congress of Papyrologists (London 1975) 241-46. 4 ""Hypotheken-Urkunde eines Seedarlehens für eine Reise nach Muziris und Apographe für die Tetarte in Alexandreia (zu P.",Casson-1990-ZPE-New-Light-on-Maritime-Loans-Muziris-Papyrus,3
Muziris,1,"What of the words §n ta›! katå Mouze›rin toË da[ne¤ou !]ungrafa›! in lines 12-13 which certainly seem to refer to ""loan agreements at Muziris"" and not at Alexandria?",Casson-1990-ZPE-New-Light-on-Maritime-Loans-Muziris-Papyrus,10
Muziris,1,"If we take the words katå Muze›rin to mean ""(for a voyage) to Muziris"" as Thür suggests, that original contract may have been drawn up at Alexandria.",Casson-1990-ZPE-New-Light-on-Maritime-Loans-Muziris-Papyrus,14
Muziris,1,Major Finds The voluminous quantity of antiquities unearthed at Pattanam is eloquent about a 2000-year-old polychromatic and polyphonic urban culture.,Cherian-2011-Pattanam-5th-Season-Field-Report,0
Muziris,1,Glass : 400 glass fragments were recovered and this is so far the largest number reported from Pattanam.,Cherian-2011-Pattanam-5th-Season-Field-Report,5
Muziris,1,"Further study of the Pattanam sherds will provide details on the forms, their date and where they came from, but generally speaking they appear to belong mostly to the late first century BCE and the early first century CE."" The West Asian ceramic expert Dr.",Cherian-2011-Pattanam-5th-Season-Field-Report,7
Muziris,1,"At Pattanam, besides the water logged areas, the locations with possible sub-surface features were scanned using a dual sensor fluxgate gradiometer.",Cherian-2011-Pattanam-5th-Season-Field-Report,0
Muziris,1,"The maritime spice route that linked peninsular India with West Asia, Red Sea and Mediterranean rims; new archaeological evidence from Pattanam (Muziris), Cherian P J et al. 2.",Cherian-2011-Pattanam-5th-Season-Field-Report,13
Muziris,1,Pattanam has a four-meter thick cultural deposit with habitation evidence for about three thousand years BP.,Cherian-2011-Pattanam-5th-Season-Field-Report,23
Muziris,1,"Archaeological features of Pattanam with special reference to Trench PT10 XIX, 2010 season Madhavi Kunneriath PJ Cherian Kerala Council for Historical Research Pattanam is a multicultural site situated on the west coast of South India.",Cherian-2011-Pattanam-5th-Season-Field-Report,23
Muziris,1,The evidence from Pattanam points to a continuous occupation of the site from Iron Age to the Modern times with yet to be confirmed gaps or desertion of the site.,Cherian-2011-Pattanam-5th-Season-Field-Report,24
Muziris,1,"Pits, dumps and their associated finds from this trench assume importance in this background as they could be reflections of the intense and continuous (?) utilisation of land, right from Iron Age and thus become an important source to understand the land use pattern at the site of Pattanam.",Cherian-2011-Pattanam-5th-Season-Field-Report,24
Muziris,1,"Since 19th century onwards, the Muziris has been considered as located somewhere near Kodungallr or Cranganur.",Cherian-2011-Pattanam-5th-Season-Field-Report,0
Muziris,1,"Subsequently, the site was investigated by a group of researchers and a hypothesis, that it could be the location of ancient Muziris, was put forth.",Cherian-2011-Pattanam-5th-Season-Field-Report,26
Muziris,1,More research and evidences are necessary to understand the context of this early historic settlement and before anything could be said of this site being Muziris.,Cherian-2011-Pattanam-5th-Season-Field-Report,26
Muziris,1,The sediment column does not posses evidence of any natural catastrophic events and it is postulated that Pattanam was abandoned in Early Medieval period due to unknown reasons.,Cherian-2011-Pattanam-5th-Season-Field-Report,31
Muziris,1,"Some of the artifacts from Pattanam provide an opportunity to visualize children and women at Pattanam Spindle whorls used in cloth weaving is indicative of handloom industry and going by the present weaving traditions at Pattanam, probably women might have played a significant role in weaving in the early historic period as well.",Cherian-2011-Pattanam-5th-Season-Field-Report,0
Muziris,1,Terracotta discs/wheels as toys are usual occurrence in habitation contexts and at Pattanam most of the discs seem to have been made out of used pottery and probably they were also used as wheels.,Cherian-2011-Pattanam-5th-Season-Field-Report,32
Muziris,1,"Shajan# + Tamil University, # Kerala Council of Historical Research Pattanam is an archaeological site located in the Periyar delta of Kerala.",Cherian-2011-Pattanam-5th-Season-Field-Report,0
Muziris,1,"Until the discovery of this site, the port of ancient Muziris was considered to be at Kodungallur.",Cherian-2011-Pattanam-5th-Season-Field-Report,33
Muziris,1,"Though located in a tropical coastal region, the Pattanam site especially its water logged contexts are rich in organic materials.",Cherian-2011-Pattanam-5th-Season-Field-Report,0
Muziris,1,"This paper attempts to discuss the nature of eco-facts recovered at Pattanam, more specifically those from trench XVIII of the fourth season (2010).",Cherian-2011-Pattanam-5th-Season-Field-Report,35
Muziris,1,"P., ""Evidence for the ancient port of Muziri at Pattanam, Kerala"" in Chemmozhi, a Quarterly Newsletter from Center of Excellence for Classical Tamil, Vol.2, Number 1, Chennai, October- December, 2007, pp 26-27 6.",Cherian-2011-Pattanam-5th-Season-Field-Report,36
Muziris,1,"This paper discusses the material evidence related to the maritime exchanges at Pattanam, including a wharf context and the importance of the site in the transcontinental interfaces in antiquity.",Cherian-Pattanam-Evidence-of-Maritime-Exchanges,1
Muziris,1,"The other sources include the Muziris Papyrus (2nd century AD trade agreement between a Muziris merchant and a banker, probably based in Alexandria) that reveals in some detail the huge quantum of trade between Muziris and the Red Sea/Mediterranean network.",Cherian-Pattanam-Evidence-of-Maritime-Exchanges,2
Muziris,1,"Interestingly, the place name ""Pattanam"" has etymological significance, in nearly a dozen Indian languages, it means town or port city.",Cherian-Pattanam-Evidence-of-Maritime-Exchanges,2
Muziris,1,A total number of 122 sherds (subject to confirmation by the expert) of Terra sigillata has been found from Pattanam.22 Indian Rouletted Ware (IRW) are fragments of Indian fine pottery including bowls and dishes.,Cherian-Pattanam-Evidence-of-Maritime-Exchanges,5
Muziris,1,Local Pottery is the largest assemblage and probably the most challenging study material at Pattanam.,Cherian-Pattanam-Evidence-of-Maritime-Exchanges,6
Muziris,1,"Interestingly, IRW was found in primary context all the stratigraphic layers of Pattanam, except the Iron Age and modern layers, suggesting the prolonged role of regional trade.",Cherian-Pattanam-Evidence-of-Maritime-Exchanges,6
Muziris,1,"Pattanam had the presence of artisan groups as evidenced by remains of lapidary, metallurgical and kiln activities.43 The regional support systems and networks were never duly acknowledged while discussing the larger exchanges across the oceans.",Cherian-Pattanam-Evidence-of-Maritime-Exchanges,7
Muziris,1,"The loan agreement was drawn up at Muziris by an Alexandrian creditor with a transmarine trader, signed by the main merchant, the financier and a third person, the goods manager, probably a Greek stationed at Muziris across the seasons.",Dayalan-2018-Ancient-Seaports-Western-Coast-India,0
Muziris,1,"Shajan, “Chronology of Pattanam: A Multi-Cultural Port Site on the Malabar Coast,” Current Science 97, 2, (Bangalore: Current Science Association, July 2009): 236-240. 21 Hispania Baetica (Spain), Gallia (France), Aegyptus (Egypt) and other places; few terra sigillata ware sherds; intaglios; cameo blanks; Roman Board Game Counters and Roman glassware pieces.",Dayalan-2018-Ancient-Seaports-Western-Coast-India,0
Muziris,1,"The signiicance of this port emerges from the fact that the Periplus notes the proper time for setting out (which beneits skippers intending a round trip) only for the major ports and that Barbarikon features in that group along with adulis, Muza, kane, Barygaza, Muziris and the nearby pepper ports.44 Barbarikon and Spasinou Charax The author of the Periplus refers to the mouth of the indus after briely looking at the Persian gulf.",Ghosh-Barbarikon-in-the-Maritime-Trade-Network-of-Early-India,11
Muziris,1,Another set of material evidence from the early historic period of Kerala is from the Pattanam (V.,Historical-Archaeology-Iron-Age-Early-Historic-Kerala,2
Muziris,1,"Among these, Muziris or Muciṛi, located on the bank of Cuḷḷi (Periyar) river, is referred to as a prosperous city of the Cērās, where the Yavanar arrived with gold and went back with pepper (Akanānūṛu- 149:7-11).",Historical-Archaeology-Iron-Age-Early-Historic-Kerala,9
Muziris,1,"The archaeological evidence so far unearthed from the west coast of Kerala, especially at Pattanam, have firmly stated the active trade contact of Kerala’s coastal regions with the Mediterranean and west Asian countries.",Historical-Archaeology-Iron-Age-Early-Historic-Kerala,10
Muziris,1,The early historic site of Pattanam unearthed cherished archaeological evidences to expose the engineering skills of Kerala’s early societies.,Historical-Archaeology-Iron-Age-Early-Historic-Kerala,16
Muziris,1,Political Entities The available archaeological evidence including megaliths and the artifacts from Pattanam signify the possible existence of some sort of a political hierarchy in the Iron Age and early historic society.,Historical-Archaeology-Iron-Age-Early-Historic-Kerala,0
Muziris,1,The discovery of copper and lead coins with Cēra emblems (bow and arrow and elephant) from the early historic archaeological layer at Pattanam also underline the existence of a political system which might have issued coins as well.,Historical-Archaeology-Iron-Age-Early-Historic-Kerala,0
Muziris,1,The discovery of the West Asian ceramics from the early historic archaeological layers at Pattanam have proved the presence of foreigners in the west coast of Kerala.,Historical-Archaeology-Iron-Age-Early-Historic-Kerala,29
Muziris,1,"This last example suggests how the redistribution network might have worked, as some frankincense exported from Kane (South Arabian Coast) to the Gulf sites may also have traveled from there to Muziris (Malabar Coast), as well as local wine, as the remains of incense and torpedo jars in Pattanam testify (Tomber 2015).",Networks-and-Cultural-Mapping,4
Muziris,1,"Saxcé, Ariane de. 2015b. “Local Networks and Long-Distance Trade: The Role of the Exchanges between Sri Lanka and India during the Mediterranean Trade.” In Imperial Rome, Muziris and the Indian Ocean, 53–73.",Networks-and-Cultural-Mapping,18
Muziris,1,"Gorea, ‘Les vestiges antiques de la grotte de Hoˆq (Suqutra, Ye´men)’, Comptes Rrendus de l’Acade´mie des Inscriptions et Belles-Lettres, 146, 2, 2002, pp. 409–45; Ingo Strauch, ed., Foreign sailors on Socotra: the inscriptions and drawings from the cave Hoq, Bremen: Hempen, 2012. 37 8 j E I V I N D H E L D A A S S E L A N D https://doi.org/10.1017/S1740022813000338 Published online by Cambridge University Press Socotra (section 30), Barbarikon at the mouth of the Indus, Barygaza on the Narmada river (sections 39, 49), and Muziris and Nelkynda in South India (section 56).",Networks-and-Social-Cohesion-in-Ancient-Indian-Ocean-Trade,6
Muziris,1,"In an Indian Ocean context there is a reference to a templum Augusti (that is, a temple of the Roman imperial cult) in Muziris in South India on the fourth- or fifth-century CE road map known as the Tabula Peutingeriana,60 which, if correct,61 would have been a place where Roman citizens could come together to worship.",Networks-and-Social-Cohesion-in-Ancient-Indian-Ocean-Trade,0
Muziris,1,This exhibition showcases a large collection of finds from the historic site of Pattanam in Kerala in South India.,PAMA-Unearthing-Pattanam-Excavation-Catalogue,4
Muziris,1,"Located 4 km east of the Arabian Sea coast, 25 km from the city of Kochi, Pattanam is a typical archaeological mound which stores the history of some 3000 years from circa 1000 BCE.",PAMA-Unearthing-Pattanam-Excavation-Catalogue,0
Muziris,1,The Pattanam finds point to the presiding role of the Indian sub-continent in transforming the Indian Ocean into a trading lake.,PAMA-Unearthing-Pattanam-Excavation-Catalogue,0
Muziris,1,"Pattanam throws light on Kerala in the period before the 9th century CE, on which there was scanty evidence until now.",PAMA-Unearthing-Pattanam-Excavation-Catalogue,6
Muziris,1,"The only subtle hint of any religious presence at Pattanam appears in the words, ‘A Ma Na’, in the Tamil Brahmi script on the rim sherd of a large (local) terracotta pot. ‘A Ma Na’ refers to a senior monk in Jaina or Buddhist traditions.",PAMA-Unearthing-Pattanam-Excavation-Catalogue,7
Muziris,1,"The Exhibition ‘Pattanam Unearthed: Histories, Cultures, Crossings’ is an attempt to convey the fundamentals of archaeology research, namely, the systematic retrieval of the material evidence and the decoding of the life encrypted in them.",PAMA-Unearthing-Pattanam-Excavation-Catalogue,0
Muziris,1,"Likewise, Pattanam and its finds tell the story of how, circa 2300 years ago, the world came to the south-west coast of the Indian subcontinent, which became a major maritime trading hub.",PAMA-Unearthing-Pattanam-Excavation-Catalogue,0
Muziris,1,"The impressive range of evidence unearthed at Pattanam on maritime exchanges across the Indian Ocean, the Red Sea and the Mediterranean littoral indicate transoceanic trade that began circa 15 centuries before what the world has hailed as the beginning of ‘globalisation’ i.e. the voyages of Christopher Columbus and Vasco da Gama in the last decade of the 15th century CE.",PAMA-Unearthing-Pattanam-Excavation-Catalogue,8
Muziris,1,"Located in the elevated area of the Pattanam mound, the 5 m x 4 m trench had five cultural layers, representing the five cultural periods distinguished at Pattanam: Modern, Medieval, Early Historic, Iron Age–Early Historic transition, and the Iron Age periods.",PAMA-Unearthing-Pattanam-Excavation-Catalogue,0
Muziris,1,"The Exhibition souvenir ‘Pattanam bowl’ is a carry-home symbol of Pattanam’s history, heritage and finds; it will give visitors a sense of ‘contact’ with the past.",PAMA-Unearthing-Pattanam-Excavation-Catalogue,0
Muziris,1,"The scope of the exhibition goes beyond the finds at Pattanam; after all, archaeology is all about universal human interactions, known and as yet unknown.",PAMA-Unearthing-Pattanam-Excavation-Catalogue,9
Muziris,1,The latter suggests that it may have been the ancient Muziris mentioned in Roman records or the Muciri of the Tamil texts.,PAMA-Unearthing-Pattanam-Excavation-Catalogue,0
Muziris,1,"The chronology of the Pattanam site spans three millennia from circa 1000 BCE with evidence of habitation across the Iron Age, the Early Historic, the Medieval and the Modern cultural periods.",PAMA-Unearthing-Pattanam-Excavation-Catalogue,0
Muziris,1,"Non-local ceramics such as amphorae, terra sigillata, Turquoise Glazed Pottery, torpedo and ovoid jar suggest these and their contents were brought into Pattanam.",PAMA-Unearthing-Pattanam-Excavation-Catalogue,0
Muziris,1,"In this period, Pattanam seems to have achieved an urban status as seen by burnt bricks, roof tiles, terracotta ring wells and other finds like early Chera copper and lead coins.",PAMA-Unearthing-Pattanam-Excavation-Catalogue,0
Muziris,1,"Located in the elevated area of the Pattanam mound, the trench had five cultural layers, representing the Modern, Medieval, Early Historic, Iron Age– Early Historic transition, and the Iron Age periods.",PAMA-Unearthing-Pattanam-Excavation-Catalogue,0
Muziris,1,"The Blue and White ceramics and other Chinese sherds point to later trade links of Pattanam with the eastern Indian Ocean regions, from 1500 – 1900 CE.",PAMA-Unearthing-Pattanam-Excavation-Catalogue,0
Muziris,1,References to Muciri abound in Sangam literature which was probably the same as the Muziris of the Classical texts.,PAMA-Unearthing-Pattanam-Excavation-Catalogue,0
Muziris,1,"Most of the sherds from Pattanam are from Italy, of a type earlier known as Arretine ware, since it was produced in the pottery workshops of Arretium in Tuscany from the 1st century BCE to the 2nd century CE.",PAMA-Unearthing-Pattanam-Excavation-Catalogue,0
Muziris,1,Drawing courtesy Julian Whitewright 48 49 Most amphorae sherds found at Pattanam were containers for transporting wine.,PAMA-Unearthing-Pattanam-Excavation-Catalogue,0
Muziris,1,The majority of the torpedo jar sherds found in Pattanam have an off-white powdery fabric and a black coating of bitumen on the inner surface.,PAMA-Unearthing-Pattanam-Excavation-Catalogue,0
Muziris,1,"At Pattanam, TGP sherds are found in the Early Historic layers and, as in the case of the torpedo jars, a few are found in the transition layers as well.",PAMA-Unearthing-Pattanam-Excavation-Catalogue,0
Muziris,1,"Lumps of raw materials, roughouts, tiny chips and flakes of semi-precious stones, fully formed beads left unperforated, all suggest that beads were made at Pattanam.",PAMA-Unearthing-Pattanam-Excavation-Catalogue,0
Muziris,1,"The KCHR also intends to train the Pattanam householders in strategies of marketing, and find ways to sustain the initiative.",PAMA-Unearthing-Pattanam-Excavation-Catalogue,73
Muziris,1,"Like the following ports, Muziris and Nelcynda, these two have 204 been placed too far north by most of the commentators.",Schoff-1912-Periplus-of-the-Erythraean-Sea,0
Muziris,1,"Muziris.— The location of this port was fixed by Burnell, Caldwell and Yule at Muyiri-kotta, w^hich as Kodungalur or Cranga- nore (10° 14' N. , 76° 11' E. ), was an important port in mediaeval times.",Schoff-1912-Periplus-of-the-Erythraean-Sea,0
Muziris,1,"The ancient capital was Vanji, also named Karuvur, the Karoura of Ptolemy, situated close to Crangan- ore; which represents Muziris, the port for the pepper trade, men- tioned by Pliny and the author of the Periplus at the end of the first century A.",Schoff-1912-Periplus-of-the-Erythraean-Sea,0
Muziris,1,"Gurukkal and Whittaker (2001, 348) presented a strong argument placing the ancient site of Muziris in the region of Kodungallur in the modern state of Kerala, and more precisely to the northwest of the confluence of the Periyar river and the Pullut backwaters.",Shajan-Tomber-Selvakumar-Cherian-2004-JRA-Locating-the-Ancient-Port-of-Muziris,2
Muziris,1,Locating the ancient port of Muziris: new finds from Pattanam 315 The Kerala coastline originated in the Tertiary period by west-coast faulting.,Shajan-Tomber-Selvakumar-Cherian-2004-JRA-Locating-the-Ancient-Port-of-Muziris,3
Muziris,1,"Thus, the major changes to the coastline took place before the generally-accepted date for the occupation of Muziris.",Shajan-Tomber-Selvakumar-Cherian-2004-JRA-Locating-the-Ancient-Port-of-Muziris,4
Muziris,1,"Radiocarbon dating of peat samples from Poovathumkadavu and Valloor indicate a 5-mhigh stand of sea level in the Paravur-Kodungallur region during the mid-Holocene (Shajan 1998).2 According to Mathai and Nair (1988), the strand lines and linear sand-dunes of the Kodungallur area are evidence for a periodic cyclicity in the regression of the sea in Late Holocene times, c.2500 years BP.",Shajan-Tomber-Selvakumar-Cherian-2004-JRA-Locating-the-Ancient-Port-of-Muziris,4
Muziris,1,"In the satellite imagery, no trace of deltaic sediments is seen north of the Periyar in the area of Kodungallur.",Shajan-Tomber-Selvakumar-Cherian-2004-JRA-Locating-the-Ancient-Port-of-Muziris,4
Muziris,1,"If we accept that the Paravur thodu, which connects the Tattapalli and the present Periyar rivers (fig. 3), represents a palaeo-channel of the Periyar between c.3000 and 2000 years BP, this would place the ancient site at Pattanam alongside the river-bed, in keeping with descriptions from the ancient sources.",Shajan-Tomber-Selvakumar-Cherian-2004-JRA-Locating-the-Ancient-Port-of-Muziris,5
Muziris,1,"The main evidence for the Early Historic period had come from coin hoards, of which 4 were found in the vicinity of Pattanam: three containing Roman coins, at Eyyal, Valluvalli and Kumbalam (Sathyamurthy 1992), and a punch-marked hoard at Puthenchira.",Shajan-Tomber-Selvakumar-Cherian-2004-JRA-Locating-the-Ancient-Port-of-Muziris,5
Muziris,1,"Fieldwalking of Locating the ancient port of Muziris: new finds from Pattanam 317 yy, — / ‘S 0 5cm — Fig. 4.",Shajan-Tomber-Selvakumar-Cherian-2004-JRA-Locating-the-Ancient-Port-of-Muziris,0
Muziris,1,"Triple-grooved tiles are another Pattanam find typical of Early Historic sites (Begley et al. 1996, 109, fig 4.201).",Shajan-Tomber-Selvakumar-Cherian-2004-JRA-Locating-the-Ancient-Port-of-Muziris,6
Muziris,1,"Elsewhere at Pattanam, a more controlled examination of sub-surface finds was made by Shajan, who collected material from a fresh, exposed pit-section (2x 1m, depth of 1.5 m).",Shajan-Tomber-Selvakumar-Cherian-2004-JRA-Locating-the-Ancient-Port-of-Muziris,6
Muziris,1,"To date, the few surveys undertaken in the Chetwa—-Kodungallur-Pararvur area have failed to locate any significant Early Historic sites apart from Pattanam (Chedambath 1998, Shajan 1998, Shajan in press).",Shajan-Tomber-Selvakumar-Cherian-2004-JRA-Locating-the-Ancient-Port-of-Muziris,7
Muziris,1,"Dredging of the Periyar near Kodungallur to a depth of 8 m has recovered only mediaeval and no Early Historic pottery (Begley et al. 1996, 11 n.3).",Shajan-Tomber-Selvakumar-Cherian-2004-JRA-Locating-the-Ancient-Port-of-Muziris,0
Muziris,1,"The Locating the ancient port of Muziris: new finds from Pattanam 319 term pattan also has a Latin root (portus), possibly Middle Indo-Aryan meaning ferry (Turner 1966, 434-35).",Shajan-Tomber-Selvakumar-Cherian-2004-JRA-Locating-the-Ancient-Port-of-Muziris,0
Muziris,1,"Nair 1988. “Stages in the emergence of the Cochin-Kodungallur coast — evidence for the interaction of marine and fluvial processes,” Proc.",Shajan-Tomber-Selvakumar-Cherian-2004-JRA-Locating-the-Ancient-Port-of-Muziris,8
Muziris,1,"There were extensive contacts between the Roman world and Taprobane/Serendip (modern Sri Lanka), especially in late Roman times.148 Debate has long surrounded the location and identiﬁcation of Muziris, mentioned in the Periplus (53 and 56) and by Pliny the Elder (NH 6.26.104) as a prominent port on the Kerala coast.149 Claudius Ptolemy (Geography 7.1) also notes Muziris.",Sidebotham-2011-Berenike-and-the-Ancient-Maritime-Spice-Route,211
Muziris,1,"The Peutinger Table (see chapter 8) mentions a templum augusti at Muziris, which has spawned scholarly comments.161 If there was a Temple of Augustus, it was probably dedicated to the reigning Roman emperor, whoever he might have been.",Sidebotham-2011-Berenike-and-the-Ancient-Maritime-Spice-Route,211
Muziris,1,"Let us consider an approximately 6,930,000-drachma cargo mentioned in a mid-second-century c.e. papyrus now located in Vienna.83 This important document traces a consignment of Gangetic nard (used to ﬂavor wine, to anoint the dead, for perfumes and medicines, and in cooking),84 ivory, and fabrics by a ship named the Hermapollon from Muziris, on India’s Kerala coast,85 to a Red Sea port in Egypt, whose identity on the manifest does not survive.",Sidebotham-2011-Berenike-and-the-Ancient-Maritime-Spice-Route,0
Muziris,1,"Introducing Indo-Roman trade Muziris in south-west India,(Shajan et al. 2004) have been located.",Tomber-2008-Indo-Roman-Trade-From-Pots-to-Pepper,0
Muziris,1,It was not until the site at Pattanam was discovered (see Chapter 5) and the pottery from it examined in late 2003 that a match was found.,Tomber-2008-Indo-Roman-Trade-From-Pots-to-Pepper,49
Muziris,1,"Thus at c. 2000 years BP, when Muziris was active, Kodungallur would not have been located on the Periyar as today.",Tomber-2008-Indo-Roman-Trade-From-Pots-to-Pepper,142
Muziris,1,"Brick architecture, together with the quantity and variety of finds (including amphorae and Italian sigillata), establishea its urban character and reinforced its connection with Muziris (Shajan et al. 2008). 142 5.",Tomber-2008-Indo-Roman-Trade-From-Pots-to-Pepper,144
Muziris,1,"For Periplus in referring to the Eastern ports , “ these put into them vessels which sail out of both Limryke ( Malabar coast) and the North ( Ganga delta or perhaps Burma) ; “ in them are local ( east coast) craft that follow the coast as far as Limryke , as well as others , made out of very big dugout canoes held together by yoke called SANGRA” This must have had an important effect on the nature of the their business , making it considerably different from that of the merchants at Muziris.",apa-IndOc-Gulf-Arikamedu-Pillai2010,19
Muziris,1,"Lacking better options, scholars located Muziris at the nearby Medieval site Kodungallur or Cranganore (Achan 1946; Gurukkal and Whittaker 2001).",apa-IndOc-Gulf-India-Tomber2010,15
Muziris,1,"However, distance measurements provided in the Periplus, coastal geomorphological studies, and the presence of Roman wares at Pattanam provide stronger corroboration that instead Pattanam may be identiﬁ ed as Muziris (see also Shajan et al 2004).",apa-IndOc-Gulf-India-Tomber2010,0
Muziris,1,"The sub regions are in turn intersected by over 40 west-ﬂ owing rivers; the largest of these is the Periyar River, which drains into the Indian Ocean in the Malabar coastal region and at whose mouth the site of Pattanam is situated.",apa-IndOc-Gulf-India-Tomber2010,17
Muziris,1,"The discovery of Roman amphora fragments and other non-local wares at Pattanam (Tomber 2005) supports the assertion that Pattanam was a port site engaged in trade with the Roman empire, whose merchant-sailors actively sought valued spices such as Malabar pepper (Casson 1986; Parker 2002; Ray 2003; Reade 1996; Thapar 1992; Casson 1989).",apa-IndOc-Gulf-India-Tomber2010,18
Muziris,1,The discovery of Pattanam/Muziris presents south Indian archaeologists with an opportunity to examine an urban center that was actively involved in integrating overseas and local trade networks.,apa-IndOc-Gulf-India-Tomber2010,18
Muziris,1,"The investigation of these sorts of spatial relations are an important supplement to the recent discovery of below-ground features, especially the boat and wharf features at Pattanam (Cherian et al 2009).",apa-IndOc-Gulf-India-Tomber2010,20
Muziris,1,"A small number of beads were also found, including one carnelian bead blank, perhaps an indication of craft production at Pattanam.",apa-IndOc-Gulf-India-Tomber2010,0
Muziris,1,"What was intriguing in this context was that despite the discovery of characteristic Indian ceramics, including Rouletted ware, in regions as far as Egypt in the West (Tomber 2000) and Indonesia in the East (Walker and Santoso 1977), Kerala has drawn a blank for such material remains, until the identiﬁ cation of Pattanam.",apa-IndOc-Gulf-India-Tomber2010,29
Muziris,1,"This paper discusses the geological, archaeological and toponymical evidence that support Pattanam as the site of the ancient port of Muziris.",apa-IndOc-Gulf-India-Tomber2010,0
Muziris,1,Location and environmental background of Pattanam (Figure 1) Pattanam is in the delta of the river Periyar that drains the western slope of the Western Ghats in Kerala.,apa-IndOc-Gulf-India-Tomber2010,29
Muziris,1,"Pattanam is 2 km north-north-west of North Paravur, 4 km south of the river Periyar and c 4 km east of the Arabian Sea coast.",apa-IndOc-Gulf-India-Tomber2010,0
Muziris,1,The seat of the Medieval Cheras at Kodungallur and the proximity of the river Periyar have all encouraged researchers to locate Muziris at Kodungallur or its immediate neighbourhood.,apa-IndOc-Gulf-India-Tomber2010,30
Muziris,1,Attempts to locate ancient Muziris in the Kodungallur region are numerous (Achan 1946; Raman 1970; Gurukkal and Whittaker 2001).,apa-IndOc-Gulf-India-Tomber2010,31
Muziris,1,Explorations were undertaken around Kodungallur by Chedambath (1997) between 1993 and 1996 resulting in the discovery of a few Medieval habitation sites and a few Megalithic (Iron Age) burial sites.,apa-IndOc-Gulf-India-Tomber2010,31
Muziris,1,"It is reported that Satyamurthy (pers comm) attempted underwater explorations near the mouth of the Periyar, in the expectation that Muziris is now submerged.",apa-IndOc-Gulf-India-Tomber2010,31
Muziris,1,"Against this background, the site of Pattanam was discovered by Shajan during geoarchaeological investigations along the central Kerala coast (Shajan 1998, 2004).",apa-IndOc-Gulf-India-Tomber2010,31
Muziris,1,"GEOLOGICAL EVIDENCE The archaeological site at Pattanam lies in the south-western part of the Periyar River delta, c 5 km interior to the river mouth.",apa-IndOc-Gulf-India-Tomber2010,0
Muziris,1,A relatively large number of sherds in a related organic-tempered fabric have subsequently been found at Pattanam.,apa-IndOc-Gulf-India-Tomber2010,0
Muziris,1,The fabric of the coarse varieties is quite distinct from the ﬁ ner one and is very similar to the thousands of coarse ware sherds found at Pattanam.,apa-IndOc-Gulf-India-Tomber2010,36
Muziris,1,These geological studies have also suggested that the ancient coastline (c 2000 BP) is about 1 km west of Pattanam.,apa-IndOc-Gulf-India-Tomber2010,37
Muziris,1,These channels must have enabled easy access to the site of Pattanam despite its location away from the main river course.,apa-IndOc-Gulf-India-Tomber2010,0
Muziris,1,"Based on the above considerations, it is suggested that Pattanam could be the ancient port of Muziris.",apa-IndOc-Gulf-India-Tomber2010,37
Muziris,1,"This is not a reason to reject Strabo’s testimony about the 120 ships sailing to India when Aelius Gallus (26–25 bce) was prefect of Egypt.34 However, such a large fleet would have included all the ships bound for any of the Indian emporia and, since they were sailing from Myos Hormos, they must have been much smaller than the pepper carriers that eventually would depart from Berenice .35 At the time the geographer made his inquiry, the pattern of trade evidenced by Pliny,36 by the author of the Periplus Maris Erythraei, by the Muziris papyrus, and by Philostratus was still to come.",apa-IndOc-Gulf-IndiaTrade-Romanis2015,0
Muziris,1,"While the link to textual sources and the massive evidence of trade in bulk commodities and luxury items have brought well-deserved attention to Pattanam, the site is only one of many along the coasts of Pakistan, India, and Sri Lanka.",apa-IndOc-Gulf-IndianOcean-Seland2014,7
Muziris,1,"Her research focuses on landscape and seascape dynamics and on the parameters of attractiveness of port locations in the Red Sea and the Indian Ocean, including Berenike Troglodytica (Egypt), Pattanam (India) and Unguja Ukuu (Zanzibar).",apa-IndOc-Gulf-Mafia-Crowther2014,22
Muziris,1,"I will argue here that a closer examination of one of thè key sources of historical data on Indo-Roman trade, thè 'Muziris papyrus', makes it possible to get some fresh data.",apa-IndOc-Gulf-MuzirisPapyrus-Romanis2012,0
Muziris,1,"Under most circumstances, any further speculation about thè remaining cargo would bave been fruitless, but two related lines of evidence may change that: thè first is that thè recto (front side) of thè Muziris papyrus preserves a fragment of a loan contract for a voyage to Muziris, and thè second is that thè Periplus Maris Erythraei includes Gangetic nard and ivory among thè merchandise available from thè south Indian emporia of thè Limyrike—one of which was Muziris22.",apa-IndOc-Gulf-MuzirisPapyrus-Romanis2012,4
Muziris,1,We may suggestthat in thè Muziris papyrus thè price of tortoise shell was 48 drachmas per mina49.,apa-IndOc-Gulf-MuzirisPapyrus-Romanis2012,0
Muziris,1,"But thè ships for which those stories were invented were very real. 6 Marco Polo, Le divisament don monde, 158, 8: ""E si vos di que cestes nes veulent CC marineres, mes elle sunt si grant qu'elle portent bien VM esportes de pevre, e de tei VIM""; // Milione, 154, 7: ""Queste navi vogliono bene .cc. marinai, ma elle sono tali che portano bene ,vm. sporte di pepe, e di tali .vjm."" Digby 1982 : 132; 139 suggests that thè measure referred to by Marco Polo was either thè Venetian carica (ca. 120 kg) or thè Indian Ocean 90 Playing Sudoku on thè Verso of thè 'Muziris Papyrus' bahàr (ca. 235 kg).",apa-IndOc-Gulf-MuzirisPapyrus-Romanis2012,16
Muziris,1,"While other documents show an equal or higher price for malabathron, it would be difficult to explain why black pepper should be worth doublé according to thè Muziris papyrus.",apa-IndOc-Gulf-MuzirisPapyrus-Romanis2012,21
Muziris,1,"Legitimate as this may be, those plurals are consistent with what is to be inferred from Col. i and Col. ii, l. 1, and strongly suggest that it was an Alexandria-Muziris-Alexandria voyage that the SB XVIII 13167 recto financed.",apa-IndOc-Gulf-MuzirisPapyrus-Romanis2014,0
Muziris,1,"Rouletted ware became very widespread in India’s eastern coastline while being almost totally absent on the western coast where it was discovered quite recently only near Pattanam, along the Malabar coast.",apa-IndOc-Gulf-Sumhuram-Avanzini2011,52
Muziris,1,"Sedov et de jeunes archéologues italiens, ont permis de reconstruire de manière plus détaillée une nouvelle histoire du commerce de longue distance entre la Méditerranée et l’océan Indien, qui s’accorde avec les résultats archéologiques obtenus durant ces années dans d’autres ports, en Égypte et en Inde, contemporains de Sumhuram (Myos Hormos, Bérénice, Pattanam, deux sites au Sri Lanka, Arikamedu).",apa-IndOc-Gulf-Sumhuram-Avanzini2014,0
Muziris,1,"This type of fabric probably comes from South Arabia as well and it has been documented (marginally in comparison with more common fabrics) in Sumhuram, Pattanam and Kanē. 49 Two high footings have also been documented in a totally different fabric, with inclusions of igneous rock alongside the typical organic temper (fig. 7: 6-7).",apa-IndOc-Gulf-Xiis-Fernandez2022,18
Muziris,1,"The range of imports clearly establishes Pattanam as an international port, probably that of ancient Muziris (Shajan, Tomber, Selvakumar and Cherian 2004).",apa-RedSea-RedSea-Tomber2012,0
Muziris,1,"The small quantities of Egyptian coarse wares at Qana’, and perhaps Pattanam, could easily be on-board provisions for Egyptian sailors travelling to those sites.",apa-RedSea-RedSea-Tomber2012,8
Muziris,1,"They record variously the levy of a sixteenth share of each achchu on pilgrims going for tonsure to the temple of Gokarnesvara-mahadeva at Gudivada in Pattanamu (Kalingapatam) towards the expenses for maintaining a perpetual lamp, the 40 EPIGRAPHY grant of land for offering to and worship of Gokarna-Rajanarayanesvara-mahadeva at the same place by one Rajanarayana with the consent of Jeddapa-nayaka and the gift of land for providing offering to the same deity.",IAR_1956-57__indianarchaeology195657arevi,44
Muziris,1,"Burnt bricks, triplegrooved tiles and huge quantities of local pottery including Indian Rouletted Ware suggest that Pattanam trading community INDIAN ARCHAEOLOGY 2008-09 – A REVIEW 78 had been engaging with emergent regional trade networks.",IAR_2008-09__asi20,0
Muziris,1,"Relevant bits of information could be gathered from Mathilakam (north of Kodungallur), regarding its archaeological potential through surface findings and features.",IAR_2008-09__asi20,0
Muziris,1,"INDIAN ARCHAEOLOGY 2008-09 – A REVIEW 84 Plate 45-46 Indian rouletted ware sherd, Pattanam.",IAR_2008-09__asi20,0
Rhapta,11,"This led us to start the survey task by field-walking the sandy patch Fig. 4.2 Ring-shaped mound on the ridge at the eastern part of the site, also showing locations of Unit B and Unit M excavations.To the right a cross-section of the mound area between X1 and X2. excavation limit excavated stone foundation mound outline 58 Unguja Ukuu in which the site is located before planning other surveys such as drilling, electro resistivity and electromagnetic probing. 4.3.1 Field-walking and recording Accompanied by Bent Syse from the Swedish Central Board of National Antiquities, we first fieldwalked the whole terrain of Unguja Ukuu to look for traces of early occupation.",apa-IndOc-Gulf-Zanzibar-Juma2004,0
Rhapta,9,"The shore line from the Aro­ mata promontory to Rhapta is otherwise than Marinus has shown it to be; nor can an ordinary day - and - night voyage be counted in stadia because of the changeable­ ness of the winds at the equator, but is lim­ ited to about 400 or 500 stadia at the most.",Ptolemy-Geography-Stevenson-trans-complete,0
Rhapta,8,"Therefore although Diogenes sailed from Aromata to the swamps, to the south of which lies the promontory of Rhaptum, in twenty-five days, and Theophilus from Rhapta to Aromata, a greater distance, in twenty days, and although Theophilus tells us that a single day’s sailing under favor­ able circumstances is calculated at 1,000 stadia (and this computation Marinus him­ self approves) Disocorus nevertheless says that the voyage from Rhapta to the prom­ ontory of Prasum, which takes many days, as computed by Diogenes is only 5,000 stadia.",Ptolemy-Geography-Stevenson-trans-complete,0
Rhapta,8,"The spread of such cultural aspects has been attributed to what is known as the ‘Bantu migrations’.43 I have understood this cultural phenomenon as an effect of the vivid opening up of the southern half of Africa to trade networks through maritime commerce on the Indian Ocean, for which Rhapta acted as a key gateway community.44 Another excavation which has provided significant discoveries related to ancient sailing is that of Machaga cave in Zanzibar.45 In this first limestone cave to be excavated on the coast of East Africa, several imported materials were found in association with potsherds of EIW period dated to the early centuries AD.",apa-IndOc-Gulf-Azania-Chami2017,10
Rhapta,8,"It is also notable that quartz flakes, as well as unflaked pieces, were recovered during recent Sealinks excavations from Iron Age contexts at the nearby Juani Primary School Site (first investigated by Chami [1999, 2000]), as well as at Unguja Ukuu on Zanzibar (Crowther et al. 2012), suggesting that their production and use could have been contemporary with, or even the product of, Iron Age cultures, although interaction with stone tool-using people (communities of which have been shown to have co-existed with Middle Iron Age farming groups elsewhere on the East African coast; Helm et al. 2012) cannot be ruled out.",apa-IndOc-Gulf-Mafia-Crowther2014,20
Rhapta,7,Some Controversies There are some controversies on the types of people settling in Azania and hence on the location of Azania and its metropolis.,Chami-2021-Geographical-Extent-of-Azania,0
Rhapta,6,"Seafaring in Eastern African Indian Ocean waters 535 recognized as tifanagh, and have been related to ancient Punic culture.58 Recently Parthian green and blue ware ceramics of milky paste have been discovered from excavations on the southern coast of Tanzania in association with pottery of the EIW period, similar those of the Rufiji Delta region, dated to the first two centuries AD.59 Similar pottery was also archaeologically recovered from another EIW context in Natal in southern Africa,60 suggesting that the ancient maritime trade routes may have continued along the East African coast of the Indian Ocean via Azania to Southern Africa.",apa-IndOc-Gulf-Azania-Chami2017,12
Rhapta,6,Kimengich of Nairobi Museum who examined and identified the faunal remains from my excavations at Unguja Ukuu.,apa-IndOc-Gulf-Zanzibar-Juma2004,0
Rhapta,6,The immediate area of access for the Asian cargo into the interior still remains a matter of dispute since Rhapta has not been located precisely on the ground.,apa-IndOc-Gulf-Zanzibar-Juma2004,24
Rhapta,6,"Number ha % Total number of buildings 35 0.2782 Public buildings 2 0.0116 Houses unoccupied 2 Houses occupied 31 Total inhabitants for all houses 136 Average inhabitant per house 4,4 Total settlement area of the village 0.8024 Settlement area with no buildings (gardens, open spaces) 0.5242 Relationship (percentage) between settlement area with no buildings and area with buildings 53 67 Excavations and Deposits The excavations of Unguja Ukuu and the surveys previously described provide the primary data for this study.",apa-IndOc-Gulf-Zanzibar-Juma2004,0
Rhapta,5,"The discovery of the coins published in Horton’s paper is indisputable evidence of trade and cultural connections between Azania and other regions, including the Mediterranean and the Middle East.",Azania-cross-cultural-exchanges,10
Rhapta,5,"I recovered these from an excavation at Mkukutu-Kibiti in the Rufiji Delta, the region now suggested by scholars to have been in proximity of the elusive metropolis of Rhapta (Chami 1999a; Chami, Bita & Bushozi 2024).",Azania-cross-cultural-exchanges,0
Rhapta,5,"However, there is no mention of any used for catching sea turtles. 16:6.4 Rhapta Rhapta lay, we are told, two runs (1000 stades or 100 nautical miles) beyond Menuthias, and so its location depends upon the identification of that island, whether it be Pemba or Zanzibar: if Pemba, then Rhapta lay in the vicinity of Dar es Salaam; if Zanzibar, it lay at the mouth of the Rufiji River.",Casson-1989-Periplus-Maris-Erythraei-text-translation-commentary,0
Rhapta,5,"If we follow the Periplus, since the identification of Menuthias with Pemba is more likely than with Zanzibar (cf. under 15:5.26), Rhapta was at Dar es Salaam, and this is the location argued for by L.",Casson-1989-Periplus-Maris-Erythraei-text-translation-commentary,0
Rhapta,5,"Five of the beads found in the lowest excavated level (Context 104) (Figure 10q–u), are comparable to many found at Unguja Ukuu on Zanzibar, which dates to between the seventh and tenth centuries, suggesting that they may be considerably older than the other beads in the Ukunju assemblage, but they are not Greco-Roman and instead probably come from South Asia.",apa-IndOc-Gulf-Mafia-Crowther2014,0
Rhapta,5,The results of the surveys were used to select the excavation areas. 4.1 The site location The site of Unguja Ukuu is named after its location in the southern part of the main island of Unguja.,apa-IndOc-Gulf-Zanzibar-Juma2004,0
Rhapta,5,"The analyses were done at the Archaeological Research laboratory, Stockholm University. 120 Unguja Ukuu 121 Other Finds Besides pottery, the excavations have revealed other finds including fragments of glass vessels, beads, metals, stone and terracotta, as well as organic objects such as ivory, shells and other faunal remains. 7.1 The glass vessels Quantities of broken glass vessels turned up throughout the occupation sequence of the site.",apa-IndOc-Gulf-Zanzibar-Juma2004,118
Rhapta,4,"Furthermore, excavations in the Kuumbi Cave and Unguja Ukuu of Zanzibar recovered more materials of Roman trade, such as pottery (Juma 1996) and glass bead (Chami 2009).",Azania-cross-cultural-exchanges,11
Rhapta,4,"Thus there are but ""seven in all"" from Sarapion to the Pyralaoi Islands, and he conformably reckons the distance between these two points as ""septies quingenta stadia."" McCrindle, Schoff, and Huntingford take the phrase as applying solely to the runs after Nikon, making these ""seven in all"" and the runs of Azania nine in all.",Casson-1989-Periplus-Maris-Erythraei-text-translation-commentary,0
Rhapta,4,"In order to identify Menouthias Island, we can only rely on a calculation of the distance provided by this text, and thus we must ascertain the correct measures for a run and stade.",Hughes-2016-GIS-Approach-Metropolis-of-Rhapta,0
Rhapta,4,"Thus, because early explorers of the region could have described each of these islands as low lying, this criterion cannot be used with much certainty to locate Menouthias.",Hughes-2016-GIS-Approach-Metropolis-of-Rhapta,7
Rhapta,4,"Then come the small and great beach for another six days' course and after that in order, the Courses of Azania, the first being called Sarapion and the next Nicon; and after that several rivers and other anchorages, one after the other, separately a rest and a 28 run for each day, seven in all, until the Pyralaae islands and what is called the channel ; beyond which, a little to the south of south-west, after two courses of a day and night along the Ausanitic coast, is the island Menuthias, about three hundred stadia from the main- land, low and and wooded, in which there are rivers and many kinds of birds and the mountain-tortoise.",Schoff-1912-Periplus-of-the-Erythraean-Sea,0
Rhapta,4,"But the distances given by Ptolemy between Rhapta and Prasum suggest for the former a location near Bagamoyo, perhaps Dar-es-Salaam, (6° 42' S., 39° 5' E. ).",Schoff-1912-Periplus-of-the-Erythraean-Sea,0
Rhapta,4,"The later identification of Menuthias with Madagascar was due to the discoveries of the Saracens, and is impossible for Ro- man times.",Schoff-1912-Periplus-of-the-Erythraean-Sea,0
Rhapta,4,"On the map of Ptolemy the capital of Azania, Rhapta, is placed on a delta of a river identified as Rafiji.",apa-IndOc-Gulf-Azania-Chami2017,6
Rhapta,4,"Some pottery was from East Africa, identified as dating from the contemporary Early Iron Working (EIW) period, showing that East Africa, then known as Azania, had a hand in that ongoing international trade.32 From the 1990s more incontrovertible archaeological evidence of ancient maritime trade on the Indian Ocean has been collected from sites on the coast of Tanzania, both on the littoral and on the islands.",apa-IndOc-Gulf-Azania-Chami2017,0
Rhapta,4,"Five periods are covered: before the Greco-Roman era when East Africa was probably known as Punt; the Greco-Roman era when East Africa was known as Paanchea/Zingion/Azania; the Sasanian era 300-700 AD; between 700 and 1200 AD when East Africa, then called Zanj, was being integrated to the Islamic world; and lastly between 1200 and 1500 AD when East Africa is identified as Swahili.",apa-IndOc-Gulf-Rhapta-Chami2002,0
Rhapta,4,"Recently, Chami (1999a, 1999b, 2001a, 2001b) has extended his archaeological investigations from the central mainland coast of Tanzania and some of the smaller offshore islands to excavate Machaga limestone cave site located a few kilometres from Unguja Ukuu.",apa-IndOc-Gulf-Zanzibar-Juma2004,0
Rhapta,4,"This site may be anywhere between the Rufiji delta area, where ancient trade goods including Roman beads have been excavated and further north, where a number of fortuitous discoveries of early Roman coins have been made so far.",apa-IndOc-Gulf-Zanzibar-Juma2004,0
Rhapta,4,"Other such places lie to the south-west of block E, in the north-west of block L, in the north of block J, in the west of block I and below feature D3 in block D. 62 Unguja Ukuu 4.3.5 Electro-magnetic survey This survey with a metal detector (White’s Eagle II) was aimed at identifying areas of the site with metal remains.",apa-IndOc-Gulf-Zanzibar-Juma2004,61
Rhapta,4,"Excavation plan, Unit A, top of layer 6, Feature A2: posthole impressions that probably represent grave markers. 2M 72 Unguja Ukuu the settlement, c. 500 AD.",apa-IndOc-Gulf-Zanzibar-Juma2004,0
Rhapta,4,"Excavation profiles, Unit L , south and west. 82 Unguja Ukuu recovered consists of high quality vessels and include the white glazed and blue-green glazed wares.",apa-IndOc-Gulf-Zanzibar-Juma2004,81
Rhapta,4,A complete bottle (see front piece plate) recovered from this context at Unguja Ukuu is indeed similar to an example that Whitehouse (1979) excavated at Siraf.,apa-IndOc-Gulf-Zanzibar-Juma2004,109
Rhapta,4,"On the other hand, there was of course parallel local contribution to this development for example provided from the marine shell beads that were possibly produced from womencontrolled traditional industries at Unguja Ukuu and other sites on the east African coast. 7.3 Faunal remains Large quantities of faunal remains were recovered from the excavations.",apa-IndOc-Gulf-Zanzibar-Juma2004,0
Rhapta,4,"There are also grounds for a contextual inference that the extensive agriculture possibly practised from the early period of the site also contributed to the subsistence strategy of the community, although this study has not been able to provide a direct evidence for this. 7.4 Objects of iron A number of different iron artefacts have been recovered from Unguja Ukuu.",apa-IndOc-Gulf-Zanzibar-Juma2004,134
Rhapta,4,"Some pottery, stone vessels, and glass material and beads of antiquity recovered at Unguja Ukuu Ukuu are identified as coming from India, the Arabian Gulf and the Mediterranean world, and even north-western Europe.",apa-IndOc-Gulf-Zanzibar-Juma2004,0
Rhapta,4,"THE JOURNAL OF ISLAND AND COASTAL ARCHAEOLOGY 5 Materials and methods Building on earlier archaeological work, the 2011–2012 ERC-funded “Sealinks” project fieldwork at Unguja Ukuu included geoarchaeological reconnaissance that aimed to: (1) assess late Holocene to recent geomorphic change on the Unguja Ukuu coast by means of landscape and environmental reconstruction; (2) document the geomorphic context of the ancient settlement through coastal survey; and (3) log and sample deposits exposed at two excavated archaeological trenches located in the backshore area of the site (UU11 and UU14).",apa-IndOc-Gulf-Zanzibar-Kotarba2022,6
Rhapta,3,"I did identify it as the elusive metropolis of Rhapta, pending recovery of Roman artifacts and built structures.",Azania-cross-cultural-exchanges,0
Rhapta,3,"During the Roman period, the Chinese also had their own record of sailing to Azania, the region that they identified as Zezan.",Azania-cross-cultural-exchanges,9
Rhapta,3,"The Arab geographer al-Huwarizmi (mid-ioth century A.D.; see Encyclopedic de I'Islam, suppl. 68 [1936]), in his edition of Ptolemy's Geography, identifies Rhapta with a coastal city named Rafata (cf.",Casson-1989-Periplus-Maris-Erythraei-text-translation-commentary,0
Rhapta,3,"Theoria, Issue 168, Vol. 68, No. 3 (September 2021): 12-29 © Author(s) doi:10.3167/th.2021.6816802 • ISSN 0040-5817 (Print) • ISSN 1558-5816 (Online) The Geographical Extent of Azania Felix Chami Abstract: The Romans identified East Africa as Azania.",Chami-2021-Geographical-Extent-of-Azania,1
Rhapta,3,"Whereas the ancient people of the coast of East Africa referred to themselves as people of the then Indian Ocean or Azania, in the later historical period they identified themselves as Zanch, meaning people of the land/inch of the Indian Ocean or Za.",Chami-2021-Geographical-Extent-of-Azania,2
Rhapta,3,Lacroix (1998) has probably provided the most recent discussion of the location of Azania and the locations of its metropolis of which the region of modern East Africa is the one preferred by him.,Chami-2021-Geographical-Extent-of-Azania,7
Rhapta,3,"The distances given from the mainland to the island and from the island to Rhapta are different, indicating that the locations on the mainland from or to which the distances were calculated lay at different latitudes.",Hughes-2016-GIS-Approach-Metropolis-of-Rhapta,10
Rhapta,3,"This cape must be a notable promontory due to its designation as such by Ptolemy and will be tested both with Rhapta as Dar es Salaam and Pangani at Buunyi village at −7.1 degrees south, and with Rhapta in the Rufiji delta as the tip of an unnamed peninsula at −7.9 degrees south.",Hughes-2016-GIS-Approach-Metropolis-of-Rhapta,16
Rhapta,3,"Based on a cross-reference of the distances and geographic description of the Periplus with the coordinates of locations furnished by the Geography, it is thus most likely that Rhapta was located in the proximity of present-day Dar es Salaam.",Hughes-2016-GIS-Approach-Metropolis-of-Rhapta,18
Rhapta,3,"Almost touches Azania. — Our author's ideas of the world in general are similar to those of Pomponius Alela, with whom he was nearly contemporary; whose map (reproduced on p. 100) retains the old idea of a balancing southern continent of the Antich- thones, "" with the eastern end of which he identifies Taprobane.",Schoff-1912-Periplus-of-the-Erythraean-Sea,0
Rhapta,3,"On the basis of finds, Chami has placed Rhapta in the Rufiji Delta, and while further exploration is needed, to date it is the most convincing location.",Tomber-2008-Indo-Roman-Trade-From-Pots-to-Pepper,100
Rhapta,3,"Thompson, Cambridge: Cambridge University Press (2013), pp. 218–31. 22 Cary and Warmington, The Ancient Explorers, op. cit.; Chami, The unity of African ancient history, op. cit.; Chami F., ‘Graeco-Roman documents about Azania: A new look at some controversial issues’, in Combining the past and the Present: archaeological perspectives on society, ed.",apa-IndOc-Gulf-Azania-Chami2017,5
Rhapta,3,"It is at this juncture that we should consider the excavations of the Mafia Island sites, just opposite the Rufiji Delta, particularly the Ukunju limestone cave.",apa-IndOc-Gulf-Azania-Chami2017,11
Rhapta,3,"Chelonia mydas 2 2 Caprine (Ovis/Capra) 2 2 Muridae (rats, gerbils, mice) 1 1 Small rodent 3 3 Small snake 1 1 2 Micro-animal (possible bird or bat) 2 2 4 Mammal size 0.5-1 (hyrax-sized) 1 3 4 Mammal size 1-2 (duiker-sized) 4 4 Total non-fish NISP 1 2 0 10 9 22 Fish Acanthuridae (surgeonfish) 1 1 Albulidae (bonefish) 1 1 Lethrinidae (emperors) 1 1 2 Mullidae (mullets) 1 1 Ostraciidae (cowfish) 1 1 Scaridae (parrotfish) 1 4 8 13 Serranidae (groupers) 1 1 Not identified 1 41 92 134 Total fish NISP 1 1 1 48 103 154 Azania: Archaeological Research in Africa 37 Downloaded by [UQ Library] at 16:00 06 March 2014 concentrated at the base of the context, as well as in Context 102 (Table 3).",apa-IndOc-Gulf-Mafia-Crowther2014,0
Rhapta,3,"Like the modern day people of the Rufiji Delta and Bwejuu Island, Claudius Ptolemy in his Geographia identifies the people of the region as Rapfiji which is obviously an ancient corruption of Rufiji [4].",apa-IndOc-Gulf-Mafia-Ryano2021,0
Rhapta,3,"Although no Kwale site was ex- cavated in this field season, other excavated Kwale sites on the littoral and islands (Chami and Msemwa 1997a and b) indicate that the central coast and the area around the Rufiji delta have a high concentra- tion of Kwale sites.",apa-IndOc-Gulf-Rhapta-Chami1998,0
Rhapta,3,"This study describes archaeological excavations carried out at Unguja Ukuu on the main island of Zanzibar, Tanzania.",apa-IndOc-Gulf-Zanzibar-Juma2004,4
Rhapta,3,The deep sands stretch inland about 7 km and meet the residual hill of Kaebona at an altitude of over 25 m. 4.2 The initial survey Three test pits excavated at Unguja Ukuu during the preliminary investigation of 1984 directed by Horton with the support from the British Institute in Eastern Africa were part of the general survey for the Islands of Zanzibar (Clark & Horton 1984/5).,apa-IndOc-Gulf-Zanzibar-Juma2004,0
Rhapta,3,"(a) Unit A 0 100 200 300 400 1 2 3 4 5 6 7 8 9 10 11 12 13 14 15 16 17 18 19 20 21 22 23 24 25 26 27 28 29 30 31 32 33 34 35 36 37 38 39 40 41 42 43 profile numbers (b) Unit B Plate 5.1, Hassan and Barnet dry-sieving the excavated earth with a 1 mm wire mesh. 70 Unguja Ukuu Layer 3 (c. 18 cm thick; 30–40 cm): Dusty grey deposit surrounded the debris of large blocks of porites coral, Feature A1 (Fig 5.4a).",apa-IndOc-Gulf-Zanzibar-Juma2004,0
Rhapta,3,"Excavation profiles, Unit B 74 Unguja Ukuu (Plate 6 No. 11) found in this layer appears to date this deposit to c.700–800 AD.",apa-IndOc-Gulf-Zanzibar-Juma2004,0
Rhapta,3,"Broad shallow excavation, Units F–I, at the site of the mosque (Zone L2). 76 Unguja Ukuu Layer 4 (c. 9 cm thick; 35–44 cm deep): Light and dark brown earth.",apa-IndOc-Gulf-Zanzibar-Juma2004,75
Rhapta,3,"Excavation profiles, Unit J. 78 Unguja Ukuu Unit K: Unit K (size 1 x 2m, deep 0.8–0.9m) was opened near the western incline of the ridge, c. 45-m northeast of the stone well.",apa-IndOc-Gulf-Zanzibar-Juma2004,0
Rhapta,3,Plate 7.3 No. 2 emperor fish Plate 7.3 No. 1 parrot fish 130 Unguja Ukuu One right mandible of wrasses (Labridae) has been identified.,apa-IndOc-Gulf-Zanzibar-Juma2004,0
Rhapta,3,"Archaeological evidence and historical accounts suggest that Unguja Ukuu, situated on the southern coast of Unguja (Zanzibar) Island, Zanzibar Archipelago (Figure 1), represents one of the earliest known nucleated trading settlements on the Swahili coast (Crowther et al. 2015; Fitton 2017; Fitton and Wynne-Jones 2017; Horton and Middleton 2000; Juma 2004; Sulas, Kristiansen, and Wynne-Jones 2019; Wynne-Jones et al. 2021).",apa-IndOc-Gulf-Zanzibar-Kotarba2022,3
Rhapta,3,"However, micromorphology is a powerful tool for interrogating a stratigraphic THE JOURNAL OF ISLAND AND COASTAL ARCHAEOLOGY 29 sequence at a scale beyond the visible spectrum and allied with sedimentological analyses at Unguja Ukuu has been invaluable for identifying microfragments of anthropogenic detritus, which in their variable frequencies, record phases of activity at the site or in the near vicinity.",apa-IndOc-Gulf-Zanzibar-Kotarba2022,30
Rhapta,3,"Acknowledgements Fieldwork at Unguja Ukuu was carried out under a Research Permit issued by the Office of Chief Government Statistician, Zanzibar Research Committee, and an excavation license issued by the Zanzibar Department of Museums and Antiquities.",apa-IndOc-Gulf-Zanzibar-Kotarba2022,0
Rhapta,2,"Although there are several translations of the Roman documents that provided insight into Azania and its ports (Chami, Bita & Bushozi 2024), research and discussion on the location of Rhapta took many years from 1945 until evidence of its definite Downloaded from https://www.cambridge.org/core. 16 Sep 2026 at 22:48:24, subject to the Cambridge Core terms of use. 458 Felix A.",Azania-cross-cultural-exchanges,4
Rhapta,2,"Baxter is recorded as the first person who suggested that Rhapta was located at the delta of the Pangani River on the northern coast of Tanzania (Allen 1949) (Fig. 4), a claim accepted by Allen.",Azania-cross-cultural-exchanges,5
Rhapta,2,"At the same time, scholars such as Huntingford (1980), Chittick (1982), and Casson (1989) proposed the Rufiji River Delta as the location of the ancient port.",Azania-cross-cultural-exchanges,0
Rhapta,2,"It has been pointed out elsewhere why scholars preferred to place Rhapta on other points of the East African coast rather than the Rufiji River Delta and its offshore islands of the Mafia archipelago (Fig. 4) that has now been established as the location of Rhapta (Chami, Bita & Bushozi 2024).",Azania-cross-cultural-exchanges,5
Rhapta,2,"More evidence of the cultural and economic link between Southeast Asia and Azania was reported later by Claudius Ptolemy, arguing that the origin of cinnamon and cassia was in Southeast Asia.",Azania-cross-cultural-exchanges,9
Rhapta,2,Archeological evidence of cultural and economic connections of Azania with other ancient civilizations Artifacts that suggest cultural and economic links between Azania and ancient civilizations in other parts of the world were found in archeological sites along the coast of East Africa or the ancient Azania coast.,Azania-cross-cultural-exchanges,10
Rhapta,2,"Another evidence of cultural and economic connections between Azania and other ancient civilizations is the discovery of Roman beads, including the segmented gold in silver beads that were produced on the Mediterranean island of Rhodes (Fig. 11).",Azania-cross-cultural-exchanges,11
Rhapta,2,I hope the filming of the discovered sites of Rhapta by Discovery Channel and the issues discussed in this paper will generate more research interest.,Azania-cross-cultural-exchanges,15
Rhapta,2,"Bita C, Chami F and Bushozi P (2022) ‘Underwater Archeological Survey of Mafia, Southeast Tanzania: Discovery of Pottery of Transoceanic Connections and the Location of the Ancient Port of Rhapta’, Journal of Indian Ocean Archeology 18: 69–82.",Azania-cross-cultural-exchanges,16
Rhapta,2,"Grottanelli argues that perhaps neither Cushites nor Bantus were there at the time, that ""the Asiatic merchants operating in the area of the Horn may have had to deal exclusively with hordes of hunters"" (Chittick-Rotberg 71; cf. 20, where Chittick rightly asserts just the opposite). 15:5.18 Azania Cf.",Casson-1989-Periplus-Maris-Erythraei-text-translation-commentary,0
Rhapta,2,"And last, the distance works out nicely: from Ras Hafun to the Lamu Archipelago is around 1000 nautical miles, or the equivalent of twenty runs—just about the number the author assigns (six for the Small and 139 G E N E R A L C O M M E N T A R Y Great Bluffs, six for the Small and Great Beaches, and seven or nine for the runs of Azania). 15:5.26 Menuthias Some 170 nautical miles south of the Lamu Archipelago is the first of three large islands, Pemba.",Casson-1989-Periplus-Maris-Erythraei-text-translation-commentary,0
Rhapta,2,"The one would put Rhapta about one degree north of, and the other one degree south of, Dar es Salaam (6°49'S, 39°I8'E).",Casson-1989-Periplus-Maris-Erythraei-text-translation-commentary,0
Rhapta,2,"Lacroix (1998), and Chami (2006, 2017, have considered the Rufiji River area on the central coast of Tanzania as the most preferable place for the location of Rhapta.",Chami-2021-Geographical-Extent-of-Azania,0
Rhapta,2,"The second archaeological point supporting a possible extension of Azania to southern Africa is the actual find of coins and materials of trade in Southern Africa itself, similar to those found in East Africa from the civilisations of the north suggesting trade connections (Horton 1996).",Chami-2021-Geographical-Extent-of-Azania,11
Rhapta,2,Probably another important and third archaeological point which can be used to pin South Africa to Azania in ancient times has been the find of Kwale variant pottery in Natal and Transvaal.,Chami-2021-Geographical-Extent-of-Azania,0
Rhapta,2,Probably it is more parsimonious to use this evidence of strong cultural affinity between Southern Africa and East Africa in ancient times as good support of the Azanians’ cultural and trade extension The Geographical Extent of Azania 23 to South Africa.,Chami-2021-Geographical-Extent-of-Azania,11
Rhapta,2,"Archaeological, linguistic, and historical evidence is enticing one to argue that the people of the whole region settled by Bantu speakers in eastern as far as southern Africa were Azanians in the manner of the near modern and the medieval period Swahili control of the larger region (Chittick 1974; Pikirayi 1993; Posnansky 1975;).",Chami-2021-Geographical-Extent-of-Azania,12
Rhapta,2,Surprisingly archaeologists already conceived a model to solve the problem of location and geographical extension of Azania.,Chami-2021-Geographical-Extent-of-Azania,12
Rhapta,2,"As is common in the case of geographic accounts from this era, it is entirely plausible that the author measured the distance from the Pyralaoi Islands to the very first sighting of Menouthias; this distance would, then, given the southerly direction of travel, refer to the northern tip of the island, or a point roughly perpendicular to this part of the island along the coast.",Hughes-2016-GIS-Approach-Metropolis-of-Rhapta,0
Rhapta,2,"The case for Pemba being Menouthias is thus the strongest of the three islands considering the distance measured from the northern tip of the island, which would have been the first point of contact for a merchant heading south and also corresponds to the most likely distance from the Pyralaoi Islands.",Hughes-2016-GIS-Approach-Metropolis-of-Rhapta,0
Rhapta,2,"The author either begins his reckoning of distance from the tip of Menouthias or the coast on the mainland at the same latitude as the tip of the island to measure the distance from this island to Rhapta; either reference could work for the journey from Pemba to Dar es Salaam, depending on the most direct route from each starting point.",Hughes-2016-GIS-Approach-Metropolis-of-Rhapta,10
Rhapta,2,"It is possible that Rhapta was located in the area around the Rufiji delta, but this would depend on Zanzibar being Menouthias, and, as we have seen, there is no reason to suspect this based on the other distances mentioned in the Periplus.",Hughes-2016-GIS-Approach-Metropolis-of-Rhapta,0
Rhapta,2,It thus becomes apparent when using GIS to analyze the distances and descriptions in the Periplus that a location for Rhapta in the proximity of Dar es Salaam seems most probable.,Hughes-2016-GIS-Approach-Metropolis-of-Rhapta,10
Rhapta,2,Ptolemy’s coordinates for these locations have been plotted in order to compare them with the locations predicted from the account of the Periplus in the hope of narrowing down the search for Rhapta.,Hughes-2016-GIS-Approach-Metropolis-of-Rhapta,0
Rhapta,2,"Next, instead of using the site of Rhapta as a control point, the mouth of the Rhaptos river will be used; while, however, we know Rhapta is only a short sail up from the mouth of the river, we do not know on which side of the river it lay or the course of the river at the time.",Hughes-2016-GIS-Approach-Metropolis-of-Rhapta,0
Rhapta,2,"If that be Pemba, Rhapta would be the modern Pangani (5° 25' S., 38° 59' E. ), at the mouth of the river of the same name ; if Zanzibar, it would be at or near Bagamoyo (6° 31' S., 38° 50' E. ); if Monfiyeh, the modern Kilwa (8° 57' S. , 39° 38' E. ). \^incent's insistence upon Kilwa is very likely well grounded, from the suggestion of the ancient name; that is, if the text is a mutilated description of three islands known to exist in close proximity, the last market-town of the continent"" would naturally be below the southernmost island, Monfiyeh.",Schoff-1912-Periplus-of-the-Erythraean-Sea,0
Rhapta,2,"The Periplus mentions Rhapta, some distance south of the Zanzibar islands, as the last settlement on the coast; and Ptolemy describes Cape Delgado.",Schoff-1912-Periplus-of-the-Erythraean-Sea,0
Rhapta,2,"It is also likely from Diogenes that Ptolemy knew about the range of mountains running east–west, likely the Usambara - Pare range of mountains in northern Tanzania.21 Another person well acquainted with Azania is Theophilus, reported to have frequently visited Azania and to have travelled as far south as Cape Delgado, situated on the modern border between Tanzania and Mozambique on 12˚ S latitude which runs through the Comoros and Madagascar.22 It is probably from people like Theophilus that Ptolemy got his information about Madagascar.",apa-IndOc-Gulf-Azania-Chami2017,5
Rhapta,2,"This evidence of ancient trade coincides with the high peak of the Neolithic civilization in East Africa, when we have archaeological evidence of 27 Chittick N., ‘Six early coins from near Tanga’, Azania 1 (1966), 156–157.",apa-IndOc-Gulf-Azania-Chami2017,7
Rhapta,2,"The district of the Rufiji Delta, proposed by this author to be the location of Rhapta, was first archaeologically surveyed in 1995 and 1996.",apa-IndOc-Gulf-Azania-Chami2017,8
Rhapta,2,"The sailing vessel entered the river from the deep ocean, heading towards the site where the Roman beads were found, acting as if entering the ancient emporium of Rhapta.39 The culture of the EIW tradition, which provides the context in which the Roman beads were discovered, is known to have intensively and extensively smelted iron.40 It has been argued elsewhere that one reason for Roman interest 34 Schmidt P. et al., An archaeological investigation in the vicinity of Mkiu, Kisarawe District, Tanzania, Dar-es-Salaam: University of Dar-es-Salaam Press (1992).",apa-IndOc-Gulf-Azania-Chami2017,9
Rhapta,2,"For more on the location of Rhapta, see Chami F. and Mapunda B., ‘The archaeological reconnaissance north of the Rufiji Delta’, Nyame Akuma 49 (1996), 62–78; Chami F., ‘The archaeology of the Rufiji Region’, Studies in the African Past 1 (2001), 7–20; Chami F. and P.",apa-IndOc-Gulf-Azania-Chami2017,0
Rhapta,2,"Following the discoveries in Machaga cave, several journal articles were published in relation to the implications of the finds 41 Chami F., ‘Graeco-Roman trade link and the Bantu migration theory’, Anthropos 94 (1999), 205–215. 42 Hodges R., Dark Age Economics, London: Duckworth (1989); Greene K., The Archaeology of the Roman Economy, London: Batsford (1992). 43 Phillipson, African Archaeology, op. cit.; Soper R., ‘A general Review of Early Iron Age of the southern half of Africa’, Azania 5 (1971), 39–52. 44 Chami F., ‘Graeco-Roman trade link and the Bantu migration theory’, op. cit.",apa-IndOc-Gulf-Azania-Chami2017,10
Rhapta,2,"The discovery of that cave happened together with the discovery of many sites of EIW period, similar to those of the Rufiji Delta,47 now known as Rhaptonoid culture.48 Important findings in relation to ancient Indian Ocean seafaring came from these caves.",apa-IndOc-Gulf-Azania-Chami2017,0
Rhapta,2,"Felix Chami 534 should also mention an earlier discovery made at the Unguja Ukuu site on southeast Unguja, Zanzibar, by Juma Abdurahaman, of Roman pottery and Egyptian alabaster potsherds.",apa-IndOc-Gulf-Azania-Chami2017,0
Rhapta,2,"Such a suggestion corresponds to descriptions of trade between the East African (Azanian) coast and regions to the north as described in such Classical sources as the Periplus of the Erythraean Sea, argued to date to the first century AD (Casson 1989; see also Horton 1990; Vansina 1997; Chami and Kwekason 2003).",apa-IndOc-Gulf-Mafia-Crowther2014,0
Rhapta,2,The second problem is the location of Bwejuu Island at only 15 km offshore the Rufiji Delta and on the southwest of the Main Mafia Island.,apa-IndOc-Gulf-Mafia-Ryano2021,0
Rhapta,2,"The Mafia archipelago which is located opposite the Rufiji Delta at just some 15 km offshore, falls within the geographical area in which Rhapta could have been physically placed.",apa-IndOc-Gulf-Mafia-Ryano2021,0
Rhapta,2,"The Location and Description of the Site Bwejuu Island (7°56'S, 39°31'E) is one of the eight islands forming the Mafia archipelago located on the central coast of Tanzania, about 15 km offshore east of the Rufiji Delta.",apa-IndOc-Gulf-Mafia-Ryano2021,0
Rhapta,2,"Surface colours of the sherds are commonly red (n=234, 57.2%) and brown (n=166, 40.6%), but few examples have buff colour 30 Mandela Peter Ryano and Felix Arkard Chami: A Find of Transoceanic Pottery at Bwejuu Island of the Rufiji Delta and Mafia Island, Tanzania: More Clue to the Elusive Ancient Azania’s Metropolis of Rhapta (n=9, 2.2%).",apa-IndOc-Gulf-Mafia-Ryano2021,0
Rhapta,2,"(2014) “Iron Age agriculture, fishing and trade in the Mafia archipelago, Tanzania: new evidence from Ukunju Cave,” Azania 49, No. 1: 21–44. [17] Datoo, B (1970) “Rhapta, the location and importance of East Africa’s first port,” Azania 5: 65–75. [18] Freeman-Grenville, G (1962) The Medieval History of the Coast of Tanganyika.",apa-IndOc-Gulf-Mafia-Ryano2021,10
Rhapta,2,We also conducted a casual reconnaisance south of the Rufiji river par- ticularly around Utete town and the free animal hunt- ing zone south of Utete.,apa-IndOc-Gulf-Rhapta-Chami1998,0
Rhapta,2,"Generally speaking, it is difficult to find iron materials, particularly of the EIW period in wet climates such as the Rufiji delta which tend to catalyse its corrosion.",apa-IndOc-Gulf-Rhapta-Chami1998,0
Rhapta,2,"He probably followed a trade route from Rhapta to the deep interior where he discovered the Mountains of the Moon (Ruwenzori), as well as the river (Kagera) from the mountains that fed into a lake (Nyanza/Victoria) which was the source of Nile (Huntingford 1980).",apa-IndOc-Gulf-Rhapta-Chami2002,9
Rhapta,2,"Its size and the fact that it grew up after the primary occupation at Unguja Ukuu, may suggest that it was an urban centre and subsequent capital for the Island prior to the shift to Tumbatu Island perhaps around the mid-12th century AD.",apa-IndOc-Gulf-Zanzibar-Juma2004,20
Rhapta,2,"Limbo, located in the hinterland (district of Kisarawe) north of the Rufiji (Chami 1988; LaViolette et al. 1989), is so far the largest known site (c. 3000 sq. m) and one is tempted to think of it as having been part of the early urban network connected to Rhapta as its major seaport.",apa-IndOc-Gulf-Zanzibar-Juma2004,28
Rhapta,2,This perhaps summarizes the wider context in which Unguja Ukuu was founded as an 37 Theoretical Perspectives important centre on a new location.,apa-IndOc-Gulf-Zanzibar-Juma2004,0
Rhapta,2,"Hence, migrants from local villages on the Zanzibar Islands, remnants of the Late Stone Age communities whose presence before the turn of the first millennium AD has been recently attested on the Islands, and perhaps those of the Late Horizon Cycle I settlements from the Rufiji area whose cultural importance continued up to c. 600 AD (Chami 2001b, p. 84; 2001a, p. 17), and perhaps others from elsewhere, might have been motivated to establish Unguja Ukuu as a market town in the region.",apa-IndOc-Gulf-Zanzibar-Juma2004,0
Rhapta,2,Perhaps the latter sample 84 Unguja Ukuu (Ua-5198) suggesting a date between 1450–1650 AD provides the chronology of the burial and contributing also to the general chronology of the site for the reoccupation Period IIb.,apa-IndOc-Gulf-Zanzibar-Juma2004,0
Rhapta,2,"Most types of imported pottery used in suggesting the chronology at Unguja Ukuu have been reported earlier from other early coastal sites, and the pottery chronology largely concurs with propositions made from other studies (e.g.",apa-IndOc-Gulf-Zanzibar-Juma2004,84
Rhapta,2,One body sherd of this ware has been recovered at Unguja Ukuu but not from a Period I context.,apa-IndOc-Gulf-Zanzibar-Juma2004,108
Rhapta,2,"One base, a few rims and body sherds of typical later sgraffiato from southern Iran have been also recovered from the upper levels of Unguja Ukuu.",apa-IndOc-Gulf-Zanzibar-Juma2004,111
Rhapta,2,"These places include the Rufiji delta in Tanzania that produced Roman beads, apart from such beads fortuitously discovered from other probably Rhapta-related sites.",apa-IndOc-Gulf-Zanzibar-Juma2004,0
Rhapta,2,Cycle I communities like Rhapta were apparently located quite far away from the present seashore (Casson 1989) and probably used inland watercourses or channels for access to the open sea.,apa-IndOc-Gulf-Zanzibar-Juma2004,0
Rhapta,2,The pumice stones recovered on natural sand at Unguja Ukuu from Unit A may be a possible indication of these changes in sea level that influenced the environment and location of sites in the region.,apa-IndOc-Gulf-Zanzibar-Juma2004,147
Rhapta,2,"Two potsherds noticed in the basal level of Unguja Ukuu possibly imply that the makers of the Kwale tradition pottery arrived ashore on Zanzibar, but perhaps they did not expand over the Islands, or the fragments represent residual vessels from the mainland conveyed to the Islands by an advanced party of the Later Farming community that initially joined the settlement.",apa-IndOc-Gulf-Zanzibar-Juma2004,0
Rhapta,2,The suggestion made on the basis of the place-name Unguja Ukuu (Chapter 1) considers that the site functioned as the primary ceremonial centre.,apa-IndOc-Gulf-Zanzibar-Juma2004,0
Rhapta,2,"The broader conclusions of the investigations at Unguja Ukuu are presented in the next chapter. 156 Unguja Ukuu 157 Conclusions In examining the general problem of the archaeological characterisation of early urbanism on the east African coast, this study has documented the nonstone primary occupation at Unguja Ukuu on Zanzibar and proposed an inferential approach for interpreting the former existence of urbanism at the site.",apa-IndOc-Gulf-Zanzibar-Juma2004,155
Rhapta,2,"Dark anthropogenic soils, like those formed in Unguja Ukuu by rapid deposition of organic- and phosphate-rich settlement waste and prolonged tropical pedogenesis, may, therefore, be used as markers for undiscovered thatch-and-earth settlements on the eastern African littoral, alongside ceramic clusters and other artefactual evidence.",apa-IndOc-Gulf-Zanzibar-Kotarba2022,0
Rhapta,1,The Periplus also reported other exported and imported tradegoods.IndianandChineserecordsprovidedevidenceofconnectionswithAzania.,Azania-cross-cultural-exchanges,1
Rhapta,1,He argued instead that the spices that reached Azania were brought there by people who had sailed for years from a region far east of the Indian Ocean.,Azania-cross-cultural-exchanges,0
Rhapta,1,The people he recognized as cave dwellers of the coast of Azania sailed for some distances to receive the spices and transported them to the interior of Azania from where they were ferried via the Nile River to the Mediterranean world (Miller 1969).,Azania-cross-cultural-exchanges,2
Rhapta,1,"Chami would reach the emporium of Rhapta, the capital of Azania located at a navigable river (Casson 1989).",Azania-cross-cultural-exchanges,0
Rhapta,1,"He also reported about a snow-capped mountain that had three peaks – clearly referring to Mount Kilimanjaro on the north of Tanzania (Chami & Silayo 2023) – and about Rhapta, noting that it was on a promontory.",Azania-cross-cultural-exchanges,3
Rhapta,1,"Probably the earliest one is the report by the Periplus that the people of Azania were big bodied, soil tillers, and hence regarded to be agricultural, as translated by Casson (1989).",Azania-cross-cultural-exchanges,3
Rhapta,1,It should be noted here that additional research on Rhapta that continued after 2019 has discovered both the emporium and the metropolis of Rhapta in the Mafia archipelago.,Azania-cross-cultural-exchanges,5
Rhapta,1,Researches that followed have confirmed the view that the underwater site was the location of Rhapta and hence the capital of Azania.,Azania-cross-cultural-exchanges,5
Rhapta,1,The first theory proposed that the modern delta of the Rufiji River is not the one referred to in the Roman documents.,Azania-cross-cultural-exchanges,5
Rhapta,1,"The second theory proposed that the metropolis of Rhapta that was first reported by Claudius Ptolemy was at the northwestern part of the main island of Mafia where its 1See Bita, Bushozi & Chami (2023); Chami, Bita & Bushozi (2024).",Azania-cross-cultural-exchanges,5
Rhapta,1,The coast of Tanzania showing places thought to have been the ancient location of Rhapta. coral reef extended to the ocean for several kilometers to form a promontory since the Neolithic period or even before.,Azania-cross-cultural-exchanges,5
Rhapta,1,It is this sailing description that Datoo (1970) tried to explain by arguing that the river described by the Romans at Rhapta flows north-south parallel to the coast and turns east at a point to enter the ocean.,Azania-cross-cultural-exchanges,0
Rhapta,1,"Our theory is that from the ocean, one had to sail for about 40 miles to reach the southwest point of the main island, the place known as Kisimani Mafia (Fig. 7), and turn north along the shallow ocean water between the main Mafia Island and the modern Rufiji region.",Azania-cross-cultural-exchanges,7
Rhapta,1,"Map showing the ancient location of the two ports of Rhapta, the emporium at Chole Bay, and the metropolis at Mwamba Ukuta.",Azania-cross-cultural-exchanges,7
Rhapta,1,"In his first mention of Azania, he argued that the spices originated from a region far in the East, and they were brought to East Africa or Azania by people who sailed for years before reaching the West Indian Ocean seaboard.",Azania-cross-cultural-exchanges,0
Rhapta,1,"As discussed by Miller (1969), Pliny is clearly arguing that there were cultural connections between Azania and the people of Southeast Asia, who came with spices and returned with finished metal products of Azania.",Azania-cross-cultural-exchanges,9
Rhapta,1,"People of Azania had to have been iron smelters, and by 400 CE they are also known to have copper and lead objects, probably worked with a technology that they had even before that time (Chami 1994).",Azania-cross-cultural-exchanges,0
Rhapta,1,Ptolemy also recounted that the people of that region had knowledge about Azania and its capital Rhapta’s location on a promontory in the southern part of Azania (McLaughlin 2018).,Azania-cross-cultural-exchanges,9
Rhapta,1,"According to Pliny the Elder, the Chinese also reported of the long distance it took to travel from Southeast Asia to Azania, and were aware of the existing connection between the Persian Gulf and Azania.",Azania-cross-cultural-exchanges,9
Rhapta,1,"Sunil Gupta believes that the report refers to Azania during the Roman period, as Indian potteries of different types have been recovered from sites of the Mafia archipelago2.",Azania-cross-cultural-exchanges,9
Rhapta,1,"Dioscurus is reported to have bypassed Theophilus (Cary & Warmington 1929), which could probably have meant that he traveled to Azania or to regions beyond Rhapta, such as to southern Africa, many more times.",Azania-cross-cultural-exchanges,10
Rhapta,1,The outstanding evidence is coins from different regions of the ancient world found in the Azania region extending to southern Africa.,Azania-cross-cultural-exchanges,10
Rhapta,1,"Many more beads of the Greek and Phoenician culture were recovered from the Ukunju Cave on the Mafia archipelago (Chami 2006) close to Rhapta (Chami, Bita & Bushozi 2024).",Azania-cross-cultural-exchanges,0
Rhapta,1,"Beads of Indian origin, including carnelian beads, were recovered from the Misasa site, also in the Rufiji region (Chami 1994; Gupta 2021).",Azania-cross-cultural-exchanges,0
Rhapta,1,"The recovery of these and other beads in the Rufiji region, along with various glass materials found on the coast of East Africa/Azania, was published by Sunil Gupta as evidence that Azania had trade connections with other ancient civilization as far as Southeast Asia.",Azania-cross-cultural-exchanges,11
Rhapta,1,"It should be noted here that not only artifacts of transoceanic cultural and trade materials have been recovered from the Azania region, but also remains of domesticates that could either have been brought from Asia or transported there from Azania in the Roman period or even before.",Azania-cross-cultural-exchanges,11
Rhapta,1,"On Mlongo, Mafia Island, Walz and Kwekason (2022) also discovered coconut fronds used by the people of Azania for roofing.",Azania-cross-cultural-exchanges,0
Rhapta,1,"In that undertaking, both Claudius Ptolemy’s metropolis of Rhapta and the emporium of Rhapta depicted in the Periplus were discovered.",Azania-cross-cultural-exchanges,12
Rhapta,1,Roman segmented gold in glass beads that were recovered from several sites of ancient Azania also indicate that the ancient tradition continued to the modern time (Chami & Silayo 2023).,Azania-cross-cultural-exchanges,0
Rhapta,1,"I questioned this explanation by arguing that the existence of variants of Bantu-speaking peoples’ culture in these three parts of the Sub-Saharan Africa was the effect of the Roman trade that extended to the deep region of Africa from the coast of Azania (Chami 1999c), for the same effect is also observed on the Comoros and Madagascar (Chami 2010, 2021).",Azania-cross-cultural-exchanges,0
Rhapta,1,"All our recent publications cited in this paper provide new archeological evidence of Rhapta, related architectural structures, and artifacts of transoceanic connections.",Azania-cross-cultural-exchanges,0
Rhapta,1,I also thank Dan Olofsson and Alan Sutton for being the first people to fund research on the discovered underwater site of Rhapta.,Azania-cross-cultural-exchanges,15
Rhapta,1,"Chami F, Bita C and Bushozi P (2024) The Delayed Discovery of Azania’s Elusive Capital Rhapta, Utafiti 19(1): 27–54.",Azania-cross-cultural-exchanges,16
Rhapta,1,"Datoo BA (1970) Rhapta: the Location and Importance of East Africa’s First Port, Azania: Archaeological Research in Africa 5(1): 65–75.",Azania-cross-cultural-exchanges,17
Rhapta,1,"Mandela PR and Chami FA (2021) A Find of Transoceanic Pottery at Bwejuu Island of the Rufiji Delta and Mafia Island, Tanzania: More Clue to the Elusive Ancient Azania’s Metropolis of Rhapta, International journal of Archeology 9(1): 24–33.",Azania-cross-cultural-exchanges,17
Rhapta,1,"South of Opone began what the author calls Azania (15:5.17-18, 16:6.3), the coast of Africa down to Rhapta in the vicinity of Dar es Salaam.",Casson-1989-Periplus-Maris-Erythraei-text-translation-commentary,0
Rhapta,1,"The southwest corner of the peninsula, from north of Muza on the Red Sea around to at least Eudaimon Arabia on the site of modern Aden (26:8.23-24), was the kingdom of the Sabaeans and Homerites to which Azania was subject; it was ruled by Charibael, with his capital at Saphar (23:7.27-29 and note ad loc.).",Casson-1989-Periplus-Maris-Erythraei-text-translation-commentary,0
Rhapta,1,"Yadin, The Finds from the Bar Kokhba Period in the Cave of Letters (Jerusalem, 1963), 241-44 (double-fringed kerchiefs), 245-46 (double-fringed spreads), 246-47 (double-fringed scarves). 6:2.25-26 glass stones and also of millefiori glass ""Glass stones"" occurs as well among the items imported by Avalites (7:3.16) and by Rhapta and the Azanian ports (17:6.15-16).",Casson-1989-Periplus-Maris-Erythraei-text-translation-commentary,0
Rhapta,1,"Chittick reports (Azania 16 [1981]: 187) that he ""was told of a hamlet along the coast to east of Zaila with a name resembling Abalit""; this would not answer to the location in the Periplus any more than Zeila itself.",Casson-1989-Periplus-Maris-Erythraei-text-translation-commentary,0
Rhapta,1,"Ptolemy 1.17.9 where, as here, the name is used of the land south of Opone as far as Rhapta (although Ptolemy at one point [4.7.28] defines it more narrowly as the hinterland back of the coast).",Casson-1989-Periplus-Maris-Erythraei-text-translation-commentary,0
Rhapta,1,"Pliny (6.172) mentions an ""Azanian Sea,"" but this has scant relevance since he places it north of Adulis (cf.",Casson-1989-Periplus-Maris-Erythraei-text-translation-commentary,0
Rhapta,1,"He also mentions (6.176) a people called the Zangenae, whom H. von Wissmann, RE suppl. 11.1337-48 (1968), connects with Azania and locates in eastern Africa.",Casson-1989-Periplus-Maris-Erythraei-text-translation-commentary,0
Rhapta,1,"Chittick, who traveled the area by land, states (Azania 11 [i976]:i2o): ""From there [Hafun] southwards to El Fosc ('Eel Fosk), lat. 7°IO'N, south of Ras al-Khayl, the coast is mostly exceedingly rocky and inhospitable, with steep cliffs plunging into the sea; these are the 'small and great bluffs of Azania' of the Periplus (sec. 15).",Casson-1989-Periplus-Maris-Erythraei-text-translation-commentary,0
Rhapta,1,"For whatever reason, the author's estimates of distance for this part of the coast of Africa work out better than those given for the parts described hitherto; cf. under 9:4.1 and 15:5.24. 15:5.21 the runs of Azania The same expression is used by Marcianus (13 = GGMi 523). 137 G E N E R A L C O M M E N T A R Y 15:5.22-24 Sarapion run; then the Nikon . . . seven in all Along the stretch of coast after the Great Beach, i.e., from Warsheik on, harbors are plentiful; indeed, the Arabic name for it is Banadir, ""coast of harbors"" (see Chittick cited under 15:5.18-20).",Casson-1989-Periplus-Maris-Erythraei-text-translation-commentary,0
Rhapta,1,"Sheriff in Mokhtar 562) place Nikon at Bircao (Bur Gao, Port Durnford, i°i3'S, 4i°53'E), but that is far enough south to be the next to the last of the runs of Azania; see under 15:5.22-24. 15:5.24 the Pyralaoi Islands and what is called the Canal On the form of the name, see under B 15:5.24.",Casson-1989-Periplus-Maris-Erythraei-text-translation-commentary,0
Rhapta,1,"A key argument put forth for Pemba is that vessels must pass it to arrive at Zanzibar and, if Zanzibar is Menuthias, then the author inexplicably failed to mention Pemba (cf.",Casson-1989-Periplus-Maris-Erythraei-text-translation-commentary,0
Rhapta,1,"Datoo, ""Rhapta: The Location and Importance of East Africa's First Port,"" Azania 5 (1970): 65-75 at 68.",Casson-1989-Periplus-Maris-Erythraei-text-translation-commentary,0
Rhapta,1,"The only candidates are the mouth of the Pangani (5°26'S, 39°i'E) and the delta of the Rufiji (7°49'S, 39°27'E); cf.",Casson-1989-Periplus-Maris-Erythraei-text-translation-commentary,0
Rhapta,1,"Miiller himself suggested ( G G M ii, The emendation makes the spelling conform to that in Ptolemy (4.8.2, 7.2.1). duced the word into his text, and since then, though the reading has neither paleographical nor other grounds to recommend it, Rhapta's ""pirates"" have made their way into almost all translations (Fabricius; Schoff; Freeman-Grenville [op. cit. under B I5:5.25~26a] 2 [although elsewhere he rejects the emendation (op. cit. under 15:5.17-16:6.13, 26, n. 17)]; Mauny [op. cit. under 7:3.13-14] 28; Huntingford) and even into some histories (e.g., CHA ii 373 [1978], Desanges 334, n. 165).",Casson-1989-Periplus-Maris-Erythraei-text-translation-commentary,0
Rhapta,1,"Berenice-Adulis 7000 (4000 + 3000) 530 4 : 1 . 1 9 - 2 0 (Foul Bay-Massawa) 5:2.16, 7:3.9 Adulis-Avalites 4800 (800 + 4000)7 250 (Massawa-Assab) A U T H O R ' S D I S T A N C E S FOR S H O R T R U N S APPENDIX 1 21:7.21 B e r e n i c ê - M u z a (Foul 120008 800 Bay-Mocha) If we turn from the figures for individual courses to their cumulative totals, we find that for the African trade route, which began at M y o s Hormos and ended at Rhapta, the author's under- and overestimates balance out to produce a remarkably accurate result.",Casson-1989-Periplus-Maris-Erythraei-text-translation-commentary,0
Rhapta,1,"The actual distance from Myos Hormos to Rhapta (Abu Sha'r to the vicinity of Dar es McCrindle, Fabricius.",Casson-1989-Periplus-Maris-Erythraei-text-translation-commentary,0
Rhapta,1,"This is less of an underestimate, since the actual distance from Astakapra to the very tip of the Salaam or to the Rufiji River some seventy-five miles further south) is ca. 3000 nautical miles.",Casson-1989-Periplus-Maris-Erythraei-text-translation-commentary,0
Rhapta,1,"Thus arrival at Rhapta, in the vicinity of Dar es Salaam, would have taken place in November or December.",Casson-1989-Periplus-Maris-Erythraei-text-translation-commentary,0
Rhapta,1,"Archaeological, historical, and linguistic data have been used to suggest Azania extended from the coast of East Africa to the Great Lakes region, central Africa and South Africa.",Chami-2021-Geographical-Extent-of-Azania,1
Rhapta,1,It is also argued that the people of Azania were Bantu speakers who were farming and smelting iron.,Chami-2021-Geographical-Extent-of-Azania,0
Rhapta,1,Miller (1969) has probably provided the best discussion of the East African Azania concerning Pliny’s report.,Chami-2021-Geographical-Extent-of-Azania,2
Rhapta,1,The most important one for the Periplus report was Rhapta which is portrayed probably as the capital of Azania (McLaughlin 2018).,Chami-2021-Geographical-Extent-of-Azania,0
Rhapta,1,"However, both early reports recognise Rhapta as having had been located at a bank of a navigable river at a day’s sail southward from an island only thirty miles offshore the mainland.",Chami-2021-Geographical-Extent-of-Azania,3
Rhapta,1,Most scholars agree this to be Zanzibar and hence agree Rhapta was located at the Rufiji River (Chittick 1982; Lacroix 1998).,Chami-2021-Geographical-Extent-of-Azania,0
Rhapta,1,Several scholars agreed with the earlier translation arguing that the people of Azania were Hamites or Cushites.,Chami-2021-Geographical-Extent-of-Azania,0
Rhapta,1,"This Hamitic thinking was hastily accepted by scholars since it had been an ideology since colonial times that it was Cushites who brought Neolithic and civilisation to Africa (for conspectus, see Seligman Figure 3: Underwater structures with right single joints, probably Rhapta houses.",Chami-2021-Geographical-Extent-of-Azania,0
Rhapta,1,Horton’s idea was supported by other scholars such as John Sutton who argued that the Azanians were “Cushitic – speakers” (Sutton 1994-5: 231).,Chami-2021-Geographical-Extent-of-Azania,6
Rhapta,1,"With this Cushitic ideology, many scholars were also influenced to think that Azania and its metropolis would have had been located more to the northern coast of East Africa close to Cushitic influence (Allen 1993).",Chami-2021-Geographical-Extent-of-Azania,0
Rhapta,1,"Many scholars, including the advocates of the Cushitic myth, changed their mind to accept that Azanians were Bantu speakers (Haaland and Msuya 2000; Horton and Middleton 2000; Pouwels 1999; Spear 2000; Sutton 1998; see also Horton and Chami 2018). 18 Felix Chami Discussion It was previously noted that the exact ancient cultural core of Azania is placed on the coast of East Africa, southern Somalia being to the north and the southern coast of Tanzania on the south.",Chami-2021-Geographical-Extent-of-Azania,0
Rhapta,1,"I previously noted about the Cushitic mythology and scholars who have preferred Rhapta, the capital of Azania, and Azania itself to be placed on the northern coast of East Africa near the Somalia region to allow the territory and its metropolis to be near the Cushitic territory of Somalia.",Chami-2021-Geographical-Extent-of-Azania,7
Rhapta,1,"That is how the Egyptian land of Punt and the Greek land of Panchea, which were predecessors of Azania, have been placed by most scholars (for conspectus, see Carry and Warmington 1963; Kitchen 1971; Kitchen 1993;).",Chami-2021-Geographical-Extent-of-Azania,0
Rhapta,1,The Geographical Extent of Azania 19 There are few points in the ancient historical records which can be used to help solve this problem.,Chami-2021-Geographical-Extent-of-Azania,0
Rhapta,1,"The first is the report that some individuals who visited Azania from the Roman world such as Theophilus and Dioscorus did also pay a visit to the territory south of the core of Azania, as far south as the Mozambican channel (Carry and Warmington 1963).",Chami-2021-Geographical-Extent-of-Azania,8
Rhapta,1,I have argued elsewhere that this skipper must have followed a caravan trade route which must have been used to ply goods between the two regions of East Africa or Azania (Chami 1999a; Chami and Ntandu 2018).,Chami-2021-Geographical-Extent-of-Azania,0
Rhapta,1,There are also several archaeological data that can be used to argue that Azania may have had extended to the Great Lakes region and Southern Africa.,Chami-2021-Geographical-Extent-of-Azania,9
Rhapta,1,"In the same manner as Zanzibar in the nineteenth century, the metropolis of Rhapta and Toniki in Azania acted as gateway communities in the manner proposed by other scholars (Dalton 1975; Renfrew 1977).",Chami-2021-Geographical-Extent-of-Azania,0
Rhapta,1,There is no evidence of the Roman or other foreigners settling in South Africa in ancient times enslaving Azanians.,Chami-2021-Geographical-Extent-of-Azania,11
Rhapta,1,"Surprisingly, what the nineteenth-century Europeans were trying to discover in eastern and central Africa had already been reported by the Romans (Chami and Ntandu 2018) A fourth archaeological point in connection to the extension of Azania to southern Africa is a reiteration of the point raised differently earlier that research on the islands of the Eastern African Indian Ocean seaboard from Zanzibar to Madagascar portrays sailing by the Early Iron Age people and their predecessors in ancient times concerning the finding of archaeological sites of that period thither (Chami 2011; Rasolondrainy 2012 Wright 2018).",Chami-2021-Geographical-Extent-of-Azania,0
Rhapta,1,"Conclusion Banking on the historical, archaeological, and linguistic data presented in this article, one could argue that the region of Africa visited by the Romans and the Chinese in the ancient time which the Romans recorded as Azania and the Chinese as Zesan could have extended from its core on the coast of East Africa to the Great Lakes region and to southern Africa.",Chami-2021-Geographical-Extent-of-Azania,0
Rhapta,1,"Surprising in modern times, Mwalimu Julius Nyerere of Tanzania at the ancient core of Azania and the Swahili civilisation did argue that the people of Tanzania will not be free until the other people of central and southern Africa are also free.",Chami-2021-Geographical-Extent-of-Azania,0
Rhapta,1,It is also under this argument that the people of the large region can name themselves Azanians.,Chami-2021-Geographical-Extent-of-Azania,14
Rhapta,1,"The southernmost location mentioned in the text is the port of Rhapta, on the East African coast.",Hughes-2016-GIS-Approach-Metropolis-of-Rhapta,1
Rhapta,1,"By examining the information found in the Periplus, comparing it to that furnished by the later Geography of Ptolemy, and analyzing the resulting data in GIS, we will demonstrate the most likely modern site of Rhapta, as well as the locations of several nearby sites mentioned in both texts.",Hughes-2016-GIS-Approach-Metropolis-of-Rhapta,2
Rhapta,1,"Based on this observation, and given that a multiple of the most reliable length of a stade best fits the distance stated to reach Menouthias, it appears that Pemba is most likely the island called Menouthias by the author of the Periplus (Maps 6.2 and 6.3).",Hughes-2016-GIS-Approach-Metropolis-of-Rhapta,0
Rhapta,1,"Since Rhapta was known for its export of tortoise shell (Periplus 16), it is entirely plausible that whatever species were on the island were hunted to extinction in the past with no trace yet discovered.",Hughes-2016-GIS-Approach-Metropolis-of-Rhapta,10
Rhapta,1,"To return to Rhapta and its position vis-à-vis Menouthias, the text does not state anywhere that the former is located directly opposite the latter, so it is not possible to consider the pairings of Zanzibar and Dar es Salaam; Mafia and Rufiji; or Pemba and Pangani for Rhapta and Menouthias, respectively.",Hughes-2016-GIS-Approach-Metropolis-of-Rhapta,10
Rhapta,1,"When calculating the position of Rhapta based on the Periplus’ description, we can automatically ignore the area to the north of each island, since the itinerary always heads south and Rhapta is said to lie beyond Menouthias.",Hughes-2016-GIS-Approach-Metropolis-of-Rhapta,10
Rhapta,1,"This leaves Dar es Salaam, Rufiji, or present-day Rushungi, Tanzania as the possible locations for this settlement.",Hughes-2016-GIS-Approach-Metropolis-of-Rhapta,0
Rhapta,1,"The Menouthias of the Periplus, however, is too close to the shore (only a distance of two day-runs) to be Madagascar, which, moreover, is mountainous and is home to a plethora of wildlife that should have been visible and noted by the author.",Hughes-2016-GIS-Approach-Metropolis-of-Rhapta,10
Rhapta,1,"He then asserts that it is possible that there are multiple Rhaptas, and that the name of the location is meaningless, despite the fact that Ptolemy states that Rhapta was a mētropolis (4.7.12)—hardly a frivolous designation.",Hughes-2016-GIS-Approach-Metropolis-of-Rhapta,0
Rhapta,1,"From here, three locations are listed before Rhapta, namely Essina, Sarapion, and Toniki, of which the latter two are listed as promontories.",Hughes-2016-GIS-Approach-Metropolis-of-Rhapta,16
Rhapta,1,The transformation was performed three times for each pairing of the river Rhaptos and Cape Rhapton based on the predicted locations of Rhapta (Maps 6.7 and 6.8).,Hughes-2016-GIS-Approach-Metropolis-of-Rhapta,0
Rhapta,1,"The area south of Dar es Salaam is the only part of the Azanian coast which matches the description in the Periplus of the coastline after Rhapta, said to bend to the west.",Hughes-2016-GIS-Approach-Metropolis-of-Rhapta,0
Rhapta,1,"This conclusion is derived primarily from the fact that the island of Pemba best matches the description of the island of Menouthias, but also from the geographic description of the Periplus that the coast beyond Rhapta bends to the west, in a location that could only be the Cape Rhapton mentioned in the Geography.",Hughes-2016-GIS-Approach-Metropolis-of-Rhapta,19
Rhapta,1,"Map 6.9 The probable location of Rhapta (Carl Hughes, IOWC) A GIS APPROACH TO FINDING THE METROPOLIS OF RHAPTA 153 References Berggren, J.L., and A.",Hughes-2016-GIS-Approach-Metropolis-of-Rhapta,0
Rhapta,1,"(p. 75, 1. 8.) Montfaucon thought the Rhausi were the people of Rhapta, which according to Ptolemy was the capital of Barbaria (Iv. 7. 41): and others, among them Franz and Saint-Martin refer to the Rhapsii of Ptolemy (Iv. 8), who according to Saint-Martin still exist in the interior to the south of Abyssinia and are called the Arousi.",McCrindle-Cosmas-Indicopleustes-Christian-Topography,0
Rhapta,1,"C H A P T E R IX They are also corrected by measuring journeys by water C O N C E R N IN G the voyage from Aro­ mata to Rhapta, Marinus tells us that a certain Diogenes, one of those who were ac­ customed to sail to India, having been driven out of his course, and being off the coast of Aramata, was caught by the north wind and, after having sailed with Trogloditica on his right, came in twenty-five days to the lake from which the Nile flows, to the south of which lies the promontory of Rhaptum.",Ptolemy-Geography-Stevenson-trans-complete,0
Rhapta,1,He indeed says concerning Dioscorus that he occupied many days sailing from Rhapta to Prasum.,Ptolemy-Geography-Stevenson-trans-complete,0
Rhapta,1,"Two days' sail beyond, there lies the very last market-town of the continent of Azania, which is called Rhapta; which has its name from the sewed boats {rhaptbn ploiarion) already mentioned; in which there is ivory in great quantity, and tortoise-shell.",Schoff-1912-Periplus-of-the-Erythraean-Sea,0
Rhapta,1,"And these markets of Azania are the very last of the continent that stretches down on the right hand from Berenice ; for beyond these places the unexplored ocean curves around toward the west, and running along by the regions to the south of Aethiopia and Libya and Africa, it mingles with the western sea. 19.",Schoff-1912-Periplus-of-the-Erythraean-Sea,0
Rhapta,1,Rhapta. — This location depends on the condition of the preceding text regarding the island Alenuthias.,Schoff-1912-Periplus-of-the-Erythraean-Sea,0
Rhapta,1,"The recognition of Periplus sites in Azania has been hindered by the lack of reliable Classical period finds, although there was intense activity during the Islamic period.",Tomber-2008-Indo-Roman-Trade-From-Pots-to-Pepper,99
Rhapta,1,"For more historical records on ancient sailing along the Eastern African coastline in Roman times, then known as Azania, the Elder Pliny’s Natural History is valuable evidence, particularly on the sources of cinnamon and cassia.",apa-IndOc-Gulf-Azania-Chami2017,4
Rhapta,1,"According to him, Azanians had been receiving the spices from the ‘Cave dwellers’ (Troglodytis), who probably dwelt in limestone caves, as can today be proven archaeologically.18 The cave dwellers were themselves obtaining the cinnamon from a territory across the open seas, by sailing thither.",apa-IndOc-Gulf-Azania-Chami2017,0
Rhapta,1,"Seafaring in Eastern African Indian Ocean waters 527 Arabs were so well acquainted with Azania that they even intermarried with the local people and knew their language.20 This report suggests that sailing to Azania was a regular activity for some Arabians, and makes it highly probable that the Azanians also sailed to Arabia.",apa-IndOc-Gulf-Azania-Chami2017,4
Rhapta,1,"There seem to have been a number of sailors and travellers who were also well acquainted with Azania, to the extent that they knew much of the geography of the region, from which knowledge Strabo and Claudius Ptolemy probably got much of their published geographical information.",apa-IndOc-Gulf-Azania-Chami2017,5
Rhapta,1,"The men with that knowledge included one Diogenes, who, having travelled to Azania several times, also visited the deep interior of Azania where he discovered the beginning of the Nile River, the so-called ‘mountains of the moon’, which are definitely the Ruwenzori Mountains where the Blue Nile originates.",apa-IndOc-Gulf-Azania-Chami2017,0
Rhapta,1,"It is known today that Ancient Chinese records suggest that Chinese sailors had also reached Azania, which they termed SeZan.",apa-IndOc-Gulf-Azania-Chami2017,6
Rhapta,1,"Similar coins have been found in South Africa in Pondo land, most importantly one of Ptolemy VIII Euergetes, dating from about 120 BC.26 There are reports that a pot was found from an ancient copper mine in Transvaal South Africa which had glass beads 23 Scholars have now found documents suggesting that the ancient Chinese knew about Azania, and they also knew that it was possible to circumnavigate Africa; see Chami, The unity of African ancient history, op. cit.; Yu H., The Peoples of the West: From the Weilue, a third century Chinese account composed between 239 and 265 CE, section 15.",apa-IndOc-Gulf-Azania-Chami2017,0
Rhapta,1,"It should be reiterated that, as we have seen, it is on the Tanzanian coast that the Roman historical documents of Periplus of the Erythraean Sea and Ptolemy’s Geography placed the Azanian emporia of Rhapta and Toniki, which were trading with the Romans and the Arabs.",apa-IndOc-Gulf-Azania-Chami2017,0
Rhapta,1,"Seafaring in Eastern African Indian Ocean waters 531 reliability of these findings to note that a number of scholars participated in the research, for which the preliminary work was begun in 1986.34 The most important discovery of this archaeological campaign was from the Rufiji Delta site of Mkukutu/Kibiti.",apa-IndOc-Gulf-Azania-Chami2017,8
Rhapta,1,"Meroe is known to have had significant economic links with the Roman Empire.38 With this finding it was first established by using archaeological records that Roman trade goods did reach the delta of the Rufiji, which can explain why they named the Rafiji river on their maps and placed there the capital of Azania, Rhapta.",apa-IndOc-Gulf-Azania-Chami2017,0
Rhapta,1,"The excitement generated by this discovery prompted a mission which replicated the Roman sailing route into Rhapta on the Rafiji River, now the modern Rufiji River.",apa-IndOc-Gulf-Azania-Chami2017,9
Rhapta,1,"Felix Chami 532 in Azania was the purchase of iron.41 The Rufiji Delta region and Rhapta in particular is now thought to have been a ‘gateway community’ for the economic development of East Africa, a phenomenon that is well known from archaeological finds in relation to the Roman economy.42 Such a gateway community was necessary to link the coastal zone with the deep interior of Africa for resources demanded by traders such as gold, metals and animal products.",apa-IndOc-Gulf-Azania-Chami2017,0
Rhapta,1,"Seafaring in Eastern African Indian Ocean waters 533 for ancient seafaring in the region.46 These imported materials, together with those of the Rufiji Delta region, strongly support the ancient textual evidence for the western Indian Ocean seaboard having regularly been visited by foreign mariners.",apa-IndOc-Gulf-Azania-Chami2017,10
Rhapta,1,"Azania: Archaeological Research in Africa, 48 (4): pp. 521–33. doi: 10.1080/ 0067270X.2013.842666 Crowther, A., Horton, M., Kotarba-Morley, A., Prendergast, M., Quintana Morales, E., Wood, M., Shipton, C., et al. 2014. ‘Iron Age Agriculture, Fishing and Trade in the Mafia Archipelago, Tanzania: New Evidence from Ukunju Cave’.",apa-IndOc-Gulf-Mafia-Christie2017,8
Rhapta,1,"Environmental context The Mafia Archipelago lies approximately 120 km south of Dar es Salaam and 20 km off the southern coast of Tanzania, opposite the Rufiji Delta (Figure 1).",apa-IndOc-Gulf-Mafia-Crowther2014,0
Rhapta,1,"It is one of two main caves investigated archaeologically on Azania: Archaeological Research in Africa 23 Downloaded by [UQ Library] at 16:00 06 March 2014 Juani Island by Chami, the other being Kinunda, located 1.8 km to the northeast of Ukunju (Chami 2004).",apa-IndOc-Gulf-Mafia-Crowther2014,4
Rhapta,1,"Her research focuses on landscape and seascape dynamics and on the parameters of attractiveness of port locations in the Red Sea and the Indian Ocean, including Berenike Troglodytica (Egypt), Pattanam (India) and Unguja Ukuu (Zanzibar).",apa-IndOc-Gulf-Mafia-Crowther2014,22
Rhapta,1,"International Journal of Archaeology 2021; 9(1): 24-33 http://www.sciencepublishinggroup.com/j/ija doi: 10.11648/j.ija.20210901.14 ISSN: 2330-7587 (Print); ISSN: 2330-7595 (Online) A Find of Transoceanic Pottery at Bwejuu Island of the Rufiji Delta and Mafia Island, Tanzania: More Clue to the Elusive Ancient Azania’s Metropolis of Rhapta Mandela Peter Ryano1, 2, *, Felix Arkard Chami2 1Department of History and Archaeology, University of Dodoma, Dodoma, Tanzania 2Department of Archaeology and Heritage Studies, University of Dar es Salaam, Dar es Salaam, Tanzania Email address: *Corresponding author To cite this article: Mandela Peter Ryano, Felix Arkard Chami.",apa-IndOc-Gulf-Mafia-Ryano2021,1
Rhapta,1,"A Find of Transoceanic Pottery at Bwejuu Island of the Rufiji Delta and Mafia Island, Tanzania: More Clue to the Elusive Ancient Azania’s Metropolis of Rhapta.",apa-IndOc-Gulf-Mafia-Ryano2021,3
Rhapta,1,The Rufiji delta has been considered by several scholars to be the location of the elusive ancient Azania’s metropolis of Rhapta.,apa-IndOc-Gulf-Mafia-Ryano2021,0
Rhapta,1,The new findings from Bwejuu Island may suggest that there are several trading sites in the region of the Mafia archipelago and the Rufiji Delta as outskirts of a large settlement which could be Rhapta.,apa-IndOc-Gulf-Mafia-Ryano2021,0
Rhapta,1,"The Rufiji Delta and Mafia Island have been found to have many ancient archaeological sites, some of which have produced evidence of transoceanic trade connections.",apa-IndOc-Gulf-Mafia-Ryano2021,0
Rhapta,1,"Scholars have pointed to the Rufiji Delta to be the location of the elusive metropolis of Rhapta [2, 8, 12].",apa-IndOc-Gulf-Mafia-Ryano2021,0
Rhapta,1,"It was noted above that the Rufiji Delta area has been mostly pointed to by scholars as the possible location of the Azania’s metropolis of Rhapta mentioned in Periplus Maris Erythraei and Ptolemy’s Geographia [1, 2, 5, 12, 26].",apa-IndOc-Gulf-Mafia-Ryano2021,0
Rhapta,1,"As one of the six inhabited islands of the archipelago, Bwejuu Island lies approximately 5 km off the southwestern shore of the Mafia (Main) Island and is Mafia’s nearest point to the mainland coast (figure 1). 26 Mandela Peter Ryano and Felix Arkard Chami: A Find of Transoceanic Pottery at Bwejuu Island of the Rufiji Delta and Mafia Island, Tanzania: More Clue to the Elusive Ancient Azania’s Metropolis of Rhapta Figure 1.",apa-IndOc-Gulf-Mafia-Ryano2021,0
Rhapta,1,"This area was surveyed 28 Mandela Peter Ryano and Felix Arkard Chami: A Find of Transoceanic Pottery at Bwejuu Island of the Rufiji Delta and Mafia Island, Tanzania: More Clue to the Elusive Ancient Azania’s Metropolis of Rhapta intensively when the sea was at absolute low-tide and it extends from the shore for some 500 m to Kijiwe Nyara Ndogo.",apa-IndOc-Gulf-Mafia-Ryano2021,0
Rhapta,1,"They seemed to be potentially of ancient time period, thus would provide clues about the recently discovered underwater site as well as shedding some light on the elusive metropolis of Rhapta.",apa-IndOc-Gulf-Mafia-Ryano2021,0
Rhapta,1,"Number Equivalent dose (Gy) Age Range (centuries) 1 Underwater Site 1 Bwejuu Island_1 5.9 ± 0.5 1 BC–VII AD 2 Underwater Site 2 Bwejuu Island_2 1.8 ± 0.3 XIV–XVII AD 3 Underwater Site 1 Bwejuu Island_3 3.4 ± 0.5 VIII–XIII AD 32 Mandela Peter Ryano and Felix Arkard Chami: A Find of Transoceanic Pottery at Bwejuu Island of the Rufiji Delta and Mafia Island, Tanzania: More Clue to the Elusive Ancient Azania’s Metropolis of Rhapta 8.",apa-IndOc-Gulf-Mafia-Ryano2021,0
Rhapta,1,"It was earlier noted that scholars have widely favoured the Rufiji Delta, on the central coast of Tanzania, to be the most likely physical location of Rhapta [2, 4, 12, 17, 23, 26].",apa-IndOc-Gulf-Mafia-Ryano2021,0
Rhapta,1,"The Geographia of Claudius Ptolemy places the metropolis of Rhapta at latitude 7°S, within which both the Rufiji Delta and the Mafia archipelago are located.",apa-IndOc-Gulf-Mafia-Ryano2021,9
Rhapta,1,The Periplus is suggestive that Homerites of Rhapta spoke the language of the Azanians with whom they intermarried [2: 61].,apa-IndOc-Gulf-Mafia-Ryano2021,0
Rhapta,1,Archaeological efforts by Chami on the Rufiji Delta in search of traces of the Azania’s Rhapta resulted in the discovery of many EIA sites of the Rhapta period.,apa-IndOc-Gulf-Mafia-Ryano2021,9
Rhapta,1,"Indeed, archaeological evidence pertaining to the Azania’s trade with the Himyaritic kingdom, as alluded to by the classical documents has been reported [5, 19, 21, 25].",apa-IndOc-Gulf-Mafia-Ryano2021,0
Rhapta,1,The thermoluminescence date obtained from Sample 1 of dated pottery samples (see Table 2) and those from Ukunju Cave elsewhere on Mafia where similar sherds were found fall within the chronological time period of the ancient Azania’s trade port of Rhapta. 9.,apa-IndOc-Gulf-Mafia-Ryano2021,0
Rhapta,1,"The pottery of the imported nature collected from the underwater area and dated to 1st century BC–7th century AD suggest a settlement that was involved in transoceanic activities, thus possible clues of the elusive ancient metropolis of Rhapta.",apa-IndOc-Gulf-Mafia-Ryano2021,0
Rhapta,1,"(1998) “The 1996 archaeological reconnaissance north of the Rufiji Delta,” Nyame Akuma 49: 62–78. [10] Chami, F. and Msemwa, P (1997b) “A New Look at Culture and Trade on the Azanian coast,” Current Anthropology 38 (4): 673–677. [11] Chami, F. and Msemwa, P.",apa-IndOc-Gulf-Mafia-Ryano2021,0
Rhapta,1,NYAME A KUMA No. 49 June 1998 The 1996 Archaeological Reconnais- sance.North of the Rufiji Delta Felix A.,apa-IndOc-Gulf-Rhapta-Chami1998,0
Rhapta,1,This suggests that the Rufiji delta and the neighbouring area were connected to the ancient transoceanic trade early in the fmt millenium AD (Casson 1989).,apa-IndOc-Gulf-Rhapta-Chami1998,0
Rhapta,1,The presence of beads in the hinterland of the Rufiji delta indicates some early trade contacts with the north Indian and probably the Mediterranean communi- \ ties (Casson 1989; Chami and Msemwa 1997a).,apa-IndOc-Gulf-Rhapta-Chami1998,0
Rhapta,1,"This, cou- pled with the find of remains of ancient glass and ceramics on the near shore Kwale type site at Kivinja in the same district, have necessitated a more com- prehensive discussion about the ancient commercial links between the East African (Azanian) coast and the north Indian Ocean and the south-east Asia com- munities (Chami and Msemwa 1997a).",apa-IndOc-Gulf-Rhapta-Chami1998,0
Rhapta,1,"The Rufiji Delta is the only area on the central coast where the poles are still being exploited for long distance trade, transported by lorries and large dhows to Dar es Salaam and Zanzibar and ultimately to the Middle East.",apa-IndOc-Gulf-Rhapta-Chami1999,2
Rhapta,1,The second phase of research was between Kifumangao (about fifteen kilometres south of Kisiju) southwards to the Rufiji Delta.,apa-IndOc-Gulf-Rhapta-Chami1999,3
Rhapta,1,Ptolemy reported that Rhapta was located a bit to the interior Journal des Africanistes 72 (2) 2002 : 21-37 30 Felix A.,apa-IndOc-Gulf-Rhapta-Chami2002,11
Rhapta,1,There could have been another town emerging to the north of Rhapta which had greater connections with the Sasanian Persian Gulf.,apa-IndOc-Gulf-Rhapta-Chami2002,11
Rhapta,1,"What is called Mwangia tradition developed on the coast south of the Zanzibar Channel, with the core at the Rufiji region of the EIW tradition.",apa-IndOc-Gulf-Rhapta-Chami2002,0
Rhapta,1,"From there southwards to El Fosc ('Eel Fosk). lat. 7° IQ' N, south ofRas al-Khayl, the coast is mostly exceedingly rocky and inhospitable, with steep cliffs plWlging into the sea; these are the 'small and great bluffs of Azania' of the Periplus (sec. 15).",apa-IndOc-Gulf-Somalia-Chittick1976,0
Rhapta,1,"Aideed, “Exploring long distance trade in Somaliland (AD 1000-1900): preliminary results from the 2015‑2016 field seasons”, Azania 52/2, 2017, pp. 135-172.",apa-IndOc-Gulf-Xiis-Fernandez2022,26
Rhapta,1,These as well as the location of the site linking the external trade and the mainland resource base indicate that Unguja Ukuu was a key urban centre built of mud and timber structures.,apa-IndOc-Gulf-Zanzibar-Juma2004,4
Rhapta,1,"BACKGROUND 14 Unguja Ukuu Various historical and archaeological studies have proposed chronologies for cultural development of the coastal societies and most deal with a restricted area (see discussion by Sinclair & Håkansson 2000, pp. 467–8).",apa-IndOc-Gulf-Zanzibar-Juma2004,0
Rhapta,1,Rhapta was “the metropolis” in the southern part of the coast and become an emporium that probably implies the capital of a larger kingFig. 1.1.,apa-IndOc-Gulf-Zanzibar-Juma2004,0
Rhapta,1,Chittick’s (1966) article was based on surface collections and the account of the fortuitous discovery of 8th century Muslim gold coins at Unguja Ukuu in 1866 (Pearce 1920).,apa-IndOc-Gulf-Zanzibar-Juma2004,19
Rhapta,1,It appears from the place name that Unguja Ukuu (settled around the mid-first millennium AD) was the capital of Zanzibar Island.,apa-IndOc-Gulf-Zanzibar-Juma2004,19
Rhapta,1,"Pearce (1920, pp. 61–2) argued that Shangani was a town from the later part of the 17th century AD, following the previous town of Zanzibar mentioned in the Portuguese sources, that he thought was at Unguja Ukuu.",apa-IndOc-Gulf-Zanzibar-Juma2004,0
Rhapta,1,Ras Mkumbuu (Fig. 1.3) This site is located near the tip of a narrow headland projecting into the sea on the western coast of Pemba Island and it is cut off from the main island of Pemba 22 Unguja Ukuu at high tide.,apa-IndOc-Gulf-Zanzibar-Juma2004,0
Rhapta,1,"In the southern branch, these served the interior of Sudan and Ethiopia and the hinterlands of the Somali coast at Ras Hafun, and the further south Zanj country where Rhapta was located as the major capital.",apa-IndOc-Gulf-Zanzibar-Juma2004,0
Rhapta,1,The Sasanian merchants dominated the trade until the early de 25 Background cades of the 7th century AD and this is apparently reflected in the finds at Unguja Ukuu.,apa-IndOc-Gulf-Zanzibar-Juma2004,0
Rhapta,1,The large urban pioneer site of Unguja Ukuu is central to this development; it has preserved its old place name that implies its significance.,apa-IndOc-Gulf-Zanzibar-Juma2004,0
Rhapta,1,"Allen (1993, pp. 30–1) argued that this trade motivated the Swahili urban diaspora as well as pastoralists from the Lamu region to travel far away “with their (Bantu) ironworking clients” to the southern part of the coast, where they abruptly established Unguja Ukuu and other settlements of Shungwaya ancestral character.",apa-IndOc-Gulf-Zanzibar-Juma2004,0
Rhapta,1,"The most successful attempts – Unguja Ukuu before its collapse, Kilwa, and Kisimani Mafia, for instance – may have attracted secondary and tertiary waves of migrants from the Lamu region … (Allen 1993, pp. 167–8) Chittick (1984, p. 219) originally suggested this model of urban diasporas (discussed below) based on the pioneer towns of Benadir, that early descendants of Persian immigrants built the original towns on the Somali coast while Manda (with Pemba as “Qanbalu”) represented the subsequent southernmost primary settlement on the east.",apa-IndOc-Gulf-Zanzibar-Juma2004,0
Rhapta,1,"The landscape of the southern part of the main Island and the peninsula where Unguja Ukuu is located consists of a coral limestone that covers a Pleistocene deposit (Fig. 3.1, see page 48).",apa-IndOc-Gulf-Zanzibar-Juma2004,42
Rhapta,1,"Microlithic tools of a Late Stone Age population dating before the first millennium AD have been found recently in one such underground cave located at Pete, c. 3–4 km northeast of Unguja Ukuu (Chami 2001b). 3.1.2 Soils Major soils of the Tanzanian coast consist of sands and laterites (Appendix A).",apa-IndOc-Gulf-Zanzibar-Juma2004,0
Rhapta,1,The economic importance of CLA in relation to the site location of Unguja Ukuu will also be discussed below.,apa-IndOc-Gulf-Zanzibar-Juma2004,44
Rhapta,1,"However, it has patches of deep soils upon which the largest of the archaeological site and most villages of Unguja Ukuu are located (Fig. 4.1).",apa-IndOc-Gulf-Zanzibar-Juma2004,55
Rhapta,1,Due south-west of Unguja Ukuu is the Fumba peninsula with a shore containing potsherds of blue-green glazed ware and could have reached there during the period of primary occupation at Unguja Ukuu and that might be usefully explored in the future.,apa-IndOc-Gulf-Zanzibar-Juma2004,0
Rhapta,1,"At Unguja Ukuu, we carried out an ethno-archaeological survey at the nearby Shangani village about 0.7 km north of the archaeological site and in an environmental setting similar to that of the archaeological site so as to obtain a basis for the population estimate of the early site.",apa-IndOc-Gulf-Zanzibar-Juma2004,65
Rhapta,1,This ware comprises a larger proportion of the imported pottery recovered at Unguja Ukuu Fig. 6.16.3.,apa-IndOc-Gulf-Zanzibar-Juma2004,0
Rhapta,1,Sherds with a medium size wall (6–7 mm) are also present and decoration may consist of mouldings. 114 Unguja Ukuu Fig. 6.17.15.,apa-IndOc-Gulf-Zanzibar-Juma2004,113
Rhapta,1,"Mediterranean origin. 118 Unguja Ukuu The pottery attributed to India appears at important sites that include Kilwa, Shanga (Chittick 1974a, 1986), and Pate (Wilson & Omar 1997, p. 57). 6.3.5 Pottery of the South Mediterranean region (Plate 6 Nos. 45–46) Two sherds comprising this unusual ware imported to the east African coast were found in Period Ia.",apa-IndOc-Gulf-Zanzibar-Juma2004,0
Rhapta,1,"OTHER FINDS 122 Unguja Ukuu vessel that Lith (1988, fig 30–32 p. 69) has illustrated and is reproduced in black and white here (Plate 7.1 No 8, Fig. 7.1.3 No. 7).",apa-IndOc-Gulf-Zanzibar-Juma2004,0
Rhapta,1,The few excellent early pieces from the Mediterranean and the bead evidence revealing the artistic lifestyles of the community both indicate the early external trade links of Unguja Ukuu.,apa-IndOc-Gulf-Zanzibar-Juma2004,0
Rhapta,1,"INTERPRETATION OF THE SITE 148 Unguja Ukuu 8.3 The site and society at Unguja Ukuu The low-lying area of the site contains extensive and relatively deep deposits mostly dating to Period I, suggesting that this was the locus of major activities and dense population during the primary occupation.",apa-IndOc-Gulf-Zanzibar-Juma2004,0
Rhapta,1,This relates to the recent evidence from the Machaga cave (c. 5 km from Unguja Ukuu) containing the Late Stone Age material.,apa-IndOc-Gulf-Zanzibar-Juma2004,147
Rhapta,1,"So far, investigations on Zanzibar have not recovered any concentrations of Kwale tradition pottery similar to those known on the mainland (Soper 1967), e.g. at Kivinje near the Rufiji delta and on the islands of Kwale, Koma and Mafia (Chami & Msemwa 1997).",apa-IndOc-Gulf-Zanzibar-Juma2004,0
Rhapta,1,This provides a conclusive argument for rejecting the notion that Unguja Ukuu and other key sites in the southern part of the Swahili coast were founded by ex-pastoralists of the 8th century AD from the Lamu archipelago (Chapter 2).,apa-IndOc-Gulf-Zanzibar-Juma2004,148
Rhapta,1,"Evidence shows that Unguja Ukuu was a smaller community during this period than in Period Ib, but that it was expanding and therefore presented growing demands for subsistence resources.",apa-IndOc-Gulf-Zanzibar-Juma2004,148
Rhapta,1,"Matching these conditions, Unguja Ukuu served the region during this time as a node of trade; its location in the CLA landscape limiting year round agricultural productivity mattered very little. e) Implications Developments in Period Ia carry major implications for understanding the fundamental functions of the site.",apa-IndOc-Gulf-Zanzibar-Juma2004,0
Rhapta,1,"Unguja Ukuu has shown appreciable quantities of local and foreign objects, suggesting that the site optimised conditions of resource accumulation from the region.",apa-IndOc-Gulf-Zanzibar-Juma2004,0
Rhapta,1,"The general indication suggests the probability that Unguja Ukuu grew up as a major market in the region during this period, redistributing goods destined to the hinterland and the interior.",apa-IndOc-Gulf-Zanzibar-Juma2004,0
Rhapta,1,"The investigations at Unguja 152 Unguja Ukuu Ukuu have not recovered any indications of elaborate ritual ceremonies, but this does not necessarily mean that they did not occur.",apa-IndOc-Gulf-Zanzibar-Juma2004,0
Rhapta,1,"There is a notable lack of evidence for cattle in Period Ib at Unguja Ukuu that is also reflected in contemporary levels at Shanga (Horton 1996), but there is strong increase in marine turtles that have both food and exchange values.",apa-IndOc-Gulf-Zanzibar-Juma2004,0
Rhapta,1,"We noted from Al Jahiz that during this time, Unguja Ukuu exported slaves, ivory and ambergris; probably this merchandise was not all locally produced in Zanzibar.",apa-IndOc-Gulf-Zanzibar-Juma2004,0
Rhapta,1,"The organization of raids and wars of conquest might have become a permanent institution, suggesting the possibility that during this period, Unguja Ukuu was organized with a military that could also be used for territorial expansion, not simply for slave raising, but also for capturing and controlling some important centres of production, markets and even the strategic trade routes on the mainland coast.",apa-IndOc-Gulf-Zanzibar-Juma2004,0
Rhapta,1,"The noticeable decline in the import and internal output of this period set against the expansion of the site and population is an expression of increased complexity that may imply a division of labour that relocated the centres for craftwork to elsewhere, away from the Unguja Ukuu site as the public core area for political functions, administration and defence.",apa-IndOc-Gulf-Zanzibar-Juma2004,0
Rhapta,1,The existence of evidence for these functions provides a basis for ranking the site and shows that Unguja Ukuu was a locus of resource concentration and a seat of cultural conduct with a developed capacity to live in and transform the environment so as to satisfy social needs.,apa-IndOc-Gulf-Zanzibar-Juma2004,0
Rhapta,1,Unguja Ukuu also certainly had a central hierarchical administration to manage the degree of the functional scale and organizational diversity as well as to maintain political order.,apa-IndOc-Gulf-Zanzibar-Juma2004,158
Rhapta,1,Both the proximity to and the distance from the African mainland were important factors for the prosperity and welfare of the community at Unguja Ukuu.,apa-IndOc-Gulf-Zanzibar-Juma2004,0
Rhapta,1,"The evidence from the site leads us to the conclusion that in Period Ia, Unguja Ukuu was an urban centre and a regional market that served the population within its territory and beyond.",apa-IndOc-Gulf-Zanzibar-Juma2004,0
Rhapta,1,"Unguja Ukuu’s deep coastal stratigraphy appears to record progradation of an inhabited back-reef shore from the mid-seventh to the nineth centuries AD, perhaps in the wake of an earlier middle to late Holocene marine transgression.",apa-IndOc-Gulf-Zanzibar-Kotarba2022,0
Rhapta,1,"The southwestern coast of Unguja, where Unguja Ukuu is located, was shaped by early Holocene sea-level change with further modification by sediment aggradation, progradation, and erosion, which resulted in the formation of a macrotidal rias-andFigure 1.",apa-IndOc-Gulf-Zanzibar-Kotarba2022,4
Rhapta,1,"It is located behind the protective barrier of a shallow fringing back-reef platform, as well as the limestone islands of Miwi, Niamembe, and Uzi—the latter separated from Unguja Ukuu by a shallow intertidal platform (Figure 2).",apa-IndOc-Gulf-Zanzibar-Kotarba2022,5
Rhapta,1,Reworked fragments of occupation surfaces (prepared floors?) support a scenario of human activity taking place at the margins of the Unguja Ukuu settlement.,apa-IndOc-Gulf-Zanzibar-Kotarba2022,21
Rhapta,1,"The leached red sandy latosols observed during geoarchaeological survey, if representative of pre-settlement soils around Unguja Ukuu, would probably invite deliberate manuring (Juma 2004; Sulas and Wynne-Jones 2018).",apa-IndOc-Gulf-Zanzibar-Kotarba2022,25
Rhapta,1,"Progradation of the Unguja Ukuu shoreline followed, with human activity in this area evidenced by artifacts and organic inputs in Facies II evidencing the proximity of the early settlement by the seventh century AD.",apa-IndOc-Gulf-Zanzibar-Kotarba2022,0
Rhapta,1,"The limited stratigraphic evidence from Unguja Ukuu documents remarkably high sedimentation rates in the backshore, and a succession of foreshore by backshore deposits (see stratigraphy section of this paper; Figure 6).",apa-IndOc-Gulf-Zanzibar-Kotarba2022,0
Rhapta,1,"Studying the geomorphic, sedimentary, and cultural history of Unguja Ukuu (and similar rias-and-mangrove harbors along the eastern African littoral) calls for the development of transdisciplinary research protocols in which field archaeologists with understanding of Earth and environmental sciences’ sampling protocols and specialists working on finds and archaeometric analyses, synergize datasets throughout the study and compare them at different levels.",apa-IndOc-Gulf-Zanzibar-Kotarba2022,31
Rhapta,1,"At Unguja Ukuu, and perhaps elsewhere on the eastern African coast, the first millennium human activities modified the shoreline as coastal sediments accumulated.",apa-IndOc-Gulf-Zanzibar-Kotarba2022,32
Rhapta,1,"Characterising marine mollusk exploitation in the Eastern African Iron Age: Archaeomalacological evidence from Unguja Ukuu and Fukuchani, Zanzibar.",apa-IndOc-Gulf-Zanzibar-Kotarba2022,0
Rhapta,1,"On trouve d’abord des stades jusqu’à Μαλαὼ ἐμπόριον, dans le golfe Avalite, puis des δρόμοι jusqu’au cap des Aromates, où l’on découvre à nouveau des distances en stades jusqu’à ἐμπόριον Ὀπώνη, avant de retrouver à nouveau des δρόμοι jusqu’à Rhapta, le long des côtes de l’Azanie, où leur valeur en journées ou nycthémères est parfois, mais pas toujours, précisée.",apa-RedSea-PeriplusMarisErythraei-Arnaud2012,23
Rhapta,1,"From Opone up to Rhapta the distances are all in δρόμοι: 6 (15), 6 again (15), then 7 ἡμερήσιοι (15), then 2 δρόμοι νυχθήμεροι (15) and again 2 δρόμοι (16).",apa-RedSea-PeriplusMarisErythraei-Romanis2016,13
